/batch
/config,noeldb,1     ! force off writing results to database
*get,_wallstrt,active,,time,wall
! ANSYS input file written by Workbench version 2024 R1
! File used for geometry attach: C:\Medical_Device_Portifolio\FEA Analysis\FEA_basic_plate_files\dp0\SYS-1\DM\SYS-1.scdoc
/title,FEA_basic_plate--Static Structural (B5)
! ****** Begin Custom Load Command Snippet ******
/COM, ACT Extensions:
/COM,     LSDYNA, 2024.1
/COM,     5f463412-bd3e-484b-87e7-cbc0a665e474, wbex
/COM,/COM,     ANSYSMotion, 2024.1
/COM,     20180725-3f81-49eb-9f31-41364844c769, wbex
/COM,
! ****** End   Custom Load Command Snippet ******
*DIM,_wb_ProjectScratch_dir,string,248
_wb_ProjectScratch_dir(1) = 'C:\Medical_Device_Portifolio\FEA Analysis\_ProjectScratch\Scr938B\'
*DIM,_wb_SolverFiles_dir,string,248
_wb_SolverFiles_dir(1) = 'C:\Medical_Device_Portifolio\FEA Analysis\FEA_basic_plate_files\dp0\SYS-1\MECH\'
*DIM,_wb_userfiles_dir,string,248
_wb_userfiles_dir(1) = 'C:\Medical_Device_Portifolio\FEA Analysis\FEA_basic_plate_files\user_files\'
/com,--- Data in consistent MKS units. See Solving Units in the help system for more information.
/units,MKS
/nopr
/wb,file,start              !  signify a WB generated input file
/prep7
! Turn off shape checking because checks already performed inside WB mesher.
! See help system for more information.
SHPP,OFF,,NOWARN
/nolist
etcon,set             ! allow ANSYS to choose best KEYOP's for 180x elements, resets any applicable keyopt to MAPDL defaults
/com,*********** Nodes for the whole assembly ***********
nblock,3,,1184
(1i9,3e20.9e3)
        1    -5.000000000E-03     5.000000000E-03     4.500000000E-02
        2    -5.000000000E-03     5.000000000E-03     4.000000000E-02
        3    -5.000000000E-03     5.000000000E-03     3.500000000E-02
        4    -5.000000000E-03     5.000000000E-03     3.000000000E-02
        5    -5.000000000E-03     5.000000000E-03     2.500000000E-02
        6    -5.000000000E-03     5.000000000E-03     2.000000000E-02
        7    -5.000000000E-03     5.000000000E-03     1.500000000E-02
        8    -5.000000000E-03     5.000000000E-03     1.000000000E-02
        9    -5.000000000E-03     5.000000000E-03     5.000000000E-03
       10    -5.000000000E-03     5.000000000E-03     6.938893904E-18
       11    -5.000000000E-03     5.000000000E-03    -5.000000000E-03
       12    -5.000000000E-03     5.000000000E-03    -1.000000000E-02
       13    -5.000000000E-03     5.000000000E-03    -1.500000000E-02
       14    -5.000000000E-03     5.000000000E-03    -2.000000000E-02
       15    -5.000000000E-03     5.000000000E-03    -2.500000000E-02
       16    -5.000000000E-03     5.000000000E-03    -3.000000000E-02
       17    -5.000000000E-03     5.000000000E-03    -3.500000000E-02
       18    -5.000000000E-03     5.000000000E-03    -4.000000000E-02
       19    -5.000000000E-03     5.000000000E-03    -4.500000000E-02
       20     0.000000000E+00     5.000000000E-03     4.500000000E-02
       21    -2.385244779E-18     5.000000000E-03     4.000000000E-02
       22     2.818925648E-18     5.000000000E-03     3.500000000E-02
       23    -1.084202172E-19     5.000000000E-03     3.000000000E-02
       24     0.000000000E+00     5.000000000E-03     2.500000000E-02
       25    -1.246832498E-18     5.000000000E-03     2.000000000E-02
       26     8.673617380E-19     5.000000000E-03     1.500000000E-02
       27     6.776263578E-19     5.000000000E-03     1.000000000E-02
       28     9.486769009E-20     5.000000000E-03     5.000000000E-03
       29     0.000000000E+00     5.000000000E-03     0.000000000E+00
       30    -5.285485591E-19     5.000000000E-03    -5.000000000E-03
       31    -6.776263578E-19     5.000000000E-03    -1.000000000E-02
       32     8.673617380E-19     5.000000000E-03    -1.500000000E-02
       33    -5.421010862E-20     5.000000000E-03    -2.000000000E-02
       34     2.168404345E-19     5.000000000E-03    -2.500000000E-02
       35    -2.493664997E-18     5.000000000E-03    -3.000000000E-02
       36     2.385244779E-18     5.000000000E-03    -3.500000000E-02
       37     0.000000000E+00     5.000000000E-03    -4.000000000E-02
       38     0.000000000E+00     5.000000000E-03    -4.500000000E-02
       39     5.000000000E-03     5.000000000E-03     4.500000000E-02
       40     5.000000000E-03     5.000000000E-03     4.000000000E-02
       41     5.000000000E-03     5.000000000E-03     3.500000000E-02
       42     5.000000000E-03     5.000000000E-03     3.000000000E-02
       43     5.000000000E-03     5.000000000E-03     2.500000000E-02
       44     5.000000000E-03     5.000000000E-03     2.000000000E-02
       45     5.000000000E-03     5.000000000E-03     1.500000000E-02
       46     5.000000000E-03     5.000000000E-03     1.000000000E-02
       47     5.000000000E-03     5.000000000E-03     5.000000000E-03
       48     5.000000000E-03     5.000000000E-03    -6.938893904E-18
       49     5.000000000E-03     5.000000000E-03    -5.000000000E-03
       50     5.000000000E-03     5.000000000E-03    -1.000000000E-02
       51     5.000000000E-03     5.000000000E-03    -1.500000000E-02
       52     5.000000000E-03     5.000000000E-03    -2.000000000E-02
       53     5.000000000E-03     5.000000000E-03    -2.500000000E-02
       54     5.000000000E-03     5.000000000E-03    -3.000000000E-02
       55     5.000000000E-03     5.000000000E-03    -3.500000000E-02
       56     5.000000000E-03     5.000000000E-03    -4.000000000E-02
       57     5.000000000E-03     5.000000000E-03    -4.500000000E-02
       58     5.000000000E-03     0.000000000E+00    -4.500000000E-02
       59     5.000000000E-03     0.000000000E+00    -4.000000000E-02
       60     5.000000000E-03     0.000000000E+00    -3.500000000E-02
       61     5.000000000E-03     0.000000000E+00    -3.000000000E-02
       62     5.000000000E-03     0.000000000E+00    -2.500000000E-02
       63     5.000000000E-03     0.000000000E+00    -2.000000000E-02
       64     5.000000000E-03     0.000000000E+00    -1.500000000E-02
       65     5.000000000E-03     0.000000000E+00    -1.000000000E-02
       66     5.000000000E-03     0.000000000E+00    -5.000000000E-03
       67     5.000000000E-03     0.000000000E+00    -6.938893904E-18
       68     5.000000000E-03     0.000000000E+00     5.000000000E-03
       69     5.000000000E-03     0.000000000E+00     1.000000000E-02
       70     5.000000000E-03     0.000000000E+00     1.500000000E-02
       71     5.000000000E-03     0.000000000E+00     2.000000000E-02
       72     5.000000000E-03     0.000000000E+00     2.500000000E-02
       73     5.000000000E-03     0.000000000E+00     3.000000000E-02
       74     5.000000000E-03     0.000000000E+00     3.500000000E-02
       75     5.000000000E-03     0.000000000E+00     4.000000000E-02
       76     5.000000000E-03     0.000000000E+00     4.500000000E-02
       77     0.000000000E+00     0.000000000E+00    -4.500000000E-02
       78     0.000000000E+00     0.000000000E+00    -4.000000000E-02
       79     4.770489559E-18     0.000000000E+00    -3.500000000E-02
       80    -4.987329993E-18     0.000000000E+00    -3.000000000E-02
       81     4.336808690E-19     0.000000000E+00    -2.500000000E-02
       82    -1.084202172E-19     0.000000000E+00    -2.000000000E-02
       83     1.734723476E-18     0.000000000E+00    -1.500000000E-02
       84    -1.355252716E-18     0.000000000E+00    -1.000000000E-02
       85    -1.057097118E-18     0.000000000E+00    -5.000000000E-03
       86     0.000000000E+00     0.000000000E+00     0.000000000E+00
       87     1.897353802E-19     0.000000000E+00     5.000000000E-03
       88     1.355252716E-18     0.000000000E+00     1.000000000E-02
       89     1.734723476E-18     0.000000000E+00     1.500000000E-02
       90    -2.493664997E-18     0.000000000E+00     2.000000000E-02
       91     0.000000000E+00     0.000000000E+00     2.500000000E-02
       92    -2.168404345E-19     0.000000000E+00     3.000000000E-02
       93     5.637851297E-18     0.000000000E+00     3.500000000E-02
       94    -4.770489559E-18     0.000000000E+00     4.000000000E-02
       95     0.000000000E+00     0.000000000E+00     4.500000000E-02
       96    -5.000000000E-03     0.000000000E+00    -4.500000000E-02
       97    -5.000000000E-03     0.000000000E+00    -4.000000000E-02
       98    -5.000000000E-03     0.000000000E+00    -3.500000000E-02
       99    -5.000000000E-03     0.000000000E+00    -3.000000000E-02
      100    -5.000000000E-03     0.000000000E+00    -2.500000000E-02
      101    -5.000000000E-03     0.000000000E+00    -2.000000000E-02
      102    -5.000000000E-03     0.000000000E+00    -1.500000000E-02
      103    -5.000000000E-03     0.000000000E+00    -1.000000000E-02
      104    -5.000000000E-03     0.000000000E+00    -5.000000000E-03
      105    -5.000000000E-03     0.000000000E+00     6.938893904E-18
      106    -5.000000000E-03     0.000000000E+00     5.000000000E-03
      107    -5.000000000E-03     0.000000000E+00     1.000000000E-02
      108    -5.000000000E-03     0.000000000E+00     1.500000000E-02
      109    -5.000000000E-03     0.000000000E+00     2.000000000E-02
      110    -5.000000000E-03     0.000000000E+00     2.500000000E-02
      111    -5.000000000E-03     0.000000000E+00     3.000000000E-02
      112    -5.000000000E-03     0.000000000E+00     3.500000000E-02
      113    -5.000000000E-03     0.000000000E+00     4.000000000E-02
      114    -5.000000000E-03     0.000000000E+00     4.500000000E-02
      115    -5.000000000E-03     1.000000000E-02     4.500000000E-02
      116    -5.000000000E-03     1.000000000E-02     4.000000000E-02
      117    -5.000000000E-03     1.000000000E-02     3.500000000E-02
      118    -5.000000000E-03     1.000000000E-02     3.000000000E-02
      119    -5.000000000E-03     1.000000000E-02     2.500000000E-02
      120    -5.000000000E-03     1.000000000E-02     2.000000000E-02
      121    -5.000000000E-03     1.000000000E-02     1.500000000E-02
      122    -5.000000000E-03     1.000000000E-02     1.000000000E-02
      123    -5.000000000E-03     1.000000000E-02     5.000000000E-03
      124    -5.000000000E-03     1.000000000E-02     6.938893904E-18
      125    -5.000000000E-03     1.000000000E-02    -5.000000000E-03
      126    -5.000000000E-03     1.000000000E-02    -1.000000000E-02
      127    -5.000000000E-03     1.000000000E-02    -1.500000000E-02
      128    -5.000000000E-03     1.000000000E-02    -2.000000000E-02
      129    -5.000000000E-03     1.000000000E-02    -2.500000000E-02
      130    -5.000000000E-03     1.000000000E-02    -3.000000000E-02
      131    -5.000000000E-03     1.000000000E-02    -3.500000000E-02
      132    -5.000000000E-03     1.000000000E-02    -4.000000000E-02
      133    -5.000000000E-03     1.000000000E-02    -4.500000000E-02
      134     0.000000000E+00     1.000000000E-02     4.500000000E-02
      135     0.000000000E+00     1.000000000E-02     4.000000000E-02
      136     0.000000000E+00     1.000000000E-02     3.500000000E-02
      137     0.000000000E+00     1.000000000E-02     3.000000000E-02
      138     0.000000000E+00     1.000000000E-02     2.500000000E-02
      139     0.000000000E+00     1.000000000E-02     2.000000000E-02
      140     0.000000000E+00     1.000000000E-02     1.500000000E-02
      141     0.000000000E+00     1.000000000E-02     1.000000000E-02
      142     0.000000000E+00     1.000000000E-02     5.000000000E-03
      143     0.000000000E+00     1.000000000E-02     0.000000000E+00
      144     0.000000000E+00     1.000000000E-02    -5.000000000E-03
      145     0.000000000E+00     1.000000000E-02    -1.000000000E-02
      146     0.000000000E+00     1.000000000E-02    -1.500000000E-02
      147     0.000000000E+00     1.000000000E-02    -2.000000000E-02
      148     0.000000000E+00     1.000000000E-02    -2.500000000E-02
      149     0.000000000E+00     1.000000000E-02    -3.000000000E-02
      150     0.000000000E+00     1.000000000E-02    -3.500000000E-02
      151     0.000000000E+00     1.000000000E-02    -4.000000000E-02
      152     0.000000000E+00     1.000000000E-02    -4.500000000E-02
      153     5.000000000E-03     1.000000000E-02     4.500000000E-02
      154     5.000000000E-03     1.000000000E-02     4.000000000E-02
      155     5.000000000E-03     1.000000000E-02     3.500000000E-02
      156     5.000000000E-03     1.000000000E-02     3.000000000E-02
      157     5.000000000E-03     1.000000000E-02     2.500000000E-02
      158     5.000000000E-03     1.000000000E-02     2.000000000E-02
      159     5.000000000E-03     1.000000000E-02     1.500000000E-02
      160     5.000000000E-03     1.000000000E-02     1.000000000E-02
      161     5.000000000E-03     1.000000000E-02     5.000000000E-03
      162     5.000000000E-03     1.000000000E-02    -6.938893904E-18
      163     5.000000000E-03     1.000000000E-02    -5.000000000E-03
      164     5.000000000E-03     1.000000000E-02    -1.000000000E-02
      165     5.000000000E-03     1.000000000E-02    -1.500000000E-02
      166     5.000000000E-03     1.000000000E-02    -2.000000000E-02
      167     5.000000000E-03     1.000000000E-02    -2.500000000E-02
      168     5.000000000E-03     1.000000000E-02    -3.000000000E-02
      169     5.000000000E-03     1.000000000E-02    -3.500000000E-02
      170     5.000000000E-03     1.000000000E-02    -4.000000000E-02
      171     5.000000000E-03     1.000000000E-02    -4.500000000E-02
      172    -5.000000000E-03     1.000000000E-02     5.000000000E-02
      173     0.000000000E+00     1.000000000E-02     5.000000000E-02
      174     5.000000000E-03     1.000000000E-02     5.000000000E-02
      175     1.000000000E-02     1.000000000E-02     5.000000000E-02
      176     1.000000000E-02     1.000000000E-02     4.500000000E-02
      177     1.000000000E-02     1.000000000E-02     4.000000000E-02
      178     1.000000000E-02     1.000000000E-02     3.500000000E-02
      179     1.000000000E-02     1.000000000E-02     3.000000000E-02
      180     1.000000000E-02     1.000000000E-02     2.500000000E-02
      181     1.000000000E-02     1.000000000E-02     2.000000000E-02
      182     1.000000000E-02     1.000000000E-02     1.500000000E-02
      183     1.000000000E-02     1.000000000E-02     1.000000000E-02
      184     1.000000000E-02     1.000000000E-02     5.000000000E-03
      185     1.000000000E-02     1.000000000E-02    -1.387778781E-17
      186     1.000000000E-02     1.000000000E-02    -5.000000000E-03
      187     1.000000000E-02     1.000000000E-02    -1.000000000E-02
      188     1.000000000E-02     1.000000000E-02    -1.500000000E-02
      189     1.000000000E-02     1.000000000E-02    -2.000000000E-02
      190     1.000000000E-02     1.000000000E-02    -2.500000000E-02
      191     1.000000000E-02     1.000000000E-02    -3.000000000E-02
      192     1.000000000E-02     1.000000000E-02    -3.500000000E-02
      193     1.000000000E-02     1.000000000E-02    -4.000000000E-02
      194     1.000000000E-02     1.000000000E-02    -4.500000000E-02
      195     1.000000000E-02     1.000000000E-02    -5.000000000E-02
      196     5.000000000E-03     1.000000000E-02    -5.000000000E-02
      197     0.000000000E+00     1.000000000E-02    -5.000000000E-02
      198    -5.000000000E-03     1.000000000E-02    -5.000000000E-02
      199    -1.000000000E-02     1.000000000E-02    -5.000000000E-02
      200    -1.000000000E-02     1.000000000E-02    -4.500000000E-02
      201    -1.000000000E-02     1.000000000E-02    -4.000000000E-02
      202    -1.000000000E-02     1.000000000E-02    -3.500000000E-02
      203    -1.000000000E-02     1.000000000E-02    -3.000000000E-02
      204    -1.000000000E-02     1.000000000E-02    -2.500000000E-02
      205    -1.000000000E-02     1.000000000E-02    -2.000000000E-02
      206    -1.000000000E-02     1.000000000E-02    -1.500000000E-02
      207    -1.000000000E-02     1.000000000E-02    -1.000000000E-02
      208    -1.000000000E-02     1.000000000E-02    -5.000000000E-03
      209    -1.000000000E-02     1.000000000E-02     1.387778781E-17
      210    -1.000000000E-02     1.000000000E-02     5.000000000E-03
      211    -1.000000000E-02     1.000000000E-02     1.000000000E-02
      212    -1.000000000E-02     1.000000000E-02     1.500000000E-02
      213    -1.000000000E-02     1.000000000E-02     2.000000000E-02
      214    -1.000000000E-02     1.000000000E-02     2.500000000E-02
      215    -1.000000000E-02     1.000000000E-02     3.000000000E-02
      216    -1.000000000E-02     1.000000000E-02     3.500000000E-02
      217    -1.000000000E-02     1.000000000E-02     4.000000000E-02
      218    -1.000000000E-02     1.000000000E-02     4.500000000E-02
      219    -1.000000000E-02     1.000000000E-02     5.000000000E-02
      220    -1.000000000E-02     5.000000000E-03    -4.500000000E-02
      221    -1.000000000E-02     5.000000000E-03    -4.000000000E-02
      222    -1.000000000E-02     5.000000000E-03    -3.500000000E-02
      223    -1.000000000E-02     5.000000000E-03    -3.000000000E-02
      224    -1.000000000E-02     5.000000000E-03    -2.500000000E-02
      225    -1.000000000E-02     5.000000000E-03    -2.000000000E-02
      226    -1.000000000E-02     5.000000000E-03    -1.500000000E-02
      227    -1.000000000E-02     5.000000000E-03    -1.000000000E-02
      228    -1.000000000E-02     5.000000000E-03    -5.000000000E-03
      229    -1.000000000E-02     5.000000000E-03     1.387778781E-17
      230    -1.000000000E-02     5.000000000E-03     5.000000000E-03
      231    -1.000000000E-02     5.000000000E-03     1.000000000E-02
      232    -1.000000000E-02     5.000000000E-03     1.500000000E-02
      233    -1.000000000E-02     5.000000000E-03     2.000000000E-02
      234    -1.000000000E-02     5.000000000E-03     2.500000000E-02
      235    -1.000000000E-02     5.000000000E-03     3.000000000E-02
      236    -1.000000000E-02     5.000000000E-03     3.500000000E-02
      237    -1.000000000E-02     5.000000000E-03     4.000000000E-02
      238    -1.000000000E-02     5.000000000E-03     4.500000000E-02
      239    -1.000000000E-02     0.000000000E+00     4.500000000E-02
      240    -1.000000000E-02     0.000000000E+00     4.000000000E-02
      241    -1.000000000E-02     0.000000000E+00     3.500000000E-02
      242    -1.000000000E-02     0.000000000E+00     3.000000000E-02
      243    -1.000000000E-02     0.000000000E+00     2.500000000E-02
      244    -1.000000000E-02     0.000000000E+00     2.000000000E-02
      245    -1.000000000E-02     0.000000000E+00     1.500000000E-02
      246    -1.000000000E-02     0.000000000E+00     1.000000000E-02
      247    -1.000000000E-02     0.000000000E+00     5.000000000E-03
      248    -1.000000000E-02     0.000000000E+00     1.387778781E-17
      249    -1.000000000E-02     0.000000000E+00    -5.000000000E-03
      250    -1.000000000E-02     0.000000000E+00    -1.000000000E-02
      251    -1.000000000E-02     0.000000000E+00    -1.500000000E-02
      252    -1.000000000E-02     0.000000000E+00    -2.000000000E-02
      253    -1.000000000E-02     0.000000000E+00    -2.500000000E-02
      254    -1.000000000E-02     0.000000000E+00    -3.000000000E-02
      255    -1.000000000E-02     0.000000000E+00    -3.500000000E-02
      256    -1.000000000E-02     0.000000000E+00    -4.000000000E-02
      257    -1.000000000E-02     0.000000000E+00    -4.500000000E-02
      258    -1.000000000E-02     5.000000000E-03     5.000000000E-02
      259    -1.000000000E-02     0.000000000E+00     5.000000000E-02
      260    -1.000000000E-02     5.000000000E-03    -5.000000000E-02
      261    -1.000000000E-02     0.000000000E+00    -5.000000000E-02
      262    -5.000000000E-03     5.000000000E-03    -5.000000000E-02
      263     0.000000000E+00     5.000000000E-03    -5.000000000E-02
      264     5.000000000E-03     5.000000000E-03    -5.000000000E-02
      265    -5.000000000E-03     0.000000000E+00    -5.000000000E-02
      266     0.000000000E+00     0.000000000E+00    -5.000000000E-02
      267     5.000000000E-03     0.000000000E+00    -5.000000000E-02
      268     1.000000000E-02     5.000000000E-03    -5.000000000E-02
      269     1.000000000E-02     0.000000000E+00    -5.000000000E-02
      270     1.000000000E-02     5.000000000E-03     4.500000000E-02
      271     1.000000000E-02     5.000000000E-03     4.000000000E-02
      272     1.000000000E-02     5.000000000E-03     3.500000000E-02
      273     1.000000000E-02     5.000000000E-03     3.000000000E-02
      274     1.000000000E-02     5.000000000E-03     2.500000000E-02
      275     1.000000000E-02     5.000000000E-03     2.000000000E-02
      276     1.000000000E-02     5.000000000E-03     1.500000000E-02
      277     1.000000000E-02     5.000000000E-03     1.000000000E-02
      278     1.000000000E-02     5.000000000E-03     5.000000000E-03
      279     1.000000000E-02     5.000000000E-03    -1.387778781E-17
      280     1.000000000E-02     5.000000000E-03    -5.000000000E-03
      281     1.000000000E-02     5.000000000E-03    -1.000000000E-02
      282     1.000000000E-02     5.000000000E-03    -1.500000000E-02
      283     1.000000000E-02     5.000000000E-03    -2.000000000E-02
      284     1.000000000E-02     5.000000000E-03    -2.500000000E-02
      285     1.000000000E-02     5.000000000E-03    -3.000000000E-02
      286     1.000000000E-02     5.000000000E-03    -3.500000000E-02
      287     1.000000000E-02     5.000000000E-03    -4.000000000E-02
      288     1.000000000E-02     5.000000000E-03    -4.500000000E-02
      289     1.000000000E-02     0.000000000E+00    -4.500000000E-02
      290     1.000000000E-02     0.000000000E+00    -4.000000000E-02
      291     1.000000000E-02     0.000000000E+00    -3.500000000E-02
      292     1.000000000E-02     0.000000000E+00    -3.000000000E-02
      293     1.000000000E-02     0.000000000E+00    -2.500000000E-02
      294     1.000000000E-02     0.000000000E+00    -2.000000000E-02
      295     1.000000000E-02     0.000000000E+00    -1.500000000E-02
      296     1.000000000E-02     0.000000000E+00    -1.000000000E-02
      297     1.000000000E-02     0.000000000E+00    -5.000000000E-03
      298     1.000000000E-02     0.000000000E+00    -1.387778781E-17
      299     1.000000000E-02     0.000000000E+00     5.000000000E-03
      300     1.000000000E-02     0.000000000E+00     1.000000000E-02
      301     1.000000000E-02     0.000000000E+00     1.500000000E-02
      302     1.000000000E-02     0.000000000E+00     2.000000000E-02
      303     1.000000000E-02     0.000000000E+00     2.500000000E-02
      304     1.000000000E-02     0.000000000E+00     3.000000000E-02
      305     1.000000000E-02     0.000000000E+00     3.500000000E-02
      306     1.000000000E-02     0.000000000E+00     4.000000000E-02
      307     1.000000000E-02     0.000000000E+00     4.500000000E-02
      308     1.000000000E-02     5.000000000E-03     5.000000000E-02
      309     1.000000000E-02     0.000000000E+00     5.000000000E-02
      310    -5.000000000E-03     5.000000000E-03     5.000000000E-02
      311     0.000000000E+00     5.000000000E-03     5.000000000E-02
      312     5.000000000E-03     5.000000000E-03     5.000000000E-02
      313     5.000000000E-03     0.000000000E+00     5.000000000E-02
      314     0.000000000E+00     0.000000000E+00     5.000000000E-02
      315    -5.000000000E-03     0.000000000E+00     5.000000000E-02
      316    -5.000000000E-03     5.000000000E-03     4.250000000E-02
      317    -2.500000000E-03     5.000000000E-03     4.500000000E-02
      318    -5.000000000E-03     2.500000000E-03     4.500000000E-02
      319    -5.000000000E-03     7.500000000E-03     4.500000000E-02
      320    -7.500000000E-03     5.000000000E-03     4.500000000E-02
      321    -5.000000000E-03     5.000000000E-03     4.750000000E-02
      322    -5.000000000E-03     5.000000000E-03     3.750000000E-02
      323    -2.500000000E-03     5.000000000E-03     4.000000000E-02
      324    -5.000000000E-03     2.500000000E-03     4.000000000E-02
      325    -5.000000000E-03     7.500000000E-03     4.000000000E-02
      326    -7.500000000E-03     5.000000000E-03     4.000000000E-02
      327    -5.000000000E-03     5.000000000E-03     3.250000000E-02
      328    -2.500000000E-03     5.000000000E-03     3.500000000E-02
      329    -5.000000000E-03     2.500000000E-03     3.500000000E-02
      330    -5.000000000E-03     7.500000000E-03     3.500000000E-02
      331    -7.500000000E-03     5.000000000E-03     3.500000000E-02
      332    -5.000000000E-03     5.000000000E-03     2.750000000E-02
      333    -2.500000000E-03     5.000000000E-03     3.000000000E-02
      334    -5.000000000E-03     2.500000000E-03     3.000000000E-02
      335    -5.000000000E-03     7.500000000E-03     3.000000000E-02
      336    -7.500000000E-03     5.000000000E-03     3.000000000E-02
      337    -5.000000000E-03     5.000000000E-03     2.250000000E-02
      338    -2.500000000E-03     5.000000000E-03     2.500000000E-02
      339    -5.000000000E-03     2.500000000E-03     2.500000000E-02
      340    -5.000000000E-03     7.500000000E-03     2.500000000E-02
      341    -7.500000000E-03     5.000000000E-03     2.500000000E-02
      342    -5.000000000E-03     5.000000000E-03     1.750000000E-02
      343    -2.500000000E-03     5.000000000E-03     2.000000000E-02
      344    -5.000000000E-03     2.500000000E-03     2.000000000E-02
      345    -5.000000000E-03     7.500000000E-03     2.000000000E-02
      346    -7.500000000E-03     5.000000000E-03     2.000000000E-02
      347    -5.000000000E-03     5.000000000E-03     1.250000000E-02
      348    -2.500000000E-03     5.000000000E-03     1.500000000E-02
      349    -5.000000000E-03     2.500000000E-03     1.500000000E-02
      350    -5.000000000E-03     7.500000000E-03     1.500000000E-02
      351    -7.500000000E-03     5.000000000E-03     1.500000000E-02
      352    -5.000000000E-03     5.000000000E-03     7.500000000E-03
      353    -2.500000000E-03     5.000000000E-03     1.000000000E-02
      354    -5.000000000E-03     2.500000000E-03     1.000000000E-02
      355    -5.000000000E-03     7.500000000E-03     1.000000000E-02
      356    -7.500000000E-03     5.000000000E-03     1.000000000E-02
      357    -5.000000000E-03     5.000000000E-03     2.500000000E-03
      358    -2.500000000E-03     5.000000000E-03     5.000000000E-03
      359    -5.000000000E-03     2.500000000E-03     5.000000000E-03
      360    -5.000000000E-03     7.500000000E-03     5.000000000E-03
      361    -7.500000000E-03     5.000000000E-03     5.000000000E-03
      362    -5.000000000E-03     5.000000000E-03    -2.500000000E-03
      363    -2.500000000E-03     5.000000000E-03     3.469446952E-18
      364    -5.000000000E-03     2.500000000E-03     6.938893904E-18
      365    -5.000000000E-03     7.500000000E-03     6.938893904E-18
      366    -7.500000000E-03     5.000000000E-03     1.040834086E-17
      367    -5.000000000E-03     5.000000000E-03    -7.500000000E-03
      368    -2.500000000E-03     5.000000000E-03    -5.000000000E-03
      369    -5.000000000E-03     2.500000000E-03    -5.000000000E-03
      370    -5.000000000E-03     7.500000000E-03    -5.000000000E-03
      371    -7.500000000E-03     5.000000000E-03    -5.000000000E-03
      372    -5.000000000E-03     5.000000000E-03    -1.250000000E-02
      373    -2.500000000E-03     5.000000000E-03    -1.000000000E-02
      374    -5.000000000E-03     2.500000000E-03    -1.000000000E-02
      375    -5.000000000E-03     7.500000000E-03    -1.000000000E-02
      376    -7.500000000E-03     5.000000000E-03    -1.000000000E-02
      377    -5.000000000E-03     5.000000000E-03    -1.750000000E-02
      378    -2.500000000E-03     5.000000000E-03    -1.500000000E-02
      379    -5.000000000E-03     2.500000000E-03    -1.500000000E-02
      380    -5.000000000E-03     7.500000000E-03    -1.500000000E-02
      381    -7.500000000E-03     5.000000000E-03    -1.500000000E-02
      382    -5.000000000E-03     5.000000000E-03    -2.250000000E-02
      383    -2.500000000E-03     5.000000000E-03    -2.000000000E-02
      384    -5.000000000E-03     2.500000000E-03    -2.000000000E-02
      385    -5.000000000E-03     7.500000000E-03    -2.000000000E-02
      386    -7.500000000E-03     5.000000000E-03    -2.000000000E-02
      387    -5.000000000E-03     5.000000000E-03    -2.750000000E-02
      388    -2.500000000E-03     5.000000000E-03    -2.500000000E-02
      389    -5.000000000E-03     2.500000000E-03    -2.500000000E-02
      390    -5.000000000E-03     7.500000000E-03    -2.500000000E-02
      391    -7.500000000E-03     5.000000000E-03    -2.500000000E-02
      392    -5.000000000E-03     5.000000000E-03    -3.250000000E-02
      393    -2.500000000E-03     5.000000000E-03    -3.000000000E-02
      394    -5.000000000E-03     2.500000000E-03    -3.000000000E-02
      395    -5.000000000E-03     7.500000000E-03    -3.000000000E-02
      396    -7.500000000E-03     5.000000000E-03    -3.000000000E-02
      397    -5.000000000E-03     5.000000000E-03    -3.750000000E-02
      398    -2.500000000E-03     5.000000000E-03    -3.500000000E-02
      399    -5.000000000E-03     2.500000000E-03    -3.500000000E-02
      400    -5.000000000E-03     7.500000000E-03    -3.500000000E-02
      401    -7.500000000E-03     5.000000000E-03    -3.500000000E-02
      402    -5.000000000E-03     5.000000000E-03    -4.250000000E-02
      403    -2.500000000E-03     5.000000000E-03    -4.000000000E-02
      404    -5.000000000E-03     2.500000000E-03    -4.000000000E-02
      405    -5.000000000E-03     7.500000000E-03    -4.000000000E-02
      406    -7.500000000E-03     5.000000000E-03    -4.000000000E-02
      407    -2.500000000E-03     5.000000000E-03    -4.500000000E-02
      408    -5.000000000E-03     2.500000000E-03    -4.500000000E-02
      409    -5.000000000E-03     7.500000000E-03    -4.500000000E-02
      410    -7.500000000E-03     5.000000000E-03    -4.500000000E-02
      411    -5.000000000E-03     5.000000000E-03    -4.750000000E-02
      412    -1.192622390E-18     5.000000000E-03     4.250000000E-02
      413     2.500000000E-03     5.000000000E-03     4.500000000E-02
      414     0.000000000E+00     2.500000000E-03     4.500000000E-02
      415     0.000000000E+00     7.500000000E-03     4.500000000E-02
      416     0.000000000E+00     5.000000000E-03     4.750000000E-02
      417     2.168404345E-19     5.000000000E-03     3.750000000E-02
      418     2.500000000E-03     5.000000000E-03     4.000000000E-02
      419    -3.577867169E-18     2.500000000E-03     4.000000000E-02
      420    -1.192622390E-18     7.500000000E-03     4.000000000E-02
      421     1.355252716E-18     5.000000000E-03     3.250000000E-02
      422     2.500000000E-03     5.000000000E-03     3.500000000E-02
      423     4.228388473E-18     2.500000000E-03     3.500000000E-02
      424     1.409462824E-18     7.500000000E-03     3.500000000E-02
      425    -5.421010862E-20     5.000000000E-03     2.750000000E-02
      426     2.500000000E-03     5.000000000E-03     3.000000000E-02
      427    -1.626303259E-19     2.500000000E-03     3.000000000E-02
      428    -5.421010862E-20     7.500000000E-03     3.000000000E-02
      429    -6.234162492E-19     5.000000000E-03     2.250000000E-02
      430     2.500000000E-03     5.000000000E-03     2.500000000E-02
      431     0.000000000E+00     2.500000000E-03     2.500000000E-02
      432     0.000000000E+00     7.500000000E-03     2.500000000E-02
      433    -1.897353802E-19     5.000000000E-03     1.750000000E-02
      434     2.500000000E-03     5.000000000E-03     2.000000000E-02
      435    -1.870248748E-18     2.500000000E-03     2.000000000E-02
      436    -6.234162492E-19     7.500000000E-03     2.000000000E-02
      437     7.724940479E-19     5.000000000E-03     1.250000000E-02
      438     2.500000000E-03     5.000000000E-03     1.500000000E-02
      439     1.301042607E-18     2.500000000E-03     1.500000000E-02
      440     4.336808690E-19     7.500000000E-03     1.500000000E-02
      441     3.862470239E-19     5.000000000E-03     7.500000000E-03
      442     2.500000000E-03     5.000000000E-03     1.000000000E-02
      443     1.016439537E-18     2.500000000E-03     1.000000000E-02
      444     3.388131789E-19     7.500000000E-03     1.000000000E-02
      445     4.743384505E-20     5.000000000E-03     2.500000000E-03
      446     2.500000000E-03     5.000000000E-03     5.000000000E-03
      447     1.423015351E-19     2.500000000E-03     5.000000000E-03
      448     4.743384505E-20     7.500000000E-03     5.000000000E-03
      449    -2.642742795E-19     5.000000000E-03    -2.500000000E-03
      450     2.500000000E-03     5.000000000E-03    -3.469446952E-18
      451     0.000000000E+00     2.500000000E-03     0.000000000E+00
      452     0.000000000E+00     7.500000000E-03     0.000000000E+00
      453    -6.030874584E-19     5.000000000E-03    -7.500000000E-03
      454     2.500000000E-03     5.000000000E-03    -5.000000000E-03
      455    -7.928228386E-19     2.500000000E-03    -5.000000000E-03
      456    -2.642742795E-19     7.500000000E-03    -5.000000000E-03
      457     9.486769009E-20     5.000000000E-03    -1.250000000E-02
      458     2.500000000E-03     5.000000000E-03    -1.000000000E-02
      459    -1.016439537E-18     2.500000000E-03    -1.000000000E-02
      460    -3.388131789E-19     7.500000000E-03    -1.000000000E-02
      461     4.065758147E-19     5.000000000E-03    -1.750000000E-02
      462     2.500000000E-03     5.000000000E-03    -1.500000000E-02
      463     1.301042607E-18     2.500000000E-03    -1.500000000E-02
      464     4.336808690E-19     7.500000000E-03    -1.500000000E-02
      465     8.131516294E-20     5.000000000E-03    -2.250000000E-02
      466     2.500000000E-03     5.000000000E-03    -2.000000000E-02
      467    -8.131516294E-20     2.500000000E-03    -2.000000000E-02
      468    -2.710505431E-20     7.500000000E-03    -2.000000000E-02
      469    -1.138412281E-18     5.000000000E-03    -2.750000000E-02
      470     2.500000000E-03     5.000000000E-03    -2.500000000E-02
      471     3.252606517E-19     2.500000000E-03    -2.500000000E-02
      472     1.084202172E-19     7.500000000E-03    -2.500000000E-02
      473    -5.421010862E-20     5.000000000E-03    -3.250000000E-02
      474     2.500000000E-03     5.000000000E-03    -3.000000000E-02
      475    -3.740497495E-18     2.500000000E-03    -3.000000000E-02
      476    -1.246832498E-18     7.500000000E-03    -3.000000000E-02
      477     1.192622390E-18     5.000000000E-03    -3.750000000E-02
      478     2.500000000E-03     5.000000000E-03    -3.500000000E-02
      479     3.577867169E-18     2.500000000E-03    -3.500000000E-02
      480     1.192622390E-18     7.500000000E-03    -3.500000000E-02
      481     0.000000000E+00     5.000000000E-03    -4.250000000E-02
      482     2.500000000E-03     5.000000000E-03    -4.000000000E-02
      483     0.000000000E+00     2.500000000E-03    -4.000000000E-02
      484     0.000000000E+00     7.500000000E-03    -4.000000000E-02
      485     2.500000000E-03     5.000000000E-03    -4.500000000E-02
      486     0.000000000E+00     2.500000000E-03    -4.500000000E-02
      487     0.000000000E+00     7.500000000E-03    -4.500000000E-02
      488     0.000000000E+00     5.000000000E-03    -4.750000000E-02
      489     5.000000000E-03     5.000000000E-03     4.250000000E-02
      490     5.000000000E-03     2.500000000E-03     4.500000000E-02
      491     5.000000000E-03     7.500000000E-03     4.500000000E-02
      492     7.500000000E-03     5.000000000E-03     4.500000000E-02
      493     5.000000000E-03     5.000000000E-03     4.750000000E-02
      494     5.000000000E-03     5.000000000E-03     3.750000000E-02
      495     5.000000000E-03     2.500000000E-03     4.000000000E-02
      496     5.000000000E-03     7.500000000E-03     4.000000000E-02
      497     7.500000000E-03     5.000000000E-03     4.000000000E-02
      498     5.000000000E-03     5.000000000E-03     3.250000000E-02
      499     5.000000000E-03     2.500000000E-03     3.500000000E-02
      500     5.000000000E-03     7.500000000E-03     3.500000000E-02
      501     7.500000000E-03     5.000000000E-03     3.500000000E-02
      502     5.000000000E-03     5.000000000E-03     2.750000000E-02
      503     5.000000000E-03     2.500000000E-03     3.000000000E-02
      504     5.000000000E-03     7.500000000E-03     3.000000000E-02
      505     7.500000000E-03     5.000000000E-03     3.000000000E-02
      506     5.000000000E-03     5.000000000E-03     2.250000000E-02
      507     5.000000000E-03     2.500000000E-03     2.500000000E-02
      508     5.000000000E-03     7.500000000E-03     2.500000000E-02
      509     7.500000000E-03     5.000000000E-03     2.500000000E-02
      510     5.000000000E-03     5.000000000E-03     1.750000000E-02
      511     5.000000000E-03     2.500000000E-03     2.000000000E-02
      512     5.000000000E-03     7.500000000E-03     2.000000000E-02
      513     7.500000000E-03     5.000000000E-03     2.000000000E-02
      514     5.000000000E-03     5.000000000E-03     1.250000000E-02
      515     5.000000000E-03     2.500000000E-03     1.500000000E-02
      516     5.000000000E-03     7.500000000E-03     1.500000000E-02
      517     7.500000000E-03     5.000000000E-03     1.500000000E-02
      518     5.000000000E-03     5.000000000E-03     7.500000000E-03
      519     5.000000000E-03     2.500000000E-03     1.000000000E-02
      520     5.000000000E-03     7.500000000E-03     1.000000000E-02
      521     7.500000000E-03     5.000000000E-03     1.000000000E-02
      522     5.000000000E-03     5.000000000E-03     2.500000000E-03
      523     5.000000000E-03     2.500000000E-03     5.000000000E-03
      524     5.000000000E-03     7.500000000E-03     5.000000000E-03
      525     7.500000000E-03     5.000000000E-03     5.000000000E-03
      526     5.000000000E-03     5.000000000E-03    -2.500000000E-03
      527     5.000000000E-03     2.500000000E-03    -6.938893904E-18
      528     5.000000000E-03     7.500000000E-03    -6.938893904E-18
      529     7.500000000E-03     5.000000000E-03    -1.040834086E-17
      530     5.000000000E-03     5.000000000E-03    -7.500000000E-03
      531     5.000000000E-03     2.500000000E-03    -5.000000000E-03
      532     5.000000000E-03     7.500000000E-03    -5.000000000E-03
      533     7.500000000E-03     5.000000000E-03    -5.000000000E-03
      534     5.000000000E-03     5.000000000E-03    -1.250000000E-02
      535     5.000000000E-03     2.500000000E-03    -1.000000000E-02
      536     5.000000000E-03     7.500000000E-03    -1.000000000E-02
      537     7.500000000E-03     5.000000000E-03    -1.000000000E-02
      538     5.000000000E-03     5.000000000E-03    -1.750000000E-02
      539     5.000000000E-03     2.500000000E-03    -1.500000000E-02
      540     5.000000000E-03     7.500000000E-03    -1.500000000E-02
      541     7.500000000E-03     5.000000000E-03    -1.500000000E-02
      542     5.000000000E-03     5.000000000E-03    -2.250000000E-02
      543     5.000000000E-03     2.500000000E-03    -2.000000000E-02
      544     5.000000000E-03     7.500000000E-03    -2.000000000E-02
      545     7.500000000E-03     5.000000000E-03    -2.000000000E-02
      546     5.000000000E-03     5.000000000E-03    -2.750000000E-02
      547     5.000000000E-03     2.500000000E-03    -2.500000000E-02
      548     5.000000000E-03     7.500000000E-03    -2.500000000E-02
      549     7.500000000E-03     5.000000000E-03    -2.500000000E-02
      550     5.000000000E-03     5.000000000E-03    -3.250000000E-02
      551     5.000000000E-03     2.500000000E-03    -3.000000000E-02
      552     5.000000000E-03     7.500000000E-03    -3.000000000E-02
      553     7.500000000E-03     5.000000000E-03    -3.000000000E-02
      554     5.000000000E-03     5.000000000E-03    -3.750000000E-02
      555     5.000000000E-03     2.500000000E-03    -3.500000000E-02
      556     5.000000000E-03     7.500000000E-03    -3.500000000E-02
      557     7.500000000E-03     5.000000000E-03    -3.500000000E-02
      558     5.000000000E-03     5.000000000E-03    -4.250000000E-02
      559     5.000000000E-03     2.500000000E-03    -4.000000000E-02
      560     5.000000000E-03     7.500000000E-03    -4.000000000E-02
      561     7.500000000E-03     5.000000000E-03    -4.000000000E-02
      562     5.000000000E-03     2.500000000E-03    -4.500000000E-02
      563     5.000000000E-03     7.500000000E-03    -4.500000000E-02
      564     5.000000000E-03     5.000000000E-03    -4.750000000E-02
      565     7.500000000E-03     5.000000000E-03    -4.500000000E-02
      566     5.000000000E-03     0.000000000E+00    -4.250000000E-02
      567     2.500000000E-03     0.000000000E+00    -4.500000000E-02
      568     5.000000000E-03     0.000000000E+00    -4.750000000E-02
      569     7.500000000E-03     0.000000000E+00    -4.500000000E-02
      570     5.000000000E-03     0.000000000E+00    -3.750000000E-02
      571     2.500000000E-03     0.000000000E+00    -4.000000000E-02
      572     7.500000000E-03     0.000000000E+00    -4.000000000E-02
      573     5.000000000E-03     0.000000000E+00    -3.250000000E-02
      574     2.500000000E-03     0.000000000E+00    -3.500000000E-02
      575     7.500000000E-03     0.000000000E+00    -3.500000000E-02
      576     5.000000000E-03     0.000000000E+00    -2.750000000E-02
      577     2.500000000E-03     0.000000000E+00    -3.000000000E-02
      578     7.500000000E-03     0.000000000E+00    -3.000000000E-02
      579     5.000000000E-03     0.000000000E+00    -2.250000000E-02
      580     2.500000000E-03     0.000000000E+00    -2.500000000E-02
      581     7.500000000E-03     0.000000000E+00    -2.500000000E-02
      582     5.000000000E-03     0.000000000E+00    -1.750000000E-02
      583     2.500000000E-03     0.000000000E+00    -2.000000000E-02
      584     7.500000000E-03     0.000000000E+00    -2.000000000E-02
      585     5.000000000E-03     0.000000000E+00    -1.250000000E-02
      586     2.500000000E-03     0.000000000E+00    -1.500000000E-02
      587     7.500000000E-03     0.000000000E+00    -1.500000000E-02
      588     5.000000000E-03     0.000000000E+00    -7.500000000E-03
      589     2.500000000E-03     0.000000000E+00    -1.000000000E-02
      590     7.500000000E-03     0.000000000E+00    -1.000000000E-02
      591     5.000000000E-03     0.000000000E+00    -2.500000000E-03
      592     2.500000000E-03     0.000000000E+00    -5.000000000E-03
      593     7.500000000E-03     0.000000000E+00    -5.000000000E-03
      594     5.000000000E-03     0.000000000E+00     2.500000000E-03
      595     2.500000000E-03     0.000000000E+00    -3.469446952E-18
      596     7.500000000E-03     0.000000000E+00    -1.040834086E-17
      597     5.000000000E-03     0.000000000E+00     7.500000000E-03
      598     2.500000000E-03     0.000000000E+00     5.000000000E-03
      599     7.500000000E-03     0.000000000E+00     5.000000000E-03
      600     5.000000000E-03     0.000000000E+00     1.250000000E-02
      601     2.500000000E-03     0.000000000E+00     1.000000000E-02
      602     7.500000000E-03     0.000000000E+00     1.000000000E-02
      603     5.000000000E-03     0.000000000E+00     1.750000000E-02
      604     2.500000000E-03     0.000000000E+00     1.500000000E-02
      605     7.500000000E-03     0.000000000E+00     1.500000000E-02
      606     5.000000000E-03     0.000000000E+00     2.250000000E-02
      607     2.500000000E-03     0.000000000E+00     2.000000000E-02
      608     7.500000000E-03     0.000000000E+00     2.000000000E-02
      609     5.000000000E-03     0.000000000E+00     2.750000000E-02
      610     2.500000000E-03     0.000000000E+00     2.500000000E-02
      611     7.500000000E-03     0.000000000E+00     2.500000000E-02
      612     5.000000000E-03     0.000000000E+00     3.250000000E-02
      613     2.500000000E-03     0.000000000E+00     3.000000000E-02
      614     7.500000000E-03     0.000000000E+00     3.000000000E-02
      615     5.000000000E-03     0.000000000E+00     3.750000000E-02
      616     2.500000000E-03     0.000000000E+00     3.500000000E-02
      617     7.500000000E-03     0.000000000E+00     3.500000000E-02
      618     5.000000000E-03     0.000000000E+00     4.250000000E-02
      619     2.500000000E-03     0.000000000E+00     4.000000000E-02
      620     7.500000000E-03     0.000000000E+00     4.000000000E-02
      621     2.500000000E-03     0.000000000E+00     4.500000000E-02
      622     7.500000000E-03     0.000000000E+00     4.500000000E-02
      623     5.000000000E-03     0.000000000E+00     4.750000000E-02
      624     0.000000000E+00     0.000000000E+00    -4.250000000E-02
      625    -2.500000000E-03     0.000000000E+00    -4.500000000E-02
      626     0.000000000E+00     0.000000000E+00    -4.750000000E-02
      627     2.385244779E-18     0.000000000E+00    -3.750000000E-02
      628    -2.500000000E-03     0.000000000E+00    -4.000000000E-02
      629    -1.084202172E-19     0.000000000E+00    -3.250000000E-02
      630    -2.500000000E-03     0.000000000E+00    -3.500000000E-02
      631    -2.276824562E-18     0.000000000E+00    -2.750000000E-02
      632    -2.500000000E-03     0.000000000E+00    -3.000000000E-02
      633     1.626303259E-19     0.000000000E+00    -2.250000000E-02
      634    -2.500000000E-03     0.000000000E+00    -2.500000000E-02
      635     8.131516294E-19     0.000000000E+00    -1.750000000E-02
      636    -2.500000000E-03     0.000000000E+00    -2.000000000E-02
      637     1.897353802E-19     0.000000000E+00    -1.250000000E-02
      638    -2.500000000E-03     0.000000000E+00    -1.500000000E-02
      639    -1.206174917E-18     0.000000000E+00    -7.500000000E-03
      640    -2.500000000E-03     0.000000000E+00    -1.000000000E-02
      641    -5.285485591E-19     0.000000000E+00    -2.500000000E-03
      642    -2.500000000E-03     0.000000000E+00    -5.000000000E-03
      643     9.486769009E-20     0.000000000E+00     2.500000000E-03
      644    -2.500000000E-03     0.000000000E+00     3.469446952E-18
      645     7.724940479E-19     0.000000000E+00     7.500000000E-03
      646    -2.500000000E-03     0.000000000E+00     5.000000000E-03
      647     1.544988096E-18     0.000000000E+00     1.250000000E-02
      648    -2.500000000E-03     0.000000000E+00     1.000000000E-02
      649    -3.794707604E-19     0.000000000E+00     1.750000000E-02
      650    -2.500000000E-03     0.000000000E+00     1.500000000E-02
      651    -1.246832498E-18     0.000000000E+00     2.250000000E-02
      652    -2.500000000E-03     0.000000000E+00     2.000000000E-02
      653    -1.084202172E-19     0.000000000E+00     2.750000000E-02
      654    -2.500000000E-03     0.000000000E+00     2.500000000E-02
      655     2.710505431E-18     0.000000000E+00     3.250000000E-02
      656    -2.500000000E-03     0.000000000E+00     3.000000000E-02
      657     4.336808690E-19     0.000000000E+00     3.750000000E-02
      658    -2.500000000E-03     0.000000000E+00     3.500000000E-02
      659    -2.385244779E-18     0.000000000E+00     4.250000000E-02
      660    -2.500000000E-03     0.000000000E+00     4.000000000E-02
      661    -2.500000000E-03     0.000000000E+00     4.500000000E-02
      662     0.000000000E+00     0.000000000E+00     4.750000000E-02
      663    -5.000000000E-03     0.000000000E+00    -4.250000000E-02
      664    -7.500000000E-03     0.000000000E+00    -4.500000000E-02
      665    -5.000000000E-03     0.000000000E+00    -4.750000000E-02
      666    -5.000000000E-03     0.000000000E+00    -3.750000000E-02
      667    -7.500000000E-03     0.000000000E+00    -4.000000000E-02
      668    -5.000000000E-03     0.000000000E+00    -3.250000000E-02
      669    -7.500000000E-03     0.000000000E+00    -3.500000000E-02
      670    -5.000000000E-03     0.000000000E+00    -2.750000000E-02
      671    -7.500000000E-03     0.000000000E+00    -3.000000000E-02
      672    -5.000000000E-03     0.000000000E+00    -2.250000000E-02
      673    -7.500000000E-03     0.000000000E+00    -2.500000000E-02
      674    -5.000000000E-03     0.000000000E+00    -1.750000000E-02
      675    -7.500000000E-03     0.000000000E+00    -2.000000000E-02
      676    -5.000000000E-03     0.000000000E+00    -1.250000000E-02
      677    -7.500000000E-03     0.000000000E+00    -1.500000000E-02
      678    -5.000000000E-03     0.000000000E+00    -7.500000000E-03
      679    -7.500000000E-03     0.000000000E+00    -1.000000000E-02
      680    -5.000000000E-03     0.000000000E+00    -2.500000000E-03
      681    -7.500000000E-03     0.000000000E+00    -5.000000000E-03
      682    -5.000000000E-03     0.000000000E+00     2.500000000E-03
      683    -7.500000000E-03     0.000000000E+00     1.040834086E-17
      684    -5.000000000E-03     0.000000000E+00     7.500000000E-03
      685    -7.500000000E-03     0.000000000E+00     5.000000000E-03
      686    -5.000000000E-03     0.000000000E+00     1.250000000E-02
      687    -7.500000000E-03     0.000000000E+00     1.000000000E-02
      688    -5.000000000E-03     0.000000000E+00     1.750000000E-02
      689    -7.500000000E-03     0.000000000E+00     1.500000000E-02
      690    -5.000000000E-03     0.000000000E+00     2.250000000E-02
      691    -7.500000000E-03     0.000000000E+00     2.000000000E-02
      692    -5.000000000E-03     0.000000000E+00     2.750000000E-02
      693    -7.500000000E-03     0.000000000E+00     2.500000000E-02
      694    -5.000000000E-03     0.000000000E+00     3.250000000E-02
      695    -7.500000000E-03     0.000000000E+00     3.000000000E-02
      696    -5.000000000E-03     0.000000000E+00     3.750000000E-02
      697    -7.500000000E-03     0.000000000E+00     3.500000000E-02
      698    -5.000000000E-03     0.000000000E+00     4.250000000E-02
      699    -7.500000000E-03     0.000000000E+00     4.000000000E-02
      700    -7.500000000E-03     0.000000000E+00     4.500000000E-02
      701    -5.000000000E-03     0.000000000E+00     4.750000000E-02
      702    -5.000000000E-03     1.000000000E-02     4.250000000E-02
      703    -2.500000000E-03     1.000000000E-02     4.500000000E-02
      704    -5.000000000E-03     1.000000000E-02     4.750000000E-02
      705    -7.500000000E-03     1.000000000E-02     4.500000000E-02
      706    -5.000000000E-03     1.000000000E-02     3.750000000E-02
      707    -2.500000000E-03     1.000000000E-02     4.000000000E-02
      708    -7.500000000E-03     1.000000000E-02     4.000000000E-02
      709    -5.000000000E-03     1.000000000E-02     3.250000000E-02
      710    -2.500000000E-03     1.000000000E-02     3.500000000E-02
      711    -7.500000000E-03     1.000000000E-02     3.500000000E-02
      712    -5.000000000E-03     1.000000000E-02     2.750000000E-02
      713    -2.500000000E-03     1.000000000E-02     3.000000000E-02
      714    -7.500000000E-03     1.000000000E-02     3.000000000E-02
      715    -5.000000000E-03     1.000000000E-02     2.250000000E-02
      716    -2.500000000E-03     1.000000000E-02     2.500000000E-02
      717    -7.500000000E-03     1.000000000E-02     2.500000000E-02
      718    -5.000000000E-03     1.000000000E-02     1.750000000E-02
      719    -2.500000000E-03     1.000000000E-02     2.000000000E-02
      720    -7.500000000E-03     1.000000000E-02     2.000000000E-02
      721    -5.000000000E-03     1.000000000E-02     1.250000000E-02
      722    -2.500000000E-03     1.000000000E-02     1.500000000E-02
      723    -7.500000000E-03     1.000000000E-02     1.500000000E-02
      724    -5.000000000E-03     1.000000000E-02     7.500000000E-03
      725    -2.500000000E-03     1.000000000E-02     1.000000000E-02
      726    -7.500000000E-03     1.000000000E-02     1.000000000E-02
      727    -5.000000000E-03     1.000000000E-02     2.500000000E-03
      728    -2.500000000E-03     1.000000000E-02     5.000000000E-03
      729    -7.500000000E-03     1.000000000E-02     5.000000000E-03
      730    -5.000000000E-03     1.000000000E-02    -2.500000000E-03
      731    -2.500000000E-03     1.000000000E-02     3.469446952E-18
      732    -7.500000000E-03     1.000000000E-02     1.040834086E-17
      733    -5.000000000E-03     1.000000000E-02    -7.500000000E-03
      734    -2.500000000E-03     1.000000000E-02    -5.000000000E-03
      735    -7.500000000E-03     1.000000000E-02    -5.000000000E-03
      736    -5.000000000E-03     1.000000000E-02    -1.250000000E-02
      737    -2.500000000E-03     1.000000000E-02    -1.000000000E-02
      738    -7.500000000E-03     1.000000000E-02    -1.000000000E-02
      739    -5.000000000E-03     1.000000000E-02    -1.750000000E-02
      740    -2.500000000E-03     1.000000000E-02    -1.500000000E-02
      741    -7.500000000E-03     1.000000000E-02    -1.500000000E-02
      742    -5.000000000E-03     1.000000000E-02    -2.250000000E-02
      743    -2.500000000E-03     1.000000000E-02    -2.000000000E-02
      744    -7.500000000E-03     1.000000000E-02    -2.000000000E-02
      745    -5.000000000E-03     1.000000000E-02    -2.750000000E-02
      746    -2.500000000E-03     1.000000000E-02    -2.500000000E-02
      747    -7.500000000E-03     1.000000000E-02    -2.500000000E-02
      748    -5.000000000E-03     1.000000000E-02    -3.250000000E-02
      749    -2.500000000E-03     1.000000000E-02    -3.000000000E-02
      750    -7.500000000E-03     1.000000000E-02    -3.000000000E-02
      751    -5.000000000E-03     1.000000000E-02    -3.750000000E-02
      752    -2.500000000E-03     1.000000000E-02    -3.500000000E-02
      753    -7.500000000E-03     1.000000000E-02    -3.500000000E-02
      754    -5.000000000E-03     1.000000000E-02    -4.250000000E-02
      755    -2.500000000E-03     1.000000000E-02    -4.000000000E-02
      756    -7.500000000E-03     1.000000000E-02    -4.000000000E-02
      757    -2.500000000E-03     1.000000000E-02    -4.500000000E-02
      758    -5.000000000E-03     1.000000000E-02    -4.750000000E-02
      759    -7.500000000E-03     1.000000000E-02    -4.500000000E-02
      760     0.000000000E+00     1.000000000E-02     4.250000000E-02
      761     2.500000000E-03     1.000000000E-02     4.500000000E-02
      762     0.000000000E+00     1.000000000E-02     4.750000000E-02
      763     0.000000000E+00     1.000000000E-02     3.750000000E-02
      764     2.500000000E-03     1.000000000E-02     4.000000000E-02
      765     0.000000000E+00     1.000000000E-02     3.250000000E-02
      766     2.500000000E-03     1.000000000E-02     3.500000000E-02
      767     0.000000000E+00     1.000000000E-02     2.750000000E-02
      768     2.500000000E-03     1.000000000E-02     3.000000000E-02
      769     0.000000000E+00     1.000000000E-02     2.250000000E-02
      770     2.500000000E-03     1.000000000E-02     2.500000000E-02
      771     0.000000000E+00     1.000000000E-02     1.750000000E-02
      772     2.500000000E-03     1.000000000E-02     2.000000000E-02
      773     0.000000000E+00     1.000000000E-02     1.250000000E-02
      774     2.500000000E-03     1.000000000E-02     1.500000000E-02
      775     0.000000000E+00     1.000000000E-02     7.500000000E-03
      776     2.500000000E-03     1.000000000E-02     1.000000000E-02
      777     0.000000000E+00     1.000000000E-02     2.500000000E-03
      778     2.500000000E-03     1.000000000E-02     5.000000000E-03
      779     0.000000000E+00     1.000000000E-02    -2.500000000E-03
      780     2.500000000E-03     1.000000000E-02    -3.469446952E-18
      781     0.000000000E+00     1.000000000E-02    -7.500000000E-03
      782     2.500000000E-03     1.000000000E-02    -5.000000000E-03
      783     0.000000000E+00     1.000000000E-02    -1.250000000E-02
      784     2.500000000E-03     1.000000000E-02    -1.000000000E-02
      785     0.000000000E+00     1.000000000E-02    -1.750000000E-02
      786     2.500000000E-03     1.000000000E-02    -1.500000000E-02
      787     0.000000000E+00     1.000000000E-02    -2.250000000E-02
      788     2.500000000E-03     1.000000000E-02    -2.000000000E-02
      789     0.000000000E+00     1.000000000E-02    -2.750000000E-02
      790     2.500000000E-03     1.000000000E-02    -2.500000000E-02
      791     0.000000000E+00     1.000000000E-02    -3.250000000E-02
      792     2.500000000E-03     1.000000000E-02    -3.000000000E-02
      793     0.000000000E+00     1.000000000E-02    -3.750000000E-02
      794     2.500000000E-03     1.000000000E-02    -3.500000000E-02
      795     0.000000000E+00     1.000000000E-02    -4.250000000E-02
      796     2.500000000E-03     1.000000000E-02    -4.000000000E-02
      797     2.500000000E-03     1.000000000E-02    -4.500000000E-02
      798     0.000000000E+00     1.000000000E-02    -4.750000000E-02
      799     5.000000000E-03     1.000000000E-02     4.250000000E-02
      800     5.000000000E-03     1.000000000E-02     4.750000000E-02
      801     7.500000000E-03     1.000000000E-02     4.500000000E-02
      802     5.000000000E-03     1.000000000E-02     3.750000000E-02
      803     7.500000000E-03     1.000000000E-02     4.000000000E-02
      804     5.000000000E-03     1.000000000E-02     3.250000000E-02
      805     7.500000000E-03     1.000000000E-02     3.500000000E-02
      806     5.000000000E-03     1.000000000E-02     2.750000000E-02
      807     7.500000000E-03     1.000000000E-02     3.000000000E-02
      808     5.000000000E-03     1.000000000E-02     2.250000000E-02
      809     7.500000000E-03     1.000000000E-02     2.500000000E-02
      810     5.000000000E-03     1.000000000E-02     1.750000000E-02
      811     7.500000000E-03     1.000000000E-02     2.000000000E-02
      812     5.000000000E-03     1.000000000E-02     1.250000000E-02
      813     7.500000000E-03     1.000000000E-02     1.500000000E-02
      814     5.000000000E-03     1.000000000E-02     7.500000000E-03
      815     7.500000000E-03     1.000000000E-02     1.000000000E-02
      816     5.000000000E-03     1.000000000E-02     2.500000000E-03
      817     7.500000000E-03     1.000000000E-02     5.000000000E-03
      818     5.000000000E-03     1.000000000E-02    -2.500000000E-03
      819     7.500000000E-03     1.000000000E-02    -1.040834086E-17
      820     5.000000000E-03     1.000000000E-02    -7.500000000E-03
      821     7.500000000E-03     1.000000000E-02    -5.000000000E-03
      822     5.000000000E-03     1.000000000E-02    -1.250000000E-02
      823     7.500000000E-03     1.000000000E-02    -1.000000000E-02
      824     5.000000000E-03     1.000000000E-02    -1.750000000E-02
      825     7.500000000E-03     1.000000000E-02    -1.500000000E-02
      826     5.000000000E-03     1.000000000E-02    -2.250000000E-02
      827     7.500000000E-03     1.000000000E-02    -2.000000000E-02
      828     5.000000000E-03     1.000000000E-02    -2.750000000E-02
      829     7.500000000E-03     1.000000000E-02    -2.500000000E-02
      830     5.000000000E-03     1.000000000E-02    -3.250000000E-02
      831     7.500000000E-03     1.000000000E-02    -3.000000000E-02
      832     5.000000000E-03     1.000000000E-02    -3.750000000E-02
      833     7.500000000E-03     1.000000000E-02    -3.500000000E-02
      834     5.000000000E-03     1.000000000E-02    -4.250000000E-02
      835     7.500000000E-03     1.000000000E-02    -4.000000000E-02
      836     7.500000000E-03     1.000000000E-02    -4.500000000E-02
      837     5.000000000E-03     1.000000000E-02    -4.750000000E-02
      838    -2.500000000E-03     1.000000000E-02     5.000000000E-02
      839    -7.500000000E-03     1.000000000E-02     5.000000000E-02
      840    -5.000000000E-03     7.500000000E-03     5.000000000E-02
      841     2.500000000E-03     1.000000000E-02     5.000000000E-02
      842     0.000000000E+00     7.500000000E-03     5.000000000E-02
      843     7.500000000E-03     1.000000000E-02     5.000000000E-02
      844     5.000000000E-03     7.500000000E-03     5.000000000E-02
      845     1.000000000E-02     1.000000000E-02     4.750000000E-02
      846     1.000000000E-02     7.500000000E-03     5.000000000E-02
      847     1.000000000E-02     1.000000000E-02     4.250000000E-02
      848     1.000000000E-02     7.500000000E-03     4.500000000E-02
      849     1.000000000E-02     1.000000000E-02     3.750000000E-02
      850     1.000000000E-02     7.500000000E-03     4.000000000E-02
      851     1.000000000E-02     1.000000000E-02     3.250000000E-02
      852     1.000000000E-02     7.500000000E-03     3.500000000E-02
      853     1.000000000E-02     1.000000000E-02     2.750000000E-02
      854     1.000000000E-02     7.500000000E-03     3.000000000E-02
      855     1.000000000E-02     1.000000000E-02     2.250000000E-02
      856     1.000000000E-02     7.500000000E-03     2.500000000E-02
      857     1.000000000E-02     1.000000000E-02     1.750000000E-02
      858     1.000000000E-02     7.500000000E-03     2.000000000E-02
      859     1.000000000E-02     1.000000000E-02     1.250000000E-02
      860     1.000000000E-02     7.500000000E-03     1.500000000E-02
      861     1.000000000E-02     1.000000000E-02     7.500000000E-03
      862     1.000000000E-02     7.500000000E-03     1.000000000E-02
      863     1.000000000E-02     1.000000000E-02     2.500000000E-03
      864     1.000000000E-02     7.500000000E-03     5.000000000E-03
      865     1.000000000E-02     1.000000000E-02    -2.500000000E-03
      866     1.000000000E-02     7.500000000E-03    -1.387778781E-17
      867     1.000000000E-02     1.000000000E-02    -7.500000000E-03
      868     1.000000000E-02     7.500000000E-03    -5.000000000E-03
      869     1.000000000E-02     1.000000000E-02    -1.250000000E-02
      870     1.000000000E-02     7.500000000E-03    -1.000000000E-02
      871     1.000000000E-02     1.000000000E-02    -1.750000000E-02
      872     1.000000000E-02     7.500000000E-03    -1.500000000E-02
      873     1.000000000E-02     1.000000000E-02    -2.250000000E-02
      874     1.000000000E-02     7.500000000E-03    -2.000000000E-02
      875     1.000000000E-02     1.000000000E-02    -2.750000000E-02
      876     1.000000000E-02     7.500000000E-03    -2.500000000E-02
      877     1.000000000E-02     1.000000000E-02    -3.250000000E-02
      878     1.000000000E-02     7.500000000E-03    -3.000000000E-02
      879     1.000000000E-02     1.000000000E-02    -3.750000000E-02
      880     1.000000000E-02     7.500000000E-03    -3.500000000E-02
      881     1.000000000E-02     1.000000000E-02    -4.250000000E-02
      882     1.000000000E-02     7.500000000E-03    -4.000000000E-02
      883     1.000000000E-02     1.000000000E-02    -4.750000000E-02
      884     1.000000000E-02     7.500000000E-03    -4.500000000E-02
      885     7.500000000E-03     1.000000000E-02    -5.000000000E-02
      886     1.000000000E-02     7.500000000E-03    -5.000000000E-02
      887     2.500000000E-03     1.000000000E-02    -5.000000000E-02
      888     5.000000000E-03     7.500000000E-03    -5.000000000E-02
      889    -2.500000000E-03     1.000000000E-02    -5.000000000E-02
      890     0.000000000E+00     7.500000000E-03    -5.000000000E-02
      891    -7.500000000E-03     1.000000000E-02    -5.000000000E-02
      892    -5.000000000E-03     7.500000000E-03    -5.000000000E-02
      893    -1.000000000E-02     1.000000000E-02    -4.750000000E-02
      894    -1.000000000E-02     7.500000000E-03    -5.000000000E-02
      895    -1.000000000E-02     1.000000000E-02    -4.250000000E-02
      896    -1.000000000E-02     7.500000000E-03    -4.500000000E-02
      897    -1.000000000E-02     1.000000000E-02    -3.750000000E-02
      898    -1.000000000E-02     7.500000000E-03    -4.000000000E-02
      899    -1.000000000E-02     1.000000000E-02    -3.250000000E-02
      900    -1.000000000E-02     7.500000000E-03    -3.500000000E-02
      901    -1.000000000E-02     1.000000000E-02    -2.750000000E-02
      902    -1.000000000E-02     7.500000000E-03    -3.000000000E-02
      903    -1.000000000E-02     1.000000000E-02    -2.250000000E-02
      904    -1.000000000E-02     7.500000000E-03    -2.500000000E-02
      905    -1.000000000E-02     1.000000000E-02    -1.750000000E-02
      906    -1.000000000E-02     7.500000000E-03    -2.000000000E-02
      907    -1.000000000E-02     1.000000000E-02    -1.250000000E-02
      908    -1.000000000E-02     7.500000000E-03    -1.500000000E-02
      909    -1.000000000E-02     1.000000000E-02    -7.500000000E-03
      910    -1.000000000E-02     7.500000000E-03    -1.000000000E-02
      911    -1.000000000E-02     1.000000000E-02    -2.500000000E-03
      912    -1.000000000E-02     7.500000000E-03    -5.000000000E-03
      913    -1.000000000E-02     1.000000000E-02     2.500000000E-03
      914    -1.000000000E-02     7.500000000E-03     1.387778781E-17
      915    -1.000000000E-02     1.000000000E-02     7.500000000E-03
      916    -1.000000000E-02     7.500000000E-03     5.000000000E-03
      917    -1.000000000E-02     1.000000000E-02     1.250000000E-02
      918    -1.000000000E-02     7.500000000E-03     1.000000000E-02
      919    -1.000000000E-02     1.000000000E-02     1.750000000E-02
      920    -1.000000000E-02     7.500000000E-03     1.500000000E-02
      921    -1.000000000E-02     1.000000000E-02     2.250000000E-02
      922    -1.000000000E-02     7.500000000E-03     2.000000000E-02
      923    -1.000000000E-02     1.000000000E-02     2.750000000E-02
      924    -1.000000000E-02     7.500000000E-03     2.500000000E-02
      925    -1.000000000E-02     1.000000000E-02     3.250000000E-02
      926    -1.000000000E-02     7.500000000E-03     3.000000000E-02
      927    -1.000000000E-02     1.000000000E-02     3.750000000E-02
      928    -1.000000000E-02     7.500000000E-03     3.500000000E-02
      929    -1.000000000E-02     1.000000000E-02     4.250000000E-02
      930    -1.000000000E-02     7.500000000E-03     4.000000000E-02
      931    -1.000000000E-02     1.000000000E-02     4.750000000E-02
      932    -1.000000000E-02     7.500000000E-03     4.500000000E-02
      933    -1.000000000E-02     7.500000000E-03     5.000000000E-02
      934    -1.000000000E-02     5.000000000E-03    -4.250000000E-02
      935    -1.000000000E-02     2.500000000E-03    -4.500000000E-02
      936    -1.000000000E-02     5.000000000E-03    -4.750000000E-02
      937    -1.000000000E-02     5.000000000E-03    -3.750000000E-02
      938    -1.000000000E-02     2.500000000E-03    -4.000000000E-02
      939    -1.000000000E-02     5.000000000E-03    -3.250000000E-02
      940    -1.000000000E-02     2.500000000E-03    -3.500000000E-02
      941    -1.000000000E-02     5.000000000E-03    -2.750000000E-02
      942    -1.000000000E-02     2.500000000E-03    -3.000000000E-02
      943    -1.000000000E-02     5.000000000E-03    -2.250000000E-02
      944    -1.000000000E-02     2.500000000E-03    -2.500000000E-02
      945    -1.000000000E-02     5.000000000E-03    -1.750000000E-02
      946    -1.000000000E-02     2.500000000E-03    -2.000000000E-02
      947    -1.000000000E-02     5.000000000E-03    -1.250000000E-02
      948    -1.000000000E-02     2.500000000E-03    -1.500000000E-02
      949    -1.000000000E-02     5.000000000E-03    -7.500000000E-03
      950    -1.000000000E-02     2.500000000E-03    -1.000000000E-02
      951    -1.000000000E-02     5.000000000E-03    -2.500000000E-03
      952    -1.000000000E-02     2.500000000E-03    -5.000000000E-03
      953    -1.000000000E-02     5.000000000E-03     2.500000000E-03
      954    -1.000000000E-02     2.500000000E-03     1.387778781E-17
      955    -1.000000000E-02     5.000000000E-03     7.500000000E-03
      956    -1.000000000E-02     2.500000000E-03     5.000000000E-03
      957    -1.000000000E-02     5.000000000E-03     1.250000000E-02
      958    -1.000000000E-02     2.500000000E-03     1.000000000E-02
      959    -1.000000000E-02     5.000000000E-03     1.750000000E-02
      960    -1.000000000E-02     2.500000000E-03     1.500000000E-02
      961    -1.000000000E-02     5.000000000E-03     2.250000000E-02
      962    -1.000000000E-02     2.500000000E-03     2.000000000E-02
      963    -1.000000000E-02     5.000000000E-03     2.750000000E-02
      964    -1.000000000E-02     2.500000000E-03     2.500000000E-02
      965    -1.000000000E-02     5.000000000E-03     3.250000000E-02
      966    -1.000000000E-02     2.500000000E-03     3.000000000E-02
      967    -1.000000000E-02     5.000000000E-03     3.750000000E-02
      968    -1.000000000E-02     2.500000000E-03     3.500000000E-02
      969    -1.000000000E-02     5.000000000E-03     4.250000000E-02
      970    -1.000000000E-02     2.500000000E-03     4.000000000E-02
      971    -1.000000000E-02     2.500000000E-03     4.500000000E-02
      972    -1.000000000E-02     5.000000000E-03     4.750000000E-02
      973    -1.000000000E-02     0.000000000E+00     4.250000000E-02
      974    -1.000000000E-02     0.000000000E+00     4.750000000E-02
      975    -1.000000000E-02     0.000000000E+00     3.750000000E-02
      976    -1.000000000E-02     0.000000000E+00     3.250000000E-02
      977    -1.000000000E-02     0.000000000E+00     2.750000000E-02
      978    -1.000000000E-02     0.000000000E+00     2.250000000E-02
      979    -1.000000000E-02     0.000000000E+00     1.750000000E-02
      980    -1.000000000E-02     0.000000000E+00     1.250000000E-02
      981    -1.000000000E-02     0.000000000E+00     7.500000000E-03
      982    -1.000000000E-02     0.000000000E+00     2.500000000E-03
      983    -1.000000000E-02     0.000000000E+00    -2.500000000E-03
      984    -1.000000000E-02     0.000000000E+00    -7.500000000E-03
      985    -1.000000000E-02     0.000000000E+00    -1.250000000E-02
      986    -1.000000000E-02     0.000000000E+00    -1.750000000E-02
      987    -1.000000000E-02     0.000000000E+00    -2.250000000E-02
      988    -1.000000000E-02     0.000000000E+00    -2.750000000E-02
      989    -1.000000000E-02     0.000000000E+00    -3.250000000E-02
      990    -1.000000000E-02     0.000000000E+00    -3.750000000E-02
      991    -1.000000000E-02     0.000000000E+00    -4.250000000E-02
      992    -1.000000000E-02     0.000000000E+00    -4.750000000E-02
      993    -1.000000000E-02     2.500000000E-03     5.000000000E-02
      994    -7.500000000E-03     5.000000000E-03     5.000000000E-02
      995    -7.500000000E-03     0.000000000E+00     5.000000000E-02
      996    -1.000000000E-02     2.500000000E-03    -5.000000000E-02
      997    -7.500000000E-03     5.000000000E-03    -5.000000000E-02
      998    -7.500000000E-03     0.000000000E+00    -5.000000000E-02
      999    -2.500000000E-03     5.000000000E-03    -5.000000000E-02
     1000    -5.000000000E-03     2.500000000E-03    -5.000000000E-02
     1001     2.500000000E-03     5.000000000E-03    -5.000000000E-02
     1002     0.000000000E+00     2.500000000E-03    -5.000000000E-02
     1003     5.000000000E-03     2.500000000E-03    -5.000000000E-02
     1004     7.500000000E-03     5.000000000E-03    -5.000000000E-02
     1005    -2.500000000E-03     0.000000000E+00    -5.000000000E-02
     1006     2.500000000E-03     0.000000000E+00    -5.000000000E-02
     1007     7.500000000E-03     0.000000000E+00    -5.000000000E-02
     1008     1.000000000E-02     2.500000000E-03    -5.000000000E-02
     1009     1.000000000E-02     5.000000000E-03    -4.750000000E-02
     1010     1.000000000E-02     0.000000000E+00    -4.750000000E-02
     1011     1.000000000E-02     5.000000000E-03     4.250000000E-02
     1012     1.000000000E-02     2.500000000E-03     4.500000000E-02
     1013     1.000000000E-02     5.000000000E-03     4.750000000E-02
     1014     1.000000000E-02     5.000000000E-03     3.750000000E-02
     1015     1.000000000E-02     2.500000000E-03     4.000000000E-02
     1016     1.000000000E-02     5.000000000E-03     3.250000000E-02
     1017     1.000000000E-02     2.500000000E-03     3.500000000E-02
     1018     1.000000000E-02     5.000000000E-03     2.750000000E-02
     1019     1.000000000E-02     2.500000000E-03     3.000000000E-02
     1020     1.000000000E-02     5.000000000E-03     2.250000000E-02
     1021     1.000000000E-02     2.500000000E-03     2.500000000E-02
     1022     1.000000000E-02     5.000000000E-03     1.750000000E-02
     1023     1.000000000E-02     2.500000000E-03     2.000000000E-02
     1024     1.000000000E-02     5.000000000E-03     1.250000000E-02
     1025     1.000000000E-02     2.500000000E-03     1.500000000E-02
     1026     1.000000000E-02     5.000000000E-03     7.500000000E-03
     1027     1.000000000E-02     2.500000000E-03     1.000000000E-02
     1028     1.000000000E-02     5.000000000E-03     2.500000000E-03
     1029     1.000000000E-02     2.500000000E-03     5.000000000E-03
     1030     1.000000000E-02     5.000000000E-03    -2.500000000E-03
     1031     1.000000000E-02     2.500000000E-03    -1.387778781E-17
     1032     1.000000000E-02     5.000000000E-03    -7.500000000E-03
     1033     1.000000000E-02     2.500000000E-03    -5.000000000E-03
     1034     1.000000000E-02     5.000000000E-03    -1.250000000E-02
     1035     1.000000000E-02     2.500000000E-03    -1.000000000E-02
     1036     1.000000000E-02     5.000000000E-03    -1.750000000E-02
     1037     1.000000000E-02     2.500000000E-03    -1.500000000E-02
     1038     1.000000000E-02     5.000000000E-03    -2.250000000E-02
     1039     1.000000000E-02     2.500000000E-03    -2.000000000E-02
     1040     1.000000000E-02     5.000000000E-03    -2.750000000E-02
     1041     1.000000000E-02     2.500000000E-03    -2.500000000E-02
     1042     1.000000000E-02     5.000000000E-03    -3.250000000E-02
     1043     1.000000000E-02     2.500000000E-03    -3.000000000E-02
     1044     1.000000000E-02     5.000000000E-03    -3.750000000E-02
     1045     1.000000000E-02     2.500000000E-03    -3.500000000E-02
     1046     1.000000000E-02     5.000000000E-03    -4.250000000E-02
     1047     1.000000000E-02     2.500000000E-03    -4.000000000E-02
     1048     1.000000000E-02     2.500000000E-03    -4.500000000E-02
     1049     1.000000000E-02     0.000000000E+00    -4.250000000E-02
     1050     1.000000000E-02     0.000000000E+00    -3.750000000E-02
     1051     1.000000000E-02     0.000000000E+00    -3.250000000E-02
     1052     1.000000000E-02     0.000000000E+00    -2.750000000E-02
     1053     1.000000000E-02     0.000000000E+00    -2.250000000E-02
     1054     1.000000000E-02     0.000000000E+00    -1.750000000E-02
     1055     1.000000000E-02     0.000000000E+00    -1.250000000E-02
     1056     1.000000000E-02     0.000000000E+00    -7.500000000E-03
     1057     1.000000000E-02     0.000000000E+00    -2.500000000E-03
     1058     1.000000000E-02     0.000000000E+00     2.500000000E-03
     1059     1.000000000E-02     0.000000000E+00     7.500000000E-03
     1060     1.000000000E-02     0.000000000E+00     1.250000000E-02
     1061     1.000000000E-02     0.000000000E+00     1.750000000E-02
     1062     1.000000000E-02     0.000000000E+00     2.250000000E-02
     1063     1.000000000E-02     0.000000000E+00     2.750000000E-02
     1064     1.000000000E-02     0.000000000E+00     3.250000000E-02
     1065     1.000000000E-02     0.000000000E+00     3.750000000E-02
     1066     1.000000000E-02     0.000000000E+00     4.250000000E-02
     1067     1.000000000E-02     0.000000000E+00     4.750000000E-02
     1068     1.000000000E-02     2.500000000E-03     5.000000000E-02
     1069     7.500000000E-03     5.000000000E-03     5.000000000E-02
     1070     7.500000000E-03     0.000000000E+00     5.000000000E-02
     1071    -2.500000000E-03     5.000000000E-03     5.000000000E-02
     1072    -5.000000000E-03     2.500000000E-03     5.000000000E-02
     1073     2.500000000E-03     5.000000000E-03     5.000000000E-02
     1074     0.000000000E+00     2.500000000E-03     5.000000000E-02
     1075     5.000000000E-03     2.500000000E-03     5.000000000E-02
     1076     2.500000000E-03     0.000000000E+00     5.000000000E-02
     1077    -2.500000000E-03     0.000000000E+00     5.000000000E-02
-1
/wb,elem,start            !  set before creation of elements
/com,*********** Elements for Body 1 "SYS-1\Solid" ***********
et,1,186
keyo,1,2,1          ! set full integration on SOLID186
eblock,19,solid,,160
(19i9)
        1        1        1        1        0        0        0        0       20        0        1        1      310      258      238      114      315      259      239
      321      994      972      320      701      995      974      700      318     1072      993      971
        1        1        1        1        0        0        0        0       20        0        2        1      238      258      310      115      218      219      172
      320      972      994      321      705      931      839      704      319      932      933      840
        1        1        1        1        0        0        0        0       20        0        3        1       20      311      310      114       95      314      315
      317      416     1071      321      661      662     1077      701      318      414     1074     1072
        1        1        1        1        0        0        0        0       20        0        4        1      310      311       20      115      172      173      134
      321     1071      416      317      704      838      762      703      319      840      842      415
        1        1        1        1        0        0        0        0       20        0        5       20       39      312      311       95       76      313      314
      413      493     1073      416      621      623     1076      662      414      490     1075     1074
        1        1        1        1        0        0        0        0       20        0        6       20      311      312       39      134      173      174      153
      416     1073      493      413      762      841      800      761      415      842      844      491
        1        1        1        1        0        0        0        0       20        0        7       39      270      308      312       76      307      309      313
      492     1013     1069      493      622     1067     1070      623      490     1012     1068     1075
        1        1        1        1        0        0        0        0       20        0        8       39      312      308      270      153      174      175      176
      493     1069     1013      492      800      843      845      801      491      844      846      848
        1        1        1        1        0        0        0        0       20        0        9        1      238      237        2      114      239      240      113
      320      969      326      316      700      973      699      698      318      971      970      324
        1        1        1        1        0        0        0        0       20        0       10        1        2      237      238      115      116      217      218
      316      326      969      320      702      708      929      705      319      325      930      932
        1        1        1        1        0        0        0        0       20        0       11        1        2       21       20      114      113       94       95
      316      323      412      317      698      660      659      661      318      324      419      414
        1        1        1        1        0        0        0        0       20        0       12        1       20       21        2      115      134      135      116
      317      412      323      316      703      760      707      702      319      415      420      325
        1        1        1        1        0        0        0        0       20        0       13       20       21       40       39       95       94       75       76
      412      418      489      413      659      619      618      621      414      419      495      490
        1        1        1        1        0        0        0        0       20        0       14       20       39       40       21      134      153      154      135
      413      489      418      412      761      799      764      760      415      491      496      420
        1        1        1        1        0        0        0        0       20        0       15       39       40      271      270       76       75      306      307
      489      497     1011      492      618      620     1066      622      490      495     1015     1012
        1        1        1        1        0        0        0        0       20        0       16       39      270      271       40      153      176      177      154
      492     1011      497      489      801      847      803      799      491      848      850      496
        1        1        1        1        0        0        0        0       20        0       17        2      237      236        3      113      240      241      112
      326      967      331      322      699      975      697      696      324      970      968      329
        1        1        1        1        0        0        0        0       20        0       18        2        3      236      237      116      117      216      217
      322      331      967      326      706      711      927      708      325      330      928      930
        1        1        1        1        0        0        0        0       20        0       19        2        3       22       21      113      112       93       94
      322      328      417      323      696      658      657      660      324      329      423      419
        1        1        1        1        0        0        0        0       20        0       20        2       21       22        3      116      135      136      117
      323      417      328      322      707      763      710      706      325      420      424      330
        1        1        1        1        0        0        0        0       20        0       21       21       22       41       40       94       93       74       75
      417      422      494      418      657      616      615      619      419      423      499      495
        1        1        1        1        0        0        0        0       20        0       22       21       40       41       22      135      154      155      136
      418      494      422      417      764      802      766      763      420      496      500      424
        1        1        1        1        0        0        0        0       20        0       23       40       41      272      271       75       74      305      306
      494      501     1014      497      615      617     1065      620      495      499     1017     1015
        1        1        1        1        0        0        0        0       20        0       24       40      271      272       41      154      177      178      155
      497     1014      501      494      803      849      805      802      496      850      852      500
        1        1        1        1        0        0        0        0       20        0       25        3      236      235        4      112      241      242      111
      331      965      336      327      697      976      695      694      329      968      966      334
        1        1        1        1        0        0        0        0       20        0       26        3        4      235      236      117      118      215      216
      327      336      965      331      709      714      925      711      330      335      926      928
        1        1        1        1        0        0        0        0       20        0       27        3        4       23       22      112      111       92       93
      327      333      421      328      694      656      655      658      329      334      427      423
        1        1        1        1        0        0        0        0       20        0       28        3       22       23        4      117      136      137      118
      328      421      333      327      710      765      713      709      330      424      428      335
        1        1        1        1        0        0        0        0       20        0       29       22       23       42       41       93       92       73       74
      421      426      498      422      655      613      612      616      423      427      503      499
        1        1        1        1        0        0        0        0       20        0       30       22       41       42       23      136      155      156      137
      422      498      426      421      766      804      768      765      424      500      504      428
        1        1        1        1        0        0        0        0       20        0       31       41       42      273      272       74       73      304      305
      498      505     1016      501      612      614     1064      617      499      503     1019     1017
        1        1        1        1        0        0        0        0       20        0       32       41      272      273       42      155      178      179      156
      501     1016      505      498      805      851      807      804      500      852      854      504
        1        1        1        1        0        0        0        0       20        0       33        4      235      234        5      111      242      243      110
      336      963      341      332      695      977      693      692      334      966      964      339
        1        1        1        1        0        0        0        0       20        0       34        4        5      234      235      118      119      214      215
      332      341      963      336      712      717      923      714      335      340      924      926
        1        1        1        1        0        0        0        0       20        0       35        4        5       24       23      111      110       91       92
      332      338      425      333      692      654      653      656      334      339      431      427
        1        1        1        1        0        0        0        0       20        0       36        4       23       24        5      118      137      138      119
      333      425      338      332      713      767      716      712      335      428      432      340
        1        1        1        1        0        0        0        0       20        0       37       23       24       43       42       92       91       72       73
      425      430      502      426      653      610      609      613      427      431      507      503
        1        1        1        1        0        0        0        0       20        0       38       23       42       43       24      137      156      157      138
      426      502      430      425      768      806      770      767      428      504      508      432
        1        1        1        1        0        0        0        0       20        0       39       42       43      274      273       73       72      303      304
      502      509     1018      505      609      611     1063      614      503      507     1021     1019
        1        1        1        1        0        0        0        0       20        0       40       42      273      274       43      156      179      180      157
      505     1018      509      502      807      853      809      806      504      854      856      508
        1        1        1        1        0        0        0        0       20        0       41        5      234      233        6      110      243      244      109
      341      961      346      337      693      978      691      690      339      964      962      344
        1        1        1        1        0        0        0        0       20        0       42        5        6      233      234      119      120      213      214
      337      346      961      341      715      720      921      717      340      345      922      924
        1        1        1        1        0        0        0        0       20        0       43        5        6       25       24      110      109       90       91
      337      343      429      338      690      652      651      654      339      344      435      431
        1        1        1        1        0        0        0        0       20        0       44        5       24       25        6      119      138      139      120
      338      429      343      337      716      769      719      715      340      432      436      345
        1        1        1        1        0        0        0        0       20        0       45       24       25       44       43       91       90       71       72
      429      434      506      430      651      607      606      610      431      435      511      507
        1        1        1        1        0        0        0        0       20        0       46       24       43       44       25      138      157      158      139
      430      506      434      429      770      808      772      769      432      508      512      436
        1        1        1        1        0        0        0        0       20        0       47       43       44      275      274       72       71      302      303
      506      513     1020      509      606      608     1062      611      507      511     1023     1021
        1        1        1        1        0        0        0        0       20        0       48       43      274      275       44      157      180      181      158
      509     1020      513      506      809      855      811      808      508      856      858      512
        1        1        1        1        0        0        0        0       20        0       49        6      233      232        7      109      244      245      108
      346      959      351      342      691      979      689      688      344      962      960      349
        1        1        1        1        0        0        0        0       20        0       50        6        7      232      233      120      121      212      213
      342      351      959      346      718      723      919      720      345      350      920      922
        1        1        1        1        0        0        0        0       20        0       51        6        7       26       25      109      108       89       90
      342      348      433      343      688      650      649      652      344      349      439      435
        1        1        1        1        0        0        0        0       20        0       52        6       25       26        7      120      139      140      121
      343      433      348      342      719      771      722      718      345      436      440      350
        1        1        1        1        0        0        0        0       20        0       53       25       26       45       44       90       89       70       71
      433      438      510      434      649      604      603      607      435      439      515      511
        1        1        1        1        0        0        0        0       20        0       54       25       44       45       26      139      158      159      140
      434      510      438      433      772      810      774      771      436      512      516      440
        1        1        1        1        0        0        0        0       20        0       55       44       45      276      275       71       70      301      302
      510      517     1022      513      603      605     1061      608      511      515     1025     1023
        1        1        1        1        0        0        0        0       20        0       56       44      275      276       45      158      181      182      159
      513     1022      517      510      811      857      813      810      512      858      860      516
        1        1        1        1        0        0        0        0       20        0       57        7      232      231        8      108      245      246      107
      351      957      356      347      689      980      687      686      349      960      958      354
        1        1        1        1        0        0        0        0       20        0       58        7        8      231      232      121      122      211      212
      347      356      957      351      721      726      917      723      350      355      918      920
        1        1        1        1        0        0        0        0       20        0       59        7        8       27       26      108      107       88       89
      347      353      437      348      686      648      647      650      349      354      443      439
        1        1        1        1        0        0        0        0       20        0       60        7       26       27        8      121      140      141      122
      348      437      353      347      722      773      725      721      350      440      444      355
        1        1        1        1        0        0        0        0       20        0       61       26       27       46       45       89       88       69       70
      437      442      514      438      647      601      600      604      439      443      519      515
        1        1        1        1        0        0        0        0       20        0       62       26       45       46       27      140      159      160      141
      438      514      442      437      774      812      776      773      440      516      520      444
        1        1        1        1        0        0        0        0       20        0       63       45       46      277      276       70       69      300      301
      514      521     1024      517      600      602     1060      605      515      519     1027     1025
        1        1        1        1        0        0        0        0       20        0       64       45      276      277       46      159      182      183      160
      517     1024      521      514      813      859      815      812      516      860      862      520
        1        1        1        1        0        0        0        0       20        0       65        8      231      230        9      107      246      247      106
      356      955      361      352      687      981      685      684      354      958      956      359
        1        1        1        1        0        0        0        0       20        0       66        8        9      230      231      122      123      210      211
      352      361      955      356      724      729      915      726      355      360      916      918
        1        1        1        1        0        0        0        0       20        0       67        8        9       28       27      107      106       87       88
      352      358      441      353      684      646      645      648      354      359      447      443
        1        1        1        1        0        0        0        0       20        0       68        8       27       28        9      122      141      142      123
      353      441      358      352      725      775      728      724      355      444      448      360
        1        1        1        1        0        0        0        0       20        0       69       27       28       47       46       88       87       68       69
      441      446      518      442      645      598      597      601      443      447      523      519
        1        1        1        1        0        0        0        0       20        0       70       27       46       47       28      141      160      161      142
      442      518      446      441      776      814      778      775      444      520      524      448
        1        1        1        1        0        0        0        0       20        0       71       46       47      278      277       69       68      299      300
      518      525     1026      521      597      599     1059      602      519      523     1029     1027
        1        1        1        1        0        0        0        0       20        0       72       46      277      278       47      160      183      184      161
      521     1026      525      518      815      861      817      814      520      862      864      524
        1        1        1        1        0        0        0        0       20        0       73        9      230      229       10      106      247      248      105
      361      953      366      357      685      982      683      682      359      956      954      364
        1        1        1        1        0        0        0        0       20        0       74        9       10      229      230      123      124      209      210
      357      366      953      361      727      732      913      729      360      365      914      916
        1        1        1        1        0        0        0        0       20        0       75        9       10       29       28      106      105       86       87
      357      363      445      358      682      644      643      646      359      364      451      447
        1        1        1        1        0        0        0        0       20        0       76        9       28       29       10      123      142      143      124
      358      445      363      357      728      777      731      727      360      448      452      365
        1        1        1        1        0        0        0        0       20        0       77       28       29       48       47       87       86       67       68
      445      450      522      446      643      595      594      598      447      451      527      523
        1        1        1        1        0        0        0        0       20        0       78       28       47       48       29      142      161      162      143
      446      522      450      445      778      816      780      777      448      524      528      452
        1        1        1        1        0        0        0        0       20        0       79       47       48      279      278       68       67      298      299
      522      529     1028      525      594      596     1058      599      523      527     1031     1029
        1        1        1        1        0        0        0        0       20        0       80       47      278      279       48      161      184      185      162
      525     1028      529      522      817      863      819      816      524      864      866      528
        1        1        1        1        0        0        0        0       20        0       81       10      229      228       11      105      248      249      104
      366      951      371      362      683      983      681      680      364      954      952      369
        1        1        1        1        0        0        0        0       20        0       82       10       11      228      229      124      125      208      209
      362      371      951      366      730      735      911      732      365      370      912      914
        1        1        1        1        0        0        0        0       20        0       83       10       11       30       29      105      104       85       86
      362      368      449      363      680      642      641      644      364      369      455      451
        1        1        1        1        0        0        0        0       20        0       84       10       29       30       11      124      143      144      125
      363      449      368      362      731      779      734      730      365      452      456      370
        1        1        1        1        0        0        0        0       20        0       85       29       30       49       48       86       85       66       67
      449      454      526      450      641      592      591      595      451      455      531      527
        1        1        1        1        0        0        0        0       20        0       86       29       48       49       30      143      162      163      144
      450      526      454      449      780      818      782      779      452      528      532      456
        1        1        1        1        0        0        0        0       20        0       87       48       49      280      279       67       66      297      298
      526      533     1030      529      591      593     1057      596      527      531     1033     1031
        1        1        1        1        0        0        0        0       20        0       88       48      279      280       49      162      185      186      163
      529     1030      533      526      819      865      821      818      528      866      868      532
        1        1        1        1        0        0        0        0       20        0       89       11      228      227       12      104      249      250      103
      371      949      376      367      681      984      679      678      369      952      950      374
        1        1        1        1        0        0        0        0       20        0       90       11       12      227      228      125      126      207      208
      367      376      949      371      733      738      909      735      370      375      910      912
        1        1        1        1        0        0        0        0       20        0       91       11       12       31       30      104      103       84       85
      367      373      453      368      678      640      639      642      369      374      459      455
        1        1        1        1        0        0        0        0       20        0       92       11       30       31       12      125      144      145      126
      368      453      373      367      734      781      737      733      370      456      460      375
        1        1        1        1        0        0        0        0       20        0       93       30       31       50       49       85       84       65       66
      453      458      530      454      639      589      588      592      455      459      535      531
        1        1        1        1        0        0        0        0       20        0       94       30       49       50       31      144      163      164      145
      454      530      458      453      782      820      784      781      456      532      536      460
        1        1        1        1        0        0        0        0       20        0       95       49       50      281      280       66       65      296      297
      530      537     1032      533      588      590     1056      593      531      535     1035     1033
        1        1        1        1        0        0        0        0       20        0       96       49      280      281       50      163      186      187      164
      533     1032      537      530      821      867      823      820      532      868      870      536
        1        1        1        1        0        0        0        0       20        0       97       12      227      226       13      103      250      251      102
      376      947      381      372      679      985      677      676      374      950      948      379
        1        1        1        1        0        0        0        0       20        0       98       12       13      226      227      126      127      206      207
      372      381      947      376      736      741      907      738      375      380      908      910
        1        1        1        1        0        0        0        0       20        0       99       12       13       32       31      103      102       83       84
      372      378      457      373      676      638      637      640      374      379      463      459
        1        1        1        1        0        0        0        0       20        0      100       12       31       32       13      126      145      146      127
      373      457      378      372      737      783      740      736      375      460      464      380
        1        1        1        1        0        0        0        0       20        0      101       31       32       51       50       84       83       64       65
      457      462      534      458      637      586      585      589      459      463      539      535
        1        1        1        1        0        0        0        0       20        0      102       31       50       51       32      145      164      165      146
      458      534      462      457      784      822      786      783      460      536      540      464
        1        1        1        1        0        0        0        0       20        0      103       50       51      282      281       65       64      295      296
      534      541     1034      537      585      587     1055      590      535      539     1037     1035
        1        1        1        1        0        0        0        0       20        0      104       50      281      282       51      164      187      188      165
      537     1034      541      534      823      869      825      822      536      870      872      540
        1        1        1        1        0        0        0        0       20        0      105       13      226      225       14      102      251      252      101
      381      945      386      377      677      986      675      674      379      948      946      384
        1        1        1        1        0        0        0        0       20        0      106       13       14      225      226      127      128      205      206
      377      386      945      381      739      744      905      741      380      385      906      908
        1        1        1        1        0        0        0        0       20        0      107       13       14       33       32      102      101       82       83
      377      383      461      378      674      636      635      638      379      384      467      463
        1        1        1        1        0        0        0        0       20        0      108       13       32       33       14      127      146      147      128
      378      461      383      377      740      785      743      739      380      464      468      385
        1        1        1        1        0        0        0        0       20        0      109       32       33       52       51       83       82       63       64
      461      466      538      462      635      583      582      586      463      467      543      539
        1        1        1        1        0        0        0        0       20        0      110       32       51       52       33      146      165      166      147
      462      538      466      461      786      824      788      785      464      540      544      468
        1        1        1        1        0        0        0        0       20        0      111       51       52      283      282       64       63      294      295
      538      545     1036      541      582      584     1054      587      539      543     1039     1037
        1        1        1        1        0        0        0        0       20        0      112       51      282      283       52      165      188      189      166
      541     1036      545      538      825      871      827      824      540      872      874      544
        1        1        1        1        0        0        0        0       20        0      113       14      225      224       15      101      252      253      100
      386      943      391      382      675      987      673      672      384      946      944      389
        1        1        1        1        0        0        0        0       20        0      114       14       15      224      225      128      129      204      205
      382      391      943      386      742      747      903      744      385      390      904      906
        1        1        1        1        0        0        0        0       20        0      115       14       15       34       33      101      100       81       82
      382      388      465      383      672      634      633      636      384      389      471      467
        1        1        1        1        0        0        0        0       20        0      116       14       33       34       15      128      147      148      129
      383      465      388      382      743      787      746      742      385      468      472      390
        1        1        1        1        0        0        0        0       20        0      117       33       34       53       52       82       81       62       63
      465      470      542      466      633      580      579      583      467      471      547      543
        1        1        1        1        0        0        0        0       20        0      118       33       52       53       34      147      166      167      148
      466      542      470      465      788      826      790      787      468      544      548      472
        1        1        1        1        0        0        0        0       20        0      119       52       53      284      283       63       62      293      294
      542      549     1038      545      579      581     1053      584      543      547     1041     1039
        1        1        1        1        0        0        0        0       20        0      120       52      283      284       53      166      189      190      167
      545     1038      549      542      827      873      829      826      544      874      876      548
        1        1        1        1        0        0        0        0       20        0      121       15      224      223       16      100      253      254       99
      391      941      396      387      673      988      671      670      389      944      942      394
        1        1        1        1        0        0        0        0       20        0      122       15       16      223      224      129      130      203      204
      387      396      941      391      745      750      901      747      390      395      902      904
        1        1        1        1        0        0        0        0       20        0      123       15       16       35       34      100       99       80       81
      387      393      469      388      670      632      631      634      389      394      475      471
        1        1        1        1        0        0        0        0       20        0      124       15       34       35       16      129      148      149      130
      388      469      393      387      746      789      749      745      390      472      476      395
        1        1        1        1        0        0        0        0       20        0      125       34       35       54       53       81       80       61       62
      469      474      546      470      631      577      576      580      471      475      551      547
        1        1        1        1        0        0        0        0       20        0      126       34       53       54       35      148      167      168      149
      470      546      474      469      790      828      792      789      472      548      552      476
        1        1        1        1        0        0        0        0       20        0      127       53       54      285      284       62       61      292      293
      546      553     1040      549      576      578     1052      581      547      551     1043     1041
        1        1        1        1        0        0        0        0       20        0      128       53      284      285       54      167      190      191      168
      549     1040      553      546      829      875      831      828      548      876      878      552
        1        1        1        1        0        0        0        0       20        0      129       16      223      222       17       99      254      255       98
      396      939      401      392      671      989      669      668      394      942      940      399
        1        1        1        1        0        0        0        0       20        0      130       16       17      222      223      130      131      202      203
      392      401      939      396      748      753      899      750      395      400      900      902
        1        1        1        1        0        0        0        0       20        0      131       16       17       36       35       99       98       79       80
      392      398      473      393      668      630      629      632      394      399      479      475
        1        1        1        1        0        0        0        0       20        0      132       16       35       36       17      130      149      150      131
      393      473      398      392      749      791      752      748      395      476      480      400
        1        1        1        1        0        0        0        0       20        0      133       35       36       55       54       80       79       60       61
      473      478      550      474      629      574      573      577      475      479      555      551
        1        1        1        1        0        0        0        0       20        0      134       35       54       55       36      149      168      169      150
      474      550      478      473      792      830      794      791      476      552      556      480
        1        1        1        1        0        0        0        0       20        0      135       54       55      286      285       61       60      291      292
      550      557     1042      553      573      575     1051      578      551      555     1045     1043
        1        1        1        1        0        0        0        0       20        0      136       54      285      286       55      168      191      192      169
      553     1042      557      550      831      877      833      830      552      878      880      556
        1        1        1        1        0        0        0        0       20        0      137       17      222      221       18       98      255      256       97
      401      937      406      397      669      990      667      666      399      940      938      404
        1        1        1        1        0        0        0        0       20        0      138       17       18      221      222      131      132      201      202
      397      406      937      401      751      756      897      753      400      405      898      900
        1        1        1        1        0        0        0        0       20        0      139       17       18       37       36       98       97       78       79
      397      403      477      398      666      628      627      630      399      404      483      479
        1        1        1        1        0        0        0        0       20        0      140       17       36       37       18      131      150      151      132
      398      477      403      397      752      793      755      751      400      480      484      405
        1        1        1        1        0        0        0        0       20        0      141       36       37       56       55       79       78       59       60
      477      482      554      478      627      571      570      574      479      483      559      555
        1        1        1        1        0        0        0        0       20        0      142       36       55       56       37      150      169      170      151
      478      554      482      477      794      832      796      793      480      556      560      484
        1        1        1        1        0        0        0        0       20        0      143       55       56      287      286       60       59      290      291
      554      561     1044      557      570      572     1050      575      555      559     1047     1045
        1        1        1        1        0        0        0        0       20        0      144       55      286      287       56      169      192      193      170
      557     1044      561      554      833      879      835      832      556      880      882      560
        1        1        1        1        0        0        0        0       20        0      145       18      221      220       19       97      256      257       96
      406      934      410      402      667      991      664      663      404      938      935      408
        1        1        1        1        0        0        0        0       20        0      146       18       19      220      221      132      133      200      201
      402      410      934      406      754      759      895      756      405      409      896      898
        1        1        1        1        0        0        0        0       20        0      147       18       19       38       37       97       96       77       78
      402      407      481      403      663      625      624      628      404      408      486      483
        1        1        1        1        0        0        0        0       20        0      148       18       37       38       19      132      151      152      133
      403      481      407      402      755      795      757      754      405      484      487      409
        1        1        1        1        0        0        0        0       20        0      149       37       38       57       56       78       77       58       59
      481      485      558      482      624      567      566      571      483      486      562      559
        1        1        1        1        0        0        0        0       20        0      150       37       56       57       38      151      170      171      152
      482      558      485      481      796      834      797      795      484      560      563      487
        1        1        1        1        0        0        0        0       20        0      151       56       57      288      287       59       58      289      290
      558      565     1046      561      566      569     1049      572      559      562     1048     1047
        1        1        1        1        0        0        0        0       20        0      152       56      287      288       57      170      193      194      171
      561     1046      565      558      835      881      836      834      560      882      884      563
        1        1        1        1        0        0        0        0       20        0      153       19      220      260      262       96      257      261      265
      410      936      997      411      664      992      998      665      408      935      996     1000
        1        1        1        1        0        0        0        0       20        0      154       19      262      260      220      133      198      199      200
      411      997      936      410      758      891      893      759      409      892      894      896
        1        1        1        1        0        0        0        0       20        0      155       19      262      263       38       96      265      266       77
      411      999      488      407      665     1005      626      625      408     1000     1002      486
        1        1        1        1        0        0        0        0       20        0      156       19       38      263      262      133      152      197      198
      407      488      999      411      757      798      889      758      409      487      890      892
        1        1        1        1        0        0        0        0       20        0      157       38      263      264       57       77      266      267       58
      488     1001      564      485      626     1006      568      567      486     1002     1003      562
        1        1        1        1        0        0        0        0       20        0      158       38       57      264      263      152      171      196      197
      485      564     1001      488      797      837      887      798      487      563      888      890
        1        1        1        1        0        0        0        0       20        0      159       57      264      268      288       58      267      269      289
      564     1004     1009      565      568     1007     1010      569      562     1003     1008     1048
        1        1        1        1        0        0        0        0       20        0      160       57      288      268      264      171      194      195      196
      565     1009     1004      564      836      883      885      837      563      884      886      888
-1
!Material Id = {0B61B12D-BD58-45FC-8290-037F403158EC}
/wb,elem,end               !  done creating elements
/com,*********** Send User Defined Coordinate System(s) ***********
csys,0
toffst,273.15,  ! Temperature offset from absolute zero
/com,*********** Set Reference Temperature ***********
tref,22.
/wb,mat,start              !  starting to send materials
/com,*********** Send Materials ***********
Temperature = 'TEMP' ! Temperature
MP,DENS,1,7850,	! kg m^-3
MP,ALPX,1,1.2e-05,	! C^-1
MP,C,1,434,	! J kg^-1 C^-1
MP,KXX,1,60.5,	! W m^-1 C^-1
MP,RSVX,1,1.7e-07,	! kg m^3 A^-2 s^-3
MP,EX,1,200000000000,	! Pa
MP,NUXY,1,0.3,
MP,MURX,1,10000,
MP,UVID,1,5a12033e-a36b-41b3-8c7a-5c62f580143f
MP,UMID,1,59002a79-71c2-428e-906b-55d7dbee100e

/wb,mat,end                !  done sending materials
!************************* Model Summary ********************
!SYS-1\Solid,	Structural Steel,	matid,	1
!************************* End Model Summary ********************
! get the diagonal of the bounding box. Needed later for other things
*get,_xmin,node,,mnloc,x
*get,_ymin,node,,mnloc,y
*get,_zmin,node,,mnloc,z
*get,_xmax,node,,mxloc,x
*get,_ymax,node,,mxloc,y
*get,_zmax,node,,mxloc,z
_ASMDIAG=(_xmax-_xmin)*(_xmax-_xmin)+(_ymax-_ymin)*(_ymax-_ymin)+(_zmax-_zmin)*(_zmax-_zmin)
_ASMDIAG=SQRT(_ASMDIAG)
/wb,contact,start          !  starting to send contact
/wb,contact,end            !  done creating contacts
/golist
/wb,load,start             !  starting to send loads
/com,*********** Fixed Supports ***********
CMBLOCK,_FIXEDSU,NODE,       37
(8i10)
       172       173       174       175       219       258       259       308
       309       310       311       312       313       314       315       838
       839       840       841       842       843       844       846       933
       993       994       995      1068      1069      1070      1071      1072
      1073      1074      1075      1076      1077
cmsel,s,_FIXEDSU
d,all,all
nsel,all
/com,*********** Define Force Using Surface Effect Elements ***********
local,12,0,0.,0.,0.,0.,0.,0.
csys,0
et,2,154
mat,2
eblock,10,,,8
(15i9)
      417        2        2        2       12      198      262      260      199      892      997      894      891
      418        2        2        2       12      197      263      262      198      890      999      892      889
      419        2        2        2       12      196      264      263      197      888     1001      890      887
      420        2        2        2       12      195      268      264      196      886     1004      888      885
      421        2        2        2       12      262      265      261      260     1000      998      996      997
      422        2        2        2       12      263      266      265      262     1002     1005     1000      999
      423        2        2        2       12      264      267      266      263     1003     1006     1002     1001
      424        2        2        2       12      268      269      267      264     1008     1007     1003     1004
-1
esel,s,type,,2
keyop,2,2,1                ! Apply load in local coordinate system
keyop,2,7,1                ! Use original area so load is constant in large deformation
esel,all
/gst,on,on
fini
*get,_numnode,node,0,count
*get,_numelem,elem,0,count
*get, _MAXELEMNUM, elem, 0, NUM, MAX
*get, _MAXNODENUM, node, 0, NUM, MAX
*get, _MAXELEMTYPE, etyp, 0, NUM, MAX
*get, _MAXREALCONST, rcon, 0, NUM, MAX
/go
/wb,load,end               !  done creating loads
/com,--- Number of total nodes = %_numnode%
/com,--- Number of contact elements = 8
/com,--- Number of spring elements = 0
/com,--- Number of bearing elements = 0
/com,--- Number of solid elements = 160
/com,--- Number of condensed parts = 0
/com,--- Number of total elements = %_numelem%
*get,_wallbsol,active,,time,wall
/com,****************************************************************************
/com,*************************    SOLUTION       ********************************
/com,****************************************************************************
/solu
antype,0                   ! static analysis
_thickRatio=  0     ! Ratio of thick parts in the model
eqsl,sparse,,,,,1
cntr,print,1               ! print out contact info and also make no initial contact an error
cncheck,dmp		!	Enable program controlled contact splitting for distributed memory parallel run
dmpoption,emat,no             ! Don't combine emat file for DANSYS
dmpoption,esav,no             ! Don't combine esav file for DANSYS
nldiag,cont,iter           ! print out contact info each equilibrium iteration
rescontrol,,none                 ! Do not keep any restart files
/com,****************************************************
/com,******************* SOLVE FOR LS 1 OF 1 ****************
esel,s,type,,2
nsle
sfe,all,1,pres,1,0.
sfe,all,2,pres,1,0.
sfe,all,3,pres,1,5000000.00000037
nsel,all
esel,all
/nopr
/gopr
nsub,1,1,1
time,1.
outres,erase
outres,all,none
outres,nsol,all,
outres,rsol,all
outres,eangl,all
outres,etmp,all
outres,veng,all
outres,strs,all,
outres,epel,all,
outres,eppl,all,
outres,cont,all,
! *********** WB SOLVE COMMAND ***********
! check interactive state
*get,ANSINTER_,active,,int
*if,ANSINTER_,ne,0,then
/eof
*endif
solve
/com *************** Write FE CONNECTORS ********* 
CEWRITE,file,ce,,INTE
/com,****************************************************
/com,*************** FINISHED SOLVE FOR LS 1 *************
*get,_wallasol,active,,time,wall
/nopr
*get,_numnode,node,0,count
*get,_numelem,elem,0,count
*get, _MAXELEMNUM, elem, 0, NUM, MAX
*get, _MAXNODENUM, node, 0, NUM, MAX,,,INTERNAL
*get, _MAXELEMTYPE, etyp, 0, NUM, MAX
*get, _MAXREALCONST, rcon, 0, NUM, MAX
*get,_NSOLTHREADS,active,0,ntfs
*get,_NSOLPROCESSES,active,0,npfs
/gopr
/post1
xmlo,ENCODING,ISO-8859-1
xmlo,parm
/xml,parm,xml
fini
/gopr
*get,_walldone,active,,time,wall
_preptime=(_wallbsol-_wallstrt)*3600
_solvtime=(_wallasol-_wallbsol)*3600
_posttime=(_walldone-_wallasol)*3600
_totaltim=(_walldone-_wallstrt)*3600
*get,_dlbratio,active,0,solu,dlbr
*get,_combtime,active,0,solu,comb
*get,_ssmode,active,0,solu,ssmm
*get,_ndofs,active,0,solu,ndof
*get,_sol_end_time,active,0,set,time
*if,_sol_end_time,eq,1.000000,then
/fclean				!clean distributed files
*endif
/com,--- Total number of nodes = %_numnode%
/com,--- Total number of elements = %_numelem%
/com,--- Element load balance ratio = %_dlbratio%
/com,--- Time to combine distributed files = %_combtime%
/com,--- Sparse memory mode = %_ssmode%
/com,--- Number of DOF = %_ndofs%
/wb,file,end               ! done with WB generated input
