/batch
/config,noeldb,1     ! force off writing results to database
*get,_wallstrt,active,,time,wall
! ANSYS input file written by Workbench version 2024 R1
! File used for geometry attach: C:\Users\Hp\AppData\Local\Temp\Bike Crank.tmp\Bike Crank_files\dp0\SYS\DM\SYS.scdoc
/title,Bike Crank--Static Structural (A5)
! ****** Begin Custom Load Command Snippet ******
/COM, ACT Extensions:
/COM,     LSDYNA, 2024.1
/COM,     5f463412-bd3e-484b-87e7-cbc0a665e474, wbex
/COM,/COM,     ANSYSMotion, 2024.1
/COM,     20180725-3f81-49eb-9f31-41364844c769, wbex
/COM,
! ****** End   Custom Load Command Snippet ******
*DIM,_wb_ProjectScratch_dir,string,248
_wb_ProjectScratch_dir(1) = 'C:\Users\Hp\AppData\Local\Temp\Bike Crank.tmp\_ProjectScratch\Scr31EB\'
*DIM,_wb_SolverFiles_dir,string,248
_wb_SolverFiles_dir(1) = 'C:\Users\Hp\AppData\Local\Temp\Bike Crank.tmp\Bike Crank_files\dp0\SYS\MECH\'
*DIM,_wb_userfiles_dir,string,248
_wb_userfiles_dir(1) = 'C:\Users\Hp\AppData\Local\Temp\Bike Crank.tmp\Bike Crank_files\user_files\'
/com,--- Data in consistent BIN units. See Solving Units in the help system for more information.
/units,BIN
/nopr
/wb,file,start              !  signify a WB generated input file
/prep7
! Turn off shape checking because checks already performed inside WB mesher.
! See help system for more information.
SHPP,OFF,,NOWARN
/nolist
etcon,set             ! allow ANSYS to choose best KEYOP's for 180x elements, resets any applicable keyopt to MAPDL defaults
/com,*********** Nodes for the whole assembly ***********
nblock,3,,6976
(1i9,3e20.9e3)
        1     6.942913386E+00     1.968017829E-08     1.250000000E-01
        2     7.061726293E+00     4.104417790E-02     1.250000000E-01
        3     7.023776269E+00    -1.426488719E-01     1.250000000E-01
        4     7.092495149E+00    -6.407052269E-02     1.250000000E-01
        5     6.942913386E+00     1.968017829E-08     0.000000000E+00
        6     7.061648887E+00     4.114027595E-02     0.000000000E+00
        7     7.023679635E+00    -1.427062371E-01     0.000000000E+00
        8     7.092389490E+00    -6.412476450E-02     0.000000000E+00
        9     7.185479467E+00    -8.589910205E-02     1.250000000E-01
       10     7.129210670E+00    -2.442226032E-01     1.250000000E-01
       11     7.185339478E+00    -8.608772137E-02     0.000000000E+00
       12     7.129076084E+00    -2.442830014E-01     0.000000000E+00
       13     7.186247875E+00     8.137003095E-02     1.250000000E-01
       14     7.186101621E+00     8.158160874E-02     0.000000000E+00
       15     7.131422077E+00     2.402293230E-01     1.250000000E-01
       16     7.027633165E+00     1.467015889E-01     1.250000000E-01
       17     7.131286084E+00     2.402928623E-01     0.000000000E+00
       18     7.027499931E+00     1.468174081E-01     0.000000000E+00
       19     7.027059727E+00     3.719492201E-01     1.250000000E-01
       20     6.868741174E+00     1.777205364E-01     1.250000000E-01
       21     7.027007874E+00     3.719059055E-01     0.000000000E+00
       22     6.868539692E+00     1.779196463E-01     0.000000000E+00
       23     6.943048725E+00    -2.532597326E-01     1.250000000E-01
       24     6.851523879E+00    -3.211774563E-01     1.250000000E-01
       25     6.870331458E+00    -1.761329825E-01     1.250000000E-01
       26     6.692913394E+00    -2.500000000E-01     1.250000000E-01
       27     6.942851118E+00    -2.534169770E-01     0.000000000E+00
       28     6.851467938E+00    -3.212021927E-01     0.000000000E+00
       29     6.869927366E+00    -1.765390911E-01     0.000000000E+00
       30     6.692913394E+00    -2.500000000E-01     0.000000000E+00
       31     7.027059721E+00    -3.719492257E-01     1.250000000E-01
       32     6.884949981E+00    -4.616513253E-01     1.250000000E-01
       33     7.027007874E+00    -3.719059055E-01     0.000000000E+00
       34     6.885008181E+00    -4.615451590E-01     0.000000000E+00
       35     6.721144982E+00    -4.992023407E-01     1.250000000E-01
       36     6.721344578E+00    -4.991128038E-01     0.000000000E+00
       37     6.692913358E+00     2.500000000E-01     1.250000000E-01
       38     6.827749881E+00     3.432782173E-01     1.250000000E-01
       39     6.758516897E+00     3.574896261E-01     1.250000000E-01
       40     6.692913358E+00     2.500000000E-01     0.000000000E+00
       41     6.827733083E+00     3.432881063E-01     0.000000000E+00
       42     6.758558229E+00     3.574700004E-01     0.000000000E+00
       43     6.572053989E+00    -3.484273502E-01     1.250000000E-01
       44     6.516917700E+00    -1.775542694E-01     1.250000000E-01
       45     6.507105096E+00    -3.162034037E-01     1.250000000E-01
       46     6.571941662E+00    -3.483512634E-01     0.000000000E+00
       47     6.516782689E+00    -1.774203412E-01     0.000000000E+00
       48     6.506991080E+00    -3.161062405E-01     0.000000000E+00
       49     6.287413386E+00     9.958304279E-02     1.250000000E-01
       50     6.287413554E+00     2.925230674E-01     1.249999985E-01
       51     6.515247461E+00     1.758829698E-01     1.250000000E-01
       52     6.407237647E+00     4.103527415E-01     1.250000000E-01
       53     6.287401821E+00     9.958309758E-02     0.000000000E+00
       54     6.287401575E+00     2.925232283E-01     0.000000000E+00
       55     6.515157637E+00     1.757921890E-01     0.000000000E+00
       56     6.407139329E+00     4.102601744E-01     0.000000000E+00
       57     6.287413386E+00    -9.647001231E-02     1.250000000E-01
       58     6.442913624E+00    -9.250960008E-17     1.249999985E-01
       59     6.287401821E+00    -9.647006538E-02     0.000000000E+00
       60     6.442913624E+00    -9.250960008E-17     0.000000000E+00
       61     6.287413554E+00    -2.925230674E-01     1.249999985E-01
       62     6.287401575E+00    -2.925232283E-01     0.000000000E+00
       63     6.403503310E+00    -4.077276150E-01     1.250000000E-01
       64     6.403407763E+00    -4.076366165E-01     0.000000000E+00
       65     6.554914005E+00    -4.805789955E-01     1.250000000E-01
       66     6.554704274E+00    -4.804646078E-01     0.000000000E+00
       67     6.889156546E+00     4.598789211E-01     1.250000000E-01
       68     6.889211740E+00     4.597737766E-01     0.000000000E+00
       69     6.725730205E+00     4.989218941E-01     1.250000000E-01
       70     6.725906436E+00     4.988352888E-01     0.000000000E+00
       71     6.559335141E+00     4.818265792E-01     1.250000000E-01
       72     6.559103330E+00     4.817039144E-01     0.000000000E+00
       73     1.474942765E-01     2.937255893E-01     3.750000000E-01
       74     2.554805994E-01     2.472464391E-01     3.750000001E-01
       75     9.311224597E-02     2.320131670E-01     3.750000000E-01
       76     1.765679657E-01     1.769851787E-01     3.750000000E-01
       77     1.474853020E-01     2.937320642E-01     2.936667097E-01
       78     2.554694563E-01     2.472595387E-01     2.936667096E-01
       79     9.309925590E-02     2.320183785E-01     2.936667112E-01
       80     1.765491003E-01     1.770040016E-01     2.936667112E-01
       81     9.375000000E-02     4.485000075E-01     3.750000000E-01
       82     3.220549347E-01     3.717960924E-01     3.750000002E-01
       83     9.375000000E-02     4.485000075E-01     2.936667076E-01
       84     3.220512736E-01     3.718027065E-01     2.936667079E-01
       85     3.689684624E-09     3.547500000E-01     3.750000000E-01
       86     3.689684612E-09     3.547500000E-01     2.936667076E-01
       87    -2.352262950E-01    -2.649043456E-01     3.750000010E-01
       88    -2.938967145E-01    -4.383140943E-01     3.750000015E-01
       89    -3.160210439E-01    -1.860948594E-01     3.750000010E-01
       90    -4.268084439E-01    -3.095339791E-01     3.750000011E-01
       91    -2.352179001E-01    -2.649131817E-01     2.936667106E-01
       92    -2.938956033E-01    -4.383155890E-01     2.936667098E-01
       93    -3.160178474E-01    -1.861016214E-01     2.936667106E-01
       94    -4.268072474E-01    -3.095364731E-01     2.936667098E-01
       95    -1.441802408E-01    -2.990992657E-01     3.750000016E-01
       96    -9.375000116E-02    -4.484999822E-01     3.750000046E-01
       97    -1.441710519E-01    -2.991049054E-01     2.936667110E-01
       98    -9.375000000E-02    -4.484999822E-01     2.936667112E-01
       99    -2.237124432E-01    -6.086769334E-01     3.750000006E-01
      100    -3.979358753E-01    -6.884785609E-01     3.750000004E-01
      101    -4.974568558E-01    -5.604724186E-01     3.750000006E-01
      102    -2.237116200E-01    -6.086775500E-01     2.936667083E-01
      103    -3.979348319E-01    -6.884791105E-01     2.936667081E-01
      104    -4.974578642E-01    -5.604715557E-01     2.936667086E-01
      105    -1.855084672E-01    -7.695618558E-01     3.750000003E-01
      106    -3.210372284E-01    -7.887013811E-01     3.750000002E-01
      107    -1.855073131E-01    -7.695622861E-01     2.936667078E-01
      108    -3.210356100E-01    -7.887020723E-01     2.936667078E-01
      109    -1.754586342E-01    -1.780850013E-01     3.750000000E-01
      110    -9.288444300E-02    -2.321044598E-01     3.750000000E-01
      111    -1.754432130E-01    -1.781001856E-01     2.936667112E-01
      112    -9.286844104E-02    -2.321108570E-01     2.936667112E-01
      113    -2.305881701E-01    -9.658724444E-02     3.750000000E-01
      114    -2.305836192E-01    -9.659811845E-02     2.936667112E-01
      115    -1.106321649E-08    -3.547500000E-01     3.750000000E-01
      116    -1.106321651E-08    -3.547500000E-01     2.936667076E-01
      117     3.689684868E-09    -5.422500000E-01     3.750000000E-01
      118     3.689684837E-09    -5.422500000E-01     2.936667076E-01
      119    -2.499999970E-01    -3.061616897E-17     3.750000046E-01
      120    -3.733906476E-01    -9.004615537E-02     3.750000018E-01
      121    -2.500000000E-01    -3.061616998E-17     2.936667148E-01
      122    -3.733902636E-01    -9.004684653E-02     2.936667119E-01
      123    -4.238102217E-01     4.113175834E-03     3.750000017E-01
      124    -3.264567910E-01     4.554041951E-02     3.750000026E-01
      125    -4.238101560E-01     4.113730239E-03     2.936667099E-01
      126    -3.264566878E-01     4.554118165E-02     2.936667110E-01
      127    -3.138166914E-01     3.488231220E-01     3.750000013E-01
      128    -1.908694216E-01     2.834219165E-01     3.750000009E-01
      129    -4.362763475E-01     2.456882672E-01     3.750000010E-01
      130    -2.749399709E-01     2.089860923E-01     3.750000009E-01
      131    -3.138163405E-01     3.488227452E-01     2.936667066E-01
      132    -1.908679150E-01     2.834222732E-01     2.936667091E-01
      133    -4.362777347E-01     2.456867390E-01     2.936667064E-01
      134    -2.749428144E-01     2.089830907E-01     2.936667093E-01
      135    -2.042097284E-01     4.124964368E-01     3.750000023E-01
      136    -9.607737739E-02     3.298255735E-01     3.750000009E-01
      137    -2.042096001E-01     4.124962433E-01     2.936667088E-01
      138    -9.607708998E-02     3.298255706E-01     2.936667091E-01
      139     2.542183014E-01    -3.687195617E-01     3.750000002E-01
      140     1.717434918E-01    -2.887866458E-01     3.750000001E-01
      141     3.683899251E-01    -2.884977053E-01     3.750000002E-01
      142     2.545154041E-01    -2.206145195E-01     3.750000001E-01
      143     2.542109209E-01    -3.687261926E-01     2.936667073E-01
      144     1.717309316E-01    -2.887940223E-01     2.936667094E-01
      145     3.683815416E-01    -2.885076582E-01     2.936667080E-01
      146     2.545016025E-01    -2.206292376E-01     2.936667099E-01
      147     1.658409624E-01    -4.167860306E-01     3.750000001E-01
      148     8.616733300E-02    -3.300005700E-01     3.750000000E-01
      149     1.658377101E-01    -4.167890028E-01     2.936667075E-01
      150     8.616401636E-02    -3.300028750E-01     2.936667089E-01
      151    -9.375000116E-02     4.484999822E-01     3.750000046E-01
      152    -9.375000000E-02     4.484999822E-01     2.936667112E-01
      153    -2.950190988E-08     2.500000000E-01     3.750000000E-01
      154    -9.587481132E-02     2.308852974E-01     3.750000000E-01
      155    -2.950190994E-08     2.500000000E-01     2.936667112E-01
      156    -9.587207922E-02     2.308864273E-01     2.936667112E-01
      157     9.375000000E-02    -4.484999925E-01     3.750000000E-01
      158     9.375000000E-02    -4.485000000E-01     2.936667076E-01
      159     9.839159128E-09    -2.500000000E-01     3.750000000E-01
      160     9.558171821E-02    -2.310067859E-01     3.750000000E-01
      161     9.839159128E-09    -2.500000000E-01     2.936667112E-01
      162     9.556448089E-02    -2.310139179E-01     2.936667112E-01
      163    -1.667662861E-02    -7.064501995E-01     3.750000003E-01
      164    -1.667629341E-02    -7.064503020E-01     2.936667076E-01
      165     1.515775637E-01     6.332527773E-01     3.750000004E-01
      166     2.533131133E-01     5.769803440E-01     3.750000005E-01
      167    -1.106321627E-08     5.422500000E-01     3.750000000E-01
      168     1.515772465E-01     6.332543448E-01     2.936667078E-01
      169     2.533127302E-01     5.769835416E-01     2.936667078E-01
      170    -1.106321628E-08     5.422500000E-01     2.936667076E-01
      171    -5.637511688E-01    -5.987940496E-02     3.750000010E-01
      172    -5.083283155E-01    -1.842026768E-01     3.750000011E-01
      173    -5.637511705E-01    -5.987884491E-02     2.936667086E-01
      174    -5.083281018E-01    -1.842029702E-01     2.936667100E-01
      175    -1.885729874E-01    -9.660187192E-01     3.750000000E-01
      176    -3.744700370E-01    -9.102330080E-01     3.750000000E-01
      177    -1.885711509E-01    -9.660190519E-01     2.936667076E-01
      178    -3.744673753E-01    -9.102340989E-01     2.936667076E-01
      179     2.421882319E-03    -9.842489888E-01     3.750000000E-01
      180     2.422545980E-03    -9.842490109E-01     2.936667076E-01
      181     7.090453122E+00    -6.253636463E-01     3.750000000E-01
      182     6.965698501E+00    -7.589707645E-01     3.750000000E-01
      183     6.885682319E+00    -4.613460073E-01     3.750000000E-01
      184     6.811750520E+00    -6.780916295E-01     3.750000001E-01
      185     7.090365253E+00    -6.253975134E-01     2.936667280E-01
      186     6.965648469E+00    -7.590002939E-01     2.936667209E-01
      187     6.885444095E+00    -4.614454912E-01     2.936667501E-01
      188     6.811706213E+00    -6.781435016E-01     2.936667310E-01
      189     7.240439017E+00    -4.813319581E-01     3.750000000E-01
      190     7.027059721E+00    -3.719492257E-01     3.750000000E-01
      191     7.240443690E+00    -4.813283115E-01     2.936667287E-01
      192     7.027059721E+00    -3.719492257E-01     2.936667500E-01
      193    -2.317061057E-01     9.387374813E-02     3.750000000E-01
      194    -3.178523345E-01     1.189961159E-01     3.750000014E-01
      195    -2.317044109E-01     9.387793263E-02     2.936667112E-01
      196    -3.178521125E-01     1.189977257E-01     2.936667096E-01
      197     7.048345339E+00     5.869333033E-01     3.750000000E-01
      198     7.048591641E+00     7.466831888E-01     3.750000000E-01
      199     7.225839331E+00     6.022269314E-01     3.750000000E-01
      200     7.177038541E+00     7.224695949E-01     3.750000000E-01
      201     7.048368525E+00     5.869338967E-01     2.936667315E-01
      202     7.048602854E+00     7.466872519E-01     2.936667196E-01
      203     7.225852151E+00     6.022211761E-01     2.936667209E-01
      204     7.177055042E+00     7.224630733E-01     2.936667157E-01
      205     7.250084809E+00     8.113642477E-01     3.750000000E-01
      206     7.397499511E+00     6.872483756E-01     3.750000000E-01
      207     7.250109614E+00     8.113472727E-01     2.936667076E-01
      208     7.397516443E+00     6.872312749E-01     2.936667076E-01
      209     7.085210786E+00     9.026930193E-01     3.750000000E-01
      210     7.085181190E+00     9.027058876E-01     2.936667076E-01
      211     5.346824781E+00    -2.426780415E-01     3.750000002E-01
      212     5.138494998E+00    -1.952052692E-01     3.750000001E-01
      213     5.487266817E+00     1.485992835E-01     3.750000004E-01
      214     5.230736998E+00     1.511223313E-01     3.750000002E-01
      215     5.346826720E+00    -2.426757827E-01     2.936667078E-01
      216     5.138497380E+00    -1.951985059E-01     2.936667079E-01
      217     5.487269335E+00     1.485954126E-01     2.936667090E-01
      218     5.230739141E+00     1.511209958E-01     2.936667081E-01
      219     5.544793154E+00    -3.291975525E-01     3.750000004E-01
      220     5.680373364E+00    -7.543477210E-02     3.750000007E-01
      221     5.544795728E+00    -3.292076225E-01     2.936667092E-01
      222     5.680379487E+00    -7.545379707E-02     2.936667112E-01
      223    -6.019401509E-01    -4.243541430E-01     3.750000005E-01
      224    -6.845569560E-01    -2.783001367E-01     3.750000005E-01
      225    -6.019405448E-01    -4.243539187E-01     2.936667087E-01
      226    -6.845572963E-01    -2.782992857E-01     2.936667089E-01
      227     5.047399405E-01     2.654236682E-01     3.750000001E-01
      228     7.468392641E-01     1.345862207E-01     3.750000001E-01
      229     3.812256837E-01     1.221602497E-01     3.750000001E-01
      230     5.654827990E-01     1.126671766E-03     3.750000001E-01
      231     5.047366244E-01     2.654302448E-01     2.936667071E-01
      232     7.468366931E-01     1.345920041E-01     2.936667065E-01
      233     3.812173768E-01     1.221763537E-01     2.936667091E-01
      234     5.654779263E-01     1.132621720E-03     2.936667074E-01
      235     5.966136234E-01     4.263066219E-01     3.750000002E-01
      236     8.035343013E-01     3.439379256E-01     3.750000001E-01
      237     5.966130963E-01     4.263146057E-01     2.936667072E-01
      238     8.035340438E-01     3.439454813E-01     2.936667069E-01
      239     4.146749027E-01     5.101889036E-01     3.750000004E-01
      240     4.146739397E-01     5.101961302E-01     2.936667077E-01
      241     5.731444602E+00    -4.238480196E-01     3.750000005E-01
      242     5.849804566E+00    -2.293071767E-01     3.750000009E-01
      243     5.731448107E+00    -4.238696826E-01     2.936667110E-01
      244     5.849814306E+00    -2.293409193E-01     2.936667143E-01
      245     8.569992554E-01    -7.634649267E-02     3.750000001E-01
      246     6.785614652E-01    -1.582626267E-01     3.750000001E-01
      247     8.569972913E-01    -7.634259098E-02     2.936667064E-01
      248     6.785585376E-01    -1.582610327E-01     2.936667066E-01
      249     9.902949221E-01     1.414200406E-01     3.750000001E-01
      250     1.047974238E+00    -1.937531405E-02     3.750000001E-01
      251     9.902931421E-01     1.414238875E-01     2.936667062E-01
      252     1.047972288E+00    -1.937056812E-02     2.936667064E-01
      253     1.008978181E+00     3.030169259E-01     3.750000001E-01
      254     1.008977091E+00     3.030199835E-01     2.936667066E-01
      255     6.873359563E+00    -8.523028380E-01     3.750000000E-01
      256     6.747023819E+00    -8.263535078E-01     3.750000001E-01
      257     6.873330001E+00    -8.523229546E-01     2.936667156E-01
      258     6.747011310E+00    -8.263797934E-01     2.936667194E-01
      259     5.242918489E-01    -2.374503577E-01     3.750000002E-01
      260     4.548538851E-01    -1.083120521E-01     3.750000001E-01
      261     5.242864119E-01    -2.374548537E-01     2.936667069E-01
      262     4.548484031E-01    -1.083140050E-01     2.936667080E-01
      263     3.717688135E-01    -1.687132284E-01     3.750000001E-01
      264     3.717604779E-01    -1.687246582E-01     2.936667086E-01
      265     1.206715145E+00     4.985447619E-02     3.750000000E-01
      266     1.126529263E+00     1.543236268E-01     3.750000000E-01
      267     1.206712834E+00     4.985698267E-02     2.936667065E-01
      268     1.126527169E+00     1.543250018E-01     2.936667061E-01
      269     1.329280508E+00     1.763277436E-01     3.750000000E-01
      270     1.176540372E+00     2.657731210E-01     3.750000000E-01
      271     1.329277897E+00     1.763254373E-01     2.936667069E-01
      272     1.176538168E+00     2.657714549E-01     2.936667065E-01
      273     7.667563388E-01    -3.276309966E-01     3.750000001E-01
      274     5.986555927E-01    -3.942604770E-01     3.750000002E-01
      275     7.667555124E-01    -3.276332391E-01     2.936667065E-01
      276     5.986535236E-01    -3.942668164E-01     2.936667066E-01
      277     9.473147991E-01    -2.569925073E-01     3.750000001E-01
      278     9.473134700E-01    -2.569899566E-01     2.936667067E-01
      279     1.134172431E+00    -1.888619906E-01     3.750000001E-01
      280     1.134170304E+00    -1.888559518E-01     2.936667067E-01
      281     1.320934019E+00    -1.059902058E-01     3.750000000E-01
      282     1.320931410E+00    -1.059848060E-01     2.936667070E-01
      283     1.533348674E+00     3.061443048E-02     3.750000000E-01
      284     1.533345967E+00     3.061494505E-02     2.936667074E-01
      285    -5.401040473E-01     3.609331510E-01     3.750000007E-01
      286    -6.288532955E-01     2.888243100E-01     3.750000006E-01
      287    -6.089872110E-01     1.888683684E-01     3.750000007E-01
      288    -5.401051051E-01     3.609317588E-01     2.936667059E-01
      289    -6.288541387E-01     2.888231725E-01     2.936667054E-01
      290    -6.089879847E-01     1.888674974E-01     2.936667061E-01
      291    -4.307932804E-01     4.481905226E-01     3.750000009E-01
      292    -4.307937240E-01     4.481896221E-01     2.936667062E-01
      293    -4.435121495E-01     1.117322547E-01     3.750000013E-01
      294    -4.435123093E-01     1.117328832E-01     2.936667079E-01
      295    -5.939878889E-01     6.711721816E-02     3.750000009E-01
      296    -5.939880300E-01     6.711760739E-02     2.936667068E-01
      297     8.433222623E-01    -5.022612608E-01     3.750000001E-01
      298     6.608889977E-01    -5.683657774E-01     3.750000002E-01
      299     8.433235956E-01    -5.022675625E-01     2.936667072E-01
      300     6.608908186E-01    -5.683763076E-01     2.936667069E-01
      301     1.029583064E+00    -4.369876664E-01     3.750000000E-01
      302     1.029582400E+00    -4.369864333E-01     2.936667071E-01
      303     1.219626799E+00    -3.736594752E-01     3.750000000E-01
      304     1.219624465E+00    -3.736515865E-01     2.936667073E-01
      305     1.413326634E+00    -3.076237482E-01     3.750000000E-01
      306     1.413323618E+00    -3.076135177E-01     2.936667076E-01
      307     1.618640604E+00    -2.369093714E-01     3.750000000E-01
      308     1.618637751E+00    -2.369009666E-01     2.936667078E-01
      309     6.011785705E+00    -3.476160690E-01     3.750000014E-01
      310     5.910166986E+00    -5.142263163E-01     3.750000008E-01
      311     6.011808975E+00    -3.476454600E-01     2.936667218E-01
      312     5.910177665E+00    -5.142486635E-01     2.936667136E-01
      313     6.109568397E+00    -2.011009411E-01     3.750000018E-01
      314     5.980677814E+00    -6.589867642E-02     3.750000011E-01
      315     6.109577658E+00    -2.011199336E-01     2.936667328E-01
      316     5.980687131E+00    -6.595909336E-02     2.936667203E-01
      317     6.122343564E+00     5.360546755E-02     3.750000008E-01
      318     6.179623190E+00    -8.555561186E-02     3.750000008E-01
      319     6.122352376E+00     5.342216160E-02     2.936667323E-01
      320     6.179628869E+00    -8.551605421E-02     2.936667390E-01
      321     7.351390059E+00     5.426757860E-02     3.750000000E-01
      322     7.381282138E+00     2.489524872E-01     3.750000000E-01
      323     7.508123862E+00     9.763508456E-03     3.750000000E-01
      324     7.522068045E+00     1.418697470E-01     3.750000000E-01
      325     7.351379431E+00     5.426669944E-02     2.936667321E-01
      326     7.381266285E+00     2.489768258E-01     2.936667282E-01
      327     7.508118893E+00     9.762231510E-03     2.936667194E-01
      328     7.522061757E+00     1.418748952E-01     2.936667180E-01
      329     7.129394828E+00    -2.438933182E-01     3.750000000E-01
      330     7.286786463E+00    -2.861769396E-01     3.750000000E-01
      331     7.129334722E+00    -2.440003386E-01     2.936667500E-01
      332     7.286776670E+00    -2.862006286E-01     2.936667327E-01
      333     7.446612769E+00    -3.090088861E-01     3.750000000E-01
      334     7.408750409E+00    -4.380003030E-01     3.750000000E-01
      335     7.446612105E+00    -3.090125960E-01     2.936667199E-01
      336     7.408754939E+00    -4.379952570E-01     2.936667183E-01
      337     7.485372533E+00    -1.500113889E-01     3.750000000E-01
      338     7.328269335E+00    -1.170503138E-01     3.750000000E-01
      339     7.485369151E+00    -1.500204637E-01     2.936667213E-01
      340     7.328261708E+00    -1.170752459E-01     2.936667348E-01
      341     6.587680269E+00    -7.988083362E-01     3.750000002E-01
      342     6.651925001E+00    -6.477276605E-01     3.750000002E-01
      343     6.587770351E+00    -7.988370540E-01     2.936667216E-01
      344     6.652102797E+00    -6.477795937E-01     2.936667345E-01
      345     7.290822334E+00     4.361480633E-01     3.750000000E-01
      346     7.027059727E+00     3.719492201E-01     3.750000000E-01
      347     7.290824751E+00     4.361449628E-01     2.936667278E-01
      348     7.027059727E+00     3.719492201E-01     2.936667500E-01
      349     6.889302793E+00     4.598164861E-01     3.750000000E-01
      350     6.887223543E+00     6.164468439E-01     3.750000000E-01
      351     6.889255215E+00     4.598368810E-01     2.936667501E-01
      352     6.887329074E+00     6.164479385E-01     2.936667355E-01
      353     6.888775072E+00     7.789544774E-01     3.750000000E-01
      354     6.888835440E+00     7.789564106E-01     2.936667222E-01
      355     6.715777186E+00     7.936613125E-01     3.750000001E-01
      356     6.720035388E+00     6.336737214E-01     3.750000001E-01
      357     6.715988422E+00     7.936530301E-01     2.936667244E-01
      358     6.720446607E+00     6.336528804E-01     2.936667389E-01
      359     6.541113942E+00     7.785138486E-01     3.750000003E-01
      360     6.553103496E+00     6.178953565E-01     3.750000003E-01
      361     6.541384442E+00     7.785859854E-01     2.936667238E-01
      362     6.553623222E+00     6.180357574E-01     2.936667377E-01
      363     6.373295476E+00     7.337882851E-01     3.750000008E-01
      364     6.397971717E+00     5.707762004E-01     3.750000007E-01
      365     6.373439784E+00     7.338456276E-01     2.936667219E-01
      366     6.398242427E+00     5.708894954E-01     2.936667351E-01
      367     6.217926393E+00     6.705539467E-01     3.750000021E-01
      368     6.263849997E+00     5.125411760E-01     3.750000018E-01
      369     6.217982013E+00     6.705756629E-01     2.936667210E-01
      370     6.263958499E+00     5.125834173E-01     2.936667321E-01
      371     6.139484114E+00     4.858454296E-01     3.750000016E-01
      372     6.065589271E+00     6.041323687E-01     3.750000011E-01
      373     6.139542366E+00     4.858594964E-01     2.936667231E-01
      374     6.065618649E+00     6.041430851E-01     2.936667144E-01
      375     5.912465911E+00     4.862390296E-01     3.750000009E-01
      376     6.064002730E+00     2.914539658E-01     3.750000019E-01
      377     5.912484159E+00     4.862412017E-01     2.936667123E-01
      378     6.064029383E+00     2.914331635E-01     2.936667239E-01
      379     5.856243751E+00     1.259779210E-01     3.750000011E-01
      380     5.856253855E+00     1.259488182E-01     2.936667152E-01
      381     5.719092836E+00     3.540725558E-01     3.750000006E-01
      382     5.719097591E+00     3.540657446E-01     2.936667111E-01
      383     5.009068771E+00     1.479077616E-01     3.750000001E-01
      384     4.933379230E+00    -1.672653610E-01     3.750000001E-01
      385     5.009071130E+00     1.479045381E-01     2.936667080E-01
      386     4.933381640E+00    -1.672587736E-01     2.936667080E-01
      387     4.801760531E+00     1.420704975E-01     3.750000001E-01
      388     4.732229591E+00    -1.495161116E-01     3.750000000E-01
      389     4.801762600E+00     1.420654213E-01     2.936667080E-01
      390     4.732231443E+00    -1.495120126E-01     2.936667079E-01
      391     4.600756548E+00     1.353291019E-01     3.750000000E-01
      392     4.533548888E+00    -1.372774762E-01     3.750000000E-01
      393     4.600757879E+00     1.353237205E-01     2.936667079E-01
      394     4.533549881E+00    -1.372767685E-01     2.936667078E-01
      395     4.402132314E+00     1.286936462E-01     3.750000000E-01
      396     4.335810575E+00    -1.283411530E-01     3.750000000E-01
      397     4.402132789E+00     1.286896479E-01     2.936667077E-01
      398     4.335810743E+00    -1.283436086E-01     2.936667077E-01
      399     4.203523457E+00     1.227426737E-01     3.750000000E-01
      400     4.137676950E+00    -1.216404230E-01     3.750000000E-01
      401     4.203523257E+00     1.227412239E-01     2.936667077E-01
      402     4.137676564E+00    -1.216449503E-01     2.936667077E-01
      403     4.003829295E+00     1.178199688E-01     3.750000000E-01
      404     3.938118169E+00    -1.166666882E-01     3.750000000E-01
      405     4.003828766E+00     1.178213158E-01     2.936667077E-01
      406     3.938117597E+00    -1.166715551E-01     2.936667078E-01
      407     3.802877988E+00     1.141253241E-01     3.750000000E-01
      408     3.737101515E+00    -1.131980574E-01     3.750000000E-01
      409     3.802877459E+00     1.141286462E-01     2.936667078E-01
      410     3.737101048E+00    -1.132014856E-01     2.936667078E-01
      411     3.601122603E+00     1.117724837E-01     3.750000000E-01
      412     3.535205268E+00    -1.111335666E-01     3.750000000E-01
      413     3.601122248E+00     1.117760549E-01     2.936667077E-01
      414     3.535204992E+00    -1.111348544E-01     2.936667077E-01
      415     3.398925342E+00     1.108331274E-01     3.750000000E-01
      416     3.332900676E+00    -1.103920315E-01     3.750000000E-01
      417     3.398925174E+00     1.108352691E-01     2.936667077E-01
      418     3.332900549E+00    -1.103922519E-01     2.936667077E-01
      419     3.410745597E-01    -7.425295516E-01     3.750000017E-01
      420     2.348607358E-01    -7.901812928E-01     3.750000008E-01
      421     2.653692356E-01    -6.425008989E-01     3.750000008E-01
      422     1.648664024E-01    -7.145345493E-01     3.750000006E-01
      423     3.410740560E-01    -7.425321845E-01     2.936667078E-01
      424     2.348603064E-01    -7.901826424E-01     2.936667070E-01
      425     2.653680519E-01    -6.425036068E-01     2.936667068E-01
      426     1.648661082E-01    -7.145355731E-01     2.936667071E-01
      427     3.406246936E-01    -5.835301429E-01     3.750000006E-01
      428     4.698013385E-01    -6.319857496E-01     3.750000006E-01
      429     3.406230281E-01    -5.835353288E-01     2.936667060E-01
      430     4.698012964E-01    -6.319935932E-01     2.936667066E-01
      431     1.838013843E+00    -1.834686758E-01     3.750000000E-01
      432     1.783506689E+00     3.966429922E-02     3.750000000E-01
      433     1.838011978E+00    -1.834637397E-01     2.936667077E-01
      434     1.783504686E+00     3.966394898E-02     2.936667076E-01
      435     2.074439185E+00    -9.555305128E-02     3.750000000E-01
      436     1.948783063E+00     6.069975095E-02     3.750000000E-01
      437     2.074438608E+00    -9.555013478E-02     2.936667076E-01
      438     1.948781887E+00     6.070008149E-02     2.936667076E-01
      439     3.196496972E+00     1.114057570E-01     3.750000000E-01
      440     3.130389731E+00    -1.108473781E-01     3.750000000E-01
      441     3.196496947E+00     1.114059296E-01     2.936667076E-01
      442     3.130389756E+00    -1.108488966E-01     2.936667077E-01
      443     2.993987101E+00     1.137063982E-01     3.750000000E-01
      444     2.927661433E+00    -1.122388578E-01     3.750000000E-01
      445     2.993987244E+00     1.137064831E-01     2.936667077E-01
      446     2.927661692E+00    -1.122423384E-01     2.936667077E-01
      447     2.791535898E+00     1.182439156E-01     3.750000000E-01
      448     2.724402908E+00    -1.139816197E-01     3.750000000E-01
      449     2.791536331E+00     1.182463607E-01     2.936667078E-01
      450     2.724403449E+00    -1.139854637E-01     2.936667078E-01
      451     2.589156924E+00     1.262124854E-01     3.750000000E-01
      452     2.519340495E+00    -1.147244039E-01     3.750000000E-01
      453     2.589157611E+00     1.262173650E-01     2.936667078E-01
      454     2.519341153E+00    -1.147265879E-01     2.936667078E-01
      455     2.386712909E+00     1.403459582E-01     3.750000000E-01
      456     2.307824880E+00    -1.113536492E-01     3.750000000E-01
      457     2.386713520E+00     1.403515877E-01     2.936667078E-01
      458     2.307825227E+00    -1.113530193E-01     2.936667077E-01
      459     2.185016654E+00     1.666876961E-01     3.750000000E-01
      460     2.185016668E+00     1.666916421E-01     2.936667076E-01
      461     2.003888773E+00     2.216226729E-01     3.750000000E-01
      462     2.003887894E+00     2.216213995E-01     2.936667076E-01
      463     1.818789433E+00     2.472072201E-01     3.750000000E-01
      464     1.818787451E+00     2.472013864E-01     2.936667078E-01
      465     1.614191879E+00     2.775978913E-01     3.750000000E-01
      466     1.614188981E+00     2.775895398E-01     2.936667078E-01
      467     1.416940610E+00     3.442424736E-01     3.750000000E-01
      468     1.416937589E+00     3.442337420E-01     2.936667075E-01
      469     1.236584746E+00     4.100708297E-01     3.750000000E-01
      470     1.236582367E+00     4.100652009E-01     2.936667071E-01
      471     1.053843483E+00     4.618943291E-01     3.750000000E-01
      472     1.053843000E+00     4.618961171E-01     2.936667071E-01
      473     8.601057670E-01     5.168879310E-01     3.750000001E-01
      474     8.601074788E-01     5.168969897E-01     2.936667072E-01
      475     6.682512887E-01     5.874637042E-01     3.750000002E-01
      476     6.682539803E-01     5.874751138E-01     2.936667075E-01
      477     4.878504695E-01     6.629297437E-01     3.750000005E-01
      478     4.878520946E-01     6.629379607E-01     2.936667076E-01
      479     3.202676804E-01     7.306503461E-01     3.750000015E-01
      480     3.202677370E-01     7.306530058E-01     2.936667089E-01
      481     1.663343392E-01     7.732409253E-01     3.750000006E-01
      482     1.663338262E-01     7.732420074E-01     2.936667079E-01
      483     5.099601325E-03     7.681918274E-01     3.750000003E-01
      484     5.099391565E-03     7.681918980E-01     2.936667076E-01
      485    -1.497588248E-01     7.680181903E-01     3.750000004E-01
      486    -1.316927543E-01     6.269423636E-01     3.750000007E-01
      487    -1.497586859E-01     7.680181803E-01     2.936667073E-01
      488    -1.316927369E-01     6.269422976E-01     2.936667076E-01
      489    -2.889798896E-01     7.243976012E-01     3.750000006E-01
      490    -2.146328578E-01     5.777439716E-01     3.750000014E-01
      491    -2.889799662E-01     7.243974730E-01     2.936667076E-01
      492    -2.146329239E-01     5.777438124E-01     2.936667078E-01
      493    -4.240023697E-01     6.550533022E-01     3.750000005E-01
      494    -3.186008933E-01     5.221021965E-01     3.750000012E-01
      495    -4.240027325E-01     6.550528820E-01     2.936667071E-01
      496    -3.186010795E-01     5.221017743E-01     2.936667068E-01
      497    -5.509454184E-01     5.621485834E-01     3.750000004E-01
      498    -5.509466038E-01     5.621471495E-01     2.936667068E-01
      499    -6.615719429E-01     4.493500093E-01     3.750000004E-01
      500    -6.615730712E-01     4.493484184E-01     2.936667066E-01
      501    -7.410571495E-01     3.256032736E-01     3.750000003E-01
      502    -7.410578620E-01     3.256021037E-01     2.936667063E-01
      503    -7.675393864E-01     1.841784192E-01     3.750000004E-01
      504    -7.675398751E-01     1.841776342E-01     2.936667067E-01
      505    -7.677336627E-01     3.183311025E-02     3.750000004E-01
      506    -7.677337589E-01     3.183332745E-02     2.936667071E-01
      507    -7.404217543E-01    -1.243641440E-01     3.750000005E-01
      508    -7.404218768E-01    -1.243632974E-01     2.936667078E-01
      509     6.418303330E+00    -7.519758999E-01     3.750000006E-01
      510     6.488377552E+00    -6.055650760E-01     3.750000004E-01
      511     6.418495172E+00    -7.520340832E-01     2.936667231E-01
      512     6.488761339E+00    -6.056802342E-01     2.936667370E-01
      513     6.252211504E+00    -6.811444335E-01     3.750000020E-01
      514     6.330409459E+00    -5.353472205E-01     3.750000011E-01
      515     6.252298376E+00    -6.811890965E-01     2.936667229E-01
      516     6.330560955E+00    -5.354346400E-01     2.936667363E-01
      517     1.920514008E-01    -9.653332051E-01     3.750000000E-01
      518     1.920508233E-01    -9.653333202E-01     2.936667076E-01
      519     3.731925055E-01    -9.107575055E-01     3.750000046E-01
      520     3.731925032E-01    -9.107575380E-01     2.936667112E-01
      521     5.505925772E-01    -8.216349046E-01     3.750000000E-01
      522     5.505967431E-01    -8.216439675E-01     2.936667078E-01
      523     7.308454153E-01    -7.451025782E-01     3.750000000E-01
      524     7.308512939E-01    -7.451175754E-01     2.936667080E-01
      525     9.156399631E-01    -6.777384595E-01     3.750000000E-01
      526     9.156435152E-01    -6.777490183E-01     2.936667078E-01
      527     1.107303808E+00    -6.173360664E-01     3.750000000E-01
      528     1.107303829E+00    -6.173362526E-01     2.936667076E-01
      529     1.300163772E+00    -5.646272756E-01     3.750000000E-01
      530     1.300161197E+00    -5.646173414E-01     2.936667078E-01
      531     1.490694374E+00    -5.193646685E-01     3.750000000E-01
      532     1.490690866E+00    -5.193490434E-01     2.936667081E-01
      533     1.682486552E+00    -4.798166780E-01     3.750000000E-01
      534     1.682483479E+00    -4.798009191E-01     2.936667082E-01
      535     1.875294463E+00    -4.455278618E-01     3.750000000E-01
      536     1.875292607E+00    -4.455169174E-01     2.936667079E-01
      537     2.068904635E+00    -4.161444567E-01     3.750000000E-01
      538     2.068904125E+00    -4.161412314E-01     2.936667076E-01
      539     2.263166192E+00    -3.913843990E-01     3.750000000E-01
      540     2.263166682E+00    -3.913891794E-01     2.936667076E-01
      541     2.460438857E+00    -3.707952519E-01     3.750000000E-01
      542     2.460439762E+00    -3.708057124E-01     2.936667078E-01
      543     2.660354086E+00    -3.543867275E-01     3.750000000E-01
      544     2.660354852E+00    -3.543985339E-01     2.936667079E-01
      545     2.862186375E+00    -3.421972773E-01     3.750000000E-01
      546     2.862186713E+00    -3.422056780E-01     2.936667077E-01
      547     3.064558197E+00    -3.342627718E-01     3.750000000E-01
      548     3.064558185E+00    -3.342652808E-01     2.936667076E-01
      549     3.267051201E+00    -3.305352712E-01     3.750000000E-01
      550     3.267051113E+00    -3.305355245E-01     2.936667076E-01
      551     3.469607771E+00    -3.309815290E-01     3.750000000E-01
      552     3.469607611E+00    -3.309866788E-01     2.936667076E-01
      553     3.672183248E+00    -3.356152279E-01     3.750000000E-01
      554     3.672182802E+00    -3.356256161E-01     2.936667078E-01
      555     3.874249364E+00    -3.444587002E-01     3.750000000E-01
      556     3.874248624E+00    -3.444703890E-01     2.936667079E-01
      557     4.074248674E+00    -3.574511017E-01     3.750000000E-01
      558     4.074247932E+00    -3.574594386E-01     2.936667077E-01
      559     4.270900204E+00    -3.744651594E-01     3.750000000E-01
      560     4.270899940E+00    -3.744666838E-01     2.936667076E-01
      561     4.465900476E+00    -3.956577730E-01     3.750000000E-01
      562     4.465901119E+00    -3.956514132E-01     2.936667077E-01
      563     4.660053149E+00    -4.212576310E-01     3.750000000E-01
      564     4.660054890E+00    -4.212446666E-01     2.936667080E-01
      565     4.853527072E+00    -4.515251779E-01     3.750000000E-01
      566     4.853529645E+00    -4.515092235E-01     2.936667082E-01
      567     5.046164993E+00    -4.867564847E-01     3.750000000E-01
      568     5.046167639E+00    -4.867423689E-01     2.936667080E-01
      569     5.237744260E+00    -5.273233148E-01     3.750000000E-01
      570     5.237745779E+00    -5.273160161E-01     2.936667077E-01
      571     5.428984526E+00    -5.739601552E-01     3.750000000E-01
      572     5.428983751E+00    -5.739625401E-01     2.936667076E-01
      573     5.622267534E+00    -6.282177492E-01     3.750000000E-01
      574     5.622263933E+00    -6.282291685E-01     2.936667079E-01
      575     5.811715013E+00    -6.895550769E-01     3.750000000E-01
      576     5.811709923E+00    -6.895692189E-01     2.936667080E-01
      577     5.995096551E+00    -7.582536634E-01     3.750000000E-01
      578     6.084605362E+00    -5.989299424E-01     3.750000013E-01
      579     5.995093198E+00    -7.582615301E-01     2.936667078E-01
      580     6.084652715E+00    -5.989632053E-01     2.936667174E-01
      581     6.174538431E+00    -8.366834079E-01     3.750000046E-01
      582     6.174538250E+00    -8.366834263E-01     2.936667112E-01
      583     6.343596125E+00    -9.201789983E-01     3.750000000E-01
      584     6.343589693E+00    -9.201765551E-01     2.936667076E-01
      585     6.530371033E+00    -9.707378231E-01     3.750000000E-01
      586     6.530357463E+00    -9.707355637E-01     2.936667076E-01
      587     6.718512622E+00    -9.839190092E-01     3.750000000E-01
      588     6.718492078E+00    -9.839195591E-01     2.936667076E-01
      589     6.905671024E+00    -9.609818547E-01     3.750000000E-01
      590     6.905644390E+00    -9.609877490E-01     2.936667076E-01
      591     7.088064070E+00    -9.014476546E-01     3.750000000E-01
      592     7.088032853E+00    -9.014612727E-01     2.936667076E-01
      593     7.254355844E+00    -8.084146856E-01     3.750000000E-01
      594     7.254381334E+00    -8.083971701E-01     2.936667076E-01
      595     7.398207564E+00    -6.865217115E-01     3.750000000E-01
      596     7.398225050E+00    -6.865040098E-01     2.936667076E-01
      597     7.518544882E+00    -5.358027346E-01     3.750000000E-01
      598     7.518554777E+00    -5.357871838E-01     2.936667076E-01
      599     7.605567337E+00    -3.685304649E-01     3.750000000E-01
      600     7.605571837E+00    -3.685197832E-01     2.936667076E-01
      601     7.659825098E+00    -1.839393338E-01     3.750000000E-01
      602     7.659826007E+00    -1.839345007E-01     2.936667076E-01
      603     7.677165354E+00    -3.614993927E-08     3.750000000E-01
      604     7.677165354E+00    -3.614993933E-08     2.936667076E-01
      605     7.659050993E+00     1.879629278E-01     3.750000000E-01
      606     7.659051625E+00     1.879581727E-01     2.936667076E-01
      607     7.603765576E+00     3.729614265E-01     3.750000000E-01
      608     7.603769516E+00     3.729512024E-01     2.936667076E-01
      609     7.515777396E+00     5.400432932E-01     3.750000000E-01
      610     7.515786960E+00     5.400285655E-01     2.936667076E-01
      611     6.902077296E+00     9.617704488E-01     3.750000000E-01
      612     6.902051490E+00     9.617761328E-01     2.936667076E-01
      613     6.712801759E+00     9.840510099E-01     3.750000000E-01
      614     6.712782021E+00     9.840513849E-01     2.936667076E-01
      615     6.524438658E+00     9.697258395E-01     3.750000000E-01
      616     6.524425759E+00     9.697236013E-01     2.936667076E-01
      617     6.340243255E+00     9.188991873E-01     3.750000000E-01
      618     6.340237173E+00     9.188967961E-01     2.936667076E-01
      619     6.174538431E+00     8.366834079E-01     3.750000046E-01
      620     6.174538250E+00     8.366834263E-01     2.936667112E-01
      621     5.996570321E+00     7.588487586E-01     3.750000000E-01
      622     5.996567016E+00     7.588564985E-01     2.936667077E-01
      623     5.813260989E+00     6.900931404E-01     3.750000000E-01
      624     5.813255896E+00     6.901072720E-01     2.936667080E-01
      625     5.622375986E+00     6.282504160E-01     3.750000000E-01
      626     5.622372365E+00     6.282618790E-01     2.936667079E-01
      627     5.429289869E+00     5.740399504E-01     3.750000000E-01
      628     5.429289064E+00     5.740424313E-01     2.936667076E-01
      629     5.239090753E+00     5.276293601E-01     3.750000000E-01
      630     5.239092257E+00     5.276221027E-01     2.936667077E-01
      631     5.047566484E+00     4.870325509E-01     3.750000000E-01
      632     5.047569115E+00     4.870184875E-01     2.936667080E-01
      633     4.854982344E+00     4.517717354E-01     3.750000000E-01
      634     4.854984919E+00     4.517557408E-01     2.936667082E-01
      635     4.661561198E+00     4.214747606E-01     3.750000000E-01
      636     4.661562938E+00     4.214617577E-01     2.936667080E-01
      637     4.467466351E+00     3.958459383E-01     3.750000000E-01
      638     4.467466995E+00     3.958394961E-01     2.936667077E-01
      639     4.270799692E+00     3.744553622E-01     3.750000000E-01
      640     4.270799414E+00     3.744569234E-01     2.936667076E-01
      641     4.071412466E+00     3.572368235E-01     3.750000000E-01
      642     4.071411713E+00     3.572452216E-01     2.936667077E-01
      643     3.869840518E+00     3.442202012E-01     3.750000000E-01
      644     3.869839770E+00     3.442319387E-01     2.936667079E-01
      645     3.667621667E+00     3.354645099E-01     3.750000000E-01
      646     3.667621218E+00     3.354748160E-01     2.936667078E-01
      647     3.465210640E+00     3.309274954E-01     3.750000000E-01
      648     3.465210473E+00     3.309325345E-01     2.936667076E-01
      649     3.262647926E+00     3.305719038E-01     3.750000000E-01
      650     3.262647828E+00     3.305721081E-01     2.936667076E-01
      651     3.060013847E+00     3.343945133E-01     3.750000000E-01
      652     3.060013828E+00     3.343971366E-01     2.936667076E-01
      653     2.857782456E+00     3.424172920E-01     3.750000000E-01
      654     2.857782793E+00     3.424257991E-01     2.936667077E-01
      655     2.656679989E+00     3.546489201E-01     3.750000000E-01
      656     2.656680751E+00     3.546607558E-01     2.936667079E-01
      657     2.458062970E+00     3.710168429E-01     3.750000000E-01
      658     2.458063861E+00     3.710272419E-01     2.936667078E-01
      659     2.262096300E+00     3.915083502E-01     3.750000000E-01
      660     2.262096772E+00     3.915130721E-01     2.936667076E-01
      661     2.067890932E+00     4.162857917E-01     3.750000000E-01
      662     2.067890403E+00     4.162825115E-01     2.936667076E-01
      663     1.874331494E+00     4.456863120E-01     3.750000000E-01
      664     1.874329618E+00     4.456753310E-01     2.936667079E-01
      665     1.681574818E+00     4.799914276E-01     3.750000000E-01
      666     1.681571734E+00     4.799756859E-01     2.936667082E-01
      667     1.489834455E+00     5.195550539E-01     3.750000000E-01
      668     1.489830933E+00     5.195394300E-01     2.936667081E-01
      669     1.299356364E+00     5.648328137E-01     3.750000000E-01
      670     1.299353782E+00     5.648228993E-01     2.936667078E-01
      671     1.105493485E+00     6.178670342E-01     3.750000000E-01
      672     1.105493522E+00     6.178673074E-01     2.936667076E-01
      673     9.148282671E-01     6.780133943E-01     3.750000000E-01
      674     9.148318199E-01     6.780239741E-01     2.936667078E-01
      675     7.308898003E-01     7.450851591E-01     3.750000000E-01
      676     7.308956555E-01     7.451001077E-01     2.936667080E-01
      677     5.506791469E-01     8.215951033E-01     3.750000000E-01
      678     5.506833138E-01     8.216041711E-01     2.936667078E-01
      679     3.731925055E-01     9.107575055E-01     3.750000046E-01
      680     3.731925032E-01     9.107575380E-01     2.936667112E-01
      681     1.887675005E-01     9.659807287E-01     3.750000000E-01
      682     1.887663162E-01     9.659809503E-01     2.936667076E-01
      683    -1.259841004E-03     9.842511622E-01     3.750000000E-01
      684    -1.260234323E-03     9.842511752E-01     2.936667076E-01
      685    -1.910935827E-01     9.655232675E-01     3.750000000E-01
      686    -1.910931954E-01     9.655233284E-01     2.936667076E-01
      687    -3.758285240E-01     9.096729402E-01     3.750000000E-01
      688    -3.758285952E-01     9.096728806E-01     2.936667076E-01
      689    -5.466368492E-01     8.184986821E-01     3.750000000E-01
      690    -5.466373718E-01     8.184983310E-01     2.936667076E-01
      691    -6.942139379E-01     6.977241188E-01     3.750000000E-01
      692    -6.942160480E-01     6.977220078E-01     2.936667076E-01
      693    -8.195844539E-01     5.450075784E-01     3.750000000E-01
      694    -8.195856825E-01     5.450057002E-01     2.936667076E-01
      695    -9.093031440E-01     3.767223512E-01     3.750000000E-01
      696    -9.093036404E-01     3.767211496E-01     2.936667076E-01
      697    -9.655018887E-01     1.912015702E-01     3.750000000E-01
      698    -9.655020775E-01     1.912007425E-01     2.936667076E-01
      699    -9.842519685E-01    -7.177244351E-10     3.750000000E-01
      700    -9.842519685E-01    -7.177246096E-10     2.936667076E-01
      701    -9.646811226E-01    -1.953004587E-01     3.750000000E-01
      702    -9.646813722E-01    -1.952992008E-01     2.936667076E-01
      703    -9.065118232E-01    -3.833904692E-01     3.750000000E-01
      704    -9.065128422E-01    -3.833881554E-01     2.936667076E-01
      705    -8.157100207E-01    -5.507895239E-01     3.750000000E-01
      706    -8.157121769E-01    -5.507862921E-01     2.936667076E-01
      707    -6.943705810E-01    -6.975682287E-01     3.750000000E-01
      708    -6.943742065E-01    -6.975645999E-01     2.936667076E-01
      709    -5.427521667E-01    -8.210797909E-01     3.750000000E-01
      710    -5.427487909E-01    -8.210820427E-01     2.936667076E-01
      711     6.178816452E+00    -4.433303040E-01     3.750000021E-01
      712     6.178900757E+00    -4.433862391E-01     2.936667300E-01
      713     6.287413554E+00    -2.925230674E-01     3.750000046E-01
      714     6.287413386E+00    -2.925230760E-01     2.936667526E-01
      715     6.287413386E+00    -9.730487315E-02     3.750000000E-01
      716     6.287413386E+00    -9.703326822E-02     2.936667500E-01
      717     6.287413386E+00     1.010427329E-01     3.750000000E-01
      718     6.287413386E+00     1.005678505E-01     2.936667500E-01
      719     6.287413554E+00     2.925230674E-01     3.750000046E-01
      720     6.287413386E+00     2.925230760E-01     2.936667526E-01
      721     6.406257666E+00     4.096687666E-01     3.750000000E-01
      722     6.406576297E+00     4.098913717E-01     2.936667498E-01
      723     6.557034204E+00     4.811827593E-01     3.750000000E-01
      724     6.557782355E+00     4.813933567E-01     2.936667495E-01
      725     6.723929378E+00     4.990370810E-01     3.750000000E-01
      726     6.724515226E+00     4.990003301E-01     2.936667512E-01
      727     7.131544009E+00     2.400066171E-01     3.750000000E-01
      728     7.131504191E+00     2.400789887E-01     2.936667500E-01
      729     7.186254528E+00     8.132968368E-02     3.750000000E-01
      730     7.186252298E+00     8.134279917E-02     2.936667500E-01
      731     7.185507503E+00    -8.573818252E-02     3.750000000E-01
      732     7.185498254E+00    -8.579051261E-02     2.936667500E-01
      733     6.720199413E+00    -4.992549176E-01     3.750000000E-01
      734     6.720506982E+00    -4.992380203E-01     2.936667504E-01
      735     6.553052794E+00    -4.800406387E-01     3.750000000E-01
      736     6.553657985E+00    -4.802165515E-01     2.936667499E-01
      737     6.402950862E+00    -4.073349170E-01     3.750000000E-01
      738     6.403130450E+00    -4.074626906E-01     2.936667500E-01
      739     4.411160752E-01    -4.467593841E-01     3.750000003E-01
      740     4.411122341E-01    -4.467675554E-01     2.936667068E-01
      741     3.129923435E-01    -4.814033614E-01     3.750000004E-01
      742     3.129887663E-01    -4.814089931E-01     2.936667066E-01
      743     2.167520372E-01    -5.314705374E-01     3.750000004E-01
      744     2.167499399E-01    -5.314735182E-01     2.936667069E-01
      745     1.204819815E-01    -5.884805711E-01     3.750000003E-01
      746     1.204817332E-01    -5.884812301E-01     2.936667073E-01
      747     3.025787344E-01    -1.290856649E-01     3.750000001E-01
      748     3.025679596E-01    -1.291064052E-01     2.936667099E-01
      749     3.523027548E-01    -3.219390922E-02     3.750000001E-01
      750     3.522983898E-01    -3.219390516E-02     2.936667095E-01
      751    -1.781560918E-01     1.753864504E-01     3.750000000E-01
      752    -1.781607348E-01     1.753817429E-01     2.936667112E-01
      753     2.304526590E-01     9.691012300E-02     3.750000000E-01
      754     2.304387560E-01     9.694316802E-02     2.936667112E-01
      755     2.500000000E-01     1.968017795E-08     3.750000000E-01
      756     2.500000000E-01     1.968017801E-08     2.936667112E-01
      757     2.318334126E-01    -9.355890564E-02     3.750000000E-01
      758     2.318195303E-01    -9.359329146E-02     2.936667112E-01
      759     1.778061591E-01    -1.757412011E-01     3.750000000E-01
      760     1.777882889E-01    -1.757592787E-01     2.936667112E-01
      761     1.474759761E-01     2.937384883E-01     2.103331684E-01
      762     2.554576461E-01     2.472722978E-01     2.103331682E-01
      763     9.308594769E-02     2.320237215E-01     2.103331715E-01
      764     1.765297608E-01     1.770232772E-01     2.103331715E-01
      765     9.375000000E-02     4.485000075E-01     2.103331641E-01
      766     3.220466655E-01     3.718078045E-01     2.103331648E-01
      767     3.689684612E-09     3.547500000E-01     2.103331641E-01
      768    -2.352092982E-01    -2.649222337E-01     2.103331694E-01
      769    -2.938944675E-01    -4.383171187E-01     2.103331666E-01
      770    -3.160145664E-01    -1.861085454E-01     2.103331695E-01
      771    -4.268060244E-01    -3.095390266E-01     2.103331673E-01
      772    -1.441616394E-01    -2.991106895E-01     2.103331695E-01
      773    -9.375000000E-02    -4.484999823E-01     2.103331667E-01
      774    -2.237107791E-01    -6.086781772E-01     2.103331648E-01
      775    -3.979337623E-01    -6.884796609E-01     2.103331647E-01
      776    -4.974589043E-01    -5.604706686E-01     2.103331653E-01
      777    -1.855061377E-01    -7.695627253E-01     2.103331643E-01
      778    -3.210339572E-01    -7.887027780E-01     2.103331644E-01
      779    -1.754274105E-01    -1.781157427E-01     2.103331715E-01
      780    -9.285205138E-02    -2.321174276E-01     2.103331715E-01
      781    -2.305789417E-01    -9.660925471E-02     2.103331715E-01
      782    -1.106321651E-08    -3.547500000E-01     2.103331641E-01
      783     3.689684837E-09    -5.422500000E-01     2.103331641E-01
      784    -2.500000000E-01    -3.061616998E-17     2.103331741E-01
      785    -3.733898634E-01    -9.004754695E-02     2.103331699E-01
      786    -4.238100916E-01     4.114302666E-03     2.103331670E-01
      787    -3.264565836E-01     4.554196435E-02     2.103331689E-01
      788    -3.138159961E-01     3.488223605E-01     2.103331618E-01
      789    -1.908663795E-01     2.834226441E-01     2.103331671E-01
      790    -4.362791663E-01     2.456851740E-01     2.103331616E-01
      791    -2.749457285E-01     2.089800132E-01     2.103331675E-01
      792    -2.042094769E-01     4.124960457E-01     2.103331642E-01
      793    -9.607680012E-02     3.298255683E-01     2.103331664E-01
      794     2.542025846E-01    -3.687314935E-01     2.103331635E-01
      795     1.717177093E-01    -2.888009010E-01     2.103331678E-01
      796     3.683718933E-01    -2.885158066E-01     2.103331649E-01
      797     2.544870318E-01    -2.206434939E-01     2.103331688E-01
      798     1.658340151E-01    -4.167913432E-01     2.103331639E-01
      799     8.616042981E-02    -3.300048825E-01     2.103331668E-01
      800    -9.375000000E-02     4.484999823E-01     2.103331667E-01
      801    -2.950190994E-08     2.500000000E-01     2.103331715E-01
      802    -9.586928315E-02     2.308875946E-01     2.103331715E-01
      803     9.375000000E-02    -4.485000000E-01     2.103331641E-01
      804     9.839159128E-09    -2.500000000E-01     2.103331715E-01
      805     9.554681851E-02    -2.310212225E-01     2.103331715E-01
      806    -1.667596040E-02    -7.064503748E-01     2.103331641E-01
      807     1.515764803E-01     6.332550271E-01     2.103331642E-01
      808     2.533114348E-01     5.769849235E-01     2.103331642E-01
      809    -1.106321630E-08     5.422500000E-01     2.103331641E-01
      810    -5.637511773E-01    -5.987826370E-02     2.103331649E-01
      811    -5.083278649E-01    -1.842032561E-01     2.103331672E-01
      812    -1.885692782E-01    -9.660194234E-01     2.103331641E-01
      813    -3.744646580E-01    -9.102352243E-01     2.103331641E-01
      814     2.423227852E-03    -9.842489936E-01     2.103331641E-01
      815     7.090275138E+00    -6.254319704E-01     2.103332054E-01
      816     6.965597269E+00    -7.590304577E-01     2.103331911E-01
      817     6.885199966E+00    -4.615472258E-01     2.103332501E-01
      818     6.811660891E+00    -6.781964847E-01     2.103332115E-01
      819     7.240448400E+00    -4.813244326E-01     2.103332068E-01
      820     7.027059721E+00    -3.719492257E-01     2.103332500E-01
      821    -2.317026665E-01     9.388221772E-02     2.103331715E-01
      822    -3.178518840E-01     1.189993744E-01     2.103331680E-01
      823     7.048392342E+00     5.869344435E-01     2.103332125E-01
      824     7.048614436E+00     7.466913699E-01     2.103331885E-01
      825     7.225865354E+00     6.022152348E-01     2.103331912E-01
      826     7.177072052E+00     7.224563692E-01     2.103331807E-01
      827     7.250135137E+00     8.113299075E-01     2.103331641E-01
      828     7.397533460E+00     6.872133557E-01     2.103331641E-01
      829     7.085150996E+00     9.027191296E-01     2.103331641E-01
      830     5.346828170E+00    -2.426790864E-01     2.103331657E-01
      831     5.138497863E+00    -1.951995978E-01     2.103331647E-01
      832     5.487272619E+00     1.485880230E-01     2.103331688E-01
      833     5.230740090E+00     1.511188571E-01     2.103331655E-01
      834     5.544799500E+00    -3.292172008E-01     2.103331700E-01
      835     5.680387335E+00    -7.547390692E-02     2.103331766E-01
      836    -6.019409716E-01    -4.243536986E-01     2.103331658E-01
      837    -6.845575947E-01    -2.782983860E-01     2.103331658E-01
      838     5.047322649E-01     2.654353162E-01     2.103331632E-01
      839     7.468329816E-01     1.345960830E-01     2.103331622E-01
      840     3.812083517E-01     1.221924656E-01     2.103331672E-01
      841     5.654719666E-01     1.138976831E-03     2.103331639E-01
      842     5.966103660E-01     4.263176969E-01     2.103331634E-01
      843     8.035317319E-01     3.439480407E-01     2.103331627E-01
      844     4.146710052E-01     5.101993915E-01     2.103331642E-01
      845     5.731454572E+00    -4.238852557E-01     2.103331744E-01
      846     5.849826562E+00    -2.293730179E-01     2.103331847E-01
      847     8.569945903E-01    -7.633967590E-02     2.103331619E-01
      848     6.785541456E-01    -1.582573321E-01     2.103331623E-01
      849     9.902913325E-01     1.414260137E-01     2.103331615E-01
      850     1.047970762E+00    -1.936876436E-02     2.103331617E-01
      851     1.008975776E+00     3.030215156E-01     2.103331622E-01
      852     6.873299820E+00    -8.523435017E-01     2.103331805E-01
      853     6.746998615E+00    -8.264066104E-01     2.103331880E-01
      854     5.242795258E-01    -2.374571518E-01     2.103331629E-01
      855     4.548419113E-01    -1.083149374E-01     2.103331649E-01
      856     3.717511946E-01    -1.687351940E-01     2.103331662E-01
      857     1.206711820E+00     4.985827238E-02     2.103331618E-01
      858     1.126525938E+00     1.543265702E-01     2.103331612E-01
      859     1.329277250E+00     1.763262795E-01     2.103331625E-01
      860     1.176537276E+00     2.657726061E-01     2.103331619E-01
      861     7.667526325E-01    -3.276308524E-01     2.103331620E-01
      862     5.986490463E-01    -3.942680119E-01     2.103331620E-01
      863     9.473116815E-01    -2.569880285E-01     2.103331624E-01
      864     1.134169249E+00    -1.888546956E-01     2.103331624E-01
      865     1.320930736E+00    -1.059839422E-01     2.103331626E-01
      866     1.533345646E+00     3.061537864E-02     2.103331633E-01
      867    -5.401062093E-01     3.609303367E-01     2.103331605E-01
      868    -6.288550128E-01     2.888220082E-01     2.103331595E-01
      869    -6.089887712E-01     1.888666034E-01     2.103331610E-01
      870    -4.307941956E-01     4.481887002E-01     2.103331609E-01
      871    -4.435124785E-01     1.117335289E-01     2.103331644E-01
      872    -5.939881832E-01     6.711801022E-02     2.103331622E-01
      873     8.433221560E-01    -5.022663740E-01     2.103331631E-01
      874     6.608885470E-01    -5.683769287E-01     2.103331625E-01
      875     1.029581504E+00    -4.369854602E-01     2.103331632E-01
      876     1.219623934E+00    -3.736509532E-01     2.103331633E-01
      877     1.413323284E+00    -3.076130859E-01     2.103331635E-01
      878     1.618637599E+00    -2.369007558E-01     2.103331639E-01
      879     6.011835096E+00    -3.476717953E-01     2.103331976E-01
      880     5.910192267E+00    -5.142629203E-01     2.103331797E-01
      881     6.109588477E+00    -2.011384833E-01     2.103332182E-01
      882     5.980698595E+00    -6.602102121E-02     2.103331982E-01
      883     6.122362587E+00     5.323396206E-02     2.103332192E-01
      884     6.179635477E+00    -8.547534259E-02     2.103332304E-01
      885     7.351368933E+00     5.426587342E-02     2.103332137E-01
      886     7.381250520E+00     2.490019567E-01     2.103332059E-01
      887     7.508114113E+00     9.760970562E-03     2.103331881E-01
      888     7.522055715E+00     1.418802721E-01     2.103331851E-01
      889     7.129273771E+00    -2.441103411E-01     2.103332500E-01
      890     7.286766842E+00    -2.862249058E-01     2.103332150E-01
      891     7.446611500E+00    -3.090163741E-01     2.103331891E-01
      892     7.408759754E+00    -4.379901329E-01     2.103331859E-01
      893     7.485365953E+00    -1.500297773E-01     2.103331918E-01
      894     7.328254247E+00    -1.171008142E-01     2.103332191E-01
      895     6.587862814E+00    -7.988663171E-01     2.103331926E-01
      896     6.652285123E+00    -6.478325157E-01     2.103332186E-01
      897     7.290827406E+00     4.361418670E-01     2.103332051E-01
      898     7.027059727E+00     3.719492201E-01     2.103332500E-01
      899     6.889206453E+00     4.598576605E-01     2.103332501E-01
      900     6.887437243E+00     6.164488385E-01     2.103332205E-01
      901     6.888897361E+00     7.789581731E-01     2.103331935E-01
      902     6.716204955E+00     7.936442975E-01     2.103331978E-01
      903     6.720868003E+00     6.336310230E-01     2.103332266E-01
      904     6.541661839E+00     7.786594960E-01     2.103331971E-01
      905     6.554156047E+00     6.181788826E-01     2.103332253E-01
      906     6.373587970E+00     7.339041224E-01     2.103331933E-01
      907     6.398520216E+00     5.710050235E-01     2.103332199E-01
      908     6.218039641E+00     6.705972346E-01     2.103331895E-01
      909     6.264070481E+00     5.126256083E-01     2.103332133E-01
      910     6.139603838E+00     4.858710990E-01     2.103331982E-01
      911     6.065651428E+00     6.041488986E-01     2.103331808E-01
      912     5.912505519E+00     4.862377129E-01     2.103331776E-01
      913     6.064058451E+00     2.914097494E-01     2.103332023E-01
      914     5.856266301E+00     1.259164419E-01     2.103331862E-01
      915     5.719105008E+00     3.540523400E-01     2.103331743E-01
      916     5.009071398E+00     1.479039372E-01     2.103331646E-01
      917     4.933381800E+00    -1.672591163E-01     2.103331645E-01
      918     4.801762676E+00     1.420652548E-01     2.103331644E-01
      919     4.732231497E+00    -1.495121187E-01     2.103331643E-01
      920     4.600757900E+00     1.353236727E-01     2.103331643E-01
      921     4.533549899E+00    -1.372768007E-01     2.103331642E-01
      922     4.402132794E+00     1.286896367E-01     2.103331642E-01
      923     4.335810748E+00    -1.283436219E-01     2.103331642E-01
      924     4.203523257E+00     1.227412217E-01     2.103331642E-01
      925     4.137676568E+00    -1.216449418E-01     2.103331642E-01
      926     4.003828764E+00     1.178213139E-01     2.103331642E-01
      927     3.938117598E+00    -1.166715539E-01     2.103331642E-01
      928     3.802877456E+00     1.141286445E-01     2.103331642E-01
      929     3.737101049E+00    -1.132014811E-01     2.103331642E-01
      930     3.601122244E+00     1.117760451E-01     2.103331642E-01
      931     3.535204991E+00    -1.111348656E-01     2.103331642E-01
      932     3.398925169E+00     1.108352621E-01     2.103331642E-01
      933     3.332900548E+00    -1.103922633E-01     2.103331641E-01
      934     3.410726872E-01    -7.425331356E-01     2.103331623E-01
      935     2.348594372E-01    -7.901831866E-01     2.103331618E-01
      936     2.653661088E-01    -6.425049360E-01     2.103331614E-01
      937     1.648655054E-01    -7.145360331E-01     2.103331624E-01
      938     3.406198137E-01    -5.835375521E-01     2.103331602E-01
      939     4.697984437E-01    -6.319956078E-01     2.103331618E-01
      940     1.838011917E+00    -1.834636555E-01     2.103331640E-01
      941     1.783504570E+00     3.966410671E-02     2.103331638E-01
      942     2.074438579E+00    -9.555010106E-02     2.103331641E-01
      943     1.948781821E+00     6.070016345E-02     2.103331639E-01
      944     3.196496942E+00     1.114059257E-01     2.103331641E-01
      945     3.130389754E+00    -1.108489024E-01     2.103331641E-01
      946     2.993987239E+00     1.137064798E-01     2.103331642E-01
      947     2.927661690E+00    -1.122423458E-01     2.103331642E-01
      948     2.791536324E+00     1.182463593E-01     2.103331642E-01
      949     2.724403446E+00    -1.139854659E-01     2.103331642E-01
      950     2.589157603E+00     1.262173650E-01     2.103331642E-01
      951     2.519341148E+00    -1.147265892E-01     2.103331642E-01
      952     2.386713509E+00     1.403515922E-01     2.103331642E-01
      953     2.307825216E+00    -1.113530110E-01     2.103331641E-01
      954     2.185016649E+00     1.666916626E-01     2.103331641E-01
      955     2.003887852E+00     2.216214405E-01     2.103331640E-01
      956     1.818787383E+00     2.472014742E-01     2.103331640E-01
      957     1.614188826E+00     2.775897312E-01     2.103331639E-01
      958     1.416937266E+00     3.442341578E-01     2.103331635E-01
      959     1.236581905E+00     4.100658025E-01     2.103331630E-01
      960     1.053842324E+00     4.618968735E-01     2.103331631E-01
      961     8.601063619E-01     5.168982463E-01     2.103331632E-01
      962     6.682526436E-01     5.874766404E-01     2.103331636E-01
      963     4.878506216E-01     6.629395964E-01     2.103331640E-01
      964     3.202669144E-01     7.306538388E-01     2.103331650E-01
      965     1.663330008E-01     7.732424840E-01     2.103331643E-01
      966     5.099159297E-03     7.681919299E-01     2.103331641E-01
      967    -1.497585529E-01     7.680181817E-01     2.103331631E-01
      968    -1.316927268E-01     6.269422368E-01     2.103331631E-01
      969    -2.889800646E-01     7.243973706E-01     2.103331630E-01
      970    -2.146330036E-01     5.777436575E-01     2.103331624E-01
      971    -4.240031147E-01     6.550524497E-01     2.103331624E-01
      972    -3.186012842E-01     5.221013425E-01     2.103331610E-01
      973    -5.509478338E-01     5.621456811E-01     2.103331623E-01
      974    -6.615742568E-01     4.493467989E-01     2.103331621E-01
      975    -7.410585990E-01     3.256009039E-01     2.103331614E-01
      976    -7.675403423E-01     1.841768219E-01     2.103331623E-01
      977    -7.677338613E-01     3.183355230E-02     2.103331630E-01
      978    -7.404220109E-01    -1.243624230E-01     2.103331638E-01
      979     6.418691964E+00    -7.520934219E-01     2.103331955E-01
      980     6.489154859E+00    -6.057976673E-01     2.103332239E-01
      981     6.252387915E+00    -6.812340348E-01     2.103331935E-01
      982     6.330716577E+00    -5.355236771E-01     2.103332218E-01
      983     1.920502369E-01    -9.653334241E-01     2.103331641E-01
      984     3.731925032E-01    -9.107575380E-01     2.103331667E-01
      985     5.505967182E-01    -8.216439325E-01     2.103331642E-01
      986     7.308512875E-01    -7.451175759E-01     2.103331643E-01
      987     9.156435044E-01    -6.777489890E-01     2.103331642E-01
      988     1.107303820E+00    -6.173362196E-01     2.103331641E-01
      989     1.300161202E+00    -5.646173462E-01     2.103331642E-01
      990     1.490690867E+00    -5.193490355E-01     2.103331644E-01
      991     1.682483479E+00    -4.798009055E-01     2.103331644E-01
      992     1.875292608E+00    -4.455169176E-01     2.103331643E-01
      993     2.068904126E+00    -4.161412333E-01     2.103331641E-01
      994     2.263166682E+00    -3.913891777E-01     2.103331641E-01
      995     2.460439763E+00    -3.708057204E-01     2.103331642E-01
      996     2.660354853E+00    -3.543985338E-01     2.103331643E-01
      997     2.862186716E+00    -3.422056954E-01     2.103331642E-01
      998     3.064558187E+00    -3.342652808E-01     2.103331641E-01
      999     3.267051116E+00    -3.305355458E-01     2.103331641E-01
     1000     3.469607613E+00    -3.309867048E-01     2.103331641E-01
     1001     3.672182805E+00    -3.356255960E-01     2.103331642E-01
     1002     3.874248627E+00    -3.444703891E-01     2.103331643E-01
     1003     4.074247938E+00    -3.574594055E-01     2.103331642E-01
     1004     4.270899942E+00    -3.744667006E-01     2.103331641E-01
     1005     4.465901123E+00    -3.956514048E-01     2.103331642E-01
     1006     4.660054895E+00    -4.212446525E-01     2.103331643E-01
     1007     4.853529651E+00    -4.515091989E-01     2.103331644E-01
     1008     5.046167640E+00    -4.867423733E-01     2.103331643E-01
     1009     5.237745779E+00    -5.273160258E-01     2.103331642E-01
     1010     5.428983758E+00    -5.739625297E-01     2.103331641E-01
     1011     5.622263938E+00    -6.282291679E-01     2.103331642E-01
     1012     5.811709928E+00    -6.895692206E-01     2.103331643E-01
     1013     5.995093218E+00    -7.582614940E-01     2.103331642E-01
     1014     6.084703419E+00    -5.989925788E-01     2.103331859E-01
     1015     6.174538250E+00    -8.366834263E-01     2.103331667E-01
     1016     6.343583235E+00    -9.201741318E-01     2.103331641E-01
     1017     6.530343711E+00    -9.707332353E-01     2.103331641E-01
     1018     6.718471163E+00    -9.839200555E-01     2.103331641E-01
     1019     6.905617222E+00    -9.609937900E-01     2.103331641E-01
     1020     7.088001045E+00    -9.014753888E-01     2.103331641E-01
     1021     7.254407314E+00    -8.083788948E-01     2.103331641E-01
     1022     7.398242598E+00    -6.864854437E-01     2.103331641E-01
     1023     7.518565417E+00    -5.357715392E-01     2.103331641E-01
     1024     7.605575967E+00    -3.685086283E-01     2.103331641E-01
     1025     7.659827147E+00    -1.839295842E-01     2.103331641E-01
     1026     7.677165354E+00    -3.614993933E-08     2.103331641E-01
     1027     7.659052700E+00     1.879533796E-01     2.103331641E-01
     1028     7.603774118E+00     3.729409399E-01     2.103331641E-01
     1029     7.515797021E+00     5.400136088E-01     2.103331641E-01
     1030     6.902025116E+00     9.617817025E-01     2.103331641E-01
     1031     6.712761936E+00     9.840518351E-01     2.103331641E-01
     1032     6.524412698E+00     9.697212758E-01     2.103331641E-01
     1033     6.340231045E+00     9.188945028E-01     2.103331641E-01
     1034     6.174538250E+00     8.366834263E-01     2.103331667E-01
     1035     5.996567033E+00     7.588564639E-01     2.103331642E-01
     1036     5.813255902E+00     6.901072597E-01     2.103331643E-01
     1037     5.622372363E+00     6.282618885E-01     2.103331643E-01
     1038     5.429289070E+00     5.740424006E-01     2.103331641E-01
     1039     5.239092253E+00     5.276221003E-01     2.103331642E-01
     1040     5.047569111E+00     4.870184819E-01     2.103331643E-01
     1041     4.854984911E+00     4.517557548E-01     2.103331644E-01
     1042     4.661562933E+00     4.214617573E-01     2.103331643E-01
     1043     4.467466989E+00     3.958395083E-01     2.103331642E-01
     1044     4.270799410E+00     3.744569168E-01     2.103331641E-01
     1045     4.071411707E+00     3.572452166E-01     2.103331642E-01
     1046     3.869839764E+00     3.442319384E-01     2.103331643E-01
     1047     3.667621211E+00     3.354747956E-01     2.103331642E-01
     1048     3.465210465E+00     3.309325318E-01     2.103331641E-01
     1049     3.262647819E+00     3.305721082E-01     2.103331641E-01
     1050     3.060013818E+00     3.343971368E-01     2.103331641E-01
     1051     2.857782783E+00     3.424257987E-01     2.103331642E-01
     1052     2.656680740E+00     3.546607566E-01     2.103331643E-01
     1053     2.458063850E+00     3.710272422E-01     2.103331642E-01
     1054     2.262096761E+00     3.915130827E-01     2.103331641E-01
     1055     2.067890390E+00     4.162825029E-01     2.103331641E-01
     1056     1.874329608E+00     4.456753368E-01     2.103331643E-01
     1057     1.681571722E+00     4.799756715E-01     2.103331644E-01
     1058     1.489830924E+00     5.195394305E-01     2.103331644E-01
     1059     1.299353779E+00     5.648229158E-01     2.103331642E-01
     1060     1.105493501E+00     6.178672683E-01     2.103331641E-01
     1061     9.148318139E-01     6.780239851E-01     2.103331642E-01
     1062     7.308956463E-01     7.451001162E-01     2.103331643E-01
     1063     5.506832997E-01     8.216041622E-01     2.103331642E-01
     1064     3.731925032E-01     9.107575380E-01     2.103331667E-01
     1065     1.887651202E-01     9.659812250E-01     2.103331641E-01
     1066    -1.260635431E-03     9.842511825E-01     2.103331641E-01
     1067    -1.910928070E-01     9.655234183E-01     2.103331641E-01
     1068    -3.758287003E-01     9.096728807E-01     2.103331641E-01
     1069    -5.466379127E-01     8.184979648E-01     2.103331641E-01
     1070    -6.942182226E-01     6.977198451E-01     2.103331641E-01
     1071    -8.195869853E-01     5.450037959E-01     2.103331641E-01
     1072    -9.093041520E-01     3.767199131E-01     2.103331641E-01
     1073    -9.655021910E-01     1.911998751E-01     2.103331641E-01
     1074    -9.842519685E-01    -7.177246096E-10     2.103331641E-01
     1075    -9.646816431E-01    -1.952979117E-01     2.103331641E-01
     1076    -9.065137868E-01    -3.833857366E-01     2.103331641E-01
     1077    -8.157144434E-01    -5.507830099E-01     2.103331641E-01
     1078    -6.943779284E-01    -6.975608769E-01     2.103331641E-01
     1079    -5.427453097E-01    -8.210843013E-01     2.103331641E-01
     1080     6.178988418E+00    -4.434414597E-01     2.103332112E-01
     1081     6.287413386E+00    -2.925230760E-01     2.103332506E-01
     1082     6.287413386E+00    -9.675498071E-02     2.103332500E-01
     1083     6.287413386E+00     1.000812861E-01     2.103332500E-01
     1084     6.287413386E+00     2.925230760E-01     2.103332506E-01
     1085     6.406902961E+00     4.101193591E-01     2.103332499E-01
     1086     6.558549298E+00     4.816081033E-01     2.103332495E-01
     1087     6.725115505E+00     4.989619522E-01     2.103332513E-01
     1088     7.131463856E+00     2.401533934E-01     2.103332500E-01
     1089     7.186250131E+00     8.135625657E-02     2.103332500E-01
     1090     7.185489268E+00    -8.584421548E-02     2.103332499E-01
     1091     6.720822171E+00    -4.992204831E-01     2.103332503E-01
     1092     6.554278407E+00    -4.803959490E-01     2.103332499E-01
     1093     6.403314554E+00    -4.075936557E-01     2.103332499E-01
     1094     4.411063614E-01    -4.467718428E-01     2.103331624E-01
     1095     3.129839015E-01    -4.814123216E-01     2.103331617E-01
     1096     2.167471789E-01    -5.314753634E-01     2.103331622E-01
     1097     1.204813087E-01    -5.884815674E-01     2.103331633E-01
     1098     3.025565402E-01    -1.291270697E-01     2.103331688E-01
     1099     3.522934733E-01    -3.219351218E-02     2.103331681E-01
     1100    -1.781654850E-01     1.753769142E-01     2.103331715E-01
     1101     2.304245177E-01     9.697702853E-02     2.103331715E-01
     1102     2.500000000E-01     1.968017801E-08     2.103331715E-01
     1103     2.318053073E-01    -9.362852317E-02     2.103331715E-01
     1104     1.777699760E-01    -1.757777979E-01     2.103331715E-01
     1105     1.474664226E-01     2.937450528E-01     1.249998761E-01
     1106     2.554455471E-01     2.472853353E-01     1.249998758E-01
     1107     9.307231782E-02     2.320291871E-01     1.249998808E-01
     1108     1.765099653E-01     1.770430235E-01     1.249998808E-01
     1109     9.375000000E-02     4.485000075E-01     1.249998696E-01
     1110     3.220419342E-01     3.718129714E-01     1.249998706E-01
     1111     3.689684612E-09     3.547500000E-01     1.249998696E-01
     1112    -2.352004984E-01    -2.649315095E-01     1.249998772E-01
     1113    -2.938933099E-01    -4.383186896E-01     1.249998723E-01
     1114    -3.160112177E-01    -1.861156398E-01     1.249998774E-01
     1115    -4.268047765E-01    -3.095416419E-01     1.249998738E-01
     1116    -1.441520009E-01    -2.991166071E-01     1.249998770E-01
     1117    -9.375000000E-02    -4.484999823E-01     1.249998711E-01
     1118    -2.237099237E-01    -6.086788269E-01     1.249998703E-01
     1119    -3.979326796E-01    -6.884802411E-01     1.249998702E-01
     1120    -4.974599826E-01    -5.604697737E-01     1.249998709E-01
     1121    -1.855049373E-01    -7.695631823E-01     1.249998698E-01
     1122    -3.210322689E-01    -7.887035055E-01     1.249998699E-01
     1123    -1.754112398E-01    -1.781316843E-01     1.249998808E-01
     1124    -9.283526020E-02    -2.321241359E-01     1.249998808E-01
     1125    -2.305741683E-01    -9.662066507E-02     1.249998808E-01
     1126    -1.106321651E-08    -3.547500000E-01     1.249998696E-01
     1127     3.689684837E-09    -5.422500000E-01     1.249998696E-01
     1128    -2.500000000E-01    -3.061616998E-17     1.249998823E-01
     1129    -3.733894651E-01    -9.004826845E-02     1.249998768E-01
     1130    -4.238100325E-01     4.114888523E-03     1.249998731E-01
     1131    -3.264564825E-01     4.554276674E-02     1.249998758E-01
     1132    -3.138156442E-01     3.488219633E-01     1.249998660E-01
     1133    -1.908648061E-01     2.834230188E-01     1.249998740E-01
     1134    -4.362806384E-01     2.456835699E-01     1.249998657E-01
     1135    -2.749487140E-01     2.089768600E-01     1.249998747E-01
     1136    -2.042093511E-01     4.124958416E-01     1.249998684E-01
     1137    -9.607650324E-02     3.298255647E-01     1.249998726E-01
     1138     2.541940292E-01    -3.687369360E-01     1.249998686E-01
     1139     1.717041609E-01    -2.888079520E-01     1.249998752E-01
     1140     3.683619928E-01    -2.885241898E-01     1.249998708E-01
     1141     2.544721036E-01    -2.206581090E-01     1.249998766E-01
     1142     1.658302226E-01    -4.167937461E-01     1.249998692E-01
     1143     8.615675167E-02    -3.300069407E-01     1.249998737E-01
     1144    -9.375000000E-02     4.484999823E-01     1.249998711E-01
     1145    -2.950190994E-08     2.500000000E-01     1.249998808E-01
     1146    -9.586641706E-02     2.308887829E-01     1.249998808E-01
     1147     9.375000000E-02    -4.485000000E-01     1.249998696E-01
     1148     9.839159128E-09    -2.500000000E-01     1.249998808E-01
     1149     9.552873224E-02    -2.310287024E-01     1.249998808E-01
     1150    -1.667562000E-02    -7.064504529E-01     1.249998695E-01
     1151     1.515756888E-01     6.332556997E-01     1.249998695E-01
     1152     2.533100981E-01     5.769863048E-01     1.249998694E-01
     1153    -1.106321632E-08     5.422500000E-01     1.249998696E-01
     1154    -5.637511911E-01    -5.987766995E-02     1.249998701E-01
     1155    -5.083276475E-01    -1.842035586E-01     1.249998733E-01
     1156    -1.885673632E-01    -9.660198171E-01     1.249998696E-01
     1157    -3.744618717E-01    -9.102363672E-01     1.249998696E-01
     1158     2.423926102E-03    -9.842489838E-01     1.249998696E-01
     1159     7.090182928E+00    -6.254673159E-01     1.249999323E-01
     1160     6.965544845E+00    -7.590612857E-01     1.249999105E-01
     1161     6.811614506E+00    -6.782506588E-01     1.249999415E-01
     1162     7.240453306E+00    -4.813205818E-01     1.249999344E-01
     1163    -2.317008939E-01     9.388661124E-02     1.249998808E-01
     1164    -3.178516596E-01     1.190010653E-01     1.249998754E-01
     1165     7.048416704E+00     5.869349207E-01     1.249999431E-01
     1166     7.048626247E+00     7.466954598E-01     1.249999065E-01
     1167     7.225878818E+00     6.022090898E-01     1.249999108E-01
     1168     7.177089372E+00     7.224493499E-01     1.249998948E-01
     1169     7.250161090E+00     8.113118596E-01     1.249998696E-01
     1170     7.397551232E+00     6.871953457E-01     1.249998696E-01
     1171     7.085119984E+00     9.027324751E-01     1.249998696E-01
     1172     5.346829666E+00    -2.426824490E-01     1.249998727E-01
     1173     5.138498354E+00    -1.952007391E-01     1.249998706E-01
     1174     5.487275996E+00     1.485804637E-01     1.249998778E-01
     1175     5.230741062E+00     1.511166638E-01     1.249998719E-01
     1176     5.544803372E+00    -3.292270480E-01     1.249998798E-01
     1177     5.680395407E+00    -7.549451273E-02     1.249998912E-01
     1178    -6.019413926E-01    -4.243534609E-01     1.249998718E-01
     1179    -6.845579551E-01    -2.782974871E-01     1.249998716E-01
     1180     5.047277732E-01     2.654403847E-01     1.249998683E-01
     1181     7.468291499E-01     1.346000911E-01     1.249998667E-01
     1182     3.811990876E-01     1.222089001E-01     1.249998743E-01
     1183     5.654658308E-01     1.145369912E-03     1.249998693E-01
     1184     5.966075502E-01     4.263207750E-01     1.249998684E-01
     1185     8.035293431E-01     3.439505496E-01     1.249998675E-01
     1186     4.146679869E-01     5.102026798E-01     1.249998696E-01
     1187     5.731461217E+00    -4.239012188E-01     1.249998870E-01
     1188     5.849839170E+00    -2.294058959E-01     1.249999047E-01
     1189     8.569917986E-01    -7.633686405E-02     1.249998663E-01
     1190     6.785496122E-01    -1.582536753E-01     1.249998669E-01
     1191     9.902894702E-01     1.414279778E-01     1.249998657E-01
     1192     1.047969191E+00    -1.936711852E-02     1.249998660E-01
     1193     1.008974427E+00     3.030229509E-01     1.249998667E-01
     1194     6.873268918E+00    -8.523644975E-01     1.249998945E-01
     1195     6.746985634E+00    -8.264340496E-01     1.249999060E-01
     1196     5.242724417E-01    -2.374595883E-01     1.249998677E-01
     1197     4.548352349E-01    -1.083159643E-01     1.249998709E-01
     1198     3.717416653E-01    -1.687460261E-01     1.249998728E-01
     1199     1.206710787E+00     4.985936937E-02     1.249998660E-01
     1200     1.126524681E+00     1.543279083E-01     1.249998652E-01
     1201     1.329276596E+00     1.763269794E-01     1.249998670E-01
     1202     1.176536365E+00     2.657735772E-01     1.249998662E-01
     1203     7.667496535E-01    -3.276285356E-01     1.249998663E-01
     1204     5.986444323E-01    -3.942693043E-01     1.249998663E-01
     1205     9.473098349E-01    -2.569861944E-01     1.249998670E-01
     1206     1.134168164E+00    -1.888535600E-01     1.249998669E-01
     1207     1.320930054E+00    -1.059832186E-01     1.249998671E-01
     1208     1.533345328E+00     3.061571509E-02     1.249998680E-01
     1209    -5.401073377E-01     3.609288747E-01     1.249998641E-01
     1210    -6.288559183E-01     2.888208151E-01     1.249998625E-01
     1211    -6.089896013E-01     1.888656912E-01     1.249998647E-01
     1212    -4.307946795E-01     4.481877543E-01     1.249998646E-01
     1213    -4.435126600E-01     1.117341913E-01     1.249998699E-01
     1214    -5.939883479E-01     6.711842358E-02     1.249998665E-01
     1215     8.433206772E-01    -5.022652511E-01     1.249998680E-01
     1216     6.608861956E-01    -5.683775875E-01     1.249998669E-01
     1217     1.029580586E+00    -4.369845538E-01     1.249998683E-01
     1218     1.219623386E+00    -3.736503772E-01     1.249998682E-01
     1219     1.413322948E+00    -3.076127319E-01     1.249998683E-01
     1220     1.618637453E+00    -2.369006084E-01     1.249998689E-01
     1221     6.011861922E+00    -3.476987582E-01     1.249999230E-01
     1222     5.910207255E+00    -5.142775408E-01     1.249998950E-01
     1223     6.109599655E+00    -2.011574777E-01     1.249999534E-01
     1224     5.980710411E+00    -6.608444393E-02     1.249999259E-01
     1225     6.122373093E+00     5.304123653E-02     1.249999560E-01
     1226     6.179642291E+00    -8.543365572E-02     1.249999716E-01
     1227     7.351357783E+00     5.426497350E-02     1.249999449E-01
     1228     7.381233949E+00     2.490275091E-01     1.249999330E-01
     1229     7.508108945E+00     9.759667969E-03     1.249999060E-01
     1230     7.522049304E+00     1.418857202E-01     1.249999015E-01
     1231     7.286756530E+00    -2.862497344E-01     1.249999469E-01
     1232     7.446610758E+00    -3.090202347E-01     1.249999075E-01
     1233     7.408764478E+00    -4.379847964E-01     1.249999027E-01
     1234     7.485362308E+00    -1.500392650E-01     1.249999117E-01
     1235     7.328246174E+00    -1.171269475E-01     1.249999531E-01
     1236     6.587957543E+00    -7.988961839E-01     1.249999129E-01
     1237     6.652471909E+00    -6.478865018E-01     1.249999523E-01
     1238     7.290829947E+00     4.361385924E-01     1.249999318E-01
     1239     6.887548019E+00     6.164495962E-01     1.249999548E-01
     1240     6.888960789E+00     7.789599485E-01     1.249999140E-01
     1241     6.716426700E+00     7.936350238E-01     1.249999201E-01
     1242     6.721299531E+00     6.336080777E-01     1.249999632E-01
     1243     6.541946056E+00     7.787343131E-01     1.249999200E-01
     1244     6.554701986E+00     6.183244887E-01     1.249999630E-01
     1245     6.373739822E+00     7.339638020E-01     1.249999141E-01
     1246     6.398804858E+00     5.711229751E-01     1.249999544E-01
     1247     6.218098717E+00     6.706192549E-01     1.249999073E-01
     1248     6.264185278E+00     5.126686759E-01     1.249999441E-01
     1249     6.139666869E+00     4.858829236E-01     1.249999229E-01
     1250     6.065685027E+00     6.041548586E-01     1.249998965E-01
     1251     5.912527429E+00     4.862341338E-01     1.249998921E-01
     1252     6.064088308E+00     2.913857436E-01     1.249999303E-01
     1253     5.856279106E+00     1.258832711E-01     1.249999066E-01
     1254     5.719112638E+00     3.540385910E-01     1.249998867E-01
     1255     5.009071668E+00     1.479033259E-01     1.249998702E-01
     1256     4.933381960E+00    -1.672594861E-01     1.249998699E-01
     1257     4.801762751E+00     1.420650758E-01     1.249998697E-01
     1258     4.732231549E+00    -1.495122471E-01     1.249998697E-01
     1259     4.600757921E+00     1.353236195E-01     1.249998696E-01
     1260     4.533549918E+00    -1.372768373E-01     1.249998696E-01
     1261     4.402132799E+00     1.286896125E-01     1.249998696E-01
     1262     4.335810755E+00    -1.283436399E-01     1.249998696E-01
     1263     4.203523257E+00     1.227412084E-01     1.249998696E-01
     1264     4.137676569E+00    -1.216449575E-01     1.249998696E-01
     1265     4.003828762E+00     1.178213082E-01     1.249998696E-01
     1266     3.938117598E+00    -1.166715646E-01     1.249998696E-01
     1267     3.802877453E+00     1.141286397E-01     1.249998696E-01
     1268     3.737101048E+00    -1.132014839E-01     1.249998696E-01
     1269     3.601122241E+00     1.117760446E-01     1.249998696E-01
     1270     3.535204991E+00    -1.111348620E-01     1.249998696E-01
     1271     3.398925165E+00     1.108352636E-01     1.249998696E-01
     1272     3.332900547E+00    -1.103922595E-01     1.249998696E-01
     1273     3.410712764E-01    -7.425341160E-01     1.249998657E-01
     1274     2.348585410E-01    -7.901837519E-01     1.249998656E-01
     1275     2.653641071E-01    -6.425063021E-01     1.249998649E-01
     1276     1.648648831E-01    -7.145365092E-01     1.249998667E-01
     1277     3.406165061E-01    -5.835398446E-01     1.249998634E-01
     1278     4.697955166E-01    -6.319977091E-01     1.249998658E-01
     1279     1.838011858E+00    -1.834635919E-01     1.249998692E-01
     1280     1.783504461E+00     3.966422233E-02     1.249998689E-01
     1281     2.074438555E+00    -9.555007476E-02     1.249998694E-01
     1282     1.948781763E+00     6.070022870E-02     1.249998692E-01
     1283     3.196496936E+00     1.114059347E-01     1.249998696E-01
     1284     3.130389753E+00    -1.108488976E-01     1.249998696E-01
     1285     2.993987233E+00     1.137064902E-01     1.249998696E-01
     1286     2.927661688E+00    -1.122423363E-01     1.249998696E-01
     1287     2.791536318E+00     1.182463668E-01     1.249998696E-01
     1288     2.724403443E+00    -1.139854624E-01     1.249998696E-01
     1289     2.589157595E+00     1.262173713E-01     1.249998696E-01
     1290     2.519341143E+00    -1.147265794E-01     1.249998696E-01
     1291     2.386713499E+00     1.403516069E-01     1.249998696E-01
     1292     2.307825206E+00    -1.113529948E-01     1.249998695E-01
     1293     2.185016632E+00     1.666916732E-01     1.249998695E-01
     1294     2.003887817E+00     2.216214874E-01     1.249998694E-01
     1295     1.818787318E+00     2.472015368E-01     1.249998692E-01
     1296     1.614188675E+00     2.775898863E-01     1.249998689E-01
     1297     1.416936942E+00     3.442345107E-01     1.249998683E-01
     1298     1.236581433E+00     4.100663065E-01     1.249998679E-01
     1299     1.053841642E+00     4.618976188E-01     1.249998681E-01
     1300     8.601052051E-01     5.168994688E-01     1.249998682E-01
     1301     6.682512632E-01     5.874781553E-01     1.249998687E-01
     1302     4.878491047E-01     6.629412413E-01     1.249998694E-01
     1303     3.202660658E-01     7.306546693E-01     1.249998700E-01
     1304     1.663321477E-01     7.732429343E-01     1.249998696E-01
     1305     5.098921049E-03     7.681919465E-01     1.249998695E-01
     1306    -1.497584148E-01     7.680181740E-01     1.249998677E-01
     1307    -1.316927147E-01     6.269421683E-01     1.249998675E-01
     1308    -2.889801558E-01     7.243972414E-01     1.249998674E-01
     1309    -2.146330824E-01     5.777434903E-01     1.249998659E-01
     1310    -4.240035085E-01     6.550520086E-01     1.249998666E-01
     1311    -3.186014941E-01     5.221008976E-01     1.249998642E-01
     1312    -5.509490956E-01     5.621441782E-01     1.249998668E-01
     1313    -6.615754547E-01     4.493451275E-01     1.249998665E-01
     1314    -7.410593612E-01     3.255996749E-01     1.249998655E-01
     1315    -7.675408686E-01     1.841759987E-01     1.249998668E-01
     1316    -7.677339720E-01     3.183378326E-02     1.249998678E-01
     1317    -7.404221492E-01    -1.243615283E-01     1.249998687E-01
     1318     6.418893589E+00    -7.521539467E-01     1.249999173E-01
     1319     6.489558017E+00    -6.059174907E-01     1.249999604E-01
     1320     6.252479685E+00    -6.812799659E-01     1.249999136E-01
     1321     6.330876094E+00    -5.356147108E-01     1.249999572E-01
     1322     1.920496413E-01    -9.653335552E-01     1.249998696E-01
     1323     3.731925032E-01    -9.107575380E-01     1.249998711E-01
     1324     5.505967185E-01    -8.216439521E-01     1.249998696E-01
     1325     7.308512694E-01    -7.451175474E-01     1.249998696E-01
     1326     9.156435142E-01    -6.777490207E-01     1.249998696E-01
     1327     1.107303823E+00    -6.173362256E-01     1.249998696E-01
     1328     1.300161204E+00    -5.646173399E-01     1.249998696E-01
     1329     1.490690871E+00    -5.193490441E-01     1.249998696E-01
     1330     1.682483485E+00    -4.798009282E-01     1.249998696E-01
     1331     1.875292609E+00    -4.455169129E-01     1.249998696E-01
     1332     2.068904126E+00    -4.161412322E-01     1.249998696E-01
     1333     2.263166681E+00    -3.913891635E-01     1.249998696E-01
     1334     2.460439763E+00    -3.708057075E-01     1.249998696E-01
     1335     2.660354855E+00    -3.543985433E-01     1.249998696E-01
     1336     2.862186716E+00    -3.422056781E-01     1.249998696E-01
     1337     3.064558189E+00    -3.342652841E-01     1.249998696E-01
     1338     3.267051118E+00    -3.305355408E-01     1.249998696E-01
     1339     3.469607616E+00    -3.309866916E-01     1.249998696E-01
     1340     3.672182808E+00    -3.356255960E-01     1.249998696E-01
     1341     3.874248629E+00    -3.444704060E-01     1.249998696E-01
     1342     4.074247940E+00    -3.574594250E-01     1.249998696E-01
     1343     4.270899946E+00    -3.744667046E-01     1.249998696E-01
     1344     4.465901129E+00    -3.956513913E-01     1.249998696E-01
     1345     4.660054895E+00    -4.212446744E-01     1.249998696E-01
     1346     4.853529652E+00    -4.515092120E-01     1.249998696E-01
     1347     5.046167633E+00    -4.867424224E-01     1.249998696E-01
     1348     5.237745787E+00    -5.273160018E-01     1.249998696E-01
     1349     5.428983745E+00    -5.739625947E-01     1.249998696E-01
     1350     5.622263938E+00    -6.282291858E-01     1.249998696E-01
     1351     5.811709914E+00    -6.895692772E-01     1.249998696E-01
     1352     5.995093220E+00    -7.582615003E-01     1.249998696E-01
     1353     6.084755401E+00    -5.990226286E-01     1.249999037E-01
     1354     6.174538250E+00    -8.366834263E-01     1.249998711E-01
     1355     6.343576640E+00    -9.201716011E-01     1.249998696E-01
     1356     6.530329622E+00    -9.707308881E-01     1.249998696E-01
     1357     6.718449748E+00    -9.839206430E-01     1.249998696E-01
     1358     6.905589390E+00    -9.609999243E-01     1.249998696E-01
     1359     7.087968367E+00    -9.014896001E-01     1.249998696E-01
     1360     7.254434047E+00    -8.083603684E-01     1.249998696E-01
     1361     7.398260979E+00    -6.864668314E-01     1.249998696E-01
     1362     7.518575756E+00    -5.357551566E-01     1.249998696E-01
     1363     7.605580686E+00    -3.684974031E-01     1.249998696E-01
     1364     7.659827925E+00    -1.839244741E-01     1.249998696E-01
     1365     7.677165354E+00    -3.614993893E-08     1.249998696E-01
     1366     7.659053805E+00     1.879484722E-01     1.249998696E-01
     1367     7.603778347E+00     3.729302340E-01     1.249998696E-01
     1368     7.515807047E+00     5.399981112E-01     1.249998696E-01
     1369     6.901998163E+00     9.617876551E-01     1.249998696E-01
     1370     6.712741366E+00     9.840522286E-01     1.249998696E-01
     1371     6.524399304E+00     9.697190015E-01     1.249998696E-01
     1372     6.340224791E+00     9.188921005E-01     1.249998696E-01
     1373     6.174538250E+00     8.366834263E-01     1.249998711E-01
     1374     5.996567017E+00     7.588565131E-01     1.249998696E-01
     1375     5.813255882E+00     6.901073227E-01     1.249998696E-01
     1376     5.622372376E+00     6.282618526E-01     1.249998696E-01
     1377     5.429289068E+00     5.740424019E-01     1.249998696E-01
     1378     5.239092248E+00     5.276221041E-01     1.249998696E-01
     1379     5.047569099E+00     4.870185171E-01     1.249998696E-01
     1380     4.854984904E+00     4.517557605E-01     1.249998696E-01
     1381     4.661562927E+00     4.214617608E-01     1.249998696E-01
     1382     4.467466986E+00     3.958394917E-01     1.249998696E-01
     1383     4.270799405E+00     3.744569086E-01     1.249998696E-01
     1384     4.071411700E+00     3.572452217E-01     1.249998696E-01
     1385     3.869839758E+00     3.442319283E-01     1.249998696E-01
     1386     3.667621204E+00     3.354747936E-01     1.249998696E-01
     1387     3.465210457E+00     3.309325256E-01     1.249998696E-01
     1388     3.262647810E+00     3.305721265E-01     1.249998696E-01
     1389     3.060013809E+00     3.343971498E-01     1.249998696E-01
     1390     2.857782774E+00     3.424258096E-01     1.249998696E-01
     1391     2.656680730E+00     3.546607584E-01     1.249998696E-01
     1392     2.458063840E+00     3.710272564E-01     1.249998696E-01
     1393     2.262096749E+00     3.915130792E-01     1.249998696E-01
     1394     2.067890382E+00     4.162825287E-01     1.249998696E-01
     1395     1.874329597E+00     4.456753356E-01     1.249998696E-01
     1396     1.681571712E+00     4.799756723E-01     1.249998696E-01
     1397     1.489830919E+00     5.195394502E-01     1.249998696E-01
     1398     1.299353774E+00     5.648229208E-01     1.249998696E-01
     1399     1.105493503E+00     6.178673066E-01     1.249998696E-01
     1400     9.148318088E-01     6.780239998E-01     1.249998696E-01
     1401     7.308956403E-01     7.451001339E-01     1.249998696E-01
     1402     5.506832874E-01     8.216041574E-01     1.249998696E-01
     1403     3.731925032E-01     9.107575380E-01     1.249998711E-01
     1404     1.887638817E-01     9.659814359E-01     1.249998696E-01
     1405    -1.261046128E-03     9.842511607E-01     1.249998696E-01
     1406    -1.910924073E-01     9.655235002E-01     1.249998696E-01
     1407    -3.758287874E-01     9.096728313E-01     1.249998696E-01
     1408    -5.466384723E-01     8.184975981E-01     1.249998696E-01
     1409    -6.942204541E-01     6.977176353E-01     1.249998696E-01
     1410    -8.195882824E-01     5.450018210E-01     1.249998696E-01
     1411    -9.093046782E-01     3.767186479E-01     1.249998696E-01
     1412    -9.655023967E-01     1.911990048E-01     1.249998696E-01
     1413    -9.842519685E-01    -7.177246096E-10     1.249998696E-01
     1414    -9.646819061E-01    -1.952965887E-01     1.249998696E-01
     1415    -9.065148545E-01    -3.833833017E-01     1.249998696E-01
     1416    -8.157167122E-01    -5.507796138E-01     1.249998696E-01
     1417    -6.943817678E-01    -6.975570930E-01     1.249998696E-01
     1418    -5.427417753E-01    -8.210866597E-01     1.249998696E-01
     1419     6.179078303E+00    -4.434979352E-01     1.249999420E-01
     1420     4.411003277E-01    -4.467762749E-01     1.249998668E-01
     1421     3.129789021E-01    -4.814157492E-01     1.249998658E-01
     1422     2.167443401E-01    -5.314772599E-01     1.249998665E-01
     1423     1.204808710E-01    -5.884819158E-01     1.249998682E-01
     1424     3.025448300E-01    -1.291482508E-01     1.249998766E-01
     1425     3.522884226E-01    -3.219314898E-02     1.249998756E-01
     1426    -1.781703476E-01     1.753719682E-01     1.249998808E-01
     1427     2.304099199E-01     9.701169418E-02     1.249998808E-01
     1428     2.500000000E-01     1.968017801E-08     1.249998808E-01
     1429     2.317907321E-01    -9.366459588E-02     1.249998808E-01
     1430     1.777512254E-01    -1.757967630E-01     1.249998808E-01
     1431     1.474665152E-01     2.937444564E-01     0.000000000E+00
     1432     2.554445383E-01     2.472840909E-01     0.000000000E+00
     1433     9.307347779E-02     2.320287218E-01     0.000000000E+00
     1434     1.765115730E-01     1.770414206E-01     0.000000000E+00
     1435     9.375000000E-02     4.485000075E-01     0.000000000E+00
     1436     3.220385599E-01     3.718112971E-01     0.000000000E+00
     1437     3.689684624E-09     3.547500000E-01     0.000000000E+00
     1438    -2.352370522E-01    -2.648984071E-01     0.000000000E+00
     1439    -2.939777071E-01    -4.382472903E-01     0.000000000E+00
     1440    -3.160383505E-01    -1.860847919E-01     0.000000000E+00
     1441    -4.268715067E-01    -3.094598920E-01     0.000000000E+00
     1442    -1.441680865E-01    -2.991035418E-01     0.000000000E+00
     1443    -9.375000116E-02    -4.484999822E-01     0.000000000E+00
     1444    -2.238995330E-01    -6.085897956E-01     0.000000000E+00
     1445    -3.982361139E-01    -6.883010930E-01     0.000000000E+00
     1446    -4.976407758E-01    -5.602988215E-01     0.000000000E+00
     1447    -1.858800798E-01    -7.694652039E-01     0.000000000E+00
     1448    -3.214522526E-01    -7.885304186E-01     0.000000000E+00
     1449    -1.754232653E-01    -1.781198417E-01     0.000000000E+00
     1450    -9.284295275E-02    -2.321210592E-01     0.000000000E+00
     1451    -2.305703950E-01    -9.662966907E-02     0.000000000E+00
     1452    -1.106321649E-08    -3.547500000E-01     0.000000000E+00
     1453     3.689684868E-09    -5.422500000E-01     0.000000000E+00
     1454    -2.499999970E-01    -3.061616897E-17     0.000000000E+00
     1455    -3.734096310E-01    -9.001727942E-02     0.000000000E+00
     1456    -4.238279101E-01     4.125260783E-03     0.000000000E+00
     1457    -3.264673863E-01     4.554037825E-02     0.000000000E+00
     1458    -3.139639632E-01     3.486711663E-01     0.000000000E+00
     1459    -1.909334349E-01     2.833558674E-01     0.000000000E+00
     1460    -4.363684237E-01     2.455650552E-01     0.000000000E+00
     1461    -2.749796999E-01     2.089350448E-01     0.000000000E+00
     1462    -2.043006494E-01     4.124112682E-01     0.000000000E+00
     1463    -9.611676160E-02     3.297877460E-01     0.000000000E+00
     1464     2.541732311E-01    -3.687382279E-01     0.000000000E+00
     1465     1.716973864E-01    -2.888078859E-01     0.000000000E+00
     1466     3.683483983E-01    -2.885267908E-01     0.000000000E+00
     1467     2.544611125E-01    -2.206647119E-01     0.000000000E+00
     1468     1.658162746E-01    -4.167946410E-01     0.000000000E+00
     1469     8.615070546E-02    -3.300072318E-01     0.000000000E+00
     1470    -9.375000116E-02     4.484999822E-01     0.000000000E+00
     1471    -2.950190988E-08     2.500000000E-01     0.000000000E+00
     1472    -9.587519154E-02     2.308851395E-01     0.000000000E+00
     1473     9.375000000E-02    -4.484999925E-01     0.000000000E+00
     1474     9.839159128E-09    -2.500000000E-01     0.000000000E+00
     1475     9.553426606E-02    -2.310264141E-01     0.000000000E+00
     1476    -1.693937119E-02    -7.064384840E-01     0.000000000E+00
     1477     1.514462242E-01     6.332760357E-01     0.000000000E+00
     1478     2.532559313E-01     5.769930873E-01     0.000000000E+00
     1479    -1.106321627E-08     5.422500000E-01     0.000000000E+00
     1480    -5.637744924E-01    -5.984304788E-02     0.000000000E+00
     1481    -5.083679816E-01    -1.841348747E-01     0.000000000E+00
     1482    -1.891856107E-01    -9.658989296E-01     0.000000000E+00
     1483    -3.750452375E-01    -9.099961579E-01     0.000000000E+00
     1484     1.731644909E-03    -9.842504452E-01     0.000000000E+00
     1485     7.089965458E+00    -6.255953941E-01     0.000000000E+00
     1486     6.965272018E+00    -7.591513784E-01     0.000000000E+00
     1487     6.811489565E+00    -6.782262191E-01     0.000000000E+00
     1488     7.240209392E+00    -4.815563041E-01     0.000000000E+00
     1489    -2.316972920E-01     9.389549986E-02     0.000000000E+00
     1490    -3.178663893E-01     1.189865442E-01     0.000000000E+00
     1491     7.048189379E+00     5.870343058E-01     0.000000000E+00
     1492     7.048265876E+00     7.468547835E-01     0.000000000E+00
     1493     7.225514109E+00     6.025198020E-01     0.000000000E+00
     1494     7.176606690E+00     7.227717737E-01     0.000000000E+00
     1495     7.249456806E+00     8.117951462E-01     0.000000000E+00
     1496     7.397080394E+00     6.876778043E-01     0.000000000E+00
     1497     7.084617608E+00     9.029505745E-01     0.000000000E+00
     1498     5.346828131E+00    -2.426878778E-01     0.000000000E+00
     1499     5.138496116E+00    -1.952085197E-01     0.000000000E+00
     1500     5.487274394E+00     1.485772276E-01     0.000000000E+00
     1501     5.230739190E+00     1.511159513E-01     0.000000000E+00
     1502     5.544801721E+00    -3.292258681E-01     0.000000000E+00
     1503     5.680391192E+00    -7.549427534E-02     0.000000000E+00
     1504    -6.020544281E-01    -4.241994975E-01     0.000000000E+00
     1505    -6.846155182E-01    -2.781800157E-01     0.000000000E+00
     1506     5.047233073E-01     2.654385872E-01     0.000000000E+00
     1507     7.468240749E-01     1.345979095E-01     0.000000000E+00
     1508     3.811959482E-01     1.222093142E-01     0.000000000E+00
     1509     5.654603869E-01     1.145196330E-03     0.000000000E+00
     1510     5.966017891E-01     4.263158671E-01     0.000000000E+00
     1511     8.035246741E-01     3.439452443E-01     0.000000000E+00
     1512     4.146606099E-01     5.101991856E-01     0.000000000E+00
     1513     5.731459255E+00    -4.238931566E-01     0.000000000E+00
     1514     5.849832169E+00    -2.294005831E-01     0.000000000E+00
     1515     8.569876206E-01    -7.633828284E-02     0.000000000E+00
     1516     6.785434884E-01    -1.582522639E-01     0.000000000E+00
     1517     9.902864146E-01     1.414258649E-01     0.000000000E+00
     1518     1.047966906E+00    -1.937041784E-02     0.000000000E+00
     1519     1.008971991E+00     3.030211521E-01     0.000000000E+00
     1520     6.872967641E+00    -8.524226009E-01     0.000000000E+00
     1521     6.746772092E+00    -8.264256878E-01     0.000000000E+00
     1522     5.242619825E-01    -2.374599312E-01     0.000000000E+00
     1523     4.548280793E-01    -1.083168169E-01     0.000000000E+00
     1524     3.717329538E-01    -1.687489374E-01     0.000000000E+00
     1525     1.206709747E+00     4.985781570E-02     0.000000000E+00
     1526     1.126522708E+00     1.543276960E-01     0.000000000E+00
     1527     1.329276950E+00     1.763298843E-01     0.000000000E+00
     1528     1.176535557E+00     2.657760787E-01     0.000000000E+00
     1529     7.667438068E-01    -3.276244232E-01     0.000000000E+00
     1530     5.986331973E-01    -3.942659659E-01     0.000000000E+00
     1531     9.473069252E-01    -2.569871420E-01     0.000000000E+00
     1532     1.134167271E+00    -1.888586053E-01     0.000000000E+00
     1533     1.320930392E+00    -1.059879882E-01     0.000000000E+00
     1534     1.533346810E+00     3.061549473E-02     0.000000000E+00
     1535    -5.402901968E-01     3.606918291E-01     0.000000000E+00
     1536    -6.289804431E-01     2.886190401E-01     0.000000000E+00
     1537    -6.090544609E-01     1.887403835E-01     0.000000000E+00
     1538    -4.310588393E-01     4.479233253E-01     0.000000000E+00
     1539    -4.435425185E-01     1.117029304E-01     0.000000000E+00
     1540    -5.940139010E-01     6.709636795E-02     0.000000000E+00
     1541     8.433160005E-01    -5.022580365E-01     0.000000000E+00
     1542     6.608769687E-01    -5.683686390E-01     0.000000000E+00
     1543     1.029579131E+00    -4.369850065E-01     0.000000000E+00
     1544     1.219624187E+00    -3.736577654E-01     0.000000000E+00
     1545     1.413324837E+00    -3.076226497E-01     0.000000000E+00
     1546     1.618639727E+00    -2.369088704E-01     0.000000000E+00
     1547     6.011847029E+00    -3.476857745E-01     0.000000000E+00
     1548     5.910201504E+00    -5.142638786E-01     0.000000000E+00
     1549     6.109588048E+00    -2.011539561E-01     0.000000000E+00
     1550     5.980701519E+00    -6.608328443E-02     0.000000000E+00
     1551     6.122361905E+00     5.304041595E-02     0.000000000E+00
     1552     6.179630826E+00    -8.543277583E-02     0.000000000E+00
     1553     7.351174510E+00     5.431482039E-02     0.000000000E+00
     1554     7.381019181E+00     2.493934150E-01     0.000000000E+00
     1555     7.507959235E+00     9.751789947E-03     0.000000000E+00
     1556     7.521881465E+00     1.422482997E-01     0.000000000E+00
     1557     7.286561398E+00    -2.864921427E-01     0.000000000E+00
     1558     7.446388512E+00    -3.094574845E-01     0.000000000E+00
     1559     7.408497458E+00    -4.383878265E-01     0.000000000E+00
     1560     7.485200077E+00    -1.504878050E-01     0.000000000E+00
     1561     7.328082700E+00    -1.173712600E-01     0.000000000E+00
     1562     6.587817758E+00    -7.988494264E-01     0.000000000E+00
     1563     6.652397010E+00    -6.478265998E-01     0.000000000E+00
     1564     7.290583905E+00     4.364591938E-01     0.000000000E+00
     1565     6.887443779E+00     6.164445303E-01     0.000000000E+00
     1566     6.888698338E+00     7.790072018E-01     0.000000000E+00
     1567     6.716284965E+00     7.936066833E-01     0.000000000E+00
     1568     6.721324462E+00     6.335484674E-01     0.000000000E+00
     1569     6.541758201E+00     7.786708072E-01     0.000000000E+00
     1570     6.554500376E+00     6.182308545E-01     0.000000000E+00
     1571     6.373645085E+00     7.339180021E-01     0.000000000E+00
     1572     6.398694490E+00     5.710591322E-01     0.000000000E+00
     1573     6.218073851E+00     6.706054048E-01     0.000000000E+00
     1574     6.264137340E+00     5.126422609E-01     0.000000000E+00
     1575     6.139640381E+00     4.858666847E-01     0.000000000E+00
     1576     6.065672599E+00     6.041426795E-01     0.000000000E+00
     1577     5.912519515E+00     4.862243582E-01     0.000000000E+00
     1578     6.064072835E+00     2.913782661E-01     0.000000000E+00
     1579     5.856272152E+00     1.258802103E-01     0.000000000E+00
     1580     5.719110313E+00     3.540316744E-01     0.000000000E+00
     1581     5.009069391E+00     1.479059573E-01     0.000000000E+00
     1582     4.933379595E+00    -1.672664214E-01     0.000000000E+00
     1583     4.801760711E+00     1.420699734E-01     0.000000000E+00
     1584     4.732229712E+00    -1.495164614E-01     0.000000000E+00
     1585     4.600756602E+00     1.353289457E-01     0.000000000E+00
     1586     4.533548928E+00    -1.372775904E-01     0.000000000E+00
     1587     4.402132331E+00     1.286935989E-01     0.000000000E+00
     1588     4.335810587E+00    -1.283411895E-01     0.000000000E+00
     1589     4.203523462E+00     1.227426591E-01     0.000000000E+00
     1590     4.137676954E+00    -1.216404344E-01     0.000000000E+00
     1591     4.003829297E+00     1.178199641E-01     0.000000000E+00
     1592     3.938118170E+00    -1.166666918E-01     0.000000000E+00
     1593     3.802877988E+00     1.141253224E-01     0.000000000E+00
     1594     3.737101515E+00    -1.131980587E-01     0.000000000E+00
     1595     3.601122603E+00     1.117724831E-01     0.000000000E+00
     1596     3.535205268E+00    -1.111335673E-01     0.000000000E+00
     1597     3.398925342E+00     1.108331272E-01     0.000000000E+00
     1598     3.332900676E+00    -1.103920318E-01     0.000000000E+00
     1599     3.410172391E-01    -7.425383244E-01     0.000000000E+00
     1600     2.345307669E-01    -7.902356209E-01     0.000000000E+00
     1601     2.652723529E-01    -6.425136657E-01     0.000000000E+00
     1602     1.645953933E-01    -7.145617594E-01     0.000000000E+00
     1603     3.405616742E-01    -5.835422663E-01     0.000000000E+00
     1604     4.697749026E-01    -6.319942663E-01     0.000000000E+00
     1605     1.838013470E+00    -1.834684791E-01     0.000000000E+00
     1606     1.783505989E+00     3.966466742E-02     0.000000000E+00
     1607     2.074439026E+00    -9.555297622E-02     0.000000000E+00
     1608     1.948782673E+00     6.069994131E-02     0.000000000E+00
     1609     3.196496972E+00     1.114057570E-01     0.000000000E+00
     1610     3.130389730E+00    -1.108473781E-01     0.000000000E+00
     1611     2.993987100E+00     1.137063985E-01     0.000000000E+00
     1612     2.927661431E+00    -1.122388573E-01     0.000000000E+00
     1613     2.791535895E+00     1.182439164E-01     0.000000000E+00
     1614     2.724402904E+00    -1.139816184E-01     0.000000000E+00
     1615     2.589156916E+00     1.262124880E-01     0.000000000E+00
     1616     2.519340482E+00    -1.147243993E-01     0.000000000E+00
     1617     2.386712886E+00     1.403459678E-01     0.000000000E+00
     1618     2.307824836E+00    -1.113536305E-01     0.000000000E+00
     1619     2.185016582E+00     1.666877298E-01     0.000000000E+00
     1620     2.003888560E+00     2.216227767E-01     0.000000000E+00
     1621     1.818789054E+00     2.472074205E-01     0.000000000E+00
     1622     1.614191024E+00     2.775983796E-01     0.000000000E+00
     1623     1.416938851E+00     3.442435281E-01     0.000000000E+00
     1624     1.236582262E+00     4.100723564E-01     0.000000000E+00
     1625     1.053840353E+00     4.618964684E-01     0.000000000E+00
     1626     8.601009330E-01     5.168914862E-01     0.000000000E+00
     1627     6.682453532E-01     5.874682358E-01     0.000000000E+00
     1628     4.878432053E-01     6.629349009E-01     0.000000000E+00
     1629     3.202012003E-01     7.306632979E-01     0.000000000E+00
     1630     1.660088767E-01     7.732956364E-01     0.000000000E+00
     1631     4.835839637E-03     7.681929872E-01     0.000000000E+00
     1632    -1.499728502E-01     7.679568148E-01     0.000000000E+00
     1633    -1.318417445E-01     6.268758318E-01     0.000000000E+00
     1634    -2.893662980E-01     7.242129212E-01     0.000000000E+00
     1635    -2.148403595E-01     5.776242248E-01     0.000000000E+00
     1636    -4.245414981E-01     6.546749822E-01     0.000000000E+00
     1637    -3.188745454E-01     5.218906194E-01     0.000000000E+00
     1638    -5.513576133E-01     5.617382270E-01     0.000000000E+00
     1639    -6.618259537E-01     4.489992667E-01     0.000000000E+00
     1640    -7.411895195E-01     3.253496051E-01     0.000000000E+00
     1641    -7.675987818E-01     1.840057156E-01     0.000000000E+00
     1642    -7.677504086E-01     3.182063346E-02     0.000000000E+00
     1643    -7.404462251E-01    -1.242970014E-01     0.000000000E+00
     1644     6.418767644E+00    -7.520931679E-01     0.000000000E+00
     1645     6.489397968E+00    -6.058313034E-01     0.000000000E+00
     1646     6.252431756E+00    -6.812453951E-01     0.000000000E+00
     1647     6.330798499E+00    -5.355512804E-01     0.000000000E+00
     1648     1.912659784E-01    -9.654891315E-01     0.000000000E+00
     1649     3.731925055E-01    -9.107575055E-01     0.000000000E+00
     1650     5.505925772E-01    -8.216349046E-01     0.000000000E+00
     1651     7.308454153E-01    -7.451025782E-01     0.000000000E+00
     1652     9.156399631E-01    -6.777384595E-01     0.000000000E+00
     1653     1.107303808E+00    -6.173360664E-01     0.000000000E+00
     1654     1.300163772E+00    -5.646272756E-01     0.000000000E+00
     1655     1.490694374E+00    -5.193646685E-01     0.000000000E+00
     1656     1.682486552E+00    -4.798166780E-01     0.000000000E+00
     1657     1.875294463E+00    -4.455278618E-01     0.000000000E+00
     1658     2.068904635E+00    -4.161444567E-01     0.000000000E+00
     1659     2.263166192E+00    -3.913843990E-01     0.000000000E+00
     1660     2.460438857E+00    -3.707952519E-01     0.000000000E+00
     1661     2.660354086E+00    -3.543867275E-01     0.000000000E+00
     1662     2.862186375E+00    -3.421972773E-01     0.000000000E+00
     1663     3.064558197E+00    -3.342627718E-01     0.000000000E+00
     1664     3.267051201E+00    -3.305352712E-01     0.000000000E+00
     1665     3.469607771E+00    -3.309815290E-01     0.000000000E+00
     1666     3.672183248E+00    -3.356152279E-01     0.000000000E+00
     1667     3.874249364E+00    -3.444587002E-01     0.000000000E+00
     1668     4.074248674E+00    -3.574511017E-01     0.000000000E+00
     1669     4.270900204E+00    -3.744651594E-01     0.000000000E+00
     1670     4.465900476E+00    -3.956577730E-01     0.000000000E+00
     1671     4.660053149E+00    -4.212576310E-01     0.000000000E+00
     1672     4.853527072E+00    -4.515251779E-01     0.000000000E+00
     1673     5.046164993E+00    -4.867564847E-01     0.000000000E+00
     1674     5.237744260E+00    -5.273233148E-01     0.000000000E+00
     1675     5.428984526E+00    -5.739601552E-01     0.000000000E+00
     1676     5.622267534E+00    -6.282177492E-01     0.000000000E+00
     1677     5.811715013E+00    -6.895550769E-01     0.000000000E+00
     1678     5.995096551E+00    -7.582536634E-01     0.000000000E+00
     1679     6.084729699E+00    -5.989988296E-01     0.000000000E+00
     1680     6.174538431E+00    -8.366834079E-01     0.000000000E+00
     1681     6.343482398E+00    -9.201358174E-01     0.000000000E+00
     1682     6.530124843E+00    -9.706965684E-01     0.000000000E+00
     1683     6.718135180E+00    -9.839287569E-01     0.000000000E+00
     1684     6.905181533E+00    -9.610900953E-01     0.000000000E+00
     1685     7.087497265E+00    -9.016959020E-01     0.000000000E+00
     1686     7.253967783E+00    -8.086840550E-01     0.000000000E+00
     1687     7.397793091E+00    -6.869472608E-01     0.000000000E+00
     1688     7.518240830E+00    -5.362709639E-01     0.000000000E+00
     1689     7.605311749E+00    -3.691627881E-01     0.000000000E+00
     1690     7.659679306E+00    -1.847040689E-01     0.000000000E+00
     1691     7.677165354E+00    -3.614993927E-08     0.000000000E+00
     1692     7.658907643E+00     1.886982605E-01     0.000000000E+00
     1693     7.603445579E+00     3.737419727E-01     0.000000000E+00
     1694     7.515381118E+00     5.406466199E-01     0.000000000E+00
     1695     6.901550020E+00     9.618849685E-01     0.000000000E+00
     1696     6.712413433E+00     9.840587816E-01     0.000000000E+00
     1697     6.524219388E+00     9.696877191E-01     0.000000000E+00
     1698     6.340153097E+00     9.188645800E-01     0.000000000E+00
     1699     6.174538431E+00     8.366834079E-01     0.000000000E+00
     1700     5.996570321E+00     7.588487586E-01     0.000000000E+00
     1701     5.813260989E+00     6.900931404E-01     0.000000000E+00
     1702     5.622375986E+00     6.282504160E-01     0.000000000E+00
     1703     5.429289869E+00     5.740399504E-01     0.000000000E+00
     1704     5.239090753E+00     5.276293601E-01     0.000000000E+00
     1705     5.047566484E+00     4.870325509E-01     0.000000000E+00
     1706     4.854982344E+00     4.517717354E-01     0.000000000E+00
     1707     4.661561198E+00     4.214747606E-01     0.000000000E+00
     1708     4.467466351E+00     3.958459383E-01     0.000000000E+00
     1709     4.270799692E+00     3.744553622E-01     0.000000000E+00
     1710     4.071412466E+00     3.572368235E-01     0.000000000E+00
     1711     3.869840518E+00     3.442202012E-01     0.000000000E+00
     1712     3.667621667E+00     3.354645099E-01     0.000000000E+00
     1713     3.465210640E+00     3.309274954E-01     0.000000000E+00
     1714     3.262647926E+00     3.305719038E-01     0.000000000E+00
     1715     3.060013847E+00     3.343945133E-01     0.000000000E+00
     1716     2.857782456E+00     3.424172920E-01     0.000000000E+00
     1717     2.656679989E+00     3.546489201E-01     0.000000000E+00
     1718     2.458062970E+00     3.710168429E-01     0.000000000E+00
     1719     2.262096300E+00     3.915083502E-01     0.000000000E+00
     1720     2.067890932E+00     4.162857917E-01     0.000000000E+00
     1721     1.874331494E+00     4.456863120E-01     0.000000000E+00
     1722     1.681574818E+00     4.799914276E-01     0.000000000E+00
     1723     1.489834455E+00     5.195550539E-01     0.000000000E+00
     1724     1.299356364E+00     5.648328137E-01     0.000000000E+00
     1725     1.105493485E+00     6.178670342E-01     0.000000000E+00
     1726     9.148282671E-01     6.780133943E-01     0.000000000E+00
     1727     7.308898003E-01     7.450851591E-01     0.000000000E+00
     1728     5.506791469E-01     8.215951033E-01     0.000000000E+00
     1729     3.731925055E-01     9.107575055E-01     0.000000000E+00
     1730     1.880481657E-01     9.661210198E-01     0.000000000E+00
     1731    -1.771684930E-03     9.842503740E-01     0.000000000E+00
     1732    -1.913731262E-01     9.654678990E-01     0.000000000E+00
     1733    -3.764311471E-01     9.094237346E-01     0.000000000E+00
     1734    -5.475115221E-01     8.179138529E-01     0.000000000E+00
     1735    -6.948008456E-01     6.971396721E-01     0.000000000E+00
     1736    -8.199022881E-01     5.445293156E-01     0.000000000E+00
     1737    -9.094353037E-01     3.764031958E-01     0.000000000E+00
     1738    -9.655511942E-01     1.909524257E-01     0.000000000E+00
     1739    -9.842519685E-01    -7.177244351E-10     0.000000000E+00
     1740    -9.647022852E-01    -1.951958978E-01     0.000000000E+00
     1741    -9.065888852E-01    -3.832082081E-01     0.000000000E+00
     1742    -8.158782304E-01    -5.505403261E-01     0.000000000E+00
     1743    -6.946578153E-01    -6.972821934E-01     0.000000000E+00
     1744    -5.431852849E-01    -8.207933259E-01     0.000000000E+00
     1745     6.179033215E+00    -4.434610699E-01     0.000000000E+00
     1746     4.410817830E-01    -4.467756044E-01     0.000000000E+00
     1747     3.129368792E-01    -4.814177880E-01     0.000000000E+00
     1748     2.166756434E-01    -5.314819948E-01     0.000000000E+00
     1749     1.203400247E-01    -5.884911658E-01     0.000000000E+00
     1750     3.025388069E-01    -1.291531859E-01     0.000000000E+00
     1751     3.522846773E-01    -3.219384624E-02     0.000000000E+00
     1752    -1.781574797E-01     1.753850405E-01     0.000000000E+00
     1753     2.304086745E-01     9.701465196E-02     0.000000000E+00
     1754     2.500000000E-01     1.968017795E-08     0.000000000E+00
     1755     2.317877238E-01    -9.367204016E-02     0.000000000E+00
     1756     1.777413664E-01    -1.758067310E-01     0.000000000E+00
     1757    -2.450990029E-01    -4.925930136E-02     3.750000000E-01
     1758    -2.070723857E-01    -1.400750766E-01     3.750000000E-01
     1759    -1.368631698E-01    -2.092091603E-01     3.750000000E-01
     1760    -4.729632196E-02    -2.454853518E-01     3.750000000E-01
     1761    -6.629126613E-02    -5.147912553E-01     0.000000000E+00
     1762    -6.629125356E-02     3.822087321E-01     0.000000000E+00
     1763    -2.450944702E-01    -4.928184921E-02     0.000000000E+00
     1764    -2.070455870E-01    -1.401146848E-01     0.000000000E+00
     1765    -1.368236961E-01    -2.092349784E-01     0.000000000E+00
     1766    -4.727438149E-02    -2.454895779E-01     0.000000000E+00
     1767     6.287413386E+00    -1.949139703E-01     3.750000000E-01
     1768     6.287413386E+00     1.868929878E-03     3.750000000E-01
     1769     6.287413386E+00     1.967829002E-01     3.750000000E-01
     1770     6.341913907E+00     3.560889854E-01     3.750000000E-01
     1771     6.478641366E+00     4.517604469E-01     3.750000000E-01
     1772     6.639727238E+00     4.971631861E-01     3.750000000E-01
     1773     6.808294787E+00     4.865050178E-01     3.750000000E-01
     1774     6.961794789E+00     4.215480883E-01     3.750000000E-01
     1775     6.174538250E+00     8.366834263E-01     6.249993557E-02
     1776     4.611346233E-01     8.645785339E-01     0.000000000E+00
     1777     6.402412659E-01     7.820589691E-01     0.000000000E+00
     1778     8.224633289E-01     7.104629604E-01     0.000000000E+00
     1779     1.009851633E+00     6.469590433E-01     0.000000000E+00
     1780     1.202185697E+00     5.904747928E-01     0.000000000E+00
     1781     1.394417951E+00     5.414469362E-01     0.000000000E+00
     1782     1.585563746E+00     4.990900732E-01     0.000000000E+00
     1783     1.777840513E+00     4.622056406E-01     0.000000000E+00
     1784     1.971021051E+00     4.303922110E-01     0.000000000E+00
     1785     2.164921834E+00     4.033342157E-01     0.000000000E+00
     1786     2.360022620E+00     3.807171381E-01     0.000000000E+00
     1787     2.557327126E+00     3.622944632E-01     0.000000000E+00
     1788     2.757198687E+00     3.479979794E-01     0.000000000E+00
     1789     2.958877171E+00     3.378768387E-01     0.000000000E+00
     1790     3.161321016E+00     3.319597195E-01     0.000000000E+00
     1791     3.363930197E+00     3.302280059E-01     0.000000000E+00
     1792     3.566427903E+00     3.326715821E-01     0.000000000E+00
     1793     3.768754083E+00     3.393111716E-01     0.000000000E+00
     1794     3.970661363E+00     3.501883178E-01     0.000000000E+00
     1795     4.171153199E+00     3.653002462E-01     0.000000000E+00
     1796     4.369193211E+00     3.845970487E-01     0.000000000E+00
     1797     4.564588710E+00     4.080926059E-01     0.000000000E+00
     1798     4.758365755E+00     4.360229758E-01     0.000000000E+00
     1799     4.951391842E+00     4.687604775E-01     0.000000000E+00
     1800     5.143475684E+00     5.066367653E-01     0.000000000E+00
     1801     5.334375964E+00     5.500733425E-01     0.000000000E+00
     1802     5.526082869E+00     6.002542663E-01     0.000000000E+00
     1803     5.718146729E+00     6.581576905E-01     0.000000000E+00
     1804     5.905334782E+00     7.233523068E-01     0.000000000E+00
     1805     6.086122895E+00     7.964644117E-01     0.000000000E+00
     1806     3.731925032E-01     9.107575380E-01     6.249993557E-02
     1807     2.819823647E-01     9.429941058E-01     0.000000000E+00
     1808     9.357831034E-02     9.797933646E-01     0.000000000E+00
     1809    -9.702795915E-02     9.794577646E-01     0.000000000E+00
     1810    -2.852817209E-01     9.420012087E-01     0.000000000E+00
     1811    -4.642316540E-01     8.678945264E-01     0.000000000E+00
     1812    -6.240846140E-01     7.610981094E-01     0.000000000E+00
     1813    -7.611858354E-01     6.239776129E-01     0.000000000E+00
     1814    -8.687454890E-01     4.626372368E-01     0.000000000E+00
     1815    -9.420677199E-01     2.850620084E-01     0.000000000E+00
     1816    -9.795656183E-01     9.593298126E-02     0.000000000E+00
     1817     4.611346233E-01     8.645785339E-01     3.750000000E-01
     1818     6.402412659E-01     7.820589691E-01     3.750000000E-01
     1819     8.224633289E-01     7.104629604E-01     3.750000000E-01
     1820     1.009851633E+00     6.469590433E-01     3.750000000E-01
     1821     1.202185697E+00     5.904747928E-01     3.750000000E-01
     1822     1.394417951E+00     5.414469362E-01     3.750000000E-01
     1823     1.585563746E+00     4.990900732E-01     3.750000000E-01
     1824     1.777840513E+00     4.622056406E-01     3.750000000E-01
     1825     1.971021051E+00     4.303922110E-01     3.750000000E-01
     1826     2.164921834E+00     4.033342157E-01     3.750000000E-01
     1827     2.360022620E+00     3.807171381E-01     3.750000000E-01
     1828     2.557327126E+00     3.622944632E-01     3.750000000E-01
     1829     2.757198687E+00     3.479979794E-01     3.750000000E-01
     1830     2.958877171E+00     3.378768387E-01     3.750000000E-01
     1831     3.161321016E+00     3.319597195E-01     3.750000000E-01
     1832     3.363930197E+00     3.302280059E-01     3.750000000E-01
     1833     3.566427903E+00     3.326715821E-01     3.750000000E-01
     1834     3.768754083E+00     3.393111716E-01     3.750000000E-01
     1835     3.970661363E+00     3.501883178E-01     3.750000000E-01
     1836     4.171153199E+00     3.653002462E-01     3.750000000E-01
     1837     4.369193211E+00     3.845970487E-01     3.750000000E-01
     1838     4.564588710E+00     4.080926059E-01     3.750000000E-01
     1839     4.758365755E+00     4.360229758E-01     3.750000000E-01
     1840     4.951391842E+00     4.687604775E-01     3.750000000E-01
     1841     5.143475684E+00     5.066367653E-01     3.750000000E-01
     1842     5.334375964E+00     5.500733425E-01     3.750000000E-01
     1843     5.526082869E+00     6.002542663E-01     3.750000000E-01
     1844     5.718146729E+00     6.581576905E-01     3.750000000E-01
     1845     5.905334782E+00     7.233523068E-01     3.750000000E-01
     1846     6.086122895E+00     7.964644117E-01     3.750000000E-01
     1847     2.823334284E-01     9.428890564E-01     3.750000000E-01
     1848     9.419783840E-02     9.797339969E-01     3.750000000E-01
     1849    -9.663148252E-02     9.794969597E-01     3.750000000E-01
     1850    -2.848332556E-01     9.421369083E-01     3.750000000E-01
     1851    -4.634800724E-01     8.682961246E-01     3.750000000E-01
     1852    -6.233572754E-01     7.616939311E-01     3.750000000E-01
     1853    -7.607410717E-01     6.245197830E-01     3.750000000E-01
     1854    -8.685292517E-01     4.630430611E-01     3.750000000E-01
     1855    -9.419808744E-01     2.853488564E-01     3.750000000E-01
     1856    -9.795532329E-01     9.605936403E-02     3.750000000E-01
     1857     3.731925032E-01    -9.107575380E-01     6.249993557E-02
     1858     6.085394568E+00    -7.961464103E-01     0.000000000E+00
     1859     5.903824062E+00    -7.227866235E-01     0.000000000E+00
     1860     5.717314145E+00    -6.578882838E-01     0.000000000E+00
     1861     5.525876406E+00    -6.001963489E-01     0.000000000E+00
     1862     5.333551879E+00    -5.498724426E-01     0.000000000E+00
     1863     5.142101523E+00    -5.063457963E-01     0.000000000E+00
     1864     4.949963323E+00    -4.684991982E-01     0.000000000E+00
     1865     4.756883979E+00    -4.357911205E-01     0.000000000E+00
     1866     4.563051652E+00    -4.078898751E-01     0.000000000E+00
     1867     4.368459457E+00    -3.845173033E-01     0.000000000E+00
     1868     4.172620373E+00    -3.654270194E-01     0.000000000E+00
     1869     3.974283570E+00    -3.504228391E-01     0.000000000E+00
     1870     3.773239520E+00    -3.395063591E-01     0.000000000E+00
     1871     3.570907523E+00    -3.327729806E-01     0.000000000E+00
     1872     3.368330634E+00    -3.302367047E-01     0.000000000E+00
     1873     3.165795083E+00    -3.318763781E-01     0.000000000E+00
     1874     2.963351530E+00    -3.377004415E-01     0.000000000E+00
     1875     2.761237707E+00    -3.477532725E-01     0.000000000E+00
     1876     2.560351741E+00    -3.620458012E-01     0.000000000E+00
     1877     2.361744879E+00    -3.805372863E-01     0.000000000E+00
     1878     2.165963681E+00    -4.032014115E-01     0.000000000E+00
     1879     1.972009446E+00    -4.302422075E-01     0.000000000E+00
     1880     1.778777932E+00    -4.620389478E-01     0.000000000E+00
     1881     1.586449652E+00    -4.989074333E-01     0.000000000E+00
     1882     1.395251711E+00    -5.412489265E-01     0.000000000E+00
     1883     1.203497477E+00    -5.901163732E-01     0.000000000E+00
     1884     1.011160042E+00    -6.465468652E-01     0.000000000E+00
     1885     8.228435626E-01    -7.103244764E-01     0.000000000E+00
     1886     6.401754575E-01    -7.820868724E-01     0.000000000E+00
     1887     4.610920342E-01    -8.645998907E-01     0.000000000E+00
     1888     6.174538250E+00    -8.366834263E-01     6.249993557E-02
     1889     6.257008715E+00    -8.824619288E-01     0.000000000E+00
     1890     6.435558943E+00    -9.500108570E-01     0.000000000E+00
     1891     6.623812552E+00    -9.818233101E-01     0.000000000E+00
     1892     6.812206173E+00    -9.769959920E-01     0.000000000E+00
     1893     6.997789202E+00    -9.358432959E-01     0.000000000E+00
     1894     7.172990390E+00    -8.592310561E-01     0.000000000E+00
     1895     7.328800364E+00    -7.512653912E-01     0.000000000E+00
     1896     7.461717208E+00    -6.145670190E-01     0.000000000E+00
     1897     7.565784528E+00    -4.548053496E-01     0.000000000E+00
     1898     7.637011292E+00    -2.782644081E-01     0.000000000E+00
     1899     7.672784089E+00    -9.276498238E-02     0.000000000E+00
     1900     6.085394568E+00    -7.961464103E-01     3.750000000E-01
     1901     5.903824062E+00    -7.227866235E-01     3.750000000E-01
     1902     5.717314145E+00    -6.578882838E-01     3.750000000E-01
     1903     5.525876406E+00    -6.001963489E-01     3.750000000E-01
     1904     5.333551879E+00    -5.498724426E-01     3.750000000E-01
     1905     5.142101523E+00    -5.063457963E-01     3.750000000E-01
     1906     4.949963323E+00    -4.684991982E-01     3.750000000E-01
     1907     4.756883979E+00    -4.357911205E-01     3.750000000E-01
     1908     4.563051652E+00    -4.078898751E-01     3.750000000E-01
     1909     4.368459457E+00    -3.845173033E-01     3.750000000E-01
     1910     4.172620373E+00    -3.654270194E-01     3.750000000E-01
     1911     3.974283570E+00    -3.504228391E-01     3.750000000E-01
     1912     3.773239520E+00    -3.395063591E-01     3.750000000E-01
     1913     3.570907523E+00    -3.327729806E-01     3.750000000E-01
     1914     3.368330634E+00    -3.302367047E-01     3.750000000E-01
     1915     3.165795083E+00    -3.318763781E-01     3.750000000E-01
     1916     2.963351530E+00    -3.377004415E-01     3.750000000E-01
     1917     2.761237707E+00    -3.477532725E-01     3.750000000E-01
     1918     2.560351741E+00    -3.620458012E-01     3.750000000E-01
     1919     2.361744879E+00    -3.805372863E-01     3.750000000E-01
     1920     2.165963681E+00    -4.032014115E-01     3.750000000E-01
     1921     1.972009446E+00    -4.302422075E-01     3.750000000E-01
     1922     1.778777932E+00    -4.620389478E-01     3.750000000E-01
     1923     1.586449652E+00    -4.989074333E-01     3.750000000E-01
     1924     1.395251711E+00    -5.412489265E-01     3.750000000E-01
     1925     1.203497477E+00    -5.901163732E-01     3.750000000E-01
     1926     1.011160042E+00    -6.465468652E-01     3.750000000E-01
     1927     8.228435626E-01    -7.103244764E-01     3.750000000E-01
     1928     6.401754575E-01    -7.820868724E-01     3.750000000E-01
     1929     4.610920342E-01    -8.645998907E-01     3.750000000E-01
     1930     6.257063250E+00    -8.824888651E-01     3.750000000E-01
     1931     6.435738125E+00    -9.500593786E-01     3.750000000E-01
     1932     6.624125377E+00    -9.818452767E-01     3.750000000E-01
     1933     6.812642363E+00    -9.769426336E-01     3.750000000E-01
     1934     6.998321657E+00    -9.356696667E-01     3.750000000E-01
     1935     7.173466602E+00    -8.589648097E-01     3.750000000E-01
     1936     7.329207265E+00    -7.509207928E-01     3.750000000E-01
     1937     7.462076832E+00    -6.141168703E-01     3.750000000E-01
     1938     7.566070918E+00    -4.542552816E-01     3.750000000E-01
     1939     7.637217491E+00    -2.775638575E-01     3.750000000E-01
     1940     7.672820700E+00    -9.237745439E-02     3.750000000E-01
     1941     6.342339707E+00     3.565081991E-01     1.250000000E-01
     1942     6.480262021E+00     4.525255760E-01     1.250000000E-01
     1943     6.641812714E+00     4.973818667E-01     1.250000000E-01
     1944     6.809095170E+00     4.863145001E-01     1.250000000E-01
     1945     6.961727753E+00     4.215908395E-01     1.250000000E-01
     1946     6.287413386E+00     2.925230760E-01     1.676666245E-01
     1947     6.287413386E+00     2.925230760E-01     2.520000016E-01
     1948     6.287413386E+00     2.925230760E-01     3.343333786E-01
     1949     6.287413386E+00    -1.944965399E-01     1.250000000E-01
     1950     6.287413386E+00     1.556515242E-03     1.250000000E-01
     1951     6.287413386E+00     1.960530551E-01     1.250000000E-01
     1952     6.287413386E+00    -2.925230760E-01     1.676666245E-01
     1953     6.287413386E+00    -2.925230760E-01     2.520000016E-01
     1954     6.287413386E+00    -2.925230760E-01     3.343333786E-01
     1955     4.872527301E-02    -2.452057254E-01     3.750000000E-01
     1956     1.394589692E-01    -2.074878211E-01     3.750000000E-01
     1957     2.089009983E-01    -1.373330729E-01     3.750000000E-01
     1958     2.454163350E-01    -4.765314796E-02     3.750000000E-01
     1959     2.450644434E-01     4.943094753E-02     3.750000000E-01
     1960     2.074113085E-01     1.395727378E-01     3.750000000E-01
     1961     1.376185817E-01     2.087130230E-01     3.750000000E-01
     1962     4.741679826E-02     2.454621096E-01     3.750000000E-01
     1963    -4.888086783E-02     2.451747556E-01     3.750000000E-01
     1964    -1.397972263E-01     2.072600674E-01     3.750000000E-01
     1965    -2.089445749E-01     1.372667644E-01     3.750000000E-01
     1966    -2.453839098E-01     4.781983707E-02     3.750000000E-01
     1967    -4.888106970E-02     2.451747153E-01     0.000000000E+00
     1968    -1.397982170E-01     2.072593991E-01     0.000000000E+00
     1969    -2.089386747E-01     1.372757452E-01     0.000000000E+00
     1970    -2.453816649E-01     4.783135511E-02     0.000000000E+00
     1971     2.450532256E-01     4.948652985E-02     0.000000000E+00
     1972     2.073574037E-01     1.396528092E-01     0.000000000E+00
     1973     1.375678949E-01     2.087464354E-01     0.000000000E+00
     1974     4.739629106E-02     2.454660701E-01     0.000000000E+00
     1975     4.870008941E-02    -2.452107283E-01     0.000000000E+00
     1976     1.393994124E-01    -2.075278387E-01     0.000000000E+00
     1977     2.088421552E-01    -1.374225390E-01     0.000000000E+00
     1978     2.454046992E-01    -4.771303393E-02     0.000000000E+00
     1979    -6.629127134E-02     5.147912501E-01     0.000000000E+00
     1980     6.629125418E-02     5.147912673E-01     0.000000000E+00
     1981     6.629126469E-02     3.822087432E-01     0.000000000E+00
     1982     6.629126469E-02     3.822087432E-01     3.750000000E-01
     1983     6.629125418E-02     5.147912673E-01     3.750000000E-01
     1984    -6.629127134E-02     5.147912501E-01     3.750000000E-01
     1985    -6.629125877E-02    -3.822087373E-01     0.000000000E+00
     1986     6.629125418E-02    -3.822087327E-01     0.000000000E+00
     1987     6.629126469E-02    -5.147912568E-01     0.000000000E+00
     1988     6.629126469E-02    -5.147912568E-01     3.750000000E-01
     1989     6.629125418E-02    -3.822087327E-01     3.750000000E-01
     1990    -6.629125877E-02    -3.822087373E-01     3.750000000E-01
     1991     6.960135898E+00    -4.226016195E-01     3.750000000E-01
     1992     6.804561573E+00    -4.873752993E-01     3.750000000E-01
     1993     6.635812114E+00    -4.967287436E-01     3.750000000E-01
     1994     6.474948920E+00    -4.499905463E-01     3.750000000E-01
     1995     6.340475531E+00    -3.546654177E-01     3.750000000E-01
     1996     7.084893324E+00     3.104057473E-01     3.750000000E-01
     1997     7.165605077E+00     1.629802588E-01     3.750000000E-01
     1998     7.192908388E+00    -2.235671527E-03     3.750000000E-01
     1999     7.164133727E+00    -1.671866910E-01     3.750000000E-01
     2000     7.083510841E+00    -3.121436019E-01     3.750000000E-01
     2001     7.084814499E+00     3.105052611E-01     1.250000000E-01
     2002     7.165557011E+00     1.631195977E-01     1.250000000E-01
     2003     7.192908110E+00    -2.296896700E-03     1.250000000E-01
     2004     7.164043273E+00    -1.674414210E-01     1.250000000E-01
     2005     7.083393047E+00    -3.122909451E-01     1.250000000E-01
     2006     6.959800508E+00    -4.228135100E-01     1.250000000E-01
     2007     6.804636430E+00    -4.873581449E-01     1.250000000E-01
     2008     6.637245182E+00    -4.968913876E-01     1.250000000E-01
     2009     6.476126528E+00    -4.505590507E-01     1.250000000E-01
     2010     6.340716004E+00    -3.549042179E-01     1.250000000E-01
     2011    -9.793523525E-01    -9.808622344E-02     0.000000000E+00
     2012    -9.403562188E-01    -2.906580796E-01     0.000000000E+00
     2013    -8.652879581E-01    -4.690721555E-01     0.000000000E+00
     2014    -7.588234842E-01    -6.268483527E-01     0.000000000E+00
     2015    -6.219948835E-01    -7.628068578E-01     0.000000000E+00
     2016    -4.612766078E-01    -8.694687048E-01     0.000000000E+00
     2017    -2.834967239E-01    -9.425399435E-01     0.000000000E+00
     2018    -9.417506081E-02    -9.797361866E-01     0.000000000E+00
     2019     9.695368677E-02    -9.794651194E-01     0.000000000E+00
     2020     2.835528763E-01    -9.425230522E-01     0.000000000E+00
     2021    -9.793470354E-01    -9.813929816E-02     3.750000000E-01
     2022    -9.403112374E-01    -2.908035666E-01     3.750000000E-01
     2023    -8.651691342E-01    -4.692912813E-01     3.750000000E-01
     2024    -7.585986112E-01    -6.271204705E-01     3.750000000E-01
     2025    -6.216365094E-01    -7.630989371E-01     3.750000000E-01
     2026    -4.607724132E-01    -8.697360063E-01     3.750000000E-01
     2027    -2.828999350E-01    -9.427192394E-01     3.750000000E-01
     2028    -9.352082209E-02    -9.797988535E-01     3.750000000E-01
     2029     9.769552795E-02    -9.793914035E-01     3.750000000E-01
     2030     2.839362548E-01    -9.424076298E-01     3.750000000E-01
     2031     7.672590295E+00     9.478971620E-02     0.000000000E+00
     2032     7.635727352E+00     2.825840823E-01     0.000000000E+00
     2033     7.563422705E+00     4.593097669E-01     0.000000000E+00
     2034     7.459762751E+00     6.170040422E-01     0.000000000E+00
     2035     7.326316081E+00     7.533611108E-01     0.000000000E+00
     2036     7.169222871E+00     8.613252649E-01     0.000000000E+00
     2037     6.994526717E+00     9.368998538E-01     0.000000000E+00
     2038     6.807519257E+00     9.775568688E-01     0.000000000E+00
     2039     6.617971138E+00     9.813947202E-01     0.000000000E+00
     2040     6.430950810E+00     9.487505186E-01     0.000000000E+00
     2041     6.255411835E+00     8.816713281E-01     0.000000000E+00
     2042     7.672626299E+00     9.441686653E-02     3.750000000E-01
     2043     7.635955689E+00     2.818211350E-01     3.750000000E-01
     2044     7.563787690E+00     4.586173617E-01     3.750000000E-01
     2045     7.460176908E+00     6.164889493E-01     3.750000000E-01
     2046     7.326837053E+00     7.529227864E-01     3.750000000E-01
     2047     7.169838954E+00     8.609842853E-01     3.750000000E-01
     2048     6.995091252E+00     9.367179270E-01     3.750000000E-01
     2049     6.807980075E+00     9.775027338E-01     3.750000000E-01
     2050     6.618275736E+00     9.814179327E-01     3.750000000E-01
     2051     6.431104624E+00     9.487929751E-01     3.750000000E-01
     2052     6.255455089E+00     8.816927902E-01     3.750000000E-01
     2053     6.174538250E+00     8.366834263E-01     1.676665189E-01
     2054     6.174538250E+00     8.366834263E-01     2.519999390E-01
     2055     6.174538250E+00     8.366834263E-01     3.343333579E-01
     2056     3.731925032E-01     9.107575380E-01     1.676665189E-01
     2057     3.731925032E-01     9.107575380E-01     2.519999390E-01
     2058     3.731925032E-01     9.107575380E-01     3.343333579E-01
     2059     3.731925032E-01    -9.107575380E-01     1.676665189E-01
     2060     3.731925032E-01    -9.107575380E-01     2.519999390E-01
     2061     3.731925032E-01    -9.107575380E-01     3.343333579E-01
     2062     6.174538250E+00    -8.366834263E-01     1.676665189E-01
     2063     6.174538250E+00    -8.366834263E-01     2.519999390E-01
     2064     6.174538250E+00    -8.366834263E-01     3.343333579E-01
     2065    -6.629125356E-02     3.822087321E-01     3.750000000E-01
     2066    -6.629126613E-02    -5.147912553E-01     3.750000000E-01
     2067     6.461678743E+00     9.502915360E-02     0.000000000E+00
     2068     6.596601503E+00     2.307033185E-01     0.000000000E+00
     2069     6.597663941E+00    -2.311439883E-01     0.000000000E+00
     2070     6.462118394E+00    -9.609199577E-02     0.000000000E+00
     2071     6.787834626E+00     2.312789618E-01     0.000000000E+00
     2072     6.923571762E+00     9.641946623E-02     0.000000000E+00
     2073     6.923947473E+00    -9.551570913E-02     0.000000000E+00
     2074     6.788739344E+00    -2.309055774E-01     0.000000000E+00
     2075     6.924056763E+00    -9.525092752E-02     1.250000000E-01
     2076     6.789003853E+00    -2.307956285E-01     1.250000000E-01
     2077     6.461703023E+00     9.508821159E-02     1.250000000E-01
     2078     6.596660431E+00     2.307279107E-01     1.250000000E-01
     2079     6.597751862E+00    -2.311801989E-01     1.250000000E-01
     2080     6.462154958E+00    -9.617976971E-02     1.250000000E-01
     2081     6.787965637E+00     2.312251489E-01     1.250000000E-01
     2082     6.923626350E+00     9.628877545E-02     1.250000000E-01
     2083     7.002319839E+00     2.052209879E-02     1.249999985E-01
     2084     6.942913386E+00     1.968017835E-08     6.250000000E-02
     2085     7.002281136E+00     2.057014782E-02     0.000000000E+00
     2086     7.077110721E+00    -1.151317239E-02     1.249999985E-01
     2087     7.061687590E+00     4.109222692E-02     6.250000000E-02
     2088     7.077019188E+00    -1.149224427E-02     0.000000000E+00
     2089     7.058135709E+00    -1.033596973E-01     1.249999985E-01
     2090     7.092442320E+00    -6.409764359E-02     6.250000000E-02
     2091     7.058034563E+00    -1.034155008E-01     0.000000000E+00
     2092     6.983344828E+00    -7.132442611E-02     1.249999985E-01
     2093     7.023727952E+00    -1.426775545E-01     6.250000000E-02
     2094     6.983296511E+00    -7.135310872E-02     0.000000000E+00
     2095     7.138987308E+00    -7.498481237E-02     1.249999985E-01
     2096     7.138864484E+00    -7.510624293E-02     0.000000000E+00
     2097     7.185409472E+00    -8.599341171E-02     6.250000000E-02
     2098     7.157207781E+00    -1.651853614E-01     0.000000000E+00
     2099     7.076493470E+00    -1.934357376E-01     1.249999985E-01
     2100     7.129143377E+00    -2.442528023E-01     6.250000000E-02
     2101     7.076377860E+00    -1.934946193E-01     0.000000000E+00
     2102     7.123987084E+00     6.120710442E-02     1.249999985E-01
     2103     7.123875254E+00     6.136094234E-02     0.000000000E+00
     2104     7.186174748E+00     8.147581984E-02     6.250000000E-02
     2105     7.185720550E+00    -2.253056317E-03     0.000000000E+00
     2106     7.131354080E+00     2.402610926E-01     6.250000000E-02
     2107     7.158693853E+00     1.609372355E-01     0.000000000E+00
     2108     7.044679729E+00     9.387288340E-02     1.249999985E-01
     2109     7.044574409E+00     9.397884204E-02     0.000000000E+00
     2110     7.079527621E+00     1.934654560E-01     1.249999985E-01
     2111     7.027566548E+00     1.467594985E-01     6.250000000E-02
     2112     7.079393007E+00     1.935551352E-01     0.000000000E+00
     2113     7.027033801E+00     3.719275628E-01     6.250000000E-02
     2114     7.079146979E+00     3.060993839E-01     0.000000000E+00
     2115     6.948187170E+00     1.622110626E-01     1.249999985E-01
     2116     6.948019811E+00     1.623685272E-01     0.000000000E+00
     2117     6.947900451E+00     2.748348782E-01     1.249999985E-01
     2118     6.868640461E+00     1.778201199E-01     6.250000000E-02
     2119     6.947773783E+00     2.749127759E-01     0.000000000E+00
     2120     6.897286302E+00    -2.872185944E-01     1.249999985E-01
     2121     6.942949922E+00    -2.533383548E-01     6.250000000E-02
     2122     6.897159528E+00    -2.873095848E-01     0.000000000E+00
     2123     6.772218636E+00    -2.855887281E-01     1.249999985E-01
     2124     6.851495909E+00    -3.211898245E-01     6.250000000E-02
     2125     6.772190666E+00    -2.856010963E-01     0.000000000E+00
     2126     6.692913394E+00    -2.500000000E-01     6.250000000E-02
     2127     6.906690092E+00    -2.146963575E-01     1.249999985E-01
     2128     6.870129529E+00    -1.763361525E-01     6.250000000E-02
     2129     6.906389242E+00    -2.149780340E-01     0.000000000E+00
     2130     6.983412497E+00    -1.979543022E-01     1.249999985E-01
     2131     6.983265377E+00    -1.980616070E-01     0.000000000E+00
     2132     7.027033798E+00    -3.719275656E-01     6.250000000E-02
     2133     6.956008028E+00    -4.167255322E-01     0.000000000E+00
     2134     6.868236930E+00    -3.914143908E-01     1.249999985E-01
     2135     6.884979081E+00    -4.615982421E-01     6.250000000E-02
     2136     6.868238060E+00    -3.913736758E-01     0.000000000E+00
     2137     6.985054223E+00    -3.126044791E-01     1.249999985E-01
     2138     6.984929496E+00    -3.126614412E-01     0.000000000E+00
     2139     6.803176380E+00    -4.803289814E-01     0.000000000E+00
     2140     6.707029188E+00    -3.746011704E-01     1.249999985E-01
     2141     6.721244780E+00    -4.991575723E-01     6.250000000E-02
     2142     6.707128986E+00    -3.745564019E-01     0.000000000E+00
     2143     7.078041979E+00    -3.080944535E-01     0.000000000E+00
     2144     6.725715128E+00     3.037448131E-01     1.249999985E-01
     2145     6.692913358E+00     2.500000000E-01     6.250000000E-02
     2146     6.725735794E+00     3.037350002E-01     0.000000000E+00
     2147     6.793133389E+00     3.503839217E-01     1.249999985E-01
     2148     6.758537563E+00     3.574798132E-01     6.250000000E-02
     2149     6.793145656E+00     3.503790533E-01     0.000000000E+00
     2150     6.848245527E+00     2.604993768E-01     1.249999985E-01
     2151     6.827741482E+00     3.432831618E-01     6.250000000E-02
     2152     6.848136387E+00     2.606038763E-01     0.000000000E+00
     2153     6.632483691E+00    -2.992136751E-01     1.249999985E-01
     2154     6.632427528E+00    -2.991756317E-01     0.000000000E+00
     2155     6.539579542E+00    -3.323153770E-01     1.249999985E-01
     2156     6.571997825E+00    -3.483893068E-01     6.250000000E-02
     2157     6.539466371E+00    -3.322287519E-01     0.000000000E+00
     2158     6.512011398E+00    -2.468788366E-01     1.249999985E-01
     2159     6.507048088E+00    -3.161548221E-01     6.250000000E-02
     2160     6.511886885E+00    -2.467632909E-01     0.000000000E+00
     2161     6.516850182E+00    -1.774873182E-01     6.250000000E-02
     2162     6.287407603E+00     9.958307019E-02     6.250000000E-02
     2163     6.287401698E+00     1.960531630E-01     0.000000000E+00
     2164     6.287407564E+00     2.925231479E-01     6.249999924E-02
     2165     6.347270452E+00     3.513917014E-01     0.000000000E+00
     2166     6.461242554E+00     2.931178556E-01     1.249999985E-01
     2167     6.407188488E+00     4.103064579E-01     6.250000000E-02
     2168     6.461148483E+00     2.930261817E-01     0.000000000E+00
     2169     6.401330423E+00     1.377330063E-01     1.249999985E-01
     2170     6.515202543E+00     1.758375851E-01     6.250000000E-02
     2171     6.401279729E+00     1.376876433E-01     0.000000000E+00
     2172     6.287407603E+00    -9.647003885E-02     6.250000000E-02
     2173     6.287401821E+00     1.556516098E-03     0.000000000E+00
     2174     6.365163505E+00    -4.823500616E-02     1.249999985E-01
     2175     6.442913386E+00    -9.250960109E-17     6.249999924E-02
     2176     6.365157722E+00    -4.823503269E-02     0.000000000E+00
     2177     6.287407564E+00    -2.925231479E-01     6.249999924E-02
     2178     6.287401698E+00    -1.944966469E-01     0.000000000E+00
     2179     6.402165627E+00    -2.350386684E-01     1.249999985E-01
     2180     6.402092132E+00    -2.349717848E-01     0.000000000E+00
     2181     6.403455537E+00    -4.076821158E-01     6.250000000E-02
     2182     6.345404669E+00    -3.500799224E-01     0.000000000E+00
     2183     6.455304203E+00    -3.619655094E-01     1.249999985E-01
     2184     6.455199422E+00    -3.618714285E-01     0.000000000E+00
     2185     6.554809139E+00    -4.805218016E-01     6.250000000E-02
     2186     6.479056019E+00    -4.440506121E-01     0.000000000E+00
     2187     6.563483997E+00    -4.145031729E-01     1.249999985E-01
     2188     6.563322968E+00    -4.144079356E-01     0.000000000E+00
     2189     6.638024426E+00    -4.897887058E-01     0.000000000E+00
     2190     6.889184143E+00     4.598263488E-01     6.250000000E-02
     2191     6.958109807E+00     4.158398410E-01     0.000000000E+00
     2192     6.858453214E+00     4.015785692E-01     1.249999985E-01
     2193     6.858472412E+00     4.015309414E-01     0.000000000E+00
     2194     6.725818321E+00     4.988785914E-01     6.250000000E-02
     2195     6.807559088E+00     4.793045327E-01     0.000000000E+00
     2196     6.742123551E+00     4.282057601E-01     1.249999985E-01
     2197     6.742232332E+00     4.281526446E-01     0.000000000E+00
     2198     6.559219235E+00     4.817652468E-01     6.250000000E-02
     2199     6.642504883E+00     4.902696016E-01     0.000000000E+00
     2200     6.626124249E+00     3.659132896E-01     1.249999985E-01
     2201     6.626008344E+00     3.658519572E-01     0.000000000E+00
     2202     6.483121330E+00     4.459820444E-01     0.000000000E+00
     2203     2.014874379E-01     2.704860142E-01     3.750000046E-01
     2204     1.474897892E-01     2.937288268E-01     3.343333549E-01
     2205     2.014773792E-01     2.704958015E-01     2.936667096E-01
     2206     2.160242826E-01     2.121158089E-01     3.750000046E-01
     2207     2.554750279E-01     2.472529889E-01     3.343333548E-01
     2208     2.160092783E-01     2.121317702E-01     2.936667104E-01
     2209     1.765585323E-01     1.769945894E-01     3.343333556E-01
     2210     1.376016148E-01     2.087242095E-01     2.936667112E-01
     2211     1.203032612E-01     2.628693781E-01     3.750000046E-01
     2212     9.310575118E-02     2.320157734E-01     3.343333556E-01
     2213     1.202922790E-01     2.628752214E-01     2.936667105E-01
     2214     2.079024674E-01     4.101480499E-01     3.750000046E-01
     2215     9.375000000E-02     4.485000075E-01     3.343333538E-01
     2216     2.079006368E-01     4.101513570E-01     2.936667077E-01
     2217     2.887677671E-01     3.095212658E-01     3.750000046E-01
     2218     3.220531042E-01     3.717993995E-01     3.343333540E-01
     2219     2.887603649E-01     3.095311226E-01     2.936667087E-01
     2220     1.206221382E-01     3.711127984E-01     3.750000046E-01
     2221     1.206176510E-01     3.711160358E-01     2.936667086E-01
     2222     4.655612483E-02     2.933815835E-01     3.750000046E-01
     2223     4.654962980E-02     2.933841893E-01     2.936667094E-01
     2224     3.689684612E-09     3.547500000E-01     3.343333538E-01
     2225     6.629126469E-02     3.822087432E-01     2.936667076E-01
     2226    -2.645615048E-01    -3.516092199E-01     3.750000046E-01
     2227    -2.352220975E-01    -2.649087637E-01     3.343333558E-01
     2228    -2.645567517E-01    -3.516143854E-01     2.936667102E-01
     2229    -3.603525792E-01    -3.739240367E-01     3.750000046E-01
     2230    -2.938961589E-01    -4.383148416E-01     3.343333556E-01
     2231    -3.603514254E-01    -3.739260310E-01     2.936667098E-01
     2232    -3.714147439E-01    -2.478144193E-01     3.750000046E-01
     2233    -4.268078456E-01    -3.095352261E-01     3.343333554E-01
     2234    -3.714125474E-01    -2.478190472E-01     2.936667102E-01
     2235    -2.756236694E-01    -2.254996025E-01     3.750000046E-01
     2236    -3.160194457E-01    -1.860982404E-01     3.343333558E-01
     2237    -2.756178737E-01    -2.255074016E-01     2.936667106E-01
     2238    -1.897032679E-01    -2.820018056E-01     3.750000046E-01
     2239    -1.896944760E-01    -2.820090436E-01     2.936667108E-01
     2240    -1.189651210E-01    -3.737996240E-01     3.750000046E-01
     2241    -1.441756463E-01    -2.991020856E-01     3.343333563E-01
     2242    -1.189605259E-01    -3.738024438E-01     2.936667111E-01
     2243    -1.938233579E-01    -4.434070382E-01     3.750000046E-01
     2244    -9.375000000E-02    -4.484999822E-01     3.343333579E-01
     2245    -1.938228016E-01    -4.434077856E-01     2.936667105E-01
     2246    -3.108241593E-01    -6.485777471E-01     3.750000046E-01
     2247    -2.237120316E-01    -6.086772417E-01     3.343333544E-01
     2248    -3.108232259E-01    -6.485783303E-01     2.936667082E-01
     2249    -4.476963656E-01    -6.244754898E-01     3.750000046E-01
     2250    -3.979353536E-01    -6.884788357E-01     3.343333542E-01
     2251    -4.476963481E-01    -6.244753331E-01     2.936667084E-01
     2252    -3.956767852E-01    -4.993932564E-01     3.750000046E-01
     2253    -4.974573600E-01    -5.604719872E-01     3.343333546E-01
     2254    -3.956767338E-01    -4.993935723E-01     2.936667092E-01
     2255    -2.588045789E-01    -5.234955138E-01     3.750000046E-01
     2256    -2.588036116E-01    -5.234965695E-01     2.936667091E-01
     2257    -2.046104552E-01    -6.891193946E-01     3.750000046E-01
     2258    -2.046094665E-01    -6.891199181E-01     2.936667080E-01
     2259    -2.532728478E-01    -7.791316184E-01     3.750000046E-01
     2260    -1.855078902E-01    -7.695620709E-01     3.343333540E-01
     2261    -2.532714615E-01    -7.791321792E-01     2.936667078E-01
     2262    -3.594865518E-01    -7.385899710E-01     3.750000046E-01
     2263    -3.210364192E-01    -7.887017267E-01     3.343333540E-01
     2264    -3.594852209E-01    -7.385905914E-01     2.936667080E-01
     2265    -1.754509258E-01    -1.780925957E-01     3.343333556E-01
     2266    -1.368469032E-01    -2.092198009E-01     2.936667112E-01
     2267    -1.185323419E-01    -2.656018627E-01     3.750000046E-01
     2268    -9.287644309E-02    -2.321076611E-01     3.343333556E-01
     2269    -1.185197465E-01    -2.656078812E-01     2.936667111E-01
     2270    -2.053424646E-01    -2.214946735E-01     3.750000046E-01
     2271    -2.053305565E-01    -2.215066837E-01     2.936667109E-01
     2272    -2.733046070E-01    -1.413410519E-01     3.750000046E-01
     2273    -2.733007333E-01    -1.413498699E-01     2.936667109E-01
     2274    -2.305858930E-01    -9.659268072E-02     3.343333556E-01
     2275    -2.070630204E-01    -1.400889203E-01     2.936667112E-01
     2276    -1.106321651E-08    -3.547500000E-01     3.343333538E-01
     2277    -6.629062373E-02    -3.822081023E-01     2.936667094E-01
     2278    -4.644222703E-02    -2.934272299E-01     3.750000046E-01
     2279    -4.643422605E-02    -2.934304285E-01     2.936667094E-01
     2280    -6.629126571E-02    -5.147912558E-01     2.936667094E-01
     2281    -1.118562198E-01    -5.754634667E-01     3.750000046E-01
     2282     3.689684837E-09    -5.422500000E-01     3.343333538E-01
     2283    -1.118558081E-01    -5.754637750E-01     2.936667079E-01
     2284    -2.500000000E-01    -3.061616998E-17     3.343333597E-01
     2285    -2.450978415E-01    -4.926507975E-02     2.936667130E-01
     2286    -3.447058458E-01    -1.380705074E-01     3.750000046E-01
     2287    -3.447040555E-01    -1.380742340E-01     2.936667113E-01
     2288    -3.116953223E-01    -4.502307769E-02     3.750000046E-01
     2289    -3.733904556E-01    -9.004650095E-02     3.343333569E-01
     2290    -3.116951318E-01    -4.502342327E-02     2.936667134E-01
     2291    -3.986004347E-01    -4.296648977E-02     3.750000046E-01
     2292    -3.986002098E-01    -4.296655815E-02     2.936667109E-01
     2293    -3.751335064E-01     2.482679767E-02     3.750000046E-01
     2294    -4.238101889E-01     4.113453036E-03     3.343333558E-01
     2295    -3.751334219E-01     2.482745594E-02     2.936667104E-01
     2296    -2.882283940E-01     2.277020975E-02     3.750000046E-01
     2297    -3.264567394E-01     4.554080058E-02     3.343333568E-01
     2298    -2.882283439E-01     2.277059082E-02     2.936667129E-01
     2299    -2.523430565E-01     3.161225193E-01     3.750000046E-01
     2300    -3.138165159E-01     3.488229336E-01     3.343333540E-01
     2301    -2.523421277E-01     3.161225092E-01     2.936667079E-01
     2302    -2.329046963E-01     2.462040044E-01     3.750000046E-01
     2303    -1.908686683E-01     2.834220949E-01     3.343333550E-01
     2304    -2.329053647E-01     2.462026820E-01     2.936667092E-01
     2305    -3.556081592E-01     2.273371797E-01     3.750000046E-01
     2306    -2.749413927E-01     2.089845915E-01     3.343333551E-01
     2307    -3.556102746E-01     2.273349149E-01     2.936667079E-01
     2308    -3.750465194E-01     2.972556946E-01     3.750000046E-01
     2309    -4.362770411E-01     2.456875031E-01     3.343333537E-01
     2310    -3.750470376E-01     2.972547421E-01     2.936667065E-01
     2311    -1.501435529E-01     3.711610051E-01     3.750000046E-01
     2312    -2.042096643E-01     4.124963400E-01     3.343333555E-01
     2313    -1.501433451E-01     3.711609069E-01     2.936667090E-01
     2314    -1.434733995E-01     3.066237450E-01     3.750000046E-01
     2315    -9.607723368E-02     3.298255720E-01     3.343333550E-01
     2316    -1.434725025E-01     3.066239219E-01     2.936667091E-01
     2317    -2.590132099E-01     3.806597794E-01     3.750000046E-01
     2318    -2.590129703E-01     3.806594942E-01     2.936667077E-01
     2319     2.129808966E-01    -3.287531037E-01     3.750000046E-01
     2320     2.542146111E-01    -3.687228772E-01     3.343333538E-01
     2321     2.129709262E-01    -3.287601075E-01     2.936667084E-01
     2322     2.131294480E-01    -2.547005826E-01     3.750000046E-01
     2323     1.717372117E-01    -2.887903340E-01     3.343333548E-01
     2324     2.131162670E-01    -2.547116299E-01     2.936667097E-01
     2325     3.114526646E-01    -2.545561124E-01     3.750000046E-01
     2326     2.545085033E-01    -2.206218786E-01     3.343333550E-01
     2327     3.114415721E-01    -2.545684479E-01     2.936667089E-01
     2328     3.113041133E-01    -3.286086335E-01     3.750000046E-01
     2329     3.683857334E-01    -2.885026818E-01     3.343333541E-01
     2330     3.112962312E-01    -3.286169254E-01     2.936667077E-01
     2331     1.260041477E-01    -3.733933003E-01     3.750000046E-01
     2332     1.658393363E-01    -4.167875167E-01     3.343333538E-01
     2333     1.260008632E-01    -3.733959389E-01     2.936667082E-01
     2334     1.289554124E-01    -3.093936079E-01     3.750000046E-01
     2335     8.616567468E-02    -3.300017225E-01     3.343333545E-01
     2336     1.289474740E-01    -3.093984486E-01     2.936667092E-01
     2337     2.100296319E-01    -3.927527962E-01     3.750000046E-01
     2338     2.100243155E-01    -3.927575977E-01     2.936667074E-01
     2339    -1.489798648E-01     4.304982095E-01     3.750000046E-01
     2340    -1.489798001E-01     4.304981128E-01     2.936667100E-01
     2341    -9.375000000E-02     4.484999822E-01     3.343333579E-01
     2342    -6.629061851E-02     3.822080970E-01     2.936667094E-01
     2343    -4.803868685E-02     3.422877867E-01     3.750000046E-01
     2344    -4.803854315E-02     3.422877853E-01     2.936667083E-01
     2345    -2.950190994E-08     2.500000000E-01     3.343333556E-01
     2346    -4.887941768E-02     2.451750447E-01     2.936667112E-01
     2347    -1.433721165E-01     2.571536070E-01     3.750000046E-01
     2348    -9.587344608E-02     2.308858643E-01     3.343333556E-01
     2349    -1.433699971E-01     2.571543503E-01     2.936667102E-01
     2350    -4.803870344E-02     2.899127867E-01     3.750000046E-01
     2351    -4.803855974E-02     2.899127853E-01     2.936667102E-01
     2352     4.740992688E-02     2.454634369E-01     2.936667112E-01
     2353     1.297954812E-01    -4.326430116E-01     3.750000046E-01
     2354     1.297938551E-01    -4.326445014E-01     2.936667075E-01
     2355     9.375000000E-02    -4.485000000E-01     3.343333538E-01
     2356     6.629062218E-02    -3.822081007E-01     2.936667076E-01
     2357     4.308366097E-02    -3.423752850E-01     3.750000046E-01
     2358     4.308200265E-02    -3.423764375E-01     2.936667083E-01
     2359     9.839159128E-09    -2.500000000E-01     3.343333556E-01
     2360     4.871612466E-02    -2.452075431E-01     2.936667112E-01
     2361     1.336626050E-01    -2.598967159E-01     3.750000046E-01
     2362     9.557309951E-02    -2.310103518E-01     3.343333556E-01
     2363     1.336477062E-01    -2.599039701E-01     2.936667103E-01
     2364     4.308367142E-02    -2.900002850E-01     3.750000046E-01
     2365     4.308201310E-02    -2.900014375E-01     2.936667101E-01
     2366    -4.728786036E-02    -2.454869819E-01     2.936667112E-01
     2367    -1.010925479E-01    -7.380060276E-01     3.750000046E-01
     2368    -1.667646101E-02    -7.064502508E-01     3.343333539E-01
     2369    -1.010918032E-01    -7.380062940E-01     2.936667077E-01
     2370    -8.338312460E-03    -6.243500998E-01     3.750000046E-01
     2371    -8.338144859E-03    -6.243501510E-01     2.936667076E-01
     2372     2.024453385E-01     6.051165607E-01     3.750000046E-01
     2373     1.515774051E-01     6.332535611E-01     3.343333541E-01
     2374     2.024449884E-01     6.051189432E-01     2.936667078E-01
     2375     1.735315566E-01     5.127401758E-01     3.750000046E-01
     2376     2.533129217E-01     5.769819428E-01     3.343333542E-01
     2377     1.735313651E-01     5.127417745E-01     2.936667077E-01
     2378     6.629188889E-02     5.147906326E-01     2.936667076E-01
     2379     7.578877631E-02     5.877513887E-01     3.750000046E-01
     2380    -1.106321628E-08     5.422500000E-01     3.343333538E-01
     2381     7.578861774E-02     5.877521724E-01     2.936667077E-01
     2382    -4.937806953E-01    -2.788311456E-02     3.750000046E-01
     2383    -5.637511696E-01    -5.987912494E-02     3.343333548E-01
     2384    -4.937806632E-01    -2.788255734E-02     2.936667092E-01
     2385    -4.408594816E-01    -1.371244161E-01     3.750000046E-01
     2386    -4.408591827E-01    -1.371249083E-01     2.936667110E-01
     2387    -5.360397422E-01    -1.220410409E-01     3.750000046E-01
     2388    -5.083282086E-01    -1.842028235E-01     3.343333556E-01
     2389    -5.360396361E-01    -1.220409075E-01     2.936667093E-01
     2390    -4.675683797E-01    -2.468683279E-01     3.750000046E-01
     2391    -4.675676746E-01    -2.468697216E-01     2.936667099E-01
     2392    -1.870407273E-01    -8.677902875E-01     3.750000046E-01
     2393    -1.870392320E-01    -8.677906690E-01     2.936667077E-01
     2394    -1.885720716E-01    -9.660188980E-01     3.343333538E-01
     2395    -2.828976651E-01    -9.427199205E-01     2.936667076E-01
     2396    -3.477536327E-01    -8.494671946E-01     3.750000046E-01
     2397    -3.744687068E-01    -9.102335553E-01     3.343333538E-01
     2398    -3.477514926E-01    -8.494680856E-01     2.936667077E-01
     2399    -7.127373145E-03    -8.453495942E-01     3.750000046E-01
     2400    -7.126873714E-03    -8.453496565E-01     2.936667076E-01
     2401     2.422214120E-03    -9.842489880E-01     3.343333538E-01
     2402    -9.351956049E-02    -9.797989739E-01     2.936667076E-01
     2403     7.028075811E+00    -6.921672054E-01     3.750000046E-01
     2404     7.090409188E+00    -6.253805799E-01     3.343333640E-01
     2405     7.028006861E+00    -6.921989036E-01     2.936667244E-01
     2406     6.888724510E+00    -7.185311970E-01     3.750000046E-01
     2407     6.965673485E+00    -7.589855292E-01     3.343333605E-01
     2408     6.888677341E+00    -7.185718978E-01     2.936667259E-01
     2409     6.848716419E+00    -5.697188184E-01     3.750000046E-01
     2410     6.811728367E+00    -6.781175655E-01     3.343333655E-01
     2411     6.848575154E+00    -5.697944964E-01     2.936667405E-01
     2412     6.988067720E+00    -5.433548268E-01     3.750000046E-01
     2413     6.885563210E+00    -4.613957576E-01     3.343333751E-01
     2414     6.987904674E+00    -5.434215023E-01     2.936667391E-01
     2415     7.165446070E+00    -5.533478022E-01     3.750000046E-01
     2416     7.240441353E+00    -4.813301348E-01     3.343333643E-01
     2417     7.165404471E+00    -5.533629125E-01     2.936667283E-01
     2418     6.960026788E+00    -4.226705929E-01     2.936667501E-01
     2419     7.133749369E+00    -4.266405919E-01     3.750000046E-01
     2420     7.027059721E+00    -3.719492257E-01     3.343333750E-01
     2421     7.133751705E+00    -4.266387686E-01     2.936667393E-01
     2422    -3.221545628E-01     8.226826769E-02     3.750000046E-01
     2423    -3.221544002E-01     8.226945367E-02     2.936667103E-01
     2424    -2.747792201E-01     1.064349320E-01     3.750000046E-01
     2425    -3.178522235E-01     1.189969208E-01     3.343333555E-01
     2426    -2.747782617E-01     1.064378292E-01     2.936667104E-01
     2427    -2.317052581E-01     9.387584028E-02     3.343333556E-01
     2428    -2.453834780E-01     4.782205250E-02     2.936667130E-01
     2429     7.048468490E+00     6.668082461E-01     3.750000046E-01
     2430     7.048356932E+00     5.869336000E-01     3.343333657E-01
     2431     7.048485690E+00     6.668105743E-01     2.936667255E-01
     2432     7.112815091E+00     7.345763919E-01     3.750000046E-01
     2433     7.048597247E+00     7.466852204E-01     3.343333598E-01
     2434     7.112828948E+00     7.345751626E-01     2.936667177E-01
     2435     7.201438936E+00     6.623482632E-01     3.750000046E-01
     2436     7.177046791E+00     7.224663341E-01     3.343333579E-01
     2437     7.201453597E+00     6.623421247E-01     2.936667183E-01
     2438     7.137092335E+00     5.945801174E-01     3.750000046E-01
     2439     7.225845741E+00     6.022240537E-01     3.343333605E-01
     2440     7.137110338E+00     5.945775364E-01     2.936667262E-01
     2441     7.213561675E+00     7.669169213E-01     3.750000046E-01
     2442     7.213582328E+00     7.669051730E-01     2.936667116E-01
     2443     7.250097198E+00     8.113557403E-01     3.343333538E-01
     2444     7.326857758E+00     7.529053530E-01     2.936667076E-01
     2445     7.311669421E+00     6.447376535E-01     3.750000046E-01
     2446     7.397507912E+00     6.872397621E-01     3.343333538E-01
     2447     7.311684297E+00     6.447262255E-01     2.936667143E-01
     2448     7.066901214E+00     8.246881041E-01     3.750000046E-01
     2449     7.066892022E+00     8.246965698E-01     2.936667136E-01
     2450     7.085195987E+00     9.026994508E-01     3.343333538E-01
     2451     7.169837987E+00     8.609848213E-01     2.936667076E-01
     2452     5.242659889E+00    -2.189416553E-01     3.750000046E-01
     2453     5.346825750E+00    -2.426769121E-01     3.343333540E-01
     2454     5.242662050E+00    -2.189371443E-01     2.936667078E-01
     2455     5.184615998E+00    -2.204146898E-02     3.750000046E-01
     2456     5.138496189E+00    -1.952018875E-01     3.343333540E-01
     2457     5.184618261E+00    -2.203875504E-02     2.936667080E-01
     2458     5.359001907E+00     1.498608074E-01     3.750000046E-01
     2459     5.230738070E+00     1.511216635E-01     3.343333541E-01
     2460     5.359004238E+00     1.498582042E-01     2.936667085E-01
     2461     5.417045799E+00    -4.703937897E-02     3.750000046E-01
     2462     5.487268076E+00     1.485973481E-01     3.343333547E-01
     2463     5.417048027E+00    -4.704018506E-02     2.936667084E-01
     2464     5.445808967E+00    -2.859377970E-01     3.750000046E-01
     2465     5.544794441E+00    -3.292025875E-01     3.343333548E-01
     2466     5.445811224E+00    -2.859417026E-01     2.936667085E-01
     2467     5.583820090E+00     3.658225572E-02     3.750000046E-01
     2468     5.583824411E+00     3.657080778E-02     2.936667101E-01
     2469     5.612583259E+00    -2.023161623E-01     3.750000046E-01
     2470     5.680376425E+00    -7.544428458E-02     3.343333560E-01
     2471     5.612587608E+00    -2.023307098E-01     2.936667102E-01
     2472    -6.432485535E-01    -3.513271399E-01     3.750000046E-01
     2473    -6.019403479E-01    -4.243540308E-01     3.343333546E-01
     2474    -6.432489205E-01    -3.513266022E-01     2.936667088E-01
     2475    -5.964426358E-01    -2.312514067E-01     3.750000046E-01
     2476    -6.845571261E-01    -2.782997112E-01     3.343333547E-01
     2477    -5.964426990E-01    -2.312511279E-01     2.936667095E-01
     2478    -5.143742974E-01    -3.669440611E-01     3.750000046E-01
     2479    -5.143738961E-01    -3.669451959E-01     2.936667092E-01
     2480    -5.496985034E-01    -4.924132808E-01     3.750000046E-01
     2481    -5.496992045E-01    -4.924127372E-01     2.936667087E-01
     2482     6.257896023E-01     2.000049445E-01     3.750000046E-01
     2483     5.047382825E-01     2.654269565E-01     3.343333536E-01
     2484     6.257866588E-01     2.000111244E-01     2.936667068E-01
     2485     6.561610315E-01     6.785644625E-02     3.750000046E-01
     2486     7.468379786E-01     1.345891124E-01     3.343333533E-01
     2487     6.561573097E-01     6.786231290E-02     2.936667070E-01
     2488     4.733542413E-01     6.164346075E-02     3.750000046E-01
     2489     5.654803627E-01     1.129646743E-03     3.343333538E-01
     2490     4.733476515E-01     6.165448772E-02     2.936667082E-01
     2491     4.429828121E-01     1.937919590E-01     3.750000046E-01
     2492     3.812215302E-01     1.221683017E-01     3.343333546E-01
     2493     4.429770006E-01     1.938032993E-01     2.936667081E-01
     2494     5.506767820E-01     3.458651450E-01     3.750000046E-01
     2495     5.506748603E-01     3.458724253E-01     2.936667072E-01
     2496     7.000739624E-01     3.851222738E-01     3.750000046E-01
     2497     5.966133599E-01     4.263106138E-01     3.343333537E-01
     2498     7.000735701E-01     3.851300435E-01     2.936667071E-01
     2499     7.751867827E-01     2.392620732E-01     3.750000046E-01
     2500     8.035341726E-01     3.439417035E-01     3.343333535E-01
     2501     7.751853685E-01     2.392687427E-01     2.936667067E-01
     2502     4.133974376E-01     3.186098803E-01     3.750000046E-01
     2503     4.133939490E-01     3.186164757E-01     2.936667075E-01
     2504     3.683649187E-01     4.409924980E-01     3.750000046E-01
     2505     3.683626066E-01     4.409994184E-01     2.936667078E-01
     2506     5.056442631E-01     4.682477628E-01     3.750000046E-01
     2507     4.146744212E-01     5.101925169E-01     3.343333540E-01
     2508     5.056435180E-01     4.682553680E-01     2.936667075E-01
     2509     3.183531416E-01     1.847033444E-01     3.750000046E-01
     2510     3.183434165E-01     1.847179462E-01     2.936667093E-01
     2511     5.638118878E+00    -3.765227861E-01     3.750000046E-01
     2512     5.731446354E+00    -4.238588511E-01     3.343333558E-01
     2513     5.638121917E+00    -3.765386526E-01     2.936667101E-01
     2514     5.765088965E+00    -1.523709744E-01     3.750000046E-01
     2515     5.765096897E+00    -1.523973582E-01     2.936667128E-01
     2516     5.790624584E+00    -3.265775982E-01     3.750000046E-01
     2517     5.849809436E+00    -2.293240480E-01     3.343333576E-01
     2518     5.790631206E+00    -3.266053010E-01     2.936667126E-01
     2519     8.019192597E-01     2.911986403E-02     3.750000046E-01
     2520     8.019169922E-01     2.912470655E-02     2.936667065E-01
     2521     7.677803603E-01    -1.173045597E-01     3.750000046E-01
     2522     8.569982733E-01    -7.634454183E-02     3.343333532E-01
     2523     7.677779145E-01    -1.173018119E-01     2.936667065E-01
     2524     6.220221321E-01    -7.856797746E-02     3.750000046E-01
     2525     6.785600014E-01    -1.582618297E-01     3.343333534E-01
     2526     6.220182320E-01    -7.856420550E-02     2.936667070E-01
     2527     1.019134580E+00     6.102236325E-02     3.750000046E-01
     2528     9.902940321E-01     1.414219640E-01     3.343333531E-01
     2529     1.019132715E+00     6.102665969E-02     2.936667063E-01
     2530     9.524867468E-01    -4.786090336E-02     3.750000046E-01
     2531     1.047973263E+00    -1.937294109E-02     3.343333532E-01
     2532     9.524847897E-01    -4.785657955E-02     2.936667064E-01
     2533     8.685670931E-01     1.380031306E-01     3.750000046E-01
     2534     8.685649176E-01     1.380079458E-01     2.936667064E-01
     2535     9.996365513E-01     2.222184833E-01     3.750000046E-01
     2536     1.008977636E+00     3.030184547E-01     3.343333533E-01
     2537     9.996351165E-01     2.222219355E-01     2.936667064E-01
     2538     9.062562409E-01     3.234774258E-01     3.750000046E-01
     2539     9.062555674E-01     3.234827324E-01     2.936667068E-01
     2540     6.919529032E+00    -8.056368013E-01     3.750000046E-01
     2541     6.919489235E+00    -8.056616243E-01     2.936667183E-01
     2542     6.810191691E+00    -8.393281729E-01     3.750000046E-01
     2543     6.873344782E+00    -8.523128963E-01     3.343333578E-01
     2544     6.810170655E+00    -8.393513740E-01     2.936667175E-01
     2545     6.779387169E+00    -7.522225686E-01     3.750000046E-01
     2546     6.747017564E+00    -8.263666506E-01     3.343333597E-01
     2547     6.779358762E+00    -7.522616475E-01     2.936667252E-01
     2548     4.895728670E-01    -1.728812049E-01     3.750000046E-01
     2549     5.242891304E-01    -2.374526057E-01     3.343333535E-01
     2550     4.895674075E-01    -1.728844294E-01     2.936667074E-01
     2551     5.101683421E-01    -5.359269017E-02     3.750000046E-01
     2552     4.548511441E-01    -1.083130286E-01     3.343333540E-01
     2553     5.101631647E-01    -5.359069164E-02     2.936667077E-01
     2554     6.014266571E-01    -1.978564922E-01     3.750000046E-01
     2555     6.014224748E-01    -1.978579432E-01     2.936667068E-01
     2556     4.463408870E-01    -2.629740315E-01     3.750000046E-01
     2557     4.463339768E-01    -2.629812560E-01     2.936667075E-01
     2558     3.700793693E-01    -2.286054669E-01     3.750000046E-01
     2559     3.700710098E-01    -2.286161582E-01     2.936667083E-01
     2560     4.133113493E-01    -1.385126403E-01     3.750000046E-01
     2561     3.717646457E-01    -1.687189433E-01     3.343333544E-01
     2562     4.133044405E-01    -1.385193316E-01     2.936667083E-01
     2563     1.127344692E+00     1.523958107E-02     3.750000046E-01
     2564     1.206713990E+00     4.985572943E-02     3.343333533E-01
     2565     1.127342561E+00     1.524320727E-02     2.936667064E-01
     2566     1.058412093E+00     1.478718337E-01     3.750000046E-01
     2567     1.058410156E+00     1.478744447E-01     2.936667062E-01
     2568     1.166622204E+00     1.020890515E-01     3.750000046E-01
     2569     1.126528216E+00     1.543243143E-01     3.343333531E-01
     2570     1.166620002E+00     1.020909922E-01     2.936667063E-01
     2571     1.267997827E+00     1.130911099E-01     3.750000046E-01
     2572     1.329279203E+00     1.763265904E-01     3.343333535E-01
     2573     1.267995366E+00     1.130912100E-01     2.936667067E-01
     2574     1.151534818E+00     2.100483739E-01     3.750000046E-01
     2575     1.151532669E+00     2.100482284E-01     2.936667063E-01
     2576     1.252910440E+00     2.210504323E-01     3.750000046E-01
     2577     1.176539270E+00     2.657722880E-01     3.343333533E-01
     2578     1.252908033E+00     2.210484461E-01     2.936667067E-01
     2579     1.092759276E+00     2.843950235E-01     3.750000046E-01
     2580     1.092757629E+00     2.843957192E-01     2.936667066E-01
     2581     6.827059657E-01    -3.609457368E-01     3.750000046E-01
     2582     7.667559256E-01    -3.276321179E-01     3.343333533E-01
     2583     6.827045180E-01    -3.609500277E-01     2.936667065E-01
     2584     5.614737208E-01    -3.158554173E-01     3.750000046E-01
     2585     5.986545581E-01    -3.942636467E-01     3.343333534E-01
     2586     5.614699678E-01    -3.158608350E-01     2.936667068E-01
     2587     7.226589020E-01    -2.429468117E-01     3.750000046E-01
     2588     7.226570250E-01    -2.429471359E-01     2.936667066E-01
     2589     8.570355690E-01    -2.923117520E-01     3.750000046E-01
     2590     9.473141346E-01    -2.569912319E-01     3.343333534E-01
     2591     8.570344912E-01    -2.923115978E-01     2.936667066E-01
     2592     9.021570272E-01    -1.666695000E-01     3.750000046E-01
     2593     9.021553806E-01    -1.666662738E-01     2.936667065E-01
     2594     1.040743615E+00    -2.229272490E-01     3.750000046E-01
     2595     1.134171368E+00    -1.888589712E-01     3.343333534E-01
     2596     1.040741887E+00    -2.229229542E-01     2.936667067E-01
     2597     1.091073335E+00    -1.041186523E-01     3.750000046E-01
     2598     1.091071296E+00    -1.041132600E-01     2.936667065E-01
     2599     1.227553225E+00    -1.474260982E-01     3.750000046E-01
     2600     1.320932715E+00    -1.059875059E-01     3.343333535E-01
     2601     1.227550857E+00    -1.474203789E-01     2.936667069E-01
     2602     1.263824582E+00    -2.806786479E-02     3.750000046E-01
     2603     1.263822122E+00    -2.806391165E-02     2.936667067E-01
     2604     1.427141347E+00    -3.768788765E-02     3.750000046E-01
     2605     1.533347320E+00     3.061468777E-02     3.343333537E-01
     2606     1.427138689E+00    -3.768493046E-02     2.936667072E-01
     2607     1.431314591E+00     1.034710870E-01     3.750000046E-01
     2608     1.431311932E+00     1.034701912E-01     2.936667072E-01
     2609    -4.881901974E-01     3.033107091E-01     3.750000046E-01
     2610    -5.401045762E-01     3.609324549E-01     3.343333533E-01
     2611    -4.881914199E-01     3.033092489E-01     2.936667062E-01
     2612    -5.226317792E-01     2.172783178E-01     3.750000046E-01
     2613    -5.226328597E-01     2.172771182E-01     2.936667063E-01
     2614    -6.189202532E-01     2.388463392E-01     3.750000046E-01
     2615    -6.089875978E-01     1.888679329E-01     3.343333534E-01
     2616    -6.189210617E-01     2.388453349E-01     2.936667058E-01
     2617    -5.844786714E-01     3.248787305E-01     3.750000046E-01
     2618    -6.288537171E-01     2.888237413E-01     3.343333530E-01
     2619    -5.844796219E-01     3.248774657E-01     2.936667056E-01
     2620    -3.723049859E-01     3.985068223E-01     3.750000046E-01
     2621    -4.307935022E-01     4.481900723E-01     3.343333535E-01
     2622    -3.723050322E-01     3.985061836E-01     2.936667064E-01
     2623    -4.854486638E-01     4.045618368E-01     3.750000046E-01
     2624    -4.854494145E-01     4.045606904E-01     2.936667061E-01
     2625    -2.963961527E-01     1.639911041E-01     3.750000046E-01
     2626    -2.963974635E-01     1.639904082E-01     2.936667094E-01
     2627    -3.806822420E-01     1.153641853E-01     3.750000046E-01
     2628    -3.806822109E-01     1.153653045E-01     2.936667087E-01
     2629    -4.398942485E-01     1.787102610E-01     3.750000046E-01
     2630    -4.435122294E-01     1.117325690E-01     3.343333546E-01
     2631    -4.398950220E-01     1.787098111E-01     2.936667072E-01
     2632    -6.014875499E-01     1.279927933E-01     3.750000046E-01
     2633    -5.939879594E-01     6.711741278E-02     3.343333539E-01
     2634    -6.014880073E-01     1.279925524E-01     2.936667065E-01
     2635    -5.187500192E-01     8.942473646E-02     3.750000046E-01
     2636    -5.187501696E-01     8.942524530E-02     2.936667074E-01
     2637    -5.788695289E-01     3.618906601E-03     3.750000046E-01
     2638    -5.788696002E-01     3.619381241E-03     2.936667077E-01
     2639    -4.336611856E-01     5.792271529E-02     3.750000046E-01
     2640    -4.336612326E-01     5.792330673E-02     2.936667089E-01
     2641     7.521056300E-01    -5.353135191E-01     3.750000046E-01
     2642     8.433229290E-01    -5.022644116E-01     3.343333536E-01
     2643     7.521072071E-01    -5.353219350E-01     2.936667070E-01
     2644     6.297722952E-01    -4.813131272E-01     3.750000046E-01
     2645     6.608899081E-01    -5.683710425E-01     3.343333536E-01
     2646     6.297721711E-01    -4.813215620E-01     2.936667068E-01
     2647     8.050393006E-01    -4.149461287E-01     3.750000046E-01
     2648     8.050395540E-01    -4.149504008E-01     2.936667068E-01
     2649     9.364526633E-01    -4.696244636E-01     3.750000046E-01
     2650     1.029582732E+00    -4.369870498E-01     3.343333536E-01
     2651     9.364529977E-01    -4.696269979E-01     2.936667071E-01
     2652     9.884489317E-01    -3.469900868E-01     3.750000046E-01
     2653     9.884479349E-01    -3.469881949E-01     2.936667069E-01
     2654     1.124604932E+00    -4.053235708E-01     3.750000046E-01
     2655     1.219625632E+00    -3.736555308E-01     3.343333536E-01
     2656     1.124603433E+00    -4.053190099E-01     2.936667072E-01
     2657     1.176899615E+00    -2.812607329E-01     3.750000046E-01
     2658     1.176897385E+00    -2.812537691E-01     2.936667070E-01
     2659     1.316476716E+00    -3.406416117E-01     3.750000046E-01
     2660     1.413325126E+00    -3.076186329E-01     3.343333538E-01
     2661     1.316474042E+00    -3.406325521E-01     2.936667074E-01
     2662     1.367130327E+00    -2.068069770E-01     3.750000046E-01
     2663     1.367127514E+00    -2.067991618E-01     2.936667073E-01
     2664     1.515983619E+00    -2.722665598E-01     3.750000046E-01
     2665     1.618639178E+00    -2.369051690E-01     3.343333539E-01
     2666     1.515980684E+00    -2.722572421E-01     2.936667077E-01
     2667     1.575994639E+00    -1.031474705E-01     3.750000046E-01
     2668     1.575991859E+00    -1.031430108E-01     2.936667076E-01
     2669     5.960976345E+00    -4.309211926E-01     3.750000046E-01
     2670     6.011797340E+00    -3.476307645E-01     3.343333616E-01
     2671     5.960993320E+00    -4.309470617E-01     2.936667177E-01
     2672     5.820805794E+00    -4.690371679E-01     3.750000046E-01
     2673     5.910172325E+00    -5.142374899E-01     3.343333572E-01
     2674     5.820812886E+00    -4.690591730E-01     2.936667123E-01
     2675     5.930795135E+00    -2.884616229E-01     3.750000046E-01
     2676     5.930811641E+00    -2.884931897E-01     2.936667181E-01
     2677     6.060677051E+00    -2.743585051E-01     3.750000046E-01
     2678     6.109573028E+00    -2.011104373E-01     3.343333673E-01
     2679     6.060693317E+00    -2.743826968E-01     2.936667273E-01
     2680     5.915241190E+00    -1.476029266E-01     3.750000046E-01
     2681     5.915250719E+00    -1.476500064E-01     2.936667173E-01
     2682     6.045123106E+00    -1.334998088E-01     3.750000046E-01
     2683     5.980682473E+00    -6.592888489E-02     3.343333607E-01
     2684     6.045132395E+00    -1.335395135E-01     2.936667265E-01
     2685     6.150983377E+00    -1.597507215E-02     3.750000046E-01
     2686     6.122347970E+00     5.351381458E-02     3.343333665E-01
     2687     6.150990623E+00    -1.604694631E-02     2.936667356E-01
     2688     6.144595794E+00    -1.433282765E-01     3.750000046E-01
     2689     6.179626029E+00    -8.553583304E-02     3.343333699E-01
     2690     6.144603264E+00    -1.433179939E-01     2.936667359E-01
     2691     6.051510689E+00    -6.146604434E-03     3.750000046E-01
     2692     6.051519754E+00    -6.268465880E-03     2.936667263E-01
     2693     7.366336098E+00     1.516100329E-01     3.750000046E-01
     2694     7.351384745E+00     5.426713902E-02     3.343333660E-01
     2695     7.366322858E+00     1.516217626E-01     2.936667301E-01
     2696     7.451675092E+00     1.954111171E-01     3.750000046E-01
     2697     7.381274211E+00     2.489646565E-01     3.343333641E-01
     2698     7.451664021E+00     1.954258605E-01     2.936667231E-01
     2699     7.515095954E+00     7.581662771E-02     3.750000046E-01
     2700     7.522064901E+00     1.418723211E-01     3.343333590E-01
     2701     7.515090325E+00     7.581856335E-02     2.936667187E-01
     2702     7.429756960E+00     3.201554353E-02     3.750000046E-01
     2703     7.508121377E+00     9.762869983E-03     3.343333597E-01
     2704     7.429749162E+00     3.201446548E-02     2.936667257E-01
     2705     7.083472511E+00    -3.121915593E-01     2.936667500E-01
     2706     7.208090645E+00    -2.650351289E-01     3.750000046E-01
     2707     7.129364888E+00    -2.439468917E-01     3.343333750E-01
     2708     7.208055696E+00    -2.651004836E-01     2.936667414E-01
     2709     7.263612740E+00    -3.837544488E-01     3.750000046E-01
     2710     7.286781566E+00    -2.861887841E-01     3.343333664E-01
     2711     7.263610180E+00    -3.837644701E-01     2.936667307E-01
     2712     7.427681589E+00    -3.735045945E-01     3.750000046E-01
     2713     7.446612437E+00    -3.090107411E-01     3.343333600E-01
     2714     7.427683522E+00    -3.735039265E-01     2.936667191E-01
     2715     7.324594713E+00    -4.596661305E-01     3.750000046E-01
     2716     7.408752674E+00    -4.379977800E-01     3.343333592E-01
     2717     7.324599314E+00    -4.596617843E-01     2.936667235E-01
     2718     7.366699616E+00    -2.975929129E-01     3.750000046E-01
     2719     7.366694387E+00    -2.976066123E-01     2.936667263E-01
     2720     7.465992651E+00    -2.295101375E-01     3.750000046E-01
     2721     7.485370842E+00    -1.500159263E-01     3.343333606E-01
     2722     7.465990628E+00    -2.295165298E-01     2.936667206E-01
     2723     7.307527899E+00    -2.016136267E-01     3.750000046E-01
     2724     7.307519189E+00    -2.016379372E-01     2.936667337E-01
     2725     7.406820934E+00    -1.335308514E-01     3.750000046E-01
     2726     7.328265521E+00    -1.170627798E-01     3.343333674E-01
     2727     7.406815429E+00    -1.335478548E-01     2.936667280E-01
     2728     7.339829697E+00    -3.139136760E-02     3.750000046E-01
     2729     7.339820569E+00    -3.140427323E-02     2.936667334E-01
     2730     7.496748197E+00    -7.012394023E-02     3.750000046E-01
     2731     7.496744022E+00    -7.012911608E-02     2.936667203E-01
     2732     6.619802635E+00    -7.232679983E-01     3.750000046E-01
     2733     6.587725310E+00    -7.988226951E-01     3.343333609E-01
     2734     6.619936574E+00    -7.233083238E-01     2.936667281E-01
     2735     6.731837760E+00    -6.629096450E-01     3.750000046E-01
     2736     6.652013899E+00    -6.477536271E-01     3.343333673E-01
     2737     6.731904505E+00    -6.629615476E-01     2.936667328E-01
     2738     6.667352044E+00    -8.125809220E-01     3.750000046E-01
     2739     6.667390830E+00    -8.126084237E-01     2.936667205E-01
     2740     7.158941031E+00     4.040486417E-01     3.750000046E-01
     2741     7.290823542E+00     4.361465131E-01     3.343333639E-01
     2742     7.158942239E+00     4.040470915E-01     2.936667389E-01
     2743     7.037702533E+00     4.794412617E-01     3.750000046E-01
     2744     7.027059727E+00     3.719492201E-01     3.343333750E-01
     2745     7.037714126E+00     4.794415584E-01     2.936667407E-01
     2746     7.258330833E+00     5.191874974E-01     3.750000046E-01
     2747     7.258338451E+00     5.191830695E-01     2.936667244E-01
     2748     6.961772963E+00     4.215620095E-01     2.936667501E-01
     2749     6.888263168E+00     5.381316650E-01     3.750000046E-01
     2750     6.889278990E+00     4.598266515E-01     3.343333751E-01
     2751     6.888292144E+00     5.381424098E-01     2.936667428E-01
     2752     6.967784441E+00     6.016900736E-01     3.750000046E-01
     2753     6.887276309E+00     6.164473912E-01     3.343333678E-01
     2754     6.967848800E+00     6.016909176E-01     2.936667335E-01
     2755     6.968683356E+00     7.628188331E-01     3.750000046E-01
     2756     6.888805256E+00     7.789554440E-01     3.343333611E-01
     2757     6.968719147E+00     7.628218313E-01     2.936667209E-01
     2758     6.887999308E+00     6.977006607E-01     3.750000046E-01
     2759     6.888082257E+00     6.977021746E-01     2.936667289E-01
     2760     6.802276129E+00     7.863078949E-01     3.750000046E-01
     2761     6.715882804E+00     7.936571713E-01     3.343333623E-01
     2762     6.802411931E+00     7.863047203E-01     2.936667233E-01
     2763     6.803629466E+00     6.250602827E-01     3.750000046E-01
     2764     6.803887841E+00     6.250504095E-01     2.936667372E-01
     2765     6.717906287E+00     7.136675170E-01     3.750000046E-01
     2766     6.720240998E+00     6.336633009E-01     3.343333695E-01
     2767     6.718217515E+00     7.136529552E-01     2.936667316E-01
     2768     6.628445564E+00     7.860875806E-01     3.750000046E-01
     2769     6.541249192E+00     7.785499170E-01     3.343333621E-01
     2770     6.628686432E+00     7.861195077E-01     2.936667241E-01
     2771     6.636569442E+00     6.257845390E-01     3.750000046E-01
     2772     6.637034915E+00     6.258443189E-01     2.936667383E-01
     2773     6.547108719E+00     6.982046026E-01     3.750000046E-01
     2774     6.553363359E+00     6.179655570E-01     3.343333690E-01
     2775     6.547503832E+00     6.983108714E-01     2.936667307E-01
     2776     6.457204709E+00     7.561510668E-01     3.750000046E-01
     2777     6.373367630E+00     7.338169563E-01     3.343333614E-01
     2778     6.457412113E+00     7.562158065E-01     2.936667228E-01
     2779     6.475537607E+00     5.943357785E-01     3.750000046E-01
     2780     6.475932824E+00     5.944626264E-01     2.936667364E-01
     2781     6.385633597E+00     6.522822427E-01     3.750000046E-01
     2782     6.398107072E+00     5.708328479E-01     3.343333679E-01
     2783     6.385841105E+00     6.523675615E-01     2.936667285E-01
     2784     6.295610934E+00     7.021711159E-01     3.750000046E-01
     2785     6.217954203E+00     6.705648048E-01     3.343333615E-01
     2786     6.295710898E+00     7.022106452E-01     2.936667214E-01
     2787     6.330910857E+00     5.416586882E-01     3.750000046E-01
     2788     6.331100463E+00     5.417364563E-01     2.936667336E-01
     2789     6.240888195E+00     5.915475613E-01     3.750000046E-01
     2790     6.263904248E+00     5.125622966E-01     3.343333670E-01
     2791     6.240970256E+00     5.915795401E-01     2.936667265E-01
     2792     6.102536692E+00     5.449888991E-01     3.750000046E-01
     2793     6.139513240E+00     4.858524630E-01     3.343333623E-01
     2794     6.102580508E+00     5.450012907E-01     2.936667187E-01
     2795     6.141757832E+00     6.373431577E-01     3.750000046E-01
     2796     6.065603960E+00     6.041377269E-01     3.343333577E-01
     2797     6.141800331E+00     6.373593740E-01     2.936667177E-01
     2798     6.201667056E+00     4.991933028E-01     3.750000046E-01
     2799     6.201750433E+00     4.992214568E-01     2.936667276E-01
     2800     5.989027591E+00     5.451856991E-01     3.750000046E-01
     2801     5.912475035E+00     4.862401156E-01     3.343333566E-01
     2802     5.989051404E+00     5.451921434E-01     2.936667134E-01
     2803     6.101743422E+00     3.886496977E-01     3.750000046E-01
     2804     6.101785875E+00     3.886463299E-01     2.936667235E-01
     2805     5.988234321E+00     3.888464977E-01     3.750000046E-01
     2806     6.064016057E+00     2.914435646E-01     3.343333629E-01
     2807     5.988256771E+00     3.888371826E-01     2.936667181E-01
     2808     5.960123241E+00     2.087159434E-01     3.750000046E-01
     2809     5.856248803E+00     1.259633696E-01     3.343333581E-01
     2810     5.960141619E+00     2.086909908E-01     2.936667195E-01
     2811     6.093173147E+00     1.725297167E-01     3.750000046E-01
     2812     6.093190880E+00     1.724276625E-01     2.936667281E-01
     2813     5.918460783E+00     3.003962228E-02     3.750000046E-01
     2814     5.918470493E+00     2.999486241E-02     2.936667177E-01
     2815     5.768308557E+00     2.527157444E-02     3.750000046E-01
     2816     5.768316671E+00     2.524751056E-02     2.936667132E-01
     2817     5.815779373E+00     4.201557927E-01     3.750000046E-01
     2818     5.719095213E+00     3.540691502E-01     3.343333558E-01
     2819     5.815790875E+00     4.201534731E-01     2.936667117E-01
     2820     5.787668293E+00     2.400252384E-01     3.750000046E-01
     2821     5.787675723E+00     2.400072814E-01     2.936667131E-01
     2822     5.603179826E+00     2.513359197E-01     3.750000046E-01
     2823     5.603183463E+00     2.513305786E-01     2.936667100E-01
     2824     5.119902884E+00     1.495150464E-01     3.750000046E-01
     2825     5.009069950E+00     1.479061498E-01     3.343333541E-01
     2826     5.119905136E+00     1.495127669E-01     2.936667081E-01
     2827     5.035937114E+00    -1.812353151E-01     3.750000046E-01
     2828     5.035939510E+00    -1.812286398E-01     2.936667080E-01
     2829     4.971224000E+00    -9.678799690E-03     3.750000046E-01
     2830     4.933380435E+00    -1.672620673E-01     3.343333541E-01
     2831     4.971226385E+00    -9.677117779E-03     2.936667080E-01
     2832     4.905414651E+00     1.449891295E-01     3.750000046E-01
     2833     4.801761565E+00     1.420679594E-01     3.343333540E-01
     2834     4.905416865E+00     1.449849797E-01     2.936667080E-01
     2835     4.832804410E+00    -1.583907363E-01     3.750000046E-01
     2836     4.832806542E+00    -1.583853931E-01     2.936667080E-01
     2837     4.766995061E+00    -3.722807081E-03     3.750000046E-01
     2838     4.732230517E+00    -1.495140621E-01     3.343333540E-01
     2839     4.766997022E+00    -3.723295641E-03     2.936667080E-01
     2840     4.701258540E+00     1.386997997E-01     3.750000046E-01
     2841     4.600757214E+00     1.353264112E-01     3.343333539E-01
     2842     4.701260239E+00     1.386945709E-01     2.936667079E-01
     2843     4.632889240E+00    -1.433967939E-01     3.750000046E-01
     2844     4.632890662E+00    -1.433943906E-01     2.936667079E-01
     2845     4.567152718E+00    -9.741871291E-04     3.750000046E-01
     2846     4.533549385E+00    -1.372771224E-01     3.343333539E-01
     2847     4.567153880E+00    -9.765240154E-04     2.936667078E-01
     2848     4.501444431E+00     1.320113740E-01     3.750000046E-01
     2849     4.402132552E+00     1.286916470E-01     3.343333539E-01
     2850     4.501445334E+00     1.320066842E-01     2.936667078E-01
     2851     4.434679732E+00    -1.328093146E-01     3.750000046E-01
     2852     4.434680312E+00    -1.328101886E-01     2.936667077E-01
     2853     4.368971445E+00     1.762465903E-04     3.750000046E-01
     2854     4.335810659E+00    -1.283423808E-01     3.343333538E-01
     2855     4.368971766E+00     1.730196688E-04     2.936667077E-01
     2856     4.302827886E+00     1.257181599E-01     3.750000046E-01
     2857     4.203523357E+00     1.227419488E-01     3.343333538E-01
     2858     4.302828023E+00     1.257154359E-01     2.936667077E-01
     2859     4.236743762E+00    -1.249907880E-01     3.750000046E-01
     2860     4.236743653E+00    -1.249942794E-01     2.936667077E-01
     2861     4.170600203E+00     5.511253416E-04     3.750000046E-01
     2862     4.137676757E+00    -1.216426867E-01     3.343333539E-01
     2863     4.170599911E+00     5.481368086E-04     2.936667077E-01
     2864     4.103676376E+00     1.202813212E-01     3.750000046E-01
     2865     4.003829031E+00     1.178206423E-01     3.343333539E-01
     2866     4.103676012E+00     1.202812699E-01     2.936667077E-01
     2867     4.037897559E+00    -1.191535556E-01     3.750000046E-01
     2868     4.037897080E+00    -1.191582527E-01     2.936667078E-01
     2869     3.970973732E+00     5.766403059E-04     3.750000046E-01
     2870     3.938117883E+00    -1.166691216E-01     3.343333539E-01
     2871     3.970973181E+00     5.748803798E-04     2.936667078E-01
     2872     3.903353642E+00     1.159726464E-01     3.750000046E-01
     2873     3.802877723E+00     1.141269851E-01     3.343333539E-01
     2874     3.903353113E+00     1.159749810E-01     2.936667078E-01
     2875     3.837609842E+00    -1.149323728E-01     3.750000046E-01
     2876     3.837609322E+00    -1.149365204E-01     2.936667078E-01
     2877     3.769989751E+00     4.636333465E-04     3.750000046E-01
     2878     3.737101282E+00    -1.131997715E-01     3.343333539E-01
     2879     3.769989254E+00     4.635802671E-04     2.936667078E-01
     2880     3.702000296E+00     1.129489039E-01     3.750000046E-01
     2881     3.601122426E+00     1.117742693E-01     3.343333539E-01
     2882     3.701999853E+00     1.129523505E-01     2.936667078E-01
     2883     3.636153391E+00    -1.121658120E-01     3.750000046E-01
     2884     3.636153020E+00    -1.121681700E-01     2.936667077E-01
     2885     3.568163935E+00     3.194585333E-04     3.750000046E-01
     2886     3.535205130E+00    -1.111342105E-01     3.343333539E-01
     2887     3.568163620E+00     3.206002503E-04     2.936667077E-01
     2888     3.500023973E+00     1.113028056E-01     3.750000046E-01
     2889     3.398925258E+00     1.108341982E-01     3.343333538E-01
     2890     3.500023711E+00     1.113056620E-01     2.936667077E-01
     2891     3.434052972E+00    -1.107627991E-01     3.750000046E-01
     2892     3.434052770E+00    -1.107635531E-01     2.936667077E-01
     2893     3.365913009E+00     2.205479542E-04     3.750000046E-01
     2894     3.332900612E+00    -1.103921417E-01     3.343333538E-01
     2895     3.365912861E+00     2.215086079E-04     2.936667077E-01
     2896     2.879676478E-01    -7.663554222E-01     3.750000046E-01
     2897     3.410743079E-01    -7.425308680E-01     3.343333548E-01
     2898     2.879671812E-01    -7.663574134E-01     2.936667074E-01
     2899     1.998635691E-01    -7.523579211E-01     3.750000046E-01
     2900     2.348605211E-01    -7.901819676E-01     3.343333539E-01
     2901     1.998632073E-01    -7.523591078E-01     2.936667070E-01
     2902     2.151178190E-01    -6.785177241E-01     3.750000046E-01
     2903     1.648662553E-01    -7.145350612E-01     3.343333538E-01
     2904     2.151170801E-01    -6.785195900E-01     2.936667070E-01
     2905     3.032218977E-01    -6.925152252E-01     3.750000046E-01
     2906     2.653686437E-01    -6.425022528E-01     3.343333538E-01
     2907     3.032210540E-01    -6.925178956E-01     2.936667073E-01
     2908     3.029969646E-01    -6.130155209E-01     3.750000046E-01
     2909     3.029955400E-01    -6.130194678E-01     2.936667064E-01
     2910     4.052130160E-01    -6.077579463E-01     3.750000046E-01
     2911     3.406238608E-01    -5.835327359E-01     3.343333533E-01
     2912     4.052121622E-01    -6.077644610E-01     2.936667063E-01
     2913     4.054379491E-01    -6.872576506E-01     3.750000046E-01
     2914     4.698013174E-01    -6.319896714E-01     3.343333536E-01
     2915     4.054376762E-01    -6.872628888E-01     2.936667072E-01
     2916     3.339940080E-01     5.435846238E-01     3.750000046E-01
     2917     3.339933350E-01     5.435898359E-01     2.936667077E-01
     2918     1.728327224E+00    -2.101890236E-01     3.750000046E-01
     2919     1.838012910E+00    -1.834662078E-01     3.343333539E-01
     2920     1.728324864E+00    -2.101823531E-01     2.936667078E-01
     2921     1.658427682E+00     3.513936485E-02     3.750000046E-01
     2922     1.658425326E+00     3.513944701E-02     2.936667075E-01
     2923     1.810760266E+00    -7.190218830E-02     3.750000046E-01
     2924     1.783505688E+00     3.966412410E-02     3.343333538E-01
     2925     1.810758332E+00    -7.189989536E-02     2.936667077E-01
     2926     1.956226514E+00    -1.395108635E-01     3.750000046E-01
     2927     2.074438897E+00    -9.555159303E-02     3.343333538E-01
     2928     1.956225293E+00    -1.395069372E-01     2.936667077E-01
     2929     1.866144876E+00     5.018202509E-02     3.750000046E-01
     2930     1.866143286E+00     5.018201523E-02     2.936667076E-01
     2931     2.011611124E+00    -1.742665017E-02     3.750000046E-01
     2932     1.948782475E+00     6.069991622E-02     3.343333538E-01
     2933     2.011610247E+00    -1.742502665E-02     2.936667076E-01
     2934     3.297711157E+00     1.111194422E-01     3.750000046E-01
     2935     3.196496960E+00     1.114058433E-01     3.343333538E-01
     2936     3.297711060E+00     1.111205994E-01     2.936667077E-01
     2937     3.231645203E+00    -1.106197048E-01     3.750000046E-01
     2938     3.231645153E+00    -1.106205742E-01     2.936667077E-01
     2939     3.163443351E+00     2.791894213E-04     3.750000046E-01
     2940     3.130389743E+00    -1.108481373E-01     3.343333538E-01
     2941     3.163443351E+00     2.785165406E-04     2.936667076E-01
     2942     3.095242036E+00     1.125560776E-01     3.750000046E-01
     2943     2.993987173E+00     1.137064407E-01     3.343333538E-01
     2944     3.095242096E+00     1.125562064E-01     2.936667077E-01
     2945     3.029025582E+00    -1.115431180E-01     3.750000046E-01
     2946     3.029025724E+00    -1.115456175E-01     2.936667077E-01
     2947     2.960824267E+00     7.337702138E-04     3.750000046E-01
     2948     2.927661563E+00    -1.122405981E-01     3.343333539E-01
     2949     2.960824468E+00     7.320723684E-04     2.936667077E-01
     2950     2.892761499E+00     1.159751569E-01     3.750000046E-01
     2951     2.791536114E+00     1.182451381E-01     3.343333539E-01
     2952     2.892761788E+00     1.159764219E-01     2.936667077E-01
     2953     2.826032170E+00    -1.131102387E-01     3.750000046E-01
     2954     2.826032571E+00    -1.131139010E-01     2.936667077E-01
     2955     2.757969403E+00     2.131147970E-03     3.750000046E-01
     2956     2.724403179E+00    -1.139835417E-01     3.343333539E-01
     2957     2.757969890E+00     2.130448496E-03     2.936667078E-01
     2958     2.690346411E+00     1.222282005E-01     3.750000046E-01
     2959     2.589157267E+00     1.262149252E-01     3.343333539E-01
     2960     2.690346971E+00     1.222318628E-01     2.936667078E-01
     2961     2.621871702E+00    -1.143530118E-01     3.750000046E-01
     2962     2.621872301E+00    -1.143560258E-01     2.936667078E-01
     2963     2.554248710E+00     5.744040755E-03     3.750000046E-01
     2964     2.519340824E+00    -1.147254959E-01     3.343333539E-01
     2965     2.554249382E+00     5.745388553E-03     2.936667078E-01
     2966     2.487934916E+00     1.332792218E-01     3.750000046E-01
     2967     2.386713215E+00     1.403487730E-01     3.343333539E-01
     2968     2.487935565E+00     1.332844764E-01     2.936667078E-01
     2969     2.413582688E+00    -1.130390266E-01     3.750000046E-01
     2970     2.413583190E+00    -1.130398036E-01     2.936667077E-01
     2971     2.347268895E+00     1.449615448E-02     3.750000046E-01
     2972     2.307825053E+00    -1.113533343E-01     3.343333538E-01
     2973     2.347269373E+00     1.449928420E-02     2.936667077E-01
     2974     2.285864781E+00     1.535168271E-01     3.750000046E-01
     2975     2.185016661E+00     1.666896691E-01     3.343333538E-01
     2976     2.285865094E+00     1.535216149E-01     2.936667077E-01
     2977     2.191132033E+00    -1.034533503E-01     3.750000046E-01
     2978     2.191131917E+00    -1.034515771E-01     2.936667077E-01
     2979     2.129727919E+00     3.556732238E-02     3.750000046E-01
     2980     2.129727638E+00     3.557075364E-02     2.936667076E-01
     2981     2.094452713E+00     1.941551845E-01     3.750000046E-01
     2982     2.003888334E+00     2.216220362E-01     3.343333538E-01
     2983     2.094452281E+00     1.941565208E-01     2.936667076E-01
     2984     1.976335918E+00     1.411612119E-01     3.750000046E-01
     2985     1.976334891E+00     1.411607405E-01     2.936667076E-01
     2986     1.911339103E+00     2.344149465E-01     3.750000046E-01
     2987     1.818788442E+00     2.472043032E-01     3.343333539E-01
     2988     1.911337673E+00     2.344113930E-01     2.936667077E-01
     2989     1.801148061E+00     1.434357596E-01     3.750000046E-01
     2990     1.801146069E+00     1.434326677E-01     2.936667077E-01
     2991     1.716490656E+00     2.624025557E-01     3.750000046E-01
     2992     1.614190430E+00     2.775937155E-01     3.343333539E-01
     2993     1.716488216E+00     2.623954631E-01     2.936667078E-01
     2994     1.573770277E+00     1.541061609E-01     3.750000046E-01
     2995     1.573767474E+00     1.541022424E-01     2.936667076E-01
     2996     1.515566245E+00     3.109201824E-01     3.750000046E-01
     2997     1.416939100E+00     3.442381078E-01     3.343333538E-01
     2998     1.515563285E+00     3.109116409E-01     2.936667077E-01
     2999     1.373110559E+00     2.602851086E-01     3.750000046E-01
     3000     1.373107743E+00     2.602795897E-01     2.936667072E-01
     3001     1.326762678E+00     3.771566516E-01     3.750000046E-01
     3002     1.236583557E+00     4.100680153E-01     3.343333536E-01
     3003     1.326759978E+00     3.771494714E-01     2.936667073E-01
     3004     1.206562559E+00     3.379219754E-01     3.750000046E-01
     3005     1.206560268E+00     3.379183279E-01     2.936667068E-01
     3006     1.145214115E+00     4.359825794E-01     3.750000046E-01
     3007     1.053843242E+00     4.618952231E-01     3.343333536E-01
     3008     1.145212684E+00     4.359806590E-01     2.936667071E-01
     3009     1.031410832E+00     3.824556275E-01     3.750000046E-01
     3010     1.031410045E+00     3.824580503E-01     2.936667068E-01
     3011     9.569746252E-01     4.893911300E-01     3.750000046E-01
     3012     8.601066229E-01     5.168924604E-01     3.343333537E-01
     3013     9.569752394E-01     4.893965534E-01     2.936667072E-01
     3014     8.318200342E-01     4.304129283E-01     3.750000046E-01
     3015     8.318207613E-01     4.304212355E-01     2.936667071E-01
     3016     7.641785279E-01     5.521758176E-01     3.750000046E-01
     3017     6.682526345E-01     5.874694090E-01     3.343333538E-01
     3018     7.641807296E-01     5.521860518E-01     2.936667074E-01
     3019     6.324324561E-01     5.068851631E-01     3.750000046E-01
     3020     6.324335383E-01     5.068948597E-01     2.936667074E-01
     3021     5.780508791E-01     6.251967239E-01     3.750000046E-01
     3022     4.878512821E-01     6.629338522E-01     3.343333541E-01
     3023     5.780530375E-01     6.252065372E-01     2.936667076E-01
     3024     4.512626861E-01     5.865593236E-01     3.750000046E-01
     3025     4.512630171E-01     5.865670455E-01     2.936667077E-01
     3026     4.040590749E-01     6.967900449E-01     3.750000046E-01
     3027     3.202677087E-01     7.306516759E-01     3.343333552E-01
     3028     4.040599158E-01     6.967954832E-01     2.936667083E-01
     3029     2.867903968E-01     6.538153451E-01     3.750000046E-01
     3030     2.867902336E-01     6.538182737E-01     2.936667084E-01
     3031     2.433010098E-01     7.519456357E-01     3.750000046E-01
     3032     1.663340827E-01     7.732414663E-01     3.343333542E-01
     3033     2.433007816E-01     7.519475066E-01     2.936667084E-01
     3034     1.589559515E-01     7.032468513E-01     3.750000046E-01
     3035     1.589555364E-01     7.032481761E-01     2.936667078E-01
     3036     8.571697028E-02     7.707163763E-01     3.750000046E-01
     3037     5.099496445E-03     7.681918627E-01     3.343333540E-01
     3038     8.571660890E-02     7.707169527E-01     2.936667077E-01
     3039     2.549795131E-03     6.552209137E-01     3.750000046E-01
     3040     2.549690251E-03     6.552209490E-01     2.936667076E-01
     3041    -7.232961173E-02     7.681050088E-01     3.750000046E-01
     3042    -1.497587553E-01     7.680181853E-01     3.343333539E-01
     3043    -7.232964716E-02     7.681050391E-01     2.936667075E-01
     3044    -6.584638267E-02     5.845961818E-01     3.750000046E-01
     3045    -6.584637399E-02     5.845961488E-01     2.936667076E-01
     3046    -1.407257895E-01     6.974802770E-01     3.750000046E-01
     3047    -1.316927456E-01     6.269423306E-01     3.343333541E-01
     3048    -1.407257114E-01     6.974802390E-01     2.936667075E-01
     3049    -2.193693572E-01     7.462078957E-01     3.750000046E-01
     3050    -2.889799279E-01     7.243975371E-01     3.343333541E-01
     3051    -2.193693260E-01     7.462078267E-01     2.936667075E-01
     3052    -1.731628061E-01     6.023431676E-01     3.750000046E-01
     3053    -1.731628304E-01     6.023430550E-01     2.936667077E-01
     3054    -2.518063737E-01     6.510707864E-01     3.750000046E-01
     3055    -2.146328909E-01     5.777438920E-01     3.343333546E-01
     3056    -2.518064451E-01     6.510706427E-01     2.936667077E-01
     3057    -3.564911297E-01     6.897254517E-01     3.750000046E-01
     3058    -4.240025511E-01     6.550530921E-01     3.343333538E-01
     3059    -3.564913493E-01     6.897251775E-01     2.936667074E-01
     3060    -2.666168756E-01     5.499230840E-01     3.750000046E-01
     3061    -2.666170017E-01     5.499227934E-01     2.936667073E-01
     3062    -3.713016315E-01     5.885777494E-01     3.750000046E-01
     3063    -3.186009864E-01     5.221019854E-01     3.343333540E-01
     3064    -3.713019060E-01     5.885773282E-01     2.936667069E-01
     3065    -4.874738941E-01     6.086009428E-01     3.750000046E-01
     3066    -5.509460111E-01     5.621478665E-01     3.343333536E-01
     3067    -4.874746681E-01     6.086000158E-01     2.936667070E-01
     3068    -3.746970869E-01     4.851463595E-01     3.750000046E-01
     3069    -3.746974017E-01     4.851456982E-01     2.936667065E-01
     3070    -4.908693494E-01     5.051695530E-01     3.750000046E-01
     3071    -4.908701639E-01     5.051683858E-01     2.936667065E-01
     3072    -6.062586807E-01     5.057492963E-01     3.750000046E-01
     3073    -6.615725071E-01     4.493492138E-01     3.343333535E-01
     3074    -6.062598375E-01     5.057477840E-01     2.936667067E-01
     3075    -6.008379951E-01     4.051415801E-01     3.750000046E-01
     3076    -6.008390881E-01     4.051400886E-01     2.936667063E-01
     3077    -7.013145462E-01     3.874766414E-01     3.750000046E-01
     3078    -7.410575058E-01     3.256026886E-01     3.343333533E-01
     3079    -7.013154666E-01     3.874752611E-01     2.936667065E-01
     3080    -6.849552225E-01     3.072137918E-01     3.750000046E-01
     3081    -6.849560004E-01     3.072126381E-01     2.936667058E-01
     3082    -7.542982680E-01     2.548908464E-01     3.750000046E-01
     3083    -7.675396308E-01     1.841780267E-01     3.343333536E-01
     3084    -7.542988686E-01     2.548898689E-01     2.936667065E-01
     3085    -6.882632987E-01     1.865233938E-01     3.750000046E-01
     3086    -6.882639299E-01     1.865225658E-01     2.936667064E-01
     3087    -7.676365246E-01     1.080057647E-01     3.750000046E-01
     3088    -7.677337108E-01     3.183321885E-02     3.343333538E-01
     3089    -7.676368170E-01     1.080054808E-01     2.936667069E-01
     3090    -6.808607758E-01     4.947516421E-02     3.750000046E-01
     3091    -6.808608945E-01     4.947546742E-02     2.936667070E-01
     3092    -7.540777085E-01    -4.626551686E-02     3.750000046E-01
     3093    -7.404218155E-01    -1.243637207E-01     3.343333541E-01
     3094    -7.540778179E-01    -4.626498499E-02     2.936667075E-01
     3095    -6.520864616E-01    -9.212177447E-02     3.750000046E-01
     3096    -6.520865236E-01    -9.212107117E-02     2.936667082E-01
     3097     6.453340441E+00    -6.787704879E-01     3.750000046E-01
     3098     6.418399251E+00    -7.520049915E-01     3.343333618E-01
     3099     6.453628256E+00    -6.788571587E-01     2.936667301E-01
     3100     6.570151277E+00    -6.266463682E-01     3.750000046E-01
     3101     6.488569446E+00    -6.056226551E-01     3.343333687E-01
     3102     6.570432068E+00    -6.267299139E-01     2.936667358E-01
     3103     6.502991800E+00    -7.753921180E-01     3.750000046E-01
     3104     6.503132761E+00    -7.754355686E-01     2.936667223E-01
     3105     6.291310481E+00    -6.082458270E-01     3.750000046E-01
     3106     6.252254940E+00    -6.811667650E-01     3.343333624E-01
     3107     6.291429666E+00    -6.083118682E-01     2.936667296E-01
     3108     6.409393506E+00    -5.704561482E-01     3.750000046E-01
     3109     6.330485207E+00    -5.353909302E-01     3.343333687E-01
     3110     6.409661147E+00    -5.705574371E-01     2.936667367E-01
     3111     6.335257417E+00    -7.165601667E-01     3.750000046E-01
     3112     6.335396774E+00    -7.166115898E-01     2.936667230E-01
     3113    -7.124893552E-01    -2.013321403E-01     3.750000046E-01
     3114    -7.124895865E-01    -2.013312916E-01     2.936667083E-01
     3115     1.920511120E-01    -9.653332626E-01     3.343333538E-01
     3116     9.769556399E-02    -9.793913999E-01     2.936667076E-01
     3117     8.364414235E-02    -8.493917691E-01     3.750000046E-01
     3118     8.364432710E-02    -8.493922920E-01     2.936667073E-01
     3119     2.134560683E-01    -8.777572490E-01     3.750000046E-01
     3120     2.134555649E-01    -8.777579813E-01     2.936667073E-01
     3121     2.839359673E-01    -9.424077164E-01     2.936667094E-01
     3122     3.571335326E-01    -8.266435285E-01     3.750000046E-01
     3123     3.571332796E-01    -8.266448612E-01     2.936667095E-01
     3124     5.505967331E-01    -8.216439454E-01     3.343333539E-01
     3125     4.610936480E-01    -8.646032647E-01     2.936667095E-01
     3126     5.101969578E-01    -7.268103271E-01     3.750000046E-01
     3127     5.101990198E-01    -7.268187804E-01     2.936667072E-01
     3128    -2.614053109E-01     4.672993166E-01     3.750000046E-01
     3129    -2.614053398E-01     4.672990088E-01     2.936667078E-01
     3130     7.308512843E-01    -7.451175416E-01     3.343333540E-01
     3131     6.401810811E-01    -7.821002064E-01     2.936667079E-01
     3132     5.653451681E-01    -6.001757635E-01     3.750000046E-01
     3133     5.653460575E-01    -6.001849504E-01     2.936667068E-01
     3134     6.958672065E-01    -6.567341778E-01     3.750000046E-01
     3135     6.958710562E-01    -6.567469415E-01     2.936667075E-01
     3136     9.156435265E-01    -6.777490165E-01     3.343333539E-01
     3137     8.228486383E-01    -7.103383338E-01     2.936667079E-01
     3138     8.794811127E-01    -5.899998602E-01     3.750000046E-01
     3139     8.794835554E-01    -5.900082904E-01     2.936667075E-01
     3140     1.107303837E+00    -6.173362216E-01     3.343333538E-01
     3141     1.011161861E+00    -6.465525358E-01     2.936667077E-01
     3142     1.068443436E+00    -5.271618664E-01     3.750000046E-01
     3143     1.068443114E+00    -5.271613429E-01     2.936667074E-01
     3144     1.300161219E+00    -5.646173363E-01     3.343333539E-01
     3145     1.203496048E+00    -5.901111237E-01     2.936667077E-01
     3146     1.259895285E+00    -4.691433754E-01     3.750000046E-01
     3147     1.259892831E+00    -4.691344639E-01     2.936667075E-01
     3148     1.490690890E+00    -5.193490400E-01     3.343333541E-01
     3149     1.395248488E+00    -5.412354809E-01     2.936667080E-01
     3150     1.452010504E+00    -4.134942084E-01     3.750000046E-01
     3151     1.452007242E+00    -4.134812805E-01     2.936667079E-01
     3152     1.682483507E+00    -4.798009240E-01     3.343333541E-01
     3153     1.586446219E+00    -4.988910522E-01     2.936667082E-01
     3154     1.650563578E+00    -3.583630247E-01     3.750000046E-01
     3155     1.650560615E+00    -3.583509429E-01     2.936667080E-01
     3156     1.875292634E+00    -4.455169088E-01     3.343333539E-01
     3157     1.778775393E+00    -4.620250881E-01     2.936667080E-01
     3158     1.856654153E+00    -3.144982688E-01     3.750000046E-01
     3159     1.856652292E+00    -3.144903285E-01     2.936667078E-01
     3160     2.068904155E+00    -4.161412282E-01     3.343333538E-01
     3161     1.972008257E+00    -4.302349185E-01     2.936667077E-01
     3162     2.071671910E+00    -2.558487540E-01     3.750000046E-01
     3163     2.071671367E+00    -2.558456831E-01     2.936667076E-01
     3164     2.263166711E+00    -3.913891599E-01     3.343333538E-01
     3165     2.165963712E+00    -4.032023240E-01     2.936667076E-01
     3166     2.285495536E+00    -2.513690241E-01     3.750000046E-01
     3167     2.285495954E+00    -2.513710994E-01     2.936667077E-01
     3168     2.460439796E+00    -3.708057044E-01     3.343333539E-01
     3169     2.361745638E+00    -3.805453459E-01     2.936667077E-01
     3170     2.489889676E+00    -2.427598279E-01     3.750000046E-01
     3171     2.489890458E+00    -2.427661502E-01     2.936667078E-01
     3172     2.660354890E+00    -3.543985408E-01     3.343333539E-01
     3173     2.560352631E+00    -3.620575582E-01     2.936667078E-01
     3174     2.692378497E+00    -2.341841736E-01     3.750000046E-01
     3175     2.692379151E+00    -2.341919988E-01     2.936667078E-01
     3176     2.862186753E+00    -3.422056762E-01     3.343333539E-01
     3177     2.761238282E+00    -3.477639096E-01     2.936667078E-01
     3178     2.894923904E+00    -2.272180676E-01     3.750000046E-01
     3179     2.894924203E+00    -2.272240082E-01     2.936667077E-01
     3180     3.064558227E+00    -3.342652830E-01     3.343333538E-01
     3181     2.963351679E+00    -3.377059250E-01     2.936667077E-01
     3182     3.097473964E+00    -2.225550750E-01     3.750000046E-01
     3183     3.097473970E+00    -2.225570887E-01     2.936667076E-01
     3184     3.267051159E+00    -3.305355404E-01     3.343333538E-01
     3185     3.165795008E+00    -3.318767625E-01     2.936667076E-01
     3186     3.299975939E+00    -2.204636514E-01     3.750000046E-01
     3187     3.299975831E+00    -2.204638882E-01     2.936667076E-01
     3188     3.469607658E+00    -3.309866922E-01     3.343333538E-01
     3189     3.368330525E+00    -3.302389576E-01     2.936667076E-01
     3190     3.502406519E+00    -2.210575478E-01     3.750000046E-01
     3191     3.502406301E+00    -2.210607666E-01     2.936667077E-01
     3192     3.672182853E+00    -3.356255975E-01     3.343333539E-01
     3193     3.570907226E+00    -3.327810593E-01     2.936667077E-01
     3194     3.704642381E+00    -2.244066427E-01     3.750000046E-01
     3195     3.704641925E+00    -2.244135509E-01     2.936667078E-01
     3196     3.874248675E+00    -3.444704085E-01     3.343333539E-01
     3197     3.773238904E+00    -3.395179965E-01     2.936667078E-01
     3198     3.906183766E+00    -2.305626942E-01     3.750000046E-01
     3199     3.906183110E+00    -2.305709720E-01     2.936667078E-01
     3200     4.074247988E+00    -3.574594286E-01     3.343333539E-01
     3201     3.974282784E+00    -3.504334032E-01     2.936667078E-01
     3202     4.105962812E+00    -2.395457623E-01     3.750000046E-01
     3203     4.105962248E+00    -2.395521945E-01     2.936667077E-01
     3204     4.270899995E+00    -3.744667094E-01     3.343333538E-01
     3205     4.172619825E+00    -3.654322591E-01     2.936667077E-01
     3206     4.303355390E+00    -2.514031562E-01     3.750000046E-01
     3207     4.303355341E+00    -2.514051462E-01     2.936667076E-01
     3208     4.465901181E+00    -3.956513975E-01     3.343333538E-01
     3209     4.368459625E+00    -3.845148769E-01     2.936667076E-01
     3210     4.499724682E+00    -2.664676246E-01     3.750000046E-01
     3211     4.499725500E+00    -2.664640909E-01     2.936667077E-01
     3212     4.660054950E+00    -4.212446823E-01     3.343333540E-01
     3213     4.563052868E+00    -4.078798874E-01     2.936667078E-01
     3214     4.696141370E+00    -2.853868713E-01     3.750000046E-01
     3215     4.696143167E+00    -2.853783396E-01     2.936667080E-01
     3216     4.853529709E+00    -4.515092217E-01     3.343333541E-01
     3217     4.756886213E+00    -4.357761032E-01     2.936667081E-01
     3218     4.893453151E+00    -3.093952694E-01     3.750000046E-01
     3219     4.893455642E+00    -3.093839986E-01     2.936667081E-01
     3220     5.046167693E+00    -4.867424341E-01     3.343333540E-01
     3221     4.949966054E+00    -4.684835341E-01     2.936667081E-01
     3222     5.092329996E+00    -3.409808769E-01     3.750000046E-01
     3223     5.092332509E+00    -3.409704374E-01     2.936667080E-01
     3224     5.237745849E+00    -5.273160159E-01     3.343333538E-01
     3225     5.142103740E+00    -5.063345697E-01     2.936667079E-01
     3226     5.292284521E+00    -3.850006782E-01     3.750000046E-01
     3227     5.292286249E+00    -3.849958994E-01     2.936667077E-01
     3228     5.428983808E+00    -5.739626113E-01     3.343333538E-01
     3229     5.333552333E+00    -5.498698219E-01     2.936667076E-01
     3230     5.486888840E+00    -4.515788539E-01     3.750000046E-01
     3231     5.486889740E+00    -4.515850813E-01     2.936667084E-01
     3232     5.622264002E+00    -6.282292052E-01     3.343333539E-01
     3233     5.525874135E+00    -6.002037130E-01     2.936667077E-01
     3234     5.676856068E+00    -5.260328844E-01     3.750000046E-01
     3235     5.676856020E+00    -5.260494256E-01     2.936667094E-01
     3236     5.811709980E+00    -6.895693003E-01     3.343333540E-01
     3237     5.717309460E+00    -6.579021701E-01     2.936667079E-01
     3238     5.860940999E+00    -6.018906966E-01     3.750000046E-01
     3239     5.860943794E+00    -6.019089412E-01     2.936667108E-01
     3240     5.995093289E+00    -7.582615278E-01     3.343333539E-01
     3241     5.903819390E+00    -7.227987133E-01     2.936667079E-01
     3242     5.997386174E+00    -5.565781293E-01     3.750000046E-01
     3243     5.997415190E+00    -5.566059344E-01     2.936667155E-01
     3244     6.039850956E+00    -6.785918029E-01     3.750000046E-01
     3245     6.084629038E+00    -5.989465738E-01     3.343333593E-01
     3246     6.039872957E+00    -6.786123677E-01     2.936667126E-01
     3247     6.085393230E+00    -7.961491835E-01     2.936667095E-01
     3248     6.168408433E+00    -6.400371880E-01     3.750000046E-01
     3249     6.168475545E+00    -6.400761509E-01     2.936667201E-01
     3250     6.213374968E+00    -7.589139207E-01     3.750000046E-01
     3251     6.213418313E+00    -7.589362614E-01     2.936667170E-01
     3252     6.343592909E+00    -9.201777773E-01     3.343333538E-01
     3253     6.257060096E+00    -8.824873071E-01     2.936667094E-01
     3254     6.380949728E+00    -8.360774491E-01     3.750000046E-01
     3255     6.381042432E+00    -8.361053192E-01     2.936667153E-01
     3256     6.530364249E+00    -9.707366871E-01     3.343333538E-01
     3257     6.435728166E+00    -9.500566825E-01     2.936667076E-01
     3258     6.559025651E+00    -8.847730796E-01     3.750000046E-01
     3259     6.559063907E+00    -8.847863089E-01     2.936667146E-01
     3260     6.718502350E+00    -9.839192764E-01     3.343333538E-01
     3261     6.624108265E+00    -9.818440776E-01     2.936667076E-01
     3262     6.732768221E+00    -9.051362585E-01     3.750000046E-01
     3263     6.732751694E+00    -9.051496762E-01     2.936667135E-01
     3264     6.905657707E+00    -9.609848029E-01     3.343333538E-01
     3265     6.812618625E+00    -9.769455426E-01     2.936667076E-01
     3266     6.889515294E+00    -9.066423463E-01     3.750000046E-01
     3267     6.889487195E+00    -9.066553518E-01     2.936667116E-01
     3268     7.088048474E+00    -9.014544912E-01     3.343333538E-01
     3269     6.998292500E+00    -9.356791834E-01     2.936667076E-01
     3270     7.026881286E+00    -8.302092096E-01     3.750000046E-01
     3271     7.026840661E+00    -8.302307833E-01     2.936667142E-01
     3272     7.254368545E+00    -8.084058645E-01     3.343333538E-01
     3273     7.173465245E+00    -8.589655687E-01     2.936667076E-01
     3274     7.172404483E+00    -7.168891659E-01     3.750000046E-01
     3275     7.172373294E+00    -7.168973418E-01     2.936667178E-01
     3276     7.398216241E+00    -6.865127967E-01     3.343333538E-01
     3277     7.329228555E+00    -7.509027521E-01     2.936667076E-01
     3278     7.319323290E+00    -5.839268348E-01     3.750000046E-01
     3279     7.319334370E+00    -5.839161607E-01     2.936667181E-01
     3280     7.518549899E+00    -5.357950040E-01     3.343333538E-01
     3281     7.462090334E+00    -6.140999597E-01     2.936667076E-01
     3282     7.463647645E+00    -4.869015188E-01     3.750000046E-01
     3283     7.463654858E+00    -4.868912204E-01     2.936667130E-01
     3284     7.605569506E+00    -3.685250915E-01     3.343333538E-01
     3285     7.566077854E+00    -4.542419507E-01     2.936667076E-01
     3286     7.526090053E+00    -3.387696755E-01     3.750000046E-01
     3287     7.526091971E+00    -3.387661896E-01     2.936667137E-01
     3288     7.659825557E+00    -1.839369182E-01     3.343333538E-01
     3289     7.637219815E+00    -2.775559483E-01     2.936667076E-01
     3290     7.572598815E+00    -1.669753614E-01     3.750000046E-01
     3291     7.572597579E+00    -1.669774822E-01     2.936667144E-01
     3292     7.677165354E+00    -3.614993933E-08     3.343333538E-01
     3293     7.672820930E+00    -9.237500581E-02     2.936667076E-01
     3294     7.592644608E+00     4.881736153E-03     3.750000046E-01
     3295     7.592642124E+00     4.881097680E-03     2.936667135E-01
     3296     7.659051450E+00     1.879605777E-01     3.343333538E-01
     3297     7.672626530E+00     9.441447060E-02     2.936667076E-01
     3298     7.590559519E+00     1.649163374E-01     3.750000046E-01
     3299     7.590556691E+00     1.649165339E-01     2.936667128E-01
     3300     7.603767651E+00     3.729563576E-01     3.343333538E-01
     3301     7.635957942E+00     2.818135959E-01     2.936667076E-01
     3302     7.492523857E+00     3.109569569E-01     3.750000046E-01
     3303     7.492517900E+00     3.109640141E-01     2.936667179E-01
     3304     7.515782213E+00     5.400359526E-01     3.343333538E-01
     3305     7.563794330E+00     4.586047526E-01     2.936667076E-01
     3306     7.336052236E+00     3.425502753E-01     3.750000046E-01
     3307     7.336045518E+00     3.425608943E-01     2.936667280E-01
     3308     7.403299865E+00     4.880956783E-01     3.750000046E-01
     3309     7.403305855E+00     4.880867642E-01     2.936667177E-01
     3310     7.460189936E+00     6.164727349E-01     2.936667076E-01
     3311     6.902064386E+00     9.617732564E-01     3.343333538E-01
     3312     6.995063317E+00     9.367269380E-01     2.936667076E-01
     3313     6.895426184E+00     8.703624631E-01     3.750000046E-01
     3314     6.895443465E+00     8.703662717E-01     2.936667149E-01
     3315     6.712791890E+00     9.840512093E-01     3.343333538E-01
     3316     6.807957155E+00     9.775054315E-01     2.936667076E-01
     3317     6.714289472E+00     8.888561612E-01     3.750000046E-01
     3318     6.714385222E+00     8.888522075E-01     2.936667160E-01
     3319     6.524432209E+00     9.697247190E-01     3.343333538E-01
     3320     6.618259365E+00     9.814166876E-01     2.936667076E-01
     3321     6.532776300E+00     8.741198440E-01     3.750000046E-01
     3322     6.532905100E+00     8.741547933E-01     2.936667157E-01
     3323     6.340240205E+00     9.188980166E-01     3.343333538E-01
     3324     6.431095166E+00     9.487903654E-01     2.936667076E-01
     3325     6.356769366E+00     8.263437362E-01     3.750000046E-01
     3326     6.356838478E+00     8.263712119E-01     2.936667147E-01
     3327     6.255452091E+00     8.816913024E-01     2.936667094E-01
     3328     6.196232412E+00     7.536186773E-01     3.750000046E-01
     3329     6.196260132E+00     7.536295446E-01     2.936667161E-01
     3330     5.996567088E+00     7.588565418E-01     3.343333539E-01
     3331     6.086121572E+00     7.964671466E-01     2.936667095E-01
     3332     6.031079796E+00     6.814905636E-01     3.750000046E-01
     3333     6.031092832E+00     6.814997918E-01     2.936667111E-01
     3334     5.813255955E+00     6.901073483E-01     3.343333540E-01
     3335     5.905330126E+00     7.233643424E-01     2.936667079E-01
     3336     5.862863450E+00     5.881660850E-01     3.750000046E-01
     3337     5.862870027E+00     5.881742368E-01     2.936667102E-01
     3338     5.622372450E+00     6.282618749E-01     3.343333539E-01
     3339     5.718142034E+00     6.581715886E-01     2.936667079E-01
     3340     5.670734411E+00     4.911614859E-01     3.750000046E-01
     3341     5.670734978E+00     4.911638118E-01     2.936667095E-01
     3342     5.429289145E+00     5.740424219E-01     3.343333538E-01
     3343     5.526080589E+00     6.002616388E-01     2.936667077E-01
     3344     5.458278343E+00     3.613196170E-01     3.750000046E-01
     3345     5.458279199E+00     3.613189220E-01     2.936667083E-01
     3346     5.239092326E+00     5.276221218E-01     3.343333538E-01
     3347     5.334376402E+00     5.500707629E-01     2.936667076E-01
     3348     5.234913876E+00     3.393758457E-01     3.750000046E-01
     3349     5.234915699E+00     3.393715492E-01     2.936667079E-01
     3350     5.047569177E+00     4.870185325E-01     3.343333540E-01
     3351     5.143477887E+00     5.066255863E-01     2.936667079E-01
     3352     5.028317628E+00     3.174701562E-01     3.750000046E-01
     3353     5.028320123E+00     3.174615128E-01     2.936667080E-01
     3354     4.854984981E+00     4.517557736E-01     3.343333541E-01
     3355     4.951394565E+00     4.687448262E-01     2.936667081E-01
     3356     4.828371437E+00     2.969211164E-01     3.750000046E-01
     3357     4.828373759E+00     2.969105810E-01     2.936667081E-01
     3358     4.661563003E+00     4.214617717E-01     3.343333540E-01
     3359     4.758367987E+00     4.360079339E-01     2.936667081E-01
     3360     4.631158873E+00     2.784019313E-01     3.750000046E-01
     3361     4.631160409E+00     2.783927391E-01     2.936667079E-01
     3362     4.467467060E+00     3.958395006E-01     3.343333538E-01
     3363     4.564589925E+00     4.080825642E-01     2.936667078E-01
     3364     4.434799332E+00     2.622697922E-01     3.750000046E-01
     3365     4.434799892E+00     2.622645720E-01     2.936667077E-01
     3366     4.270799478E+00     3.744569157E-01     3.343333538E-01
     3367     4.369193373E+00     3.845945911E-01     2.936667076E-01
     3368     4.237161574E+00     2.485990179E-01     3.750000046E-01
     3369     4.237161336E+00     2.485990737E-01     2.936667076E-01
     3370     4.071411772E+00     3.572452271E-01     3.343333539E-01
     3371     4.171152638E+00     3.653055363E-01     2.936667077E-01
     3372     4.037620881E+00     2.375283961E-01     3.750000046E-01
     3373     4.037620240E+00     2.375332687E-01     2.936667077E-01
     3374     3.869839829E+00     3.442319321E-01     3.343333539E-01
     3375     3.970660567E+00     3.501989427E-01     2.936667078E-01
     3376     3.836359253E+00     2.291727626E-01     3.750000046E-01
     3377     3.836358615E+00     2.291802924E-01     2.936667078E-01
     3378     3.667621274E+00     3.354747959E-01     3.343333539E-01
     3379     3.768753464E+00     3.393227770E-01     2.936667078E-01
     3380     3.634372135E+00     2.236184968E-01     3.750000046E-01
     3381     3.634371733E+00     2.236254354E-01     2.936667078E-01
     3382     3.465210526E+00     3.309325264E-01     3.343333538E-01
     3383     3.566427603E+00     3.326795410E-01     2.936667077E-01
     3384     3.432067991E+00     2.208803114E-01     3.750000046E-01
     3385     3.432067824E+00     2.208839018E-01     2.936667077E-01
     3386     3.262647878E+00     3.305721259E-01     3.343333538E-01
     3387     3.363930079E+00     3.302301455E-01     2.936667076E-01
     3388     3.229572449E+00     2.209888304E-01     3.750000046E-01
     3389     3.229572387E+00     2.209890189E-01     2.936667076E-01
     3390     3.060013876E+00     3.343971478E-01     3.343333538E-01
     3391     3.161320931E+00     3.319601648E-01     2.936667076E-01
     3392     3.027000474E+00     2.240504558E-01     3.750000046E-01
     3393     3.027000536E+00     2.240518098E-01     2.936667076E-01
     3394     2.857782839E+00     3.424258064E-01     3.343333539E-01
     3395     2.958877316E+00     3.378824584E-01     2.936667077E-01
     3396     2.824659177E+00     2.303306038E-01     3.750000046E-01
     3397     2.824659562E+00     2.303360799E-01     2.936667078E-01
     3398     2.656680793E+00     3.546607538E-01     3.343333539E-01
     3399     2.757199259E+00     3.480086866E-01     2.936667078E-01
     3400     2.622918456E+00     2.404307027E-01     3.750000046E-01
     3401     2.622919181E+00     2.404390604E-01     2.936667079E-01
     3402     2.458063902E+00     3.710272506E-01     3.343333539E-01
     3403     2.557328006E+00     3.623061997E-01     2.936667078E-01
     3404     2.422387940E+00     2.556814005E-01     3.750000046E-01
     3405     2.422388690E+00     2.556894148E-01     2.936667078E-01
     3406     2.262096810E+00     3.915130722E-01     3.343333538E-01
     3407     2.360023364E+00     3.807251484E-01     2.936667077E-01
     3408     2.223556477E+00     2.790980231E-01     3.750000046E-01
     3409     2.223556720E+00     2.791023571E-01     2.936667076E-01
     3410     2.067890440E+00     4.162825206E-01     3.343333538E-01
     3411     2.164921848E+00     4.033350862E-01     2.936667076E-01
     3412     2.035889853E+00     3.189542323E-01     3.750000046E-01
     3413     2.035889149E+00     3.189519555E-01     2.936667076E-01
     3414     1.874329651E+00     4.456753266E-01     3.343333539E-01
     3415     1.971019843E+00     4.303848837E-01     2.936667077E-01
     3416     1.846560463E+00     3.464467660E-01     3.750000046E-01
     3417     1.846558534E+00     3.464383587E-01     2.936667078E-01
     3418     1.681571763E+00     4.799756625E-01     3.343333541E-01
     3419     1.777837957E+00     4.621917592E-01     2.936667080E-01
     3420     1.647883349E+00     3.787946594E-01     3.750000046E-01
     3421     1.647880358E+00     3.787826129E-01     2.936667080E-01
     3422     1.489830966E+00     5.195394398E-01     3.343333541E-01
     3423     1.585560300E+00     4.990736950E-01     2.936667082E-01
     3424     1.453387532E+00     4.318987637E-01     3.750000046E-01
     3425     1.453384261E+00     4.318865860E-01     2.936667078E-01
     3426     1.299353813E+00     5.648229107E-01     3.343333539E-01
     3427     1.394414721E+00     5.414335183E-01     2.936667080E-01
     3428     1.267970555E+00     4.874518217E-01     3.750000046E-01
     3429     1.267968075E+00     4.874440501E-01     2.936667075E-01
     3430     1.105493540E+00     6.178672958E-01     3.343333538E-01
     3431     1.202184276E+00     5.904696158E-01     2.936667077E-01
     3432     1.079668484E+00     5.398806816E-01     3.750000046E-01
     3433     1.079668261E+00     5.398817122E-01     2.936667073E-01
     3434     9.148318411E-01     6.780239889E-01     3.343333539E-01
     3435     1.009853468E+00     6.469647895E-01     2.936667077E-01
     3436     8.874670170E-01     5.974506627E-01     3.750000046E-01
     3437     8.874696493E-01     5.974604819E-01     2.936667075E-01
     3438     7.308956673E-01     7.451001233E-01     3.343333540E-01
     3439     8.224684032E-01     7.104768297E-01     2.936667079E-01
     3440     6.995705445E-01     6.662744317E-01     3.750000046E-01
     3441     6.995748179E-01     6.662876107E-01     2.936667078E-01
     3442     5.506833045E-01     8.216041495E-01     3.343333539E-01
     3443     6.402468887E-01     7.820723060E-01     2.936667079E-01
     3444     5.192648082E-01     7.422624235E-01     3.750000046E-01
     3445     5.192677042E-01     7.422710659E-01     2.936667077E-01
     3446     4.611362379E-01     8.645819107E-01     2.936667095E-01
     3447     3.467300929E-01     8.207039258E-01     3.750000046E-01
     3448     3.467301201E-01     8.207052719E-01     2.936667101E-01
     3449     1.887669093E-01     9.659808443E-01     3.343333538E-01
     3450     2.823328462E-01     9.428892308E-01     2.936667094E-01
     3451     1.775509198E-01     8.696108270E-01     3.750000046E-01
     3452     1.775500712E-01     8.696114788E-01     2.936667077E-01
     3453    -1.260037655E-03     9.842511620E-01     3.343333538E-01
     3454     9.419704198E-02     9.797340735E-01     2.936667076E-01
     3455     1.919880161E-03     8.762214948E-01     3.750000046E-01
     3456     1.919578621E-03     8.762215366E-01     2.936667076E-01
     3457    -1.910933906E-01     9.655233056E-01     3.343333538E-01
     3458    -9.663148187E-02     9.794969598E-01     2.936667076E-01
     3459    -1.704262038E-01     8.667707289E-01     3.750000046E-01
     3460    -1.704259406E-01     8.667707544E-01     2.936667075E-01
     3461    -3.758285649E-01     9.096729233E-01     3.343333538E-01
     3462    -2.848331100E-01     9.421369523E-01     2.936667076E-01
     3463    -3.324042068E-01     8.170352707E-01     3.750000046E-01
     3464    -3.324042807E-01     8.170351768E-01     2.936667076E-01
     3465    -5.466371110E-01     8.184985073E-01     3.343333538E-01
     3466    -4.634803903E-01     8.682959549E-01     2.936667076E-01
     3467    -4.853196095E-01     7.367759922E-01     3.750000046E-01
     3468    -4.853200521E-01     7.367756065E-01     2.936667073E-01
     3469    -6.942149958E-01     6.977230662E-01     3.343333538E-01
     3470    -6.233586737E-01     7.616927868E-01     2.936667076E-01
     3471    -6.225796781E-01     6.299363511E-01     3.750000046E-01
     3472    -6.225813259E-01     6.299345787E-01     2.936667072E-01
     3473    -8.195850752E-01     5.450066440E-01     3.343333538E-01
     3474    -7.607427303E-01     6.245177626E-01     2.936667076E-01
     3475    -7.405781984E-01     4.971787938E-01     3.750000046E-01
     3476    -7.405793768E-01     4.971770593E-01     2.936667071E-01
     3477    -9.093033928E-01     3.767217506E-01     3.343333538E-01
     3478    -8.685300857E-01     4.630414968E-01     2.936667076E-01
     3479    -8.251801467E-01     3.511628124E-01     3.750000046E-01
     3480    -8.251807512E-01     3.511616266E-01     2.936667069E-01
     3481    -9.655019711E-01     1.912011540E-01     3.343333538E-01
     3482    -9.419811862E-01     2.853478269E-01     2.936667076E-01
     3483    -8.665206376E-01     1.876899947E-01     3.750000046E-01
     3484    -8.665209763E-01     1.876891883E-01     2.936667072E-01
     3485    -9.842519685E-01    -7.177246096E-10     3.343333538E-01
     3486    -9.795532742E-01     9.605894291E-02     2.936667076E-01
     3487    -8.759928156E-01     1.591655477E-02     3.750000046E-01
     3488    -8.759928637E-01     1.591666336E-02     2.936667074E-01
     3489    -9.646812498E-01    -1.952998303E-01     3.343333538E-01
     3490    -9.793470993E-01    -9.813866001E-02     2.936667076E-01
     3491    -8.525514385E-01    -1.598323013E-01     3.750000046E-01
     3492    -8.525516245E-01    -1.598312491E-01     2.936667077E-01
     3493    -9.065123156E-01    -3.833893051E-01     3.343333538E-01
     3494    -9.403117996E-01    -2.908017485E-01     2.936667076E-01
     3495    -7.955343896E-01    -3.308453029E-01     3.750000046E-01
     3496    -7.955350692E-01    -3.308437206E-01     2.936667082E-01
     3497    -8.157111077E-01    -5.507879140E-01     3.343333538E-01
     3498    -8.651706644E-01    -4.692884603E-01     2.936667076E-01
     3499    -7.088250858E-01    -4.875718334E-01     3.750000046E-01
     3500    -7.088263608E-01    -4.875701054E-01     2.936667082E-01
     3501    -6.943723987E-01    -6.975664193E-01     3.343333538E-01
     3502    -7.586014828E-01    -6.271169969E-01     2.936667076E-01
     3503    -5.959137184E-01    -6.290203237E-01     3.750000046E-01
     3504    -5.959160354E-01    -6.290180778E-01     2.936667081E-01
     3505    -5.427504741E-01    -8.210809097E-01     3.343333538E-01
     3506    -6.216369236E-01    -7.630985996E-01     2.936667076E-01
     3507    -4.703440210E-01    -7.547791759E-01     3.750000046E-01
     3508    -4.703418114E-01    -7.547805766E-01     2.936667078E-01
     3509    -4.607693503E-01    -8.697376290E-01     2.936667076E-01
     3510     6.254612956E+00    -4.893387623E-01     3.750000046E-01
     3511     6.178858605E+00    -4.433582716E-01     3.343333660E-01
     3512     6.254730856E+00    -4.894104395E-01     2.936667331E-01
     3513     6.131710907E+00    -5.211301232E-01     3.750000046E-01
     3514     6.131776736E+00    -5.211747222E-01     2.936667237E-01
     3515     6.095301079E+00    -3.954731865E-01     3.750000046E-01
     3516     6.095354866E+00    -3.955158495E-01     2.936667259E-01
     3517     6.233115003E+00    -3.679266857E-01     3.750000046E-01
     3518     6.233157071E+00    -3.679546575E-01     2.936667413E-01
     3519     6.198490976E+00    -2.468120043E-01     3.750000046E-01
     3520     6.198495522E+00    -2.468215048E-01     2.936667427E-01
     3521     6.287413554E+00    -9.716907068E-02     3.343333750E-01
     3522     6.287413554E+00    -1.947781721E-01     2.936667513E-01
     3523     6.233518288E+00    -9.143024250E-02     3.750000046E-01
     3524     6.233521127E+00    -9.127466121E-02     2.936667445E-01
     3525     6.287413554E+00     1.008052917E-01     3.343333750E-01
     3526     6.287413554E+00     1.767291139E-03     2.936667500E-01
     3527     6.204878475E+00     7.732410023E-02     3.750000046E-01
     3528     6.204882881E+00     7.699500605E-02     2.936667411E-01
     3529     6.287413554E+00     1.965454633E-01     2.936667513E-01
     3530     6.175708142E+00     2.919885166E-01     3.750000046E-01
     3531     6.175721384E+00     2.919781197E-01     2.936667382E-01
     3532     6.275631776E+00     4.025321217E-01     3.750000046E-01
     3533     6.275685942E+00     4.025532467E-01     2.936667424E-01
     3534     6.406416921E+00     4.097801554E-01     3.343333749E-01
     3535     6.342052291E+00     3.562253394E-01     2.936667512E-01
     3536     6.402114692E+00     4.902224835E-01     3.750000046E-01
     3537     6.402409362E+00     4.903904336E-01     2.936667425E-01
     3538     6.557408233E+00     4.812882229E-01     3.343333748E-01
     3539     6.479168233E+00     4.520099663E-01     2.936667497E-01
     3540     6.555068850E+00     5.495390579E-01     3.750000046E-01
     3541     6.555702789E+00     5.497145570E-01     2.936667436E-01
     3542     6.724222307E+00     4.990187887E-01     3.343333756E-01
     3543     6.640405534E+00     4.972352819E-01     2.936667504E-01
     3544     6.721982383E+00     5.663554012E-01     3.750000046E-01
     3545     6.722480917E+00     5.663266053E-01     2.936667450E-01
     3546     6.808555170E+00     4.864431906E-01     2.936667507E-01
     3547     7.131524183E+00     2.400428481E-01     3.343333750E-01
     3548     7.084867673E+00     3.104381370E-01     2.936667500E-01
     3549     7.256413074E+00     2.444795522E-01     3.750000046E-01
     3550     7.256385238E+00     2.445279072E-01     2.936667391E-01
     3551     7.186253446E+00     8.133624684E-02     3.343333750E-01
     3552     7.165589448E+00     1.630255823E-01     2.936667500E-01
     3553     7.268822293E+00     6.779863114E-02     3.750000046E-01
     3554     7.268815865E+00     6.780474931E-02     2.936667411E-01
     3555     7.185502946E+00    -8.576435931E-02     3.343333750E-01
     3556     7.192908298E+00    -2.255584187E-03     2.936667500E-01
     3557     7.256888419E+00    -1.013942482E-01     3.750000046E-01
     3558     7.256879981E+00    -1.014328793E-01     2.936667424E-01
     3559     7.164104318E+00    -1.672695594E-01     2.936667500E-01
     3560     6.720353198E+00    -4.992464889E-01     3.343333752E-01
     3561     6.804585879E+00    -4.873697305E-01     2.936667502E-01
     3562     6.686062207E+00    -5.734912890E-01     3.750000046E-01
     3563     6.686304889E+00    -5.735088070E-01     2.936667424E-01
     3564     6.553355362E+00    -4.801286891E-01     3.343333749E-01
     3565     6.636278206E+00    -4.967821015E-01     2.936667501E-01
     3566     6.520715173E+00    -5.428028574E-01     3.750000046E-01
     3567     6.521209662E+00    -5.429483929E-01     2.936667435E-01
     3568     6.403040647E+00    -4.073988160E-01     3.343333750E-01
     3569     6.475331781E+00    -4.501757937E-01     2.936667499E-01
     3570     6.366680160E+00    -4.713410687E-01     3.750000046E-01
     3571     6.366845703E+00    -4.714486653E-01     2.936667431E-01
     3572     6.340553668E+00    -3.547430468E-01     2.936667513E-01
     3573    -1.541914295E-01     5.131219769E-01     3.750000046E-01
     3574    -1.541914620E-01     5.131218973E-01     2.936667095E-01
     3575    -6.629127093E-02     5.147912505E-01     2.936667094E-01
     3576     4.047530002E-01    -3.676285447E-01     3.750000046E-01
     3577     4.411141546E-01    -4.467634697E-01     3.343333536E-01
     3578     4.047468879E-01    -3.676376068E-01     2.936667074E-01
     3579     5.198858340E-01    -4.205099305E-01     3.750000046E-01
     3580     5.198828788E-01    -4.205171859E-01     2.936667067E-01
     3581     4.554587068E-01    -5.393725668E-01     3.750000046E-01
     3582     4.554567652E-01    -5.393805743E-01     2.936667067E-01
     3583     3.770542093E-01    -4.640813727E-01     3.750000046E-01
     3584     3.129905549E-01    -4.814061772E-01     3.343333535E-01
     3585     3.770505002E-01    -4.640882742E-01     2.936667067E-01
     3586     3.268085185E-01    -5.324667522E-01     3.750000046E-01
     3587     3.268058972E-01    -5.324721610E-01     2.936667063E-01
     3588     2.648721903E-01    -5.064369494E-01     3.750000046E-01
     3589     2.167509885E-01    -5.314720278E-01     3.343333537E-01
     3590     2.648693531E-01    -5.064412556E-01     2.936667067E-01
     3591     2.410606364E-01    -5.869857182E-01     3.750000046E-01
     3592     2.410589959E-01    -5.869885625E-01     2.936667069E-01
     3593     1.686170093E-01    -5.599755543E-01     3.750000046E-01
     3594     1.204818574E-01    -5.884809006E-01     3.343333538E-01
     3595     1.686158366E-01    -5.599773741E-01     2.936667071E-01
     3596     1.426741919E-01    -6.515075602E-01     3.750000046E-01
     3597     1.426739207E-01    -6.515084016E-01     2.936667072E-01
     3598     5.190267645E-02    -6.474653853E-01     3.750000046E-01
     3599     5.190271992E-02    -6.474657660E-01     2.936667075E-01
     3600     2.836053224E-01    -4.250614616E-01     3.750000046E-01
     3601     2.835998436E-01    -4.250675929E-01     2.936667069E-01
     3602     2.785470693E-01    -1.748500922E-01     3.750000046E-01
     3603     2.785347811E-01    -1.748678214E-01     2.936667099E-01
     3604     3.371737740E-01    -1.488994467E-01     3.750000046E-01
     3605     3.025733470E-01    -1.290960351E-01     3.343333550E-01
     3606     3.371642188E-01    -1.489155317E-01     2.936667092E-01
     3607     3.667642193E-01     4.498317026E-02     3.750000046E-01
     3608     3.523005723E-01    -3.219390719E-02     3.343333548E-01
     3609     3.667578833E-01     4.499122429E-02     2.936667093E-01
     3610     4.035783200E-01    -7.025298066E-02     3.750000046E-01
     3611     4.035733964E-01    -7.025395508E-02     2.936667087E-01
     3612     3.274407446E-01    -8.063978706E-02     3.750000046E-01
     3613     3.274331747E-01    -8.065015519E-02     2.936667097E-01
     3614     1.912964998E-01    -4.741282840E-01     3.750000046E-01
     3615     1.912938250E-01    -4.741312605E-01     2.936667072E-01
     3616     1.071159908E-01    -5.184902818E-01     3.750000046E-01
     3617     1.071158666E-01    -5.184906151E-01     2.936667074E-01
     3618     6.629189675E-02    -5.147906247E-01     2.936667076E-01
     3619    -1.781584110E-01     1.753840944E-01     3.343333556E-01
     3620    -2.089451503E-01     1.372658885E-01     2.936667112E-01
     3621    -2.265480313E-01     1.921862713E-01     3.750000046E-01
     3622    -2.265517746E-01     1.921824168E-01     2.936667103E-01
     3623    -1.397987424E-01     2.072590447E-01     2.936667112E-01
     3624     2.304457099E-01     9.692664651E-02     3.343333556E-01
     3625     2.073938598E-01     1.395986637E-01     2.936667112E-01
     3626     3.058391714E-01     1.095351864E-01     3.750000046E-01
     3627     3.058280664E-01     1.095597609E-01     2.936667101E-01
     3628     2.500000000E-01     1.968017801E-08     3.343333556E-01
     3629     2.450608986E-01     4.944851847E-02     2.936667112E-01
     3630     3.011513774E-01    -1.609694477E-02     3.750000046E-01
     3631     3.011491949E-01    -1.609694274E-02     2.936667104E-01
     3632     2.318264731E-01    -9.357609924E-02     3.343333556E-01
     3633     2.454128002E-01    -4.767134884E-02     2.936667112E-01
     3634     2.672060735E-01    -1.113222853E-01     3.750000046E-01
     3635     2.671937450E-01    -1.113498483E-01     2.936667105E-01
     3636     1.777972244E-01    -1.757502404E-01     3.343333556E-01
     3637     2.088838294E-01    -1.373591853E-01     2.936667112E-01
     3638     2.161607816E-01    -1.981778603E-01     3.750000046E-01
     3639     2.161449457E-01    -1.981942582E-01     2.936667105E-01
     3640     1.394406790E-01    -2.075001134E-01     2.936667112E-01
     3641     1.474806391E-01     2.937352762E-01     2.519999390E-01
     3642     2.014668111E-01     2.705053930E-01     2.103331683E-01
     3643     2.554635512E-01     2.472659183E-01     2.519999389E-01
     3644     2.159937035E-01     2.121477875E-01     2.103331698E-01
     3645     1.765394319E-01     1.770136407E-01     2.519999413E-01
     3646     1.375842284E-01     2.087356704E-01     2.103331715E-01
     3647     9.309260168E-02     2.320210497E-01     2.519999413E-01
     3648     1.202809619E-01     2.628811049E-01     2.103331699E-01
     3649     9.375000000E-02     4.485000075E-01     2.519999358E-01
     3650     2.078983327E-01     4.101539060E-01     2.103331644E-01
     3651     3.220489695E-01     3.718052555E-01     2.519999363E-01
     3652     2.887521558E-01     3.095400512E-01     2.103331665E-01
     3653     1.206129880E-01     3.711192479E-01     2.103331663E-01
     3654     4.654297569E-02     2.933868607E-01     2.103331678E-01
     3655     3.689684612E-09     3.547500000E-01     2.519999358E-01
     3656     6.629126469E-02     3.822087432E-01     2.103331641E-01
     3657    -2.352135991E-01    -2.649177077E-01     2.519999400E-01
     3658    -2.645518828E-01    -3.516196762E-01     2.103331680E-01
     3659    -2.938950354E-01    -4.383163539E-01     2.519999382E-01
     3660    -3.603502460E-01    -3.739280727E-01     2.103331669E-01
     3661    -4.268066359E-01    -3.095377499E-01     2.519999385E-01
     3662    -3.714102954E-01    -2.478237860E-01     2.103331684E-01
     3663    -3.160162069E-01    -1.861050834E-01     2.519999401E-01
     3664    -2.756119323E-01    -2.255153896E-01     2.103331694E-01
     3665    -1.896854688E-01    -2.820164616E-01     2.103331695E-01
     3666    -1.441663456E-01    -2.991077975E-01     2.519999403E-01
     3667    -1.189558197E-01    -3.738053359E-01     2.103331681E-01
     3668    -9.375000000E-02    -4.484999823E-01     2.519999390E-01
     3669    -1.938222338E-01    -4.434085505E-01     2.103331666E-01
     3670    -2.237111996E-01    -6.086778636E-01     2.519999366E-01
     3671    -3.108222707E-01    -6.485789191E-01     2.103331647E-01
     3672    -3.979342971E-01    -6.884793857E-01     2.519999364E-01
     3673    -4.476963333E-01    -6.244751647E-01     2.103331650E-01
     3674    -4.974583843E-01    -5.604711121E-01     2.519999370E-01
     3675    -3.956766859E-01    -4.993938936E-01     2.103331659E-01
     3676    -2.588026233E-01    -5.234976480E-01     2.103331657E-01
     3677    -2.046084584E-01    -6.891204513E-01     2.103331646E-01
     3678    -1.855067254E-01    -7.695625057E-01     2.519999361E-01
     3679    -2.532700475E-01    -7.791327516E-01     2.103331643E-01
     3680    -3.210347836E-01    -7.887024251E-01     2.519999361E-01
     3681    -3.594838597E-01    -7.385912194E-01     2.103331645E-01
     3682    -1.754353181E-01    -1.781079706E-01     2.519999413E-01
     3683    -1.368302335E-01    -2.092307033E-01     2.103331715E-01
     3684    -9.286024592E-02    -2.321141416E-01     2.519999413E-01
     3685    -1.185068454E-01    -2.656140586E-01     2.103331705E-01
     3686    -2.053183543E-01    -2.215189882E-01     2.103331704E-01
     3687    -2.732967540E-01    -1.413589001E-01     2.103331705E-01
     3688    -2.305812820E-01    -9.660368724E-02     2.519999413E-01
     3689    -2.070534224E-01    -1.401031059E-01     2.103331715E-01
     3690    -1.106321651E-08    -3.547500000E-01     2.519999358E-01
     3691    -6.629125838E-02    -3.822087369E-01     2.103331654E-01
     3692    -4.642603122E-02    -2.934337138E-01     2.103331678E-01
     3693    -6.629126570E-02    -5.147912558E-01     2.103331654E-01
     3694     3.689684837E-09    -5.422500000E-01     2.519999358E-01
     3695    -1.118553877E-01    -5.754640886E-01     2.103331645E-01
     3696    -2.500000000E-01    -3.061616998E-17     2.519999445E-01
     3697    -2.450966515E-01    -4.927099959E-02     2.103331728E-01
     3698    -3.447022149E-01    -1.380780462E-01     2.103331697E-01
     3699    -3.733900635E-01    -9.004719674E-02     2.519999409E-01
     3700    -3.116949317E-01    -4.502377348E-02     2.103331720E-01
     3701    -3.985999775E-01    -4.296662214E-02     2.103331684E-01
     3702    -4.238101238E-01     4.114016452E-03     2.519999384E-01
     3703    -3.751333376E-01     2.482813351E-02     2.103331680E-01
     3704    -3.264566357E-01     4.554157300E-02     2.519999400E-01
     3705    -2.882282918E-01     2.277098217E-02     2.103331715E-01
     3706    -3.138161683E-01     3.488225528E-01     2.519999342E-01
     3707    -2.523411878E-01     3.161225023E-01     2.103331645E-01
     3708    -1.908671472E-01     2.834224586E-01     2.519999381E-01
     3709    -2.329060540E-01     2.462013286E-01     2.103331673E-01
     3710    -2.749442715E-01     2.089815520E-01     2.519999384E-01
     3711    -3.556124474E-01     2.273325936E-01     2.103331645E-01
     3712    -4.362784505E-01     2.456859565E-01     2.519999340E-01
     3713    -3.750475812E-01     2.972537672E-01     2.103331617E-01
     3714    -2.042095385E-01     4.124961445E-01     2.519999365E-01
     3715    -1.501431385E-01     3.711608070E-01     2.103331653E-01
     3716    -9.607694505E-02     3.298255695E-01     2.519999377E-01
     3717    -1.434715898E-01     3.066241062E-01     2.103331667E-01
     3718    -2.590127365E-01     3.806592031E-01     2.103331630E-01
     3719     2.542067527E-01    -3.687288431E-01     2.519999354E-01
     3720     2.129601470E-01    -3.287661973E-01     2.103331657E-01
     3721     1.717243205E-01    -2.887974617E-01     2.519999386E-01
     3722     2.131023706E-01    -2.547221975E-01     2.103331683E-01
     3723     2.544943172E-01    -2.206363657E-01     2.519999393E-01
     3724     3.114294626E-01    -2.545796502E-01     2.103331668E-01
     3725     3.683767175E-01    -2.885117324E-01     2.519999364E-01
     3726     3.112872390E-01    -3.286236501E-01     2.103331642E-01
     3727     1.658358626E-01    -4.167901730E-01     2.519999357E-01
     3728     1.259972224E-01    -3.733981128E-01     2.103331653E-01
     3729     8.616222308E-02    -3.300038787E-01     2.519999379E-01
     3730     1.289390696E-01    -3.094028918E-01     2.103331673E-01
     3731     2.100182998E-01    -3.927614183E-01     2.103331637E-01
     3732    -1.489797385E-01     4.304980140E-01     2.103331654E-01
     3733    -9.375000000E-02     4.484999823E-01     2.519999390E-01
     3734    -6.629125316E-02     3.822087317E-01     2.103331654E-01
     3735    -4.803839822E-02     3.422877842E-01     2.103331652E-01
     3736    -2.950190994E-08     2.500000000E-01     2.519999413E-01
     3737    -4.887793252E-02     2.451753408E-01     2.103331715E-01
     3738    -9.587068169E-02     2.308870122E-01     2.519999413E-01
     3739    -1.433678313E-01     2.571551194E-01     2.103331693E-01
     3740    -4.803841481E-02     2.899127842E-01     2.103331689E-01
     3741     4.740288692E-02     2.454647965E-01     2.103331715E-01
     3742     1.297920075E-01    -4.326456716E-01     2.103331640E-01
     3743     9.375000000E-02    -4.485000000E-01     2.519999358E-01
     3744     6.629062218E-02    -3.822081007E-01     2.103331641E-01
     3745     4.308020937E-02    -3.423774412E-01     2.103331655E-01
     3746     9.839159128E-09    -2.500000000E-01     2.519999413E-01
     3747     4.870675108E-02    -2.452094052E-01     2.103331715E-01
     3748     9.555564975E-02    -2.310175703E-01     2.519999413E-01
     3749     1.336322639E-01    -2.599110618E-01     2.103331697E-01
     3750     4.308021982E-02    -2.900024412E-01     2.103331691E-01
     3751    -4.727919208E-02    -2.454886515E-01     2.103331715E-01
     3752    -1.667612691E-02    -7.064503384E-01     2.519999358E-01
     3753    -1.010910490E-01    -7.380065500E-01     2.103331642E-01
     3754    -8.337978357E-03    -6.243501874E-01     2.103331641E-01
     3755     1.515768634E-01     6.332546860E-01     2.519999360E-01
     3756     2.024439575E-01     6.051199753E-01     2.103331642E-01
     3757     2.533120825E-01     5.769842325E-01     2.519999360E-01
     3758     1.735307174E-01     5.127424655E-01     2.103331641E-01
     3759     6.629188889E-02     5.147906326E-01     2.103331641E-01
     3760    -1.106321630E-08     5.422500000E-01     2.519999358E-01
     3761     7.578823460E-02     5.877525136E-01     2.103331641E-01
     3762    -5.637511739E-01    -5.987855430E-02     2.519999367E-01
     3763    -4.937806345E-01    -2.788198052E-02     2.103331659E-01
     3764    -4.408588642E-01    -1.371254015E-01     2.103331685E-01
     3765    -5.083279834E-01    -1.842031131E-01     2.519999386E-01
     3766    -5.360395211E-01    -1.220407599E-01     2.103331660E-01
     3767    -4.675669447E-01    -2.468711414E-01     2.103331672E-01
     3768    -1.870377080E-01    -8.677910743E-01     2.103331642E-01
     3769    -1.885702189E-01    -9.660192597E-01     2.519999358E-01
     3770    -2.828953420E-01    -9.427206177E-01     2.103331641E-01
     3771    -3.744660168E-01    -9.102346619E-01     2.519999358E-01
     3772    -3.477493076E-01    -8.494690011E-01     2.103331642E-01
     3773    -7.126366276E-03    -8.453496842E-01     2.103331641E-01
     3774     2.422886877E-03    -9.842489863E-01     2.519999358E-01
     3775    -9.351827189E-02    -9.797990969E-01     2.103331641E-01
     3776     7.090320196E+00    -6.254147419E-01     2.519999667E-01
     3777     7.027936204E+00    -6.922312140E-01     2.103331983E-01
     3778     6.965622869E+00    -7.590153758E-01     2.519999560E-01
     3779     6.888629080E+00    -7.186134712E-01     2.103332013E-01
     3780     6.811683552E+00    -6.781699932E-01     2.519999712E-01
     3781     6.848430429E+00    -5.698718553E-01     2.103332308E-01
     3782     6.885322040E+00    -4.614963813E-01     2.520000001E-01
     3783     6.987737552E+00    -5.434895981E-01     2.103332278E-01
     3784     7.240446045E+00    -4.813263721E-01     2.519999677E-01
     3785     7.165361769E+00    -5.533782015E-01     2.103332061E-01
     3786     6.959914995E+00    -4.227412219E-01     2.103332500E-01
     3787     7.027059721E+00    -3.719492257E-01     2.520000000E-01
     3788     7.133754061E+00    -4.266368292E-01     2.103332284E-01
     3789    -3.221542338E-01     8.227066935E-02     2.103331685E-01
     3790    -3.178519983E-01     1.189985500E-01     2.519999388E-01
     3791    -2.747772753E-01     1.064407960E-01     2.103331697E-01
     3792    -2.317035417E-01     9.388007640E-02     2.519999413E-01
     3793    -2.453830357E-01     4.782432231E-02     2.103331728E-01
     3794     7.048380434E+00     5.869341701E-01     2.519999720E-01
     3795     7.048503389E+00     6.668129067E-01     2.103332005E-01
     3796     7.048608645E+00     7.466893109E-01     2.519999540E-01
     3797     7.112843244E+00     7.345738696E-01     2.103331846E-01
     3798     7.177063547E+00     7.224597213E-01     2.519999482E-01
     3799     7.201468703E+00     6.623358020E-01     2.103331860E-01
     3800     7.225858753E+00     6.022182055E-01     2.519999561E-01
     3801     7.137128848E+00     5.945748392E-01     2.103332019E-01
     3802     7.213603595E+00     7.668931384E-01     2.103331724E-01
     3803     7.250122310E+00     8.113384945E-01     2.519999358E-01
     3804     7.326878998E+00     7.528874682E-01     2.103331641E-01
     3805     7.397524940E+00     6.872223039E-01     2.519999358E-01
     3806     7.311699407E+00     6.447142952E-01     2.103331777E-01
     3807     7.066882716E+00     8.247052498E-01     2.103331763E-01
     3808     7.085166068E+00     9.027124519E-01     2.519999358E-01
     3809     7.169837070E+00     8.609853294E-01     2.103331641E-01
     3810     5.346827445E+00    -2.426774346E-01     2.519999368E-01
     3811     5.242663016E+00    -2.189393421E-01     2.103331652E-01
     3812     5.138497621E+00    -1.951990518E-01     2.519999363E-01
     3813     5.184618976E+00    -2.204037032E-02     2.103331651E-01
     3814     5.230739615E+00     1.511199265E-01     2.519999368E-01
     3815     5.359006354E+00     1.498534401E-01     2.103331672E-01
     3816     5.487270977E+00     1.485917178E-01     2.519999389E-01
     3817     5.417050394E+00    -4.704553169E-02     2.103331673E-01
     3818     5.544797614E+00    -3.292124117E-01     2.519999396E-01
     3819     5.445813835E+00    -2.859481436E-01     2.103331679E-01
     3820     5.583829977E+00     3.655705804E-02     2.103331727E-01
     3821     5.680383411E+00    -7.546385200E-02     2.519999439E-01
     3822     5.612593418E+00    -2.023455538E-01     2.103331733E-01
     3823    -6.019407582E-01    -4.243538087E-01     2.519999373E-01
     3824    -6.432492831E-01    -3.513260423E-01     2.103331658E-01
     3825    -6.845574455E-01    -2.782988359E-01     2.519999373E-01
     3826    -5.964427298E-01    -2.312508211E-01     2.103331665E-01
     3827    -5.143734980E-01    -3.669463626E-01     2.103331665E-01
     3828    -5.496999380E-01    -4.924121836E-01     2.103331655E-01
     3829     5.047344446E-01     2.654327805E-01     2.519999351E-01
     3830     6.257826232E-01     2.000156996E-01     2.103331627E-01
     3831     7.468348374E-01     1.345940435E-01     2.519999343E-01
     3832     6.561524741E-01     6.786752991E-02     2.103331630E-01
     3833     5.654749464E-01     1.135799276E-03     2.519999356E-01
     3834     4.733401591E-01     6.166572120E-02     2.103331655E-01
     3835     3.812128642E-01     1.221844097E-01     2.519999381E-01
     3836     4.429703083E-01     1.938138909E-01     2.103331652E-01
     3837     5.506713154E-01     3.458765066E-01     2.103331633E-01
     3838     5.966117311E-01     4.263161513E-01     2.519999353E-01
     3839     7.000710489E-01     3.851328688E-01     2.103331630E-01
     3840     8.035328878E-01     3.439467610E-01     2.519999348E-01
     3841     7.751823567E-01     2.392720618E-01     2.103331624E-01
     3842     4.133894652E-01     3.186215604E-01     2.103331640E-01
     3843     3.683588354E-01     4.410035980E-01     2.103331645E-01
     3844     4.146724724E-01     5.101977608E-01     2.519999359E-01
     3845     5.056406856E-01     4.682585442E-01     2.103331638E-01
     3846     3.183329989E-01     1.847323817E-01     2.103331677E-01
     3847     5.731451339E+00    -4.238774692E-01     2.519999427E-01
     3848     5.638127036E+00    -3.765512283E-01     2.103331722E-01
     3849     5.765106949E+00    -1.524234624E-01     2.103331807E-01
     3850     5.849820434E+00    -2.293569686E-01     2.519999495E-01
     3851     5.790640567E+00    -3.266291368E-01     2.103331796E-01
     3852     8.019137860E-01     2.912820354E-02     2.103331620E-01
     3853     8.569959408E-01    -7.634113344E-02     2.519999341E-01
     3854     7.677743680E-01    -1.172985040E-01     2.103331621E-01
     3855     6.785563416E-01    -1.582591824E-01     2.519999345E-01
     3856     6.220130561E-01    -7.855917763E-02     2.103331631E-01
     3857     9.902922373E-01     1.414249506E-01     2.519999339E-01
     3858     1.019131047E+00     6.102862468E-02     2.103331616E-01
     3859     1.047971525E+00    -1.936966624E-02     2.519999340E-01
     3860     9.524826761E-01    -4.785422013E-02     2.103331618E-01
     3861     8.685621571E-01     1.380110483E-01     2.103331618E-01
     3862     1.008976433E+00     3.030207496E-01     2.519999344E-01
     3863     9.996335541E-01     2.222237647E-01     2.103331619E-01
     3864     9.062537538E-01     3.234847782E-01     2.103331625E-01
     3865     6.919448544E+00    -8.056869797E-01     2.103331858E-01
     3866     6.873314910E+00    -8.523332281E-01     2.519999481E-01
     3867     6.810149218E+00    -8.393750560E-01     2.103331843E-01
     3868     6.747004963E+00    -8.263932019E-01     2.519999537E-01
     3869     6.779329753E+00    -7.523015476E-01     2.103331998E-01
     3870     5.242829689E-01    -2.374560028E-01     2.519999349E-01
     3871     4.895607186E-01    -1.728860446E-01     2.103331639E-01
     3872     4.548451572E-01    -1.083144712E-01     2.519999364E-01
     3873     5.101569389E-01    -5.358798030E-02     2.103331644E-01
     3874     6.014168357E-01    -1.978572420E-01     2.103331626E-01
     3875     4.463257096E-01    -2.629864792E-01     2.103331639E-01
     3876     3.700615440E-01    -2.286255003E-01     2.103331656E-01
     3877     3.717558363E-01    -1.687299261E-01     2.519999374E-01
     3878     4.132965530E-01    -1.385250657E-01     2.103331656E-01
     3879     1.206712327E+00     4.985762752E-02     2.519999341E-01
     3880     1.127341291E+00     1.524475401E-02     2.103331617E-01
     3881     1.058408635E+00     1.478762920E-01     2.103331614E-01
     3882     1.126526554E+00     1.543257860E-01     2.519999337E-01
     3883     1.166618879E+00     1.020924213E-01     2.103331615E-01
     3884     1.329277574E+00     1.763258584E-01     2.519999347E-01
     3885     1.267994535E+00     1.130922760E-01     2.103331621E-01
     3886     1.151531607E+00     2.100495882E-01     2.103331616E-01
     3887     1.176537722E+00     2.657720305E-01     2.519999342E-01
     3888     1.252907263E+00     2.210494428E-01     2.103331622E-01
     3889     1.092756526E+00     2.843970609E-01     2.103331621E-01
     3890     7.667540725E-01    -3.276320457E-01     2.519999342E-01
     3891     6.827008394E-01    -3.609494321E-01     2.103331620E-01
     3892     5.986512849E-01    -3.942674141E-01     2.519999343E-01
     3893     5.614642861E-01    -3.158625818E-01     2.103331624E-01
     3894     7.226533890E-01    -2.429440922E-01     2.103331621E-01
     3895     9.473125757E-01    -2.569889925E-01     2.519999345E-01
     3896     8.570321570E-01    -2.923094404E-01     2.103331622E-01
     3897     9.021531359E-01    -1.666638522E-01     2.103331621E-01
     3898     1.134169777E+00    -1.888553237E-01     2.519999346E-01
     3899     1.040740465E+00    -2.229213620E-01     2.103331624E-01
     3900     1.091070006E+00    -1.041117300E-01     2.103331620E-01
     3901     1.320931073E+00    -1.059843741E-01     2.519999348E-01
     3902     1.227549993E+00    -1.474193189E-01     2.103331625E-01
     3903     1.263821278E+00    -2.806283492E-02     2.103331622E-01
     3904     1.533345806E+00     3.061516185E-02     2.519999353E-01
     3905     1.427138191E+00    -3.768428178E-02     2.103331629E-01
     3906     1.431311448E+00     1.034708291E-01     2.103331629E-01
     3907    -5.401056572E-01     3.609310478E-01     2.519999332E-01
     3908    -4.881926878E-01     3.033077553E-01     2.103331611E-01
     3909    -5.226339688E-01     2.172758887E-01     2.103331613E-01
     3910    -6.089883780E-01     1.888670504E-01     2.519999335E-01
     3911    -6.189218920E-01     2.388443058E-01     2.103331602E-01
     3912    -6.288545757E-01     2.888225903E-01     2.519999324E-01
     3913    -5.844806110E-01     3.248761724E-01     2.103331600E-01
     3914    -4.307939598E-01     4.481891611E-01     2.519999336E-01
     3915    -3.723050958E-01     3.985055303E-01     2.103331614E-01
     3916    -4.854502024E-01     4.045595184E-01     2.103331607E-01
     3917    -2.963988063E-01     1.639896938E-01     2.103331677E-01
     3918    -3.806821813E-01     1.153664516E-01     2.103331662E-01
     3919    -4.435123939E-01     1.117332061E-01     2.519999362E-01
     3920    -4.398958224E-01     1.787093514E-01     2.103331630E-01
     3921    -5.939881066E-01     6.711780881E-02     2.519999345E-01
     3922    -6.014884772E-01     1.279923068E-01     2.103331616E-01
     3923    -5.187503308E-01     8.942576956E-02     2.103331633E-01
     3924    -5.788696802E-01     3.619873261E-03     2.103331635E-01
     3925    -4.336612850E-01     5.792391578E-02     2.103331657E-01
     3926     8.433228758E-01    -5.022669683E-01     2.519999351E-01
     3927     7.521053515E-01    -5.353216514E-01     2.103331628E-01
     3928     6.608896828E-01    -5.683766181E-01     2.519999347E-01
     3929     6.297687966E-01    -4.813224703E-01     2.103331622E-01
     3930     8.050373942E-01    -4.149486132E-01     2.103331625E-01
     3931     1.029581952E+00    -4.369859467E-01     2.519999352E-01
     3932     9.364518302E-01    -4.696259171E-01     2.103331632E-01
     3933     9.884465929E-01    -3.469867443E-01     2.103331628E-01
     3934     1.219624200E+00    -3.736512698E-01     2.519999353E-01
     3935     1.124602719E+00    -4.053182067E-01     2.103331633E-01
     3936     1.176896592E+00    -2.812528244E-01     2.103331628E-01
     3937     1.413323451E+00    -3.076133018E-01     2.519999355E-01
     3938     1.316473609E+00    -3.406320195E-01     2.103331634E-01
     3939     1.367127010E+00    -2.067985141E-01     2.103331630E-01
     3940     1.618637675E+00    -2.369008612E-01     2.519999358E-01
     3941     1.515980442E+00    -2.722569209E-01     2.103331637E-01
     3942     1.575991622E+00    -1.031426886E-01     2.103331636E-01
     3943     6.011822036E+00    -3.476586277E-01     2.519999597E-01
     3944     5.961013682E+00    -4.309673578E-01     2.103331886E-01
     3945     5.910184966E+00    -5.142557919E-01     2.519999467E-01
     3946     5.820823419E+00    -4.690740880E-01     2.103331770E-01
     3947     5.930830829E+00    -2.885224066E-01     2.103331912E-01
     3948     6.109583068E+00    -2.011292085E-01     2.519999755E-01
     3949     6.060711787E+00    -2.744051393E-01     2.103332079E-01
     3950     5.915262579E+00    -1.476970196E-01     2.103331915E-01
     3951     5.980692863E+00    -6.599005729E-02     2.519999592E-01
     3952     6.045143536E+00    -1.335797523E-01     2.103332082E-01
     3953     6.122357482E+00     5.332806183E-02     2.519999757E-01
     3954     6.150999032E+00    -1.612069027E-02     2.103332248E-01
     3955     6.179632173E+00    -8.549569840E-02     2.519999847E-01
     3956     6.144611977E+00    -1.433069130E-01     2.103332243E-01
     3957     6.051530591E+00    -6.393529578E-03     2.103332087E-01
     3958     7.351374182E+00     5.426628643E-02     2.519999729E-01
     3959     7.366309727E+00     1.516339151E-01     2.103332098E-01
     3960     7.381258403E+00     2.489893913E-01     2.519999670E-01
     3961     7.451653118E+00     1.954411144E-01     2.103331955E-01
     3962     7.522058736E+00     1.418775836E-01     2.519999515E-01
     3963     7.515084914E+00     7.582062132E-02     2.103331866E-01
     3964     7.508116503E+00     9.761601036E-03     2.519999537E-01
     3965     7.429741523E+00     3.201342199E-02     2.103332009E-01
     3966     7.083433273E+00    -3.122406411E-01     2.103332500E-01
     3967     7.129304253E+00    -2.440553437E-01     2.520000000E-01
     3968     7.208020307E+00    -2.651676235E-01     2.103332325E-01
     3969     7.286771756E+00    -2.862127672E-01     2.519999739E-01
     3970     7.263607621E+00    -3.837746692E-01     2.103332109E-01
     3971     7.446611802E+00    -3.090144851E-01     2.519999545E-01
     3972     7.427685627E+00    -3.735032535E-01     2.103331875E-01
     3973     7.408757346E+00    -4.379926950E-01     2.519999521E-01
     3974     7.324604077E+00    -4.596572827E-01     2.103331963E-01
     3975     7.366689171E+00    -2.976206400E-01     2.103332020E-01
     3976     7.485367552E+00    -1.500251205E-01     2.519999566E-01
     3977     7.465988726E+00    -2.295230757E-01     2.103331905E-01
     3978     7.307510545E+00    -2.016628600E-01     2.103332171E-01
     3979     7.328257978E+00    -1.170880300E-01     2.519999769E-01
     3980     7.406810100E+00    -1.335652957E-01     2.103332055E-01
     3981     7.339811590E+00    -3.141747039E-02     2.103332164E-01
     3982     7.496740033E+00    -7.013440336E-02     2.103331900E-01
     3983     6.587816582E+00    -7.988516856E-01     2.519999571E-01
     3984     6.620073968E+00    -7.233494164E-01     2.103332056E-01
     3985     6.652193960E+00    -6.478060547E-01     2.519999766E-01
     3986     6.731973007E+00    -6.630145002E-01     2.103332151E-01
     3987     6.667430715E+00    -8.126364638E-01     2.103331903E-01
     3988     7.290826078E+00     4.361434149E-01     2.519999664E-01
     3989     7.158943567E+00     4.040455436E-01     2.103332275E-01
     3990     7.027059727E+00     3.719492201E-01     2.520000000E-01
     3991     7.037726035E+00     4.794418318E-01     2.103332313E-01
     3992     7.258346380E+00     5.191785509E-01     2.103331982E-01
     3993     6.961750620E+00     4.215762583E-01     2.103332500E-01
     3994     6.889230813E+00     4.598472222E-01     2.520000001E-01
     3995     6.888321848E+00     5.381532495E-01     2.103332353E-01
     3996     6.887383158E+00     6.164483885E-01     2.519999780E-01
     3997     6.967914792E+00     6.016916410E-01     2.103332165E-01
     3998     6.888866401E+00     7.789572918E-01     2.519999578E-01
     3999     6.968755899E+00     7.628247715E-01     2.103331910E-01
     4000     6.888167302E+00     6.977035058E-01     2.103332070E-01
     4001     6.716096688E+00     7.936486638E-01     2.519999611E-01
     4002     6.802551158E+00     7.863012353E-01     2.103331956E-01
     4003     6.804152623E+00     6.250399307E-01     2.103332235E-01
     4004     6.720657305E+00     6.336419517E-01     2.519999827E-01
     4005     6.718536479E+00     7.136376602E-01     2.103332122E-01
     4006     6.541523140E+00     7.786227407E-01     2.519999605E-01
     4007     6.628933397E+00     7.861518967E-01     2.103331975E-01
     4008     6.637512025E+00     6.259049528E-01     2.103332260E-01
     4009     6.553889634E+00     6.181073200E-01     2.519999815E-01
     4010     6.547908943E+00     6.984191893E-01     2.103332112E-01
     4011     6.373513877E+00     7.338748750E-01     2.519999576E-01
     4012     6.457624904E+00     7.562818092E-01     2.103331952E-01
     4013     6.476338131E+00     5.945919531E-01     2.103332226E-01
     4014     6.398381321E+00     5.709472595E-01     2.519999775E-01
     4015     6.386054093E+00     6.524545730E-01     2.103332066E-01
     4016     6.218010827E+00     6.705864487E-01     2.519999552E-01
     4017     6.295813805E+00     7.022506785E-01     2.103331914E-01
     4018     6.331295348E+00     5.418153159E-01     2.103332166E-01
     4019     6.264014490E+00     5.126045128E-01     2.519999727E-01
     4020     6.241055061E+00     5.916114215E-01     2.103332014E-01
     4021     6.139573102E+00     4.858652977E-01     2.519999607E-01
     4022     6.102627633E+00     5.450099988E-01     2.103331895E-01
     4023     6.065635038E+00     6.041459918E-01     2.519999476E-01
     4024     6.141845534E+00     6.373730666E-01     2.103331851E-01
     4025     6.201837159E+00     4.992483537E-01     2.103332058E-01
     4026     5.912494839E+00     4.862394573E-01     2.519999450E-01
     4027     5.989078473E+00     5.451933058E-01     2.103331792E-01
     4028     6.101831144E+00     3.886404242E-01     2.103332003E-01
     4029     6.064043917E+00     2.914214564E-01     2.519999631E-01
     4030     5.988281985E+00     3.888237312E-01     2.103331899E-01
     4031     5.856260078E+00     1.259326301E-01     2.519999507E-01
     4032     5.960162376E+00     2.086630957E-01     2.103331942E-01
     4033     6.093210519E+00     1.723218557E-01     2.103332108E-01
     4034     5.918482448E+00     2.994771036E-02     2.103331922E-01
     4035     5.768326818E+00     2.522126751E-02     2.103331814E-01
     4036     5.719101300E+00     3.540590423E-01     2.519999427E-01
     4037     5.815805264E+00     4.201450265E-01     2.103331759E-01
     4038     5.787685655E+00     2.399843910E-01     2.103331802E-01
     4039     5.603188814E+00     2.513201815E-01     2.103331716E-01
     4040     5.009071264E+00     1.479042377E-01     2.519999363E-01
     4041     5.119905744E+00     1.495113972E-01     2.103331651E-01
     4042     5.035939832E+00    -1.812293570E-01     2.103331646E-01
     4043     4.933381720E+00    -1.672589450E-01     2.519999363E-01
     4044     4.971226599E+00    -9.677589536E-03     2.103331646E-01
     4045     4.801762638E+00     1.420653381E-01     2.519999362E-01
     4046     4.905417037E+00     1.449845960E-01     2.103331645E-01
     4047     4.832806649E+00    -1.583856175E-01     2.103331644E-01
     4048     4.732231470E+00    -1.495120656E-01     2.519999361E-01
     4049     4.766997086E+00    -3.723431915E-03     2.103331644E-01
     4050     4.600757889E+00     1.353236966E-01     2.519999361E-01
     4051     4.701260288E+00     1.386944638E-01     2.103331643E-01
     4052     4.632890698E+00    -1.433944597E-01     2.103331643E-01
     4053     4.533549890E+00    -1.372767846E-01     2.519999360E-01
     4054     4.567153900E+00    -9.765639749E-04     2.103331642E-01
     4055     4.402132792E+00     1.286896423E-01     2.519999360E-01
     4056     4.501445347E+00     1.320066547E-01     2.103331642E-01
     4057     4.434680324E+00    -1.328102113E-01     2.103331642E-01
     4058     4.335810745E+00    -1.283436152E-01     2.519999359E-01
     4059     4.368971771E+00     1.730073825E-04     2.103331642E-01
     4060     4.203523257E+00     1.227412228E-01     2.519999359E-01
     4061     4.302828025E+00     1.257154292E-01     2.103331642E-01
     4062     4.236743658E+00    -1.249942818E-01     2.103331642E-01
     4063     4.137676566E+00    -1.216449460E-01     2.519999359E-01
     4064     4.170599912E+00     5.481399575E-04     2.103331642E-01
     4065     4.003828765E+00     1.178213148E-01     2.519999360E-01
     4066     4.103676011E+00     1.202812678E-01     2.103331642E-01
     4067     4.037897083E+00    -1.191582478E-01     2.103331642E-01
     4068     3.938117597E+00    -1.166715545E-01     2.519999360E-01
     4069     3.970973181E+00     5.748799863E-04     2.103331642E-01
     4070     3.802877457E+00     1.141286453E-01     2.519999360E-01
     4071     3.903353110E+00     1.159749792E-01     2.103331642E-01
     4072     3.837609323E+00    -1.149365175E-01     2.103331642E-01
     4073     3.737101048E+00    -1.132014834E-01     2.519999360E-01
     4074     3.769989252E+00     4.635816851E-04     2.103331642E-01
     4075     3.601122246E+00     1.117760500E-01     2.519999360E-01
     4076     3.701999850E+00     1.129523448E-01     2.103331642E-01
     4077     3.636153020E+00    -1.121681734E-01     2.103331642E-01
     4078     3.535204992E+00    -1.111348600E-01     2.519999359E-01
     4079     3.568163618E+00     3.205897451E-04     2.103331642E-01
     4080     3.398925172E+00     1.108352656E-01     2.519999359E-01
     4081     3.500023707E+00     1.113056536E-01     2.103331642E-01
     4082     3.434052770E+00    -1.107635644E-01     2.103331642E-01
     4083     3.332900549E+00    -1.103922576E-01     2.519999359E-01
     4084     3.365912859E+00     2.214994377E-04     2.103331642E-01
     4085     3.410733716E-01    -7.425326600E-01     2.519999351E-01
     4086     2.879660622E-01    -7.663581611E-01     2.103331621E-01
     4087     2.348598718E-01    -7.901829145E-01     2.519999344E-01
     4088     1.998624713E-01    -7.523596099E-01     2.103331621E-01
     4089     1.648658068E-01    -7.145358031E-01     2.519999347E-01
     4090     2.151158071E-01    -6.785204846E-01     2.103331619E-01
     4091     2.653670803E-01    -6.425042714E-01     2.519999341E-01
     4092     3.032193980E-01    -6.925190358E-01     2.103331619E-01
     4093     3.029929612E-01    -6.130212441E-01     2.103331608E-01
     4094     3.406214209E-01    -5.835364405E-01     2.519999331E-01
     4095     4.052091287E-01    -6.077665799E-01     2.103331610E-01
     4096     4.697998700E-01    -6.319946005E-01     2.519999342E-01
     4097     4.054355654E-01    -6.872643717E-01     2.103331620E-01
     4098     3.339912200E-01     5.435921575E-01     2.103331642E-01
     4099     1.838011947E+00    -1.834636976E-01     2.519999359E-01
     4100     1.728324758E+00    -2.101822057E-01     2.103331639E-01
     4101     1.658425108E+00     3.513974268E-02     2.103331635E-01
     4102     1.783504628E+00     3.966402784E-02     2.519999357E-01
     4103     1.810758243E+00    -7.189977440E-02     2.103331639E-01
     4104     2.074438594E+00    -9.555011792E-02     2.519999358E-01
     4105     1.956225248E+00    -1.395068783E-01     2.103331640E-01
     4106     1.866143195E+00     5.018213508E-02     2.103331639E-01
     4107     1.948781854E+00     6.070012247E-02     2.519999358E-01
     4108     2.011610200E+00    -1.742496880E-02     2.103331640E-01
     4109     3.196496944E+00     1.114059277E-01     2.519999359E-01
     4110     3.297711056E+00     1.111205939E-01     2.103331641E-01
     4111     3.231645151E+00    -1.106205828E-01     2.103331641E-01
     4112     3.130389755E+00    -1.108488995E-01     2.519999359E-01
     4113     3.163443348E+00     2.785116817E-04     2.103331641E-01
     4114     2.993987241E+00     1.137064815E-01     2.519999359E-01
     4115     3.095242090E+00     1.125562028E-01     2.103331641E-01
     4116     3.029025722E+00    -1.115456241E-01     2.103331642E-01
     4117     2.927661691E+00    -1.122423421E-01     2.519999359E-01
     4118     2.960824464E+00     7.320670021E-04     2.103331642E-01
     4119     2.791536328E+00     1.182463600E-01     2.519999360E-01
     4120     2.892761781E+00     1.159764195E-01     2.103331642E-01
     4121     2.826032568E+00    -1.131139058E-01     2.103331642E-01
     4122     2.724403448E+00    -1.139854648E-01     2.519999360E-01
     4123     2.757969885E+00     2.130446688E-03     2.103331642E-01
     4124     2.589157607E+00     1.262173650E-01     2.519999360E-01
     4125     2.690346964E+00     1.222318621E-01     2.103331642E-01
     4126     2.621872297E+00    -1.143560276E-01     2.103331642E-01
     4127     2.519341151E+00    -1.147265886E-01     2.519999360E-01
     4128     2.554249375E+00     5.745387862E-03     2.103331642E-01
     4129     2.386713515E+00     1.403515900E-01     2.519999360E-01
     4130     2.487935556E+00     1.332844786E-01     2.103331642E-01
     4131     2.413583182E+00    -1.130398001E-01     2.103331642E-01
     4132     2.307825221E+00    -1.113530152E-01     2.519999359E-01
     4133     2.347269362E+00     1.449929061E-02     2.103331642E-01
     4134     2.185016659E+00     1.666916523E-01     2.519999359E-01
     4135     2.285865079E+00     1.535216274E-01     2.103331641E-01
     4136     2.191131898E+00    -1.034515560E-01     2.103331641E-01
     4137     2.129727614E+00     3.557078075E-02     2.103331641E-01
     4138     2.003887873E+00     2.216214200E-01     2.519999358E-01
     4139     2.094452251E+00     1.941565515E-01     2.103331641E-01
     4140     1.976334837E+00     1.411608020E-01     2.103331640E-01
     4141     1.818787417E+00     2.472014303E-01     2.519999359E-01
     4142     1.911337618E+00     2.344114573E-01     2.103331640E-01
     4143     1.801145977E+00     1.434327904E-01     2.103331639E-01
     4144     1.614188904E+00     2.775896355E-01     2.519999359E-01
     4145     1.716488105E+00     2.623956027E-01     2.103331640E-01
     4146     1.573767236E+00     1.541025549E-01     2.103331636E-01
     4147     1.416937428E+00     3.442339499E-01     2.519999355E-01
     4148     1.515563046E+00     3.109119445E-01     2.103331637E-01
     4149     1.373107258E+00     2.602802187E-01     2.103331630E-01
     4150     1.236582136E+00     4.100655017E-01     2.519999351E-01
     4151     1.326759586E+00     3.771499801E-01     2.103331632E-01
     4152     1.206559591E+00     3.379192043E-01     2.103331625E-01
     4153     1.053842662E+00     4.618964953E-01     2.519999351E-01
     4154     1.145212115E+00     4.359813380E-01     2.103331631E-01
     4155     1.031409050E+00     3.824591946E-01     2.103331627E-01
     4156     8.601069203E-01     5.168976180E-01     2.519999352E-01
     4157     9.569743431E-01     4.893975599E-01     2.103331632E-01
     4158     8.318190469E-01     4.304231435E-01     2.103331630E-01
     4159     6.682533120E-01     5.874758771E-01     2.519999356E-01
     4160     7.641795027E-01     5.521874434E-01     2.103331634E-01
     4161     6.324315048E-01     5.068971686E-01     2.103331635E-01
     4162     4.878513581E-01     6.629387786E-01     2.519999358E-01
     4163     5.780516326E-01     6.252081184E-01     2.103331638E-01
     4164     4.512608134E-01     5.865694939E-01     2.103331641E-01
     4165     3.202673257E-01     7.306534223E-01     2.519999370E-01
     4166     4.040587680E-01     6.967967176E-01     2.103331645E-01
     4167     2.867891746E-01     6.538193812E-01     2.103331646E-01
     4168     1.663334135E-01     7.732422457E-01     2.519999361E-01
     4169     2.432999576E-01     7.519481614E-01     2.103331646E-01
     4170     1.589547406E-01     7.032487556E-01     2.103331642E-01
     4171     5.099275431E-03     7.681919140E-01     2.519999358E-01
     4172     8.571608007E-02     7.707172070E-01     2.103331642E-01
     4173     2.549574117E-03     6.552209650E-01     2.103331641E-01
     4174    -1.497586194E-01     7.680181810E-01     2.519999352E-01
     4175    -7.232969681E-02     7.681050558E-01     2.103331636E-01
     4176    -6.584636893E-02     5.845961184E-01     2.103331636E-01
     4177    -1.316927319E-01     6.269422672E-01     2.519999353E-01
     4178    -1.407256399E-01     6.974802092E-01     2.103331631E-01
     4179    -2.889800154E-01     7.243974218E-01     2.519999353E-01
     4180    -2.193693088E-01     7.462077762E-01     2.103331630E-01
     4181    -1.731628652E-01     6.023429472E-01     2.103331627E-01
     4182    -2.146329638E-01     5.777437350E-01     2.519999351E-01
     4183    -2.518065341E-01     6.510705141E-01     2.103331627E-01
     4184    -4.240029236E-01     6.550526659E-01     2.519999347E-01
     4185    -3.564915896E-01     6.897249101E-01     2.103331627E-01
     4186    -2.666171439E-01     5.499225000E-01     2.103331617E-01
     4187    -3.186011819E-01     5.221015584E-01     2.519999339E-01
     4188    -3.713021995E-01     5.885768961E-01     2.103331617E-01
     4189    -5.509472188E-01     5.621464153E-01     2.519999346E-01
     4190    -4.874754742E-01     6.085990654E-01     2.103331624E-01
     4191    -3.746977399E-01     4.851450213E-01     2.103331610E-01
     4192    -4.908710147E-01     5.051671906E-01     2.103331616E-01
     4193    -6.615736640E-01     4.493476087E-01     2.519999344E-01
     4194    -6.062610453E-01     5.057462400E-01     2.103331622E-01
     4195    -6.008402330E-01     4.051385678E-01     2.103331613E-01
     4196    -7.410582305E-01     3.256015038E-01     2.519999338E-01
     4197    -7.013164279E-01     3.874738514E-01     2.103331618E-01
     4198    -6.849568059E-01     3.072114560E-01     2.103331604E-01
     4199    -7.675401087E-01     1.841772280E-01     2.519999345E-01
     4200    -7.542994707E-01     2.548888629E-01     2.103331618E-01
     4201    -6.882645568E-01     1.865217126E-01     2.103331616E-01
     4202    -7.677338101E-01     3.183343987E-02     2.519999351E-01
     4203    -7.676371018E-01     1.080051871E-01     2.103331626E-01
     4204    -6.808610222E-01     4.947578126E-02     2.103331626E-01
     4205    -7.404219438E-01    -1.243628602E-01     2.519999358E-01
     4206    -7.540779361E-01    -4.626443534E-02     2.103331634E-01
     4207    -6.520865941E-01    -9.212034334E-02     2.103331643E-01
     4208     6.418593568E+00    -7.520637525E-01     2.519999593E-01
     4209     6.453923411E+00    -6.789455446E-01     2.103332097E-01
     4210     6.488958099E+00    -6.057389508E-01     2.519999805E-01
     4211     6.570719991E+00    -6.268150915E-01     2.103332212E-01
     4212     6.503277389E+00    -7.754798695E-01     2.103331940E-01
     4213     6.252343145E+00    -6.812115656E-01     2.519999582E-01
     4214     6.291552246E+00    -6.083788560E-01     2.103332077E-01
     4215     6.330638766E+00    -5.354791585E-01     2.519999790E-01
     4216     6.409935718E+00    -5.706606722E-01     2.103332228E-01
     4217     6.335539939E+00    -7.166637284E-01     2.103331945E-01
     4218    -7.124898028E-01    -2.013304045E-01     2.103331648E-01
     4219     1.920505313E-01    -9.653333781E-01     2.519999358E-01
     4220     9.769560719E-02    -9.793913956E-01     2.103331641E-01
     4221     8.364436664E-02    -8.493925133E-01     2.103331633E-01
     4222     2.134548370E-01    -8.777583054E-01     2.103331630E-01
     4223     2.839356828E-01    -9.424078021E-01     2.103331654E-01
     4224     3.571325952E-01    -8.266453368E-01     2.103331645E-01
     4225     5.505967294E-01    -8.216439471E-01     2.519999360E-01
     4226     4.610936451E-01    -8.646032662E-01     2.103331655E-01
     4227     5.101975809E-01    -7.268197701E-01     2.103331630E-01
     4228    -2.614053806E-01     4.672986941E-01     2.103331626E-01
     4229     7.308512782E-01    -7.451175439E-01     2.519999362E-01
     4230     6.401810740E-01    -7.821002094E-01     2.103331643E-01
     4231     5.653434953E-01    -6.001862682E-01     2.103331621E-01
     4232     6.958699172E-01    -6.567472523E-01     2.103331634E-01
     4233     9.156435154E-01    -6.777490203E-01     2.519999360E-01
     4234     8.228486353E-01    -7.103383349E-01     2.103331643E-01
     4235     8.794828302E-01    -5.900076815E-01     2.103331637E-01
     4236     1.107303822E+00    -6.173362260E-01     2.519999358E-01
     4237     1.011161861E+00    -6.465525357E-01     2.103331642E-01
     4238     1.068442662E+00    -5.271608399E-01     2.103331637E-01
     4239     1.300161199E+00    -5.646173413E-01     2.519999360E-01
     4240     1.203496050E+00    -5.901111232E-01     2.103331642E-01
     4241     1.259892568E+00    -4.691341497E-01     2.103331638E-01
     4242     1.490690868E+00    -5.193490449E-01     2.519999363E-01
     4243     1.395248491E+00    -5.412354801E-01     2.103331643E-01
     4244     1.452007076E+00    -4.134810607E-01     2.103331639E-01
     4245     1.682483482E+00    -4.798009288E-01     2.519999363E-01
     4246     1.586446222E+00    -4.988910518E-01     2.103331644E-01
     4247     1.650560539E+00    -3.583508307E-01     2.103331641E-01
     4248     1.875292607E+00    -4.455169132E-01     2.519999361E-01
     4249     1.778775395E+00    -4.620250878E-01     2.103331643E-01
     4250     1.856652262E+00    -3.144902865E-01     2.103331641E-01
     4251     2.068904126E+00    -4.161412323E-01     2.519999359E-01
     4252     1.972008258E+00    -4.302349183E-01     2.103331642E-01
     4253     2.071671353E+00    -2.558456672E-01     2.103331641E-01
     4254     2.263166680E+00    -3.913891636E-01     2.519999359E-01
     4255     2.165963713E+00    -4.032023239E-01     2.103331641E-01
     4256     2.285495949E+00    -2.513710943E-01     2.103331641E-01
     4257     2.460439762E+00    -3.708057076E-01     2.519999360E-01
     4258     2.361745638E+00    -3.805453459E-01     2.103331642E-01
     4259     2.489890456E+00    -2.427661548E-01     2.103331642E-01
     4260     2.660354853E+00    -3.543985434E-01     2.519999361E-01
     4261     2.560352632E+00    -3.620575581E-01     2.103331642E-01
     4262     2.692379150E+00    -2.341919999E-01     2.103331642E-01
     4263     2.862186714E+00    -3.422056782E-01     2.519999360E-01
     4264     2.761238283E+00    -3.477639095E-01     2.103331642E-01
     4265     2.894924203E+00    -2.272240206E-01     2.103331642E-01
     4266     3.064558186E+00    -3.342652842E-01     2.519999359E-01
     4267     2.963351680E+00    -3.377059250E-01     2.103331642E-01
     4268     3.097473971E+00    -2.225570916E-01     2.103331641E-01
     4269     3.267051115E+00    -3.305355408E-01     2.519999358E-01
     4270     3.165795009E+00    -3.318767625E-01     2.103331641E-01
     4271     3.299975832E+00    -2.204639045E-01     2.103331641E-01
     4272     3.469607612E+00    -3.309866916E-01     2.519999359E-01
     4273     3.368330527E+00    -3.302389576E-01     2.103331641E-01
     4274     3.502406302E+00    -2.210607852E-01     2.103331642E-01
     4275     3.672182804E+00    -3.356255959E-01     2.519999360E-01
     4276     3.570907229E+00    -3.327810593E-01     2.103331642E-01
     4277     3.704641927E+00    -2.244135386E-01     2.103331642E-01
     4278     3.874248624E+00    -3.444704057E-01     2.519999361E-01
     4279     3.773238907E+00    -3.395179967E-01     2.103331642E-01
     4280     3.906183112E+00    -2.305709715E-01     2.103331642E-01
     4281     4.074247935E+00    -3.574594246E-01     2.519999360E-01
     4282     3.974282788E+00    -3.504334034E-01     2.103331642E-01
     4283     4.105962253E+00    -2.395521736E-01     2.103331642E-01
     4284     4.270899940E+00    -3.744667040E-01     2.519999358E-01
     4285     4.172619828E+00    -3.654322594E-01     2.103331641E-01
     4286     4.303355345E+00    -2.514051612E-01     2.103331641E-01
     4287     4.465901123E+00    -3.956513906E-01     2.519999359E-01
     4288     4.368459629E+00    -3.845148773E-01     2.103331641E-01
     4289     4.499725511E+00    -2.664641028E-01     2.103331642E-01
     4290     4.660054891E+00    -4.212446737E-01     2.519999361E-01
     4291     4.563052871E+00    -4.078798879E-01     2.103331642E-01
     4292     4.696143196E+00    -2.853783856E-01     2.103331643E-01
     4293     4.853529648E+00    -4.515092114E-01     2.519999363E-01
     4294     4.756886216E+00    -4.357761037E-01     2.103331644E-01
     4295     4.893455726E+00    -3.093841576E-01     2.103331644E-01
     4296     5.046167630E+00    -4.867424217E-01     2.519999362E-01
     4297     4.949966056E+00    -4.684835345E-01     2.103331644E-01
     4298     5.092332752E+00    -3.409709855E-01     2.103331645E-01
     4299     5.237745783E+00    -5.273160010E-01     2.519999359E-01
     4300     5.142103743E+00    -5.063345702E-01     2.103331643E-01
     4301     5.292286974E+00    -3.849975561E-01     2.103331650E-01
     4302     5.428983740E+00    -5.739625933E-01     2.519999359E-01
     4303     5.333552336E+00    -5.498698226E-01     2.103331641E-01
     4304     5.486891629E+00    -4.515898652E-01     2.103331670E-01
     4305     5.622263931E+00    -6.282291836E-01     2.519999361E-01
     4306     5.525874139E+00    -6.002037142E-01     2.103331642E-01
     4307     5.676859255E+00    -5.260572118E-01     2.103331693E-01
     4308     5.811709906E+00    -6.895692746E-01     2.519999362E-01
     4309     5.717309465E+00    -6.579021716E-01     2.103331643E-01
     4310     5.860951098E+00    -6.019160705E-01     2.103331720E-01
     4311     5.995093214E+00    -7.582614976E-01     2.519999360E-01
     4312     5.903819396E+00    -7.227987153E-01     2.103331643E-01
     4313     5.997447843E+00    -5.566277496E-01     2.103331828E-01
     4314     6.084678067E+00    -5.989778921E-01     2.519999516E-01
     4315     6.039898319E+00    -6.786270364E-01     2.103331750E-01
     4316     6.085393231E+00    -7.961491842E-01     2.103331655E-01
     4317     6.168545667E+00    -6.401133068E-01     2.103331897E-01
     4318     6.213463082E+00    -7.589587306E-01     2.103331801E-01
     4319     6.343586468E+00    -9.201753322E-01     2.519999358E-01
     4320     6.257057005E+00    -8.824857804E-01     2.103331654E-01
     4321     6.381137599E+00    -8.361337768E-01     2.103331798E-01
     4322     6.530350587E+00    -9.707343993E-01     2.519999358E-01
     4323     6.435718102E+00    -9.500539583E-01     2.103331641E-01
     4324     6.559103262E+00    -8.847997762E-01     2.103331784E-01
     4325     6.718481621E+00    -9.839198153E-01     2.519999358E-01
     4326     6.624090872E+00    -9.818428586E-01     2.103331641E-01
     4327     6.732734889E+00    -9.051633329E-01     2.103331761E-01
     4328     6.905630803E+00    -9.609907585E-01     2.519999358E-01
     4329     6.812594434E+00    -9.769485065E-01     2.103331641E-01
     4330     6.889458521E+00    -9.066686458E-01     2.103331723E-01
     4331     7.088016941E+00    -9.014683123E-01     2.519999358E-01
     4332     6.998262736E+00    -9.356888969E-01     2.103331641E-01
     4333     7.026799157E+00    -8.302529232E-01     2.103331776E-01
     4334     7.254394290E+00    -8.083879835E-01     2.519999358E-01
     4335     7.173463905E+00    -8.589663182E-01     2.103331641E-01
     4336     7.172341226E+00    -7.169054326E-01     2.103331848E-01
     4337     7.398233826E+00    -6.864947295E-01     2.519999358E-01
     4338     7.329250408E+00    -7.508842332E-01     2.103331641E-01
     4339     7.319345499E+00    -5.839049381E-01     2.103331854E-01
     4340     7.518560064E+00    -5.357793397E-01     2.519999358E-01
     4341     7.462104227E+00    -6.140825573E-01     2.103331641E-01
     4342     7.463662586E+00    -4.868808360E-01     2.103331750E-01
     4343     7.605573902E+00    -3.685142057E-01     2.519999358E-01
     4344     7.566084945E+00    -4.542283189E-01     2.103331641E-01
     4345     7.526093733E+00    -3.387625012E-01     2.103331766E-01
     4346     7.659826488E+00    -1.839320255E-01     2.519999358E-01
     4347     7.637222210E+00    -2.775477999E-01     2.103331641E-01
     4348     7.572596550E+00    -1.669796807E-01     2.103331780E-01
     4349     7.677165354E+00    -3.614993933E-08     2.519999358E-01
     4350     7.672821166E+00    -9.237250494E-02     2.103331641E-01
     4351     7.592639734E+00     4.880467206E-03     2.103331761E-01
     4352     7.659052376E+00     1.879558176E-01     2.519999358E-01
     4353     7.672626765E+00     9.441203253E-02     2.103331641E-01
     4354     7.590554207E+00     1.649168258E-01     2.103331746E-01
     4355     7.603771856E+00     3.729460873E-01     2.519999358E-01
     4356     7.635960251E+00     2.818058691E-01     2.103331641E-01
     4357     7.492512319E+00     3.109714483E-01     2.103331850E-01
     4358     7.515791976E+00     5.400210772E-01     2.519999358E-01
     4359     7.563801151E+00     4.585917980E-01     2.103331641E-01
     4360     7.336038963E+00     3.425719119E-01     2.103332055E-01
     4361     7.403312214E+00     4.880777379E-01     2.103331846E-01
     4362     7.460203335E+00     6.164560578E-01     2.103331641E-01
     4363     6.902038305E+00     9.617789276E-01     2.519999358E-01
     4364     6.995034814E+00     9.367361316E-01     2.103331641E-01
     4365     6.895461238E+00     8.703699378E-01     2.103331788E-01
     4366     6.712771978E+00     9.840516114E-01     2.519999358E-01
     4367     6.807933783E+00     9.775081819E-01     2.103331641E-01
     4368     6.714483445E+00     8.888480663E-01     2.103331809E-01
     4369     6.524419224E+00     9.697224629E-01     2.519999358E-01
     4370     6.618242739E+00     9.814154228E-01     2.103331641E-01
     4371     6.533037268E+00     8.741903859E-01     2.103331806E-01
     4372     6.340234100E+00     9.188956736E-01     2.519999358E-01
     4373     6.431085613E+00     9.487877292E-01     2.103331641E-01
     4374     6.356909507E+00     8.263993126E-01     2.103331787E-01
     4375     6.255449162E+00     8.816898495E-01     2.103331654E-01
     4376     6.196288945E+00     7.536403305E-01     2.103331781E-01
     4377     5.996567012E+00     7.588565114E-01     2.519999360E-01
     4378     6.086121573E+00     7.964671470E-01     2.103331654E-01
     4379     6.031109231E+00     6.815026813E-01     2.103331725E-01
     4380     5.813255879E+00     6.901073218E-01     2.519999362E-01
     4381     5.905330129E+00     7.233643434E-01     2.103331643E-01
     4382     5.862880710E+00     5.881724863E-01     2.103331710E-01
     4383     5.622372373E+00     6.282618520E-01     2.519999361E-01
     4384     5.718142035E+00     6.581715892E-01     2.103331643E-01
     4385     5.670738686E+00     4.911571143E-01     2.103331693E-01
     4386     5.429289071E+00     5.740424025E-01     2.519999359E-01
     4387     5.526080589E+00     6.002616386E-01     2.103331642E-01
     4388     5.458280845E+00     3.613152118E-01     2.103331665E-01
     4389     5.239092254E+00     5.276221055E-01     2.519999359E-01
     4390     5.334376399E+00     5.500707623E-01     2.103331641E-01
     4391     5.234916171E+00     3.393704787E-01     2.103331648E-01
     4392     5.047569107E+00     4.870185186E-01     2.519999362E-01
     4393     5.143477882E+00     5.066255854E-01     2.103331643E-01
     4394     5.028320255E+00     3.174612096E-01     2.103331645E-01
     4395     4.854984912E+00     4.517557619E-01     2.519999363E-01
     4396     4.951394560E+00     4.687448253E-01     2.103331644E-01
     4397     4.828373793E+00     2.969105048E-01     2.103331644E-01
     4398     4.661562935E+00     4.214617619E-01     2.519999361E-01
     4399     4.758367982E+00     4.360079330E-01     2.103331644E-01
     4400     4.631160416E+00     2.783927150E-01     2.103331643E-01
     4401     4.467466993E+00     3.958394926E-01     2.519999359E-01
     4402     4.564589920E+00     4.080825636E-01     2.103331642E-01
     4403     4.434799891E+00     2.622645725E-01     2.103331642E-01
     4404     4.270799413E+00     3.744569094E-01     2.519999358E-01
     4405     4.369193368E+00     3.845945905E-01     2.103331641E-01
     4406     4.237161333E+00     2.485990692E-01     2.103331641E-01
     4407     4.071411710E+00     3.572452224E-01     2.519999360E-01
     4408     4.171152632E+00     3.653055359E-01     2.103331641E-01
     4409     4.037620236E+00     2.375332652E-01     2.103331642E-01
     4410     3.869839768E+00     3.442319288E-01     2.519999361E-01
     4411     3.970660561E+00     3.501989423E-01     2.103331642E-01
     4412     3.836358610E+00     2.291802914E-01     2.103331642E-01
     4413     3.667621215E+00     3.354747940E-01     2.519999360E-01
     4414     3.768753457E+00     3.393227767E-01     2.103331642E-01
     4415     3.634371728E+00     2.236254203E-01     2.103331642E-01
     4416     3.465210469E+00     3.309325257E-01     2.519999359E-01
     4417     3.566427596E+00     3.326795409E-01     2.103331642E-01
     4418     3.432067817E+00     2.208838970E-01     2.103331641E-01
     4419     3.262647823E+00     3.305721264E-01     2.519999358E-01
     4420     3.363930071E+00     3.302301455E-01     2.103331641E-01
     4421     3.229572380E+00     2.209890170E-01     2.103331641E-01
     4422     3.060013823E+00     3.343971494E-01     2.519999359E-01
     4423     3.161320922E+00     3.319601649E-01     2.103331641E-01
     4424     3.027000528E+00     2.240518083E-01     2.103331641E-01
     4425     2.857782789E+00     3.424258089E-01     2.519999360E-01
     4426     2.958877307E+00     3.378824587E-01     2.103331642E-01
     4427     2.824659554E+00     2.303360790E-01     2.103331642E-01
     4428     2.656680745E+00     3.546607572E-01     2.519999361E-01
     4429     2.757199249E+00     3.480086872E-01     2.103331642E-01
     4430     2.622919171E+00     2.404390608E-01     2.103331642E-01
     4431     2.458063856E+00     3.710272548E-01     2.519999360E-01
     4432     2.557327996E+00     3.623062006E-01     2.103331642E-01
     4433     2.422388679E+00     2.556894172E-01     2.103331642E-01
     4434     2.262096767E+00     3.915130771E-01     2.519999359E-01
     4435     2.360023353E+00     3.807251495E-01     2.103331642E-01
     4436     2.223556705E+00     2.791023726E-01     2.103331641E-01
     4437     2.067890399E+00     4.162825263E-01     2.519999359E-01
     4438     2.164921836E+00     4.033350877E-01     2.103331641E-01
     4439     2.035889121E+00     3.189519717E-01     2.103331641E-01
     4440     1.874329613E+00     4.456753330E-01     2.519999361E-01
     4441     1.971019832E+00     4.303848854E-01     2.103331642E-01
     4442     1.846558496E+00     3.464384055E-01     2.103331641E-01
     4443     1.681571726E+00     4.799756695E-01     2.519999363E-01
     4444     1.777837947E+00     4.621917610E-01     2.103331643E-01
     4445     1.647880274E+00     3.787827014E-01     2.103331641E-01
     4446     1.489830932E+00     5.195394473E-01     2.519999363E-01
     4447     1.585560291E+00     4.990736969E-01     2.103331644E-01
     4448     1.453384095E+00     4.318867942E-01     2.103331639E-01
     4449     1.299353783E+00     5.648229184E-01     2.519999360E-01
     4450     1.394414714E+00     5.414335201E-01     2.103331643E-01
     4451     1.267967842E+00     4.874443591E-01     2.103331636E-01
     4452     1.105493516E+00     6.178673029E-01     2.519999358E-01
     4453     1.202184268E+00     5.904696180E-01     2.103331642E-01
     4454     1.079667913E+00     5.398820709E-01     2.103331636E-01
     4455     9.148318222E-01     6.780239953E-01     2.519999360E-01
     4456     1.009853460E+00     6.469647920E-01     2.103331642E-01
     4457     8.874690879E-01     5.974611157E-01     2.103331637E-01
     4458     7.308956569E-01     7.451001274E-01     2.519999362E-01
     4459     8.224683933E-01     7.104768333E-01     2.103331643E-01
     4460     6.995741449E-01     6.662883783E-01     2.103331640E-01
     4461     5.506832998E-01     8.216041516E-01     2.519999360E-01
     4462     6.402468788E-01     7.820723101E-01     2.103331643E-01
     4463     5.192669606E-01     7.422718793E-01     2.103331641E-01
     4464     4.611362340E-01     8.645819126E-01     2.103331655E-01
     4465     3.467297088E-01     8.207056884E-01     2.103331659E-01
     4466     1.887657162E-01     9.659810774E-01     2.519999358E-01
     4467     2.823322568E-01     9.428894072E-01     2.103331654E-01
     4468     1.775490605E-01     8.696118545E-01     2.103331642E-01
     4469    -1.260434855E-03     9.842511614E-01     2.519999358E-01
     4470     9.419623349E-02     9.797341512E-01     2.103331641E-01
     4471     1.919261933E-03     8.762215562E-01     2.103331641E-01
     4472    -1.910930030E-01     9.655233823E-01     2.519999358E-01
     4473    -9.663148343E-02     9.794969596E-01     2.103331641E-01
     4474    -1.704256800E-01     8.667708000E-01     2.103331636E-01
     4475    -3.758286507E-01     9.096728878E-01     2.519999358E-01
     4476    -2.848329670E-01     9.421369956E-01     2.103331641E-01
     4477    -3.324043824E-01     8.170351257E-01     2.103331636E-01
     4478    -5.466376444E-01     8.184981511E-01     2.519999358E-01
     4479    -4.634807193E-01     8.682957793E-01     2.103331641E-01
     4480    -4.853205137E-01     7.367752072E-01     2.103331632E-01
     4481    -6.942171408E-01     6.977209320E-01     2.519999358E-01
     4482    -6.233601133E-01     7.616916086E-01     2.103331641E-01
     4483    -6.225830282E-01     6.299327631E-01     2.103331632E-01
     4484    -8.195863353E-01     5.450047490E-01     2.519999358E-01
     4485    -7.607444362E-01     6.245156845E-01     2.103331641E-01
     4486    -7.405806211E-01     4.971752974E-01     2.103331631E-01
     4487    -9.093038977E-01     3.767205319E-01     2.519999358E-01
     4488    -8.685309424E-01     4.630398898E-01     2.103331641E-01
     4489    -8.251813755E-01     3.511604085E-01     2.103331628E-01
     4490    -9.655021383E-01     1.912003096E-01     2.519999358E-01
     4491    -9.419815059E-01     2.853467716E-01     2.103331641E-01
     4492    -8.665212666E-01     1.876883485E-01     2.103331632E-01
     4493    -9.842519685E-01    -7.177246096E-10     2.519999358E-01
     4494    -9.795533171E-01     9.605850578E-02     2.103331641E-01
     4495    -8.759929149E-01     1.591677579E-02     2.103331636E-01
     4496    -9.646815078E-01    -1.952985563E-01     2.519999358E-01
     4497    -9.793471649E-01    -9.813800516E-02     2.103331641E-01
     4498    -8.525518270E-01    -1.598301673E-01     2.103331639E-01
     4499    -9.065133135E-01    -3.833869456E-01     2.519999358E-01
     4500    -9.403123789E-01    -2.907998754E-01     2.103331641E-01
     4501    -7.955356907E-01    -3.308420613E-01     2.103331649E-01
     4502    -8.157133107E-01    -5.507846514E-01     2.519999358E-01
     4503    -8.651722315E-01    -4.692855713E-01     2.103331641E-01
     4504    -7.088277075E-01    -4.875683543E-01     2.103331649E-01
     4505    -6.943760819E-01    -6.975627530E-01     2.519999358E-01
     4506    -7.586044322E-01    -6.271134291E-01     2.103331641E-01
     4507    -5.959184164E-01    -6.290157728E-01     2.103331647E-01
     4508    -5.427470507E-01    -8.210831727E-01     2.519999358E-01
     4509    -6.216373566E-01    -7.630982469E-01     2.103331641E-01
     4510    -4.703395360E-01    -7.547819811E-01     2.103331644E-01
     4511    -4.607662156E-01    -8.697392897E-01     2.103331641E-01
     4512     6.178944587E+00    -4.434138494E-01     2.519999706E-01
     4513     6.254852497E+00    -4.894825684E-01     2.103332165E-01
     4514     6.131845918E+00    -5.212170193E-01     2.103331985E-01
     4515     6.095411757E+00    -3.955566275E-01     2.103332044E-01
     4516     6.233200902E+00    -3.679822679E-01     2.103332309E-01
     4517     6.198500932E+00    -2.468307797E-01     2.103332344E-01
     4518     6.287413554E+00    -9.689412446E-02     2.520000000E-01
     4519     6.287413554E+00    -1.946390284E-01     2.103332503E-01
     4520     6.233524431E+00    -9.111516165E-02     2.103332402E-01
     4521     6.287413554E+00     1.003245683E-01     2.520000000E-01
     4522     6.287413554E+00     1.663152716E-03     2.103332500E-01
     4523     6.204887986E+00     7.665762410E-02     2.103332346E-01
     4524     6.287413554E+00     1.963021811E-01     2.103332503E-01
     4525     6.175735918E+00     2.919664127E-01     2.103332264E-01
     4526     6.275741933E+00     4.025743422E-01     2.103332319E-01
     4527     6.406739525E+00     4.100055141E-01     2.519999999E-01
     4528     6.342194223E+00     3.563650782E-01     2.103332502E-01
     4529     6.402711589E+00     4.905621913E-01     2.103332349E-01
     4530     6.558165788E+00     4.815008670E-01     2.519999995E-01
     4531     6.479708456E+00     4.522650304E-01     2.103332497E-01
     4532     6.556352672E+00     5.498934930E-01     2.103332374E-01
     4533     6.724815371E+00     4.989812254E-01     2.520000012E-01
     4534     6.641100684E+00     4.973081981E-01     2.103332504E-01
     4535     6.722991754E+00     5.662964876E-01     2.103332389E-01
     4536     6.808821963E+00     4.863796888E-01     2.103332507E-01
     4537     7.131484033E+00     2.401161961E-01     2.520000000E-01
     4538     7.084841417E+00     3.104712848E-01     2.103332500E-01
     4539     7.256357188E+00     2.445776750E-01     2.103332279E-01
     4540     7.186251255E+00     8.134953457E-02     2.520000000E-01
     4541     7.165573418E+00     1.630720525E-01     2.103332500E-01
     4542     7.268809532E+00     6.781106499E-02     2.103332319E-01
     4543     7.185493716E+00    -8.581735612E-02     2.520000000E-01
     4544     7.192908206E+00    -2.276019338E-03     2.103332500E-01
     4545     7.256871758E+00    -1.014725148E-01     2.103332345E-01
     4546     7.164074163E+00    -1.673544794E-01     2.103332500E-01
     4547     6.720664578E+00    -4.992292773E-01     2.520000004E-01
     4548     6.804610829E+00    -4.873640130E-01     2.103332502E-01
     4549     6.686553647E+00    -5.735264994E-01     2.103332345E-01
     4550     6.553968157E+00    -4.803063849E-01     2.519999999E-01
     4551     6.636755900E+00    -4.968363280E-01     2.103332501E-01
     4552     6.521716633E+00    -5.430968082E-01     2.103332369E-01
     4553     6.403222513E+00    -4.075281566E-01     2.519999999E-01
     4554     6.475724302E+00    -4.503652985E-01     2.103332499E-01
     4555     6.367015565E+00    -4.715586664E-01     2.103332359E-01
     4556     6.340633830E+00    -3.548226523E-01     2.103332502E-01
     4557    -1.541915018E-01     5.131218199E-01     2.103331645E-01
     4558    -6.629190563E-02     5.147906158E-01     2.103331654E-01
     4559     4.411092977E-01    -4.467696991E-01     2.519999346E-01
     4560     4.047391274E-01    -3.676438247E-01     2.103331636E-01
     4561     5.198777039E-01    -4.205199273E-01     2.103331622E-01
     4562     4.554524025E-01    -5.393837253E-01     2.103331621E-01
     4563     3.129863339E-01    -4.814106573E-01     2.519999341E-01
     4564     3.770451314E-01    -4.640920822E-01     2.103331620E-01
     4565     3.268018576E-01    -5.324749368E-01     2.103331610E-01
     4566     2.167485594E-01    -5.314744408E-01     2.519999346E-01
     4567     2.648655402E-01    -5.064438425E-01     2.103331620E-01
     4568     2.410566438E-01    -5.869901497E-01     2.103331618E-01
     4569     1.204815210E-01    -5.884813988E-01     2.519999353E-01
     4570     1.686142438E-01    -5.599784654E-01     2.103331627E-01
     4571     1.426734071E-01    -6.515088003E-01     2.103331628E-01
     4572     5.190267414E-02    -6.474659711E-01     2.103331637E-01
     4573     2.835932430E-01    -4.250719075E-01     2.103331626E-01
     4574     2.785217860E-01    -1.748852818E-01     2.103331688E-01
     4575     3.025622499E-01    -1.291167375E-01     2.519999393E-01
     4576     3.371538674E-01    -1.489311318E-01     2.103331675E-01
     4577     3.522959315E-01    -3.219370867E-02     2.519999388E-01
     4578     3.667509125E-01     4.499947670E-02     2.103331676E-01
     4579     4.035676923E-01    -7.025422480E-02     2.103331665E-01
     4580     3.274250067E-01    -8.066029093E-02     2.103331684E-01
     4581     1.912905970E-01    -4.741333533E-01     2.103331630E-01
     4582     1.071156543E-01    -5.184907837E-01     2.103331637E-01
     4583     6.629126204E-02    -5.147912594E-01     2.103331641E-01
     4584    -1.781631062E-01     1.753793249E-01     2.519999413E-01
     4585    -2.089457395E-01     1.372649918E-01     2.103331715E-01
     4586    -2.265556067E-01     1.921784637E-01     2.103331695E-01
     4587    -1.398002935E-01     2.072579985E-01     2.103331715E-01
     4588     2.304316370E-01     9.696009835E-02     2.519999413E-01
     4589     2.073759800E-01     1.396252231E-01     2.103331715E-01
     4590     3.058164347E-01     1.095847471E-01     2.103331693E-01
     4591     2.500000000E-01     1.968017801E-08     2.519999413E-01
     4592     2.450572650E-01     4.946652248E-02     2.103331715E-01
     4593     3.011467366E-01    -1.609674625E-02     2.103331698E-01
     4594     2.318124198E-01    -9.361090770E-02     2.519999413E-01
     4595     2.454091769E-01    -4.768999766E-02     2.103331715E-01
     4596     2.671809237E-01    -1.113777964E-01     2.103331701E-01
     4597     1.777791339E-01    -1.757685397E-01     2.519999413E-01
     4598     2.088662354E-01    -1.373859370E-01     2.103331715E-01
     4599     2.161285039E-01    -1.982106459E-01     2.103331701E-01
     4600     1.394219378E-01    -2.075127063E-01     2.103331715E-01
     4601     1.474711993E-01     2.937417705E-01     1.676665222E-01
     4602     2.014559849E-01     2.705151941E-01     1.249998759E-01
     4603     2.554515966E-01     2.472788166E-01     1.676665220E-01
     4604     2.159777562E-01     2.121641794E-01     1.249998783E-01
     4605     1.765198654E-01     1.770331526E-01     1.676665261E-01
     4606     1.375664254E-01     2.087474038E-01     1.249998808E-01
     4607     9.307913243E-02     2.320264535E-01     1.676665261E-01
     4608     1.202693702E-01     2.628871199E-01     1.249998784E-01
     4609     9.375000000E-02     4.485000075E-01     1.676665169E-01
     4610     2.078959671E-01     4.101564894E-01     1.249998701E-01
     4611     3.220442999E-01     3.718103880E-01     1.676665177E-01
     4612     2.887437407E-01     3.095491533E-01     1.249998732E-01
     4613     1.206082113E-01     3.711225301E-01     1.249998729E-01
     4614     4.653616076E-02     2.933895935E-01     1.249998752E-01
     4615     3.689684612E-09     3.547500000E-01     1.676665169E-01
     4616     6.629126469E-02     3.822087432E-01     1.249998696E-01
     4617    -2.352048983E-01    -2.649268716E-01     1.676665233E-01
     4618    -2.645469041E-01    -3.516250996E-01     1.249998747E-01
     4619    -2.938938887E-01    -4.383179042E-01     1.676665194E-01
     4620    -3.603490432E-01    -3.739301657E-01     1.249998731E-01
     4621    -4.268054005E-01    -3.095403342E-01     1.676665206E-01
     4622    -3.714079971E-01    -2.478286408E-01     1.249998756E-01
     4623    -3.160128920E-01    -1.861120926E-01     1.676665234E-01
     4624    -2.756058580E-01    -2.255235747E-01     1.249998773E-01
     4625    -1.896762496E-01    -2.820240583E-01     1.249998771E-01
     4626    -1.441568201E-01    -2.991136483E-01     1.676665233E-01
     4627    -1.189510004E-01    -3.738082947E-01     1.249998741E-01
     4628    -9.375000000E-02    -4.484999823E-01     1.676665189E-01
     4629    -1.938216549E-01    -4.434093359E-01     1.249998717E-01
     4630    -2.237103514E-01    -6.086785020E-01     1.676665176E-01
     4631    -3.108213016E-01    -6.485795340E-01     1.249998702E-01
     4632    -3.979332209E-01    -6.884799510E-01     1.676665174E-01
     4633    -4.476963311E-01    -6.244750074E-01     1.249998705E-01
     4634    -4.974594435E-01    -5.604702212E-01     1.676665181E-01
     4635    -3.956766462E-01    -4.993942317E-01     1.249998716E-01
     4636    -2.588016168E-01    -5.234987582E-01     1.249998713E-01
     4637    -2.046074305E-01    -6.891210046E-01     1.249998701E-01
     4638    -1.855055375E-01    -7.695629538E-01     1.676665170E-01
     4639    -2.532686031E-01    -7.791333439E-01     1.249998698E-01
     4640    -3.210331130E-01    -7.887031417E-01     1.676665171E-01
     4641    -3.594824742E-01    -7.385918733E-01     1.249998700E-01
     4642    -1.754193294E-01    -1.781237179E-01     1.676665261E-01
     4643    -1.368131660E-01    -2.092418639E-01     1.249998808E-01
     4644    -9.284365449E-02    -2.321207785E-01     1.676665261E-01
     4645    -1.184936305E-01    -2.656203715E-01     1.249998789E-01
     4646    -2.053058691E-01    -2.215315969E-01     1.249998790E-01
     4647    -2.732926930E-01    -1.413681525E-01     1.249998791E-01
     4648    -2.305765583E-01    -9.661496130E-02     1.676665261E-01
     4649    -2.070435931E-01    -1.401176311E-01     1.249998808E-01
     4650    -1.106321651E-08    -3.547500000E-01     1.676665169E-01
     4651    -6.629125838E-02    -3.822087369E-01     1.249998704E-01
     4652    -4.641763563E-02    -2.934370679E-01     1.249998752E-01
     4653    -6.629190040E-02    -5.147906211E-01     1.249998704E-01
     4654     3.689684837E-09    -5.422500000E-01     1.676665169E-01
     4655    -1.118549600E-01    -5.754644134E-01     1.249998700E-01
     4656    -2.500000000E-01    -3.061616998E-17     1.676665282E-01
     4657    -2.450954325E-01    -4.927706328E-02     1.249998816E-01
     4658    -3.447003414E-01    -1.380819541E-01     1.249998771E-01
     4659    -3.733896642E-01    -9.004790770E-02     1.676665234E-01
     4660    -3.116947325E-01    -4.502413423E-02     1.249998796E-01
     4661    -3.985997488E-01    -4.296668996E-02     1.249998750E-01
     4662    -4.238100620E-01     4.114595594E-03     1.676665200E-01
     4663    -3.751332575E-01     2.482882763E-02     1.249998745E-01
     4664    -3.264565330E-01     4.554236554E-02     1.676665224E-01
     4665    -2.882282412E-01     2.277138337E-02     1.249998791E-01
     4666    -3.138158202E-01     3.488221619E-01     1.676665139E-01
     4667    -2.523402251E-01     3.161224910E-01     1.249998700E-01
     4668    -1.908655928E-01     2.834228314E-01     1.676665206E-01
     4669    -2.329067600E-01     2.461999394E-01     1.249998744E-01
     4670    -2.749472212E-01     2.089784366E-01     1.676665211E-01
     4671    -3.556146762E-01     2.273302149E-01     1.249998702E-01
     4672    -4.362799024E-01     2.456843719E-01     1.676665137E-01
     4673    -3.750481413E-01     2.972527666E-01     1.249998658E-01
     4674    -2.042094140E-01     4.124959436E-01     1.676665163E-01
     4675    -1.501429272E-01     3.711607031E-01     1.249998705E-01
     4676    -9.607665168E-02     3.298255665E-01     1.676665195E-01
     4677    -1.434706547E-01     3.066242917E-01     1.249998733E-01
     4678    -2.590124977E-01     3.806589025E-01     1.249998672E-01
     4679     2.541983069E-01    -3.687342148E-01     1.676665160E-01
     4680     2.129490951E-01    -3.287724440E-01     1.249998719E-01
     4681     1.717109351E-01    -2.888044265E-01     1.676665215E-01
     4682     2.130881323E-01    -2.547330305E-01     1.249998759E-01
     4683     2.544795677E-01    -2.206508015E-01     1.676665227E-01
     4684     3.114170482E-01    -2.545911494E-01     1.249998737E-01
     4685     3.683669431E-01    -2.885199982E-01     1.676665178E-01
     4686     3.112780110E-01    -3.286305629E-01     1.249998697E-01
     4687     1.658321188E-01    -4.167925446E-01     1.676665165E-01
     4688     1.259934872E-01    -3.734003434E-01     1.249998714E-01
     4689     8.615859074E-02    -3.300059116E-01     1.676665202E-01
     4690     1.289304563E-01    -3.094074463E-01     1.249998744E-01
     4691     2.100121259E-01    -3.927653411E-01     1.249998689E-01
     4692    -1.489796756E-01     4.304979120E-01     1.249998698E-01
     4693    -9.375000000E-02     4.484999823E-01     1.676665189E-01
     4694    -6.629061853E-02     3.822080971E-01     1.249998704E-01
     4695    -4.803824977E-02     3.422877823E-01     1.249998711E-01
     4696    -2.950190994E-08     2.500000000E-01     1.676665261E-01
     4697    -4.887641096E-02     2.451756441E-01     1.249998808E-01
     4698    -9.586784980E-02     2.308881880E-01     1.676665261E-01
     4699    -1.433656116E-01     2.571559009E-01     1.249998774E-01
     4700    -4.803826637E-02     2.899127823E-01     1.249998767E-01
     4701     4.739567747E-02     2.454661886E-01     1.249998808E-01
     4702     1.297901113E-01    -4.326468730E-01     1.249998694E-01
     4703     9.375000000E-02    -4.485000000E-01     1.676665169E-01
     4704     6.629125682E-02    -3.822087354E-01     1.249998696E-01
     4705     4.307837030E-02    -3.423784704E-01     1.249998716E-01
     4706     9.839159128E-09    -2.500000000E-01     1.676665261E-01
     4707     4.869715263E-02    -2.452113116E-01     1.249998808E-01
     4708     9.553777553E-02    -2.310249628E-01     1.676665261E-01
     4709     1.336164466E-01    -2.599183272E-01     1.249998780E-01
     4710     4.307838075E-02    -2.900034704E-01     1.249998772E-01
     4711    -4.727031371E-02    -2.454903612E-01     1.249998808E-01
     4712    -1.667579020E-02    -7.064504138E-01     1.676665168E-01
     4713    -1.010902786E-01    -7.380068176E-01     1.249998697E-01
     4714    -8.337808156E-03    -6.243502264E-01     1.249998696E-01
     4715     1.515760845E-01     6.332553634E-01     1.676665168E-01
     4716     2.024428934E-01     6.051210022E-01     1.249998695E-01
     4717     2.533107664E-01     5.769856141E-01     1.676665168E-01
     4718     1.735300490E-01     5.127431561E-01     1.249998695E-01
     4719     6.629125418E-02     5.147912673E-01     1.249998696E-01
     4720    -1.106321632E-08     5.422500000E-01     1.676665169E-01
     4721     7.578783884E-02     5.877528498E-01     1.249998696E-01
     4722    -5.637511842E-01    -5.987796682E-02     1.676665175E-01
     4723    -4.937806118E-01    -2.788139071E-02     1.249998716E-01
     4724    -4.408585563E-01    -1.371259135E-01     1.249998751E-01
     4725    -5.083277562E-01    -1.842034074E-01     1.676665203E-01
     4726    -5.360394193E-01    -1.220406143E-01     1.249998717E-01
     4727    -4.675662120E-01    -2.468726002E-01     1.249998736E-01
     4728    -1.870361502E-01    -8.677914997E-01     1.249998697E-01
     4729    -1.885683226E-01    -9.660196298E-01     1.676665169E-01
     4730    -2.828929628E-01    -9.427213316E-01     1.249998696E-01
     4731    -3.744632643E-01    -9.102357943E-01     1.676665169E-01
     4732    -3.477470703E-01    -8.494699363E-01     1.249998697E-01
     4733    -7.125846950E-03    -8.453497183E-01     1.249998696E-01
     4734     2.423576967E-03    -9.842489846E-01     1.676665169E-01
     4735    -9.351695261E-02    -9.797992228E-01     1.249998696E-01
     4736     7.090229033E+00    -6.254496431E-01     1.676665689E-01
     4737     7.027863887E+00    -6.922643008E-01     1.249999214E-01
     4738     6.965571057E+00    -7.590458717E-01     1.676665508E-01
     4739     6.888579676E+00    -7.186559723E-01     1.249999260E-01
     4740     6.811637699E+00    -6.782235717E-01     1.676665765E-01
     4741     6.848282243E+00    -5.699509920E-01     1.249999708E-01
     4742     6.885074986E+00    -4.615993061E-01     1.676666250E-01
     4743     6.987566455E+00    -5.435593206E-01     1.249999662E-01
     4744     7.240450853E+00    -4.813225072E-01     1.676665706E-01
     4745     7.165318117E+00    -5.533939488E-01     1.249999334E-01
     4746     7.027059721E+00    -3.719492257E-01     1.676666250E-01
     4747     7.133756514E+00    -4.266349037E-01     1.249999672E-01
     4748    -3.221540710E-01     8.227191600E-02     1.249998756E-01
     4749    -3.178517718E-01     1.190002198E-01     1.676665217E-01
     4750    -2.747762767E-01     1.064438382E-01     1.249998781E-01
     4751    -2.317017835E-01     9.388441581E-02     1.676665261E-01
     4752    -2.453825824E-01     4.782664805E-02     1.249998816E-01
     4753     7.048404523E+00     5.869346821E-01     1.676665778E-01
     4754     7.048521475E+00     6.668151902E-01     1.249999248E-01
     4755     7.048620341E+00     7.466934148E-01     1.676665475E-01
     4756     7.112857809E+00     7.345724048E-01     1.249999007E-01
     4757     7.177080712E+00     7.224528596E-01     1.676665377E-01
     4758     7.201484095E+00     6.623292199E-01     1.249999028E-01
     4759     7.225872086E+00     6.022121623E-01     1.676665510E-01
     4760     7.137147761E+00     5.945720053E-01     1.249999269E-01
     4761     7.213625231E+00     7.668806047E-01     1.249998822E-01
     4762     7.250148062E+00     8.113208079E-01     1.676665168E-01
     4763     7.326900778E+00     7.528691284E-01     1.249998696E-01
     4764     7.397542399E+00     6.872044025E-01     1.676665169E-01
     4765     7.311715025E+00     6.447022178E-01     1.249998902E-01
     4766     7.066873115E+00     8.247139674E-01     1.249998881E-01
     4767     7.085135467E+00     9.027257484E-01     1.676665169E-01
     4768     7.169836126E+00     8.609858518E-01     1.249998696E-01
     4769     5.346828918E+00    -2.426807677E-01     1.676665192E-01
     4770     5.242664010E+00    -2.189415940E-01     1.249998716E-01
     4771     5.138498109E+00    -1.952001684E-01     1.676665177E-01
     4772     5.184619708E+00    -2.204203766E-02     1.249998712E-01
     4773     5.230740576E+00     1.511177604E-01     1.676665187E-01
     4774     5.359008529E+00     1.498485637E-01     1.249998748E-01
     4775     5.487274308E+00     1.485842434E-01     1.676665233E-01
     4776     5.417052831E+00    -4.705099265E-02     1.249998753E-01
     4777     5.544801436E+00    -3.292221244E-01     1.676665249E-01
     4778     5.445816519E+00    -2.859547485E-01     1.249998763E-01
     4779     5.583835701E+00     3.654297548E-02     1.249998845E-01
     4780     5.680391371E+00    -7.548420982E-02     1.676665339E-01
     4781     5.612599389E+00    -2.023607804E-01     1.249998855E-01
     4782    -6.019411821E-01    -4.243535798E-01     1.676665188E-01
     4783    -6.432496739E-01    -3.513254740E-01     1.249998717E-01
     4784    -6.845577749E-01    -2.782979365E-01     1.676665187E-01
     4785    -5.964428013E-01    -2.312505228E-01     1.249998725E-01
     4786    -5.143730846E-01    -3.669475514E-01     1.249998728E-01
     4787    -5.497006876E-01    -4.924116173E-01     1.249998713E-01
     4788     5.047300190E-01     2.654378505E-01     1.676665157E-01
     4789     6.257784616E-01     2.000202379E-01     1.249998675E-01
     4790     7.468310658E-01     1.345980870E-01     1.676665144E-01
     4791     6.561474904E-01     6.787273051E-02     1.249998680E-01
     4792     5.654688987E-01     1.142173372E-03     1.676665166E-01
     4793     4.733324592E-01     6.167713500E-02     1.249998718E-01
     4794     3.812037196E-01     1.222006828E-01     1.676665207E-01
     4795     4.429634304E-01     1.938246424E-01     1.249998713E-01
     4796     5.506676617E-01     3.458805798E-01     1.249998683E-01
     4797     5.966089581E-01     4.263192359E-01     1.676665159E-01
     4798     7.000684466E-01     3.851356623E-01     1.249998679E-01
     4799     8.035305375E-01     3.439492951E-01     1.676665151E-01
     4800     7.751792465E-01     2.392753203E-01     1.249998671E-01
     4801     4.133848537E-01     3.186266780E-01     1.249998694E-01
     4802     3.683549606E-01     4.410078256E-01     1.249998701E-01
     4803     4.146694961E-01     5.102010356E-01     1.676665169E-01
     4804     5.056377686E-01     4.682617274E-01     1.249998690E-01
     4805     3.183223173E-01     1.847471177E-01     1.249998750E-01
     4806     5.731457894E+00    -4.238932373E-01     1.676665307E-01
     4807     5.638132294E+00    -3.765641334E-01     1.249998834E-01
     4808     5.765117288E+00    -1.524502043E-01     1.249998980E-01
     4809     5.849832866E+00    -2.293894569E-01     1.676665447E-01
     4810     5.790650194E+00    -3.266535574E-01     1.249998958E-01
     4811     8.019104743E-01     2.913161353E-02     1.249998665E-01
     4812     8.569931945E-01    -7.633826998E-02     1.676665141E-01
     4813     7.677707054E-01    -1.172952697E-01     1.249998666E-01
     4814     6.785518789E-01    -1.582555037E-01     1.676665146E-01
     4815     6.220077215E-01    -7.855415271E-02     1.249998681E-01
     4816     9.902904014E-01     1.414269958E-01     1.676665136E-01
     4817     1.019129331E+00     6.103042964E-02     1.249998658E-01
     4818     1.047969976E+00    -1.936794144E-02     1.676665138E-01
     4819     9.524804949E-01    -4.785199128E-02     1.249998661E-01
     4820     8.685593101E-01     1.380140345E-01     1.249998662E-01
     4821     1.008975101E+00     3.030222333E-01     1.676665145E-01
     4822     9.996319484E-01     2.222254644E-01     1.249998662E-01
     4823     9.062518849E-01     3.234867502E-01     1.249998671E-01
     4824     6.919406882E+00    -8.057128916E-01     1.249999025E-01
     4825     6.873284369E+00    -8.523539996E-01     1.676665375E-01
     4826     6.810127276E+00    -8.393992735E-01     1.249999002E-01
     4827     6.746992125E+00    -8.264203300E-01     1.676665470E-01
     4828     6.779300070E+00    -7.523423542E-01     1.249999237E-01
     4829     5.242759838E-01    -2.374583701E-01     1.676665153E-01
     4830     4.895538383E-01    -1.728877763E-01     1.249998693E-01
     4831     4.548385731E-01    -1.083154508E-01     1.676665179E-01
     4832     5.101505328E-01    -5.358529718E-02     1.249998701E-01
     4833     6.014110270E-01    -1.978566318E-01     1.249998673E-01
     4834     4.463172173E-01    -2.629918891E-01     1.249998692E-01
     4835     3.700518290E-01    -2.286351080E-01     1.249998718E-01
     4836     3.717464300E-01    -1.687406101E-01     1.676665195E-01
     4837     4.132884501E-01    -1.385309952E-01     1.249998718E-01
     4838     1.206711303E+00     4.985882087E-02     1.676665139E-01
     4839     1.127339989E+00     1.524612543E-02     1.249998660E-01
     4840     1.058407076E+00     1.478779431E-01     1.249998654E-01
     4841     1.126525310E+00     1.543272393E-01     1.676665132E-01
     4842     1.166617734E+00     1.020936389E-01     1.249998656E-01
     4843     1.329276923E+00     1.763266295E-01     1.676665147E-01
     4844     1.267993691E+00     1.130931744E-01     1.249998665E-01
     4845     1.151530523E+00     2.100507428E-01     1.249998657E-01
     4846     1.176536820E+00     2.657730916E-01     1.676665141E-01
     4847     1.252906480E+00     2.210502783E-01     1.249998666E-01
     4848     1.092755396E+00     2.843982640E-01     1.249998665E-01
     4849     7.667511430E-01    -3.276296940E-01     1.676665141E-01
     4850     6.826970429E-01    -3.609489200E-01     1.249998663E-01
     4851     5.986467393E-01    -3.942686581E-01     1.676665142E-01
     4852     5.614584370E-01    -3.158644463E-01     1.249998670E-01
     4853     7.226496329E-01    -2.429411055E-01     1.249998666E-01
     4854     9.473107582E-01    -2.569871114E-01     1.676665147E-01
     4855     8.570297442E-01    -2.923073650E-01     1.249998667E-01
     4856     9.021508168E-01    -1.666615292E-01     1.249998666E-01
     4857     1.134168707E+00    -1.888541278E-01     1.676665146E-01
     4858     1.040739000E+00    -2.229198772E-01     1.249998670E-01
     4859     1.091068678E+00    -1.041103393E-01     1.249998664E-01
     4860     1.320930395E+00    -1.059835804E-01     1.676665148E-01
     4861     1.227549109E+00    -1.474183893E-01     1.249998670E-01
     4862     1.263820420E+00    -2.806192462E-02     1.249998665E-01
     4863     1.533345487E+00     3.061554687E-02     1.676665156E-01
     4864     1.427137691E+00    -3.768375176E-02     1.249998676E-01
     4865     1.431310962E+00     1.034713473E-01     1.249998675E-01
     4866    -5.401067735E-01     3.609296057E-01     1.676665123E-01
     4867    -4.881939880E-01     3.033062223E-01     1.249998649E-01
     4868    -5.226351198E-01     2.172746305E-01     1.249998652E-01
     4869    -6.089891863E-01     1.888661473E-01     1.676665128E-01
     4870    -6.189227598E-01     2.388432531E-01     1.249998636E-01
     4871    -6.288554655E-01     2.888214116E-01     1.676665110E-01
     4872    -5.844816280E-01     3.248748449E-01     1.249998633E-01
     4873    -4.307944375E-01     4.481882272E-01     1.676665128E-01
     4874    -3.723051619E-01     3.985048588E-01     1.249998653E-01
     4875    -4.854510086E-01     4.045583145E-01     1.249998643E-01
     4876    -2.964001868E-01     1.639889626E-01     1.249998750E-01
     4877    -3.806821598E-01     1.153676283E-01     1.249998726E-01
     4878    -4.435125692E-01     1.117338601E-01     1.676665172E-01
     4879    -4.398966492E-01     1.787088806E-01     1.249998678E-01
     4880    -5.939882655E-01     6.711821690E-02     1.676665143E-01
     4881    -6.014889746E-01     1.279920574E-01     1.249998656E-01
     4882    -5.187505040E-01     8.942630742E-02     1.249998682E-01
     4883    -5.788697695E-01     3.620376813E-03     1.249998683E-01
     4884    -4.336613462E-01     5.792453989E-02     1.249998715E-01
     4885     8.433214166E-01    -5.022658126E-01     1.676665155E-01
     4886     7.521034364E-01    -5.353214193E-01     1.249998674E-01
     4887     6.608873713E-01    -5.683772581E-01     1.676665147E-01
     4888     6.297653140E-01    -4.813234459E-01     1.249998666E-01
     4889     8.050351654E-01    -4.149468934E-01     1.249998671E-01
     4890     1.029581045E+00    -4.369850070E-01     1.676665158E-01
     4891     9.364506314E-01    -4.696249025E-01     1.249998681E-01
     4892     9.884452103E-01    -3.469853741E-01     1.249998677E-01
     4893     1.219623660E+00    -3.736506652E-01     1.676665158E-01
     4894     1.124601986E+00    -4.053174655E-01     1.249998683E-01
     4895     1.176895775E+00    -2.812519686E-01     1.249998676E-01
     4896     1.413323116E+00    -3.076129089E-01     1.676665159E-01
     4897     1.316473167E+00    -3.406315545E-01     1.249998683E-01
     4898     1.367126501E+00    -2.067979753E-01     1.249998677E-01
     4899     1.618637526E+00    -2.369006821E-01     1.676665164E-01
     4900     1.515980201E+00    -2.722566702E-01     1.249998686E-01
     4901     1.575991390E+00    -1.031424466E-01     1.249998684E-01
     4902     6.011848509E+00    -3.476852768E-01     1.676665603E-01
     4903     5.961034588E+00    -4.309881495E-01     1.249999090E-01
     4904     5.910199761E+00    -5.142702305E-01     1.676665374E-01
     4905     5.820834236E+00    -4.690893798E-01     1.249998910E-01
     4906     5.930850546E+00    -2.885523271E-01     1.249999138E-01
     4907     6.109594066E+00    -2.011479805E-01     1.676665858E-01
     4908     6.060730788E+00    -2.744281179E-01     1.249999382E-01
     4909     5.915274790E+00    -1.477451699E-01     1.249999153E-01
     4910     5.980704503E+00    -6.605273257E-02     1.676665621E-01
     4911     6.045155033E+00    -1.336209608E-01     1.249999397E-01
     4912     6.122367840E+00     5.313759930E-02     1.676665876E-01
     4913     6.151007692E+00    -1.619620959E-02     1.249999638E-01
     4914     6.179638884E+00    -8.545449916E-02     1.676666010E-01
     4915     6.144620973E+00    -1.432955667E-01     1.249999625E-01
     4916     6.051541752E+00    -6.521603698E-03     1.249999410E-01
     4917     7.351363358E+00     5.426542346E-02     1.676665793E-01
     4918     7.366295866E+00     1.516462413E-01     1.249999390E-01
     4919     7.381242234E+00     2.490147329E-01     1.676665694E-01
     4920     7.451641626E+00     1.954566147E-01     1.249999173E-01
     4921     7.522052509E+00     1.418829962E-01     1.676665433E-01
     4922     7.515079124E+00     7.582269410E-02     1.249999038E-01
     4923     7.508111529E+00     9.760319266E-03     1.676665470E-01
     4924     7.429733364E+00     3.201232073E-02     1.249999255E-01
     4925     7.129242117E+00    -2.441664146E-01     1.676666250E-01
     4926     7.207983600E+00    -2.652361688E-01     1.249999735E-01
     4927     7.286761686E+00    -2.862373201E-01     1.676665810E-01
     4928     7.263604918E+00    -3.837851581E-01     1.249999407E-01
     4929     7.446611129E+00    -3.090183044E-01     1.676665483E-01
     4930     7.427687618E+00    -3.735025155E-01     1.249999051E-01
     4931     7.408762116E+00    -4.379874646E-01     1.676665443E-01
     4932     7.324608892E+00    -4.596526891E-01     1.249999186E-01
     4933     7.366683644E+00    -2.976349846E-01     1.249999272E-01
     4934     7.485364130E+00    -1.500345211E-01     1.676665518E-01
     4935     7.465986533E+00    -2.295297499E-01     1.249999096E-01
     4936     7.307501352E+00    -2.016883410E-01     1.249999500E-01
     4937     7.328250211E+00    -1.171138809E-01     1.676665861E-01
     4938     7.406804241E+00    -1.335831063E-01     1.249999324E-01
     4939     7.339801978E+00    -3.143098701E-02     1.249999490E-01
     4940     7.496735626E+00    -7.013979851E-02     1.249999089E-01
     4941     6.587910178E+00    -7.988812505E-01     1.676665527E-01
     4942     6.620214726E+00    -7.233913429E-01     1.249999326E-01
     4943     6.652378516E+00    -6.478595087E-01     1.676665855E-01
     4944     6.732043207E+00    -6.630685803E-01     1.249999469E-01
     4945     6.667471588E+00    -8.126651168E-01     1.249999094E-01
     4946     7.290828677E+00     4.361402297E-01     1.676665684E-01
     4947     7.158944837E+00     4.040439063E-01     1.249999659E-01
     4948     7.027059727E+00     3.719492201E-01     1.676666250E-01
     4949     7.037738216E+00     4.794420704E-01     1.249999715E-01
     4950     7.258354383E+00     5.191738411E-01     1.249999213E-01
     4951     6.889181493E+00     4.598682749E-01     1.676666250E-01
     4952     6.888352283E+00     5.381642587E-01     1.249999774E-01
     4953     6.887492631E+00     6.164492173E-01     1.676665876E-01
     4954     6.967982361E+00     6.016922585E-01     1.249999489E-01
     4955     6.888929075E+00     7.789590608E-01     1.676665538E-01
     4956     6.968793518E+00     7.628277042E-01     1.249999103E-01
     4957     6.888254404E+00     6.977047724E-01     1.249999344E-01
     4958     6.716315827E+00     7.936396606E-01     1.676665589E-01
     4959     6.802693744E+00     7.862974862E-01     1.249999170E-01
     4960     6.804423775E+00     6.250288370E-01     1.249999590E-01
     4961     6.721083767E+00     6.336195504E-01     1.676665949E-01
     4962     6.718863115E+00     7.136215508E-01     1.249999416E-01
     4963     6.541803947E+00     7.786969045E-01     1.676665586E-01
     4964     6.629186378E+00     7.861846684E-01     1.249999200E-01
     4965     6.638000758E+00     6.259662832E-01     1.249999631E-01
     4966     6.554429016E+00     6.182516857E-01     1.676665942E-01
     4967     6.548324021E+00     6.985294009E-01     1.249999415E-01
     4968     6.373663896E+00     7.339339622E-01     1.676665537E-01
     4969     6.457842939E+00     7.563490575E-01     1.249999170E-01
     4970     6.476753422E+00     5.947237319E-01     1.249999587E-01
     4971     6.398662537E+00     5.710639993E-01     1.676665872E-01
     4972     6.386272340E+00     6.525433885E-01     1.249999343E-01
     4973     6.218069179E+00     6.706082448E-01     1.676665484E-01
     4974     6.295919270E+00     7.022915284E-01     1.249999107E-01
     4975     6.331495068E+00     5.418958255E-01     1.249999493E-01
     4976     6.264127880E+00     5.126471421E-01     1.676665787E-01
     4977     6.241141998E+00     5.916439654E-01     1.249999257E-01
     4978     6.139635353E+00     4.858770113E-01     1.676665606E-01
     4979     6.102675948E+00     5.450188911E-01     1.249999097E-01
     4980     6.065668228E+00     6.041518786E-01     1.676665386E-01
     4981     6.141891872E+00     6.373870568E-01     1.249999019E-01
     4982     6.201926074E+00     4.992757998E-01     1.249999335E-01
     4983     5.912516474E+00     4.862359234E-01     1.676665349E-01
     4984     5.989106228E+00     5.451944962E-01     1.249998943E-01
     4985     6.101877588E+00     3.886343336E-01     1.249999266E-01
     4986     6.064073379E+00     2.913977465E-01     1.676665663E-01
     4987     5.988307868E+00     3.888099387E-01     1.249999112E-01
     4988     5.856272703E+00     1.258998565E-01     1.676665464E-01
     4989     5.960183707E+00     2.086345073E-01     1.249999185E-01
     4990     6.093230701E+00     1.722134900E-01     1.249999432E-01
     4991     5.918494758E+00     2.989941360E-02     1.249999163E-01
     4992     5.768337256E+00     2.519437920E-02     1.249998989E-01
     4993     5.719108823E+00     3.540454655E-01     1.676665305E-01
     4994     5.815820033E+00     4.201363624E-01     1.249998894E-01
     4995     5.787695872E+00     2.399609310E-01     1.249998967E-01
     4996     5.603194317E+00     2.513095273E-01     1.249998823E-01
     4997     5.009071533E+00     1.479036316E-01     1.676665174E-01
     4998     5.119906365E+00     1.495099948E-01     1.249998710E-01
     4999     5.035940157E+00    -1.812301126E-01     1.249998702E-01
     5000     4.933381880E+00    -1.672593012E-01     1.676665172E-01
     5001     4.971226814E+00    -9.678080061E-03     1.249998700E-01
     5002     4.801762713E+00     1.420651653E-01     1.676665171E-01
     5003     4.905417210E+00     1.449842009E-01     1.249998700E-01
     5004     4.832806754E+00    -1.583858666E-01     1.249998698E-01
     5005     4.732231523E+00    -1.495121829E-01     1.676665170E-01
     5006     4.766997150E+00    -3.723585630E-03     1.249998697E-01
     5007     4.600757910E+00     1.353236461E-01     1.676665170E-01
     5008     4.701260336E+00     1.386943477E-01     1.249998697E-01
     5009     4.632890733E+00    -1.433945422E-01     1.249998696E-01
     5010     4.533549909E+00    -1.372768190E-01     1.676665169E-01
     5011     4.567153919E+00    -9.766088940E-04     1.249998696E-01
     5012     4.402132796E+00     1.286896246E-01     1.676665169E-01
     5013     4.501445360E+00     1.320066160E-01     1.249998696E-01
     5014     4.434680336E+00    -1.328102386E-01     1.249998696E-01
     5015     4.335810752E+00    -1.283436309E-01     1.676665169E-01
     5016     4.368971777E+00     1.729862999E-04     1.249998696E-01
     5017     4.203523257E+00     1.227412150E-01     1.676665169E-01
     5018     4.302828028E+00     1.257154105E-01     1.249998696E-01
     5019     4.236743662E+00    -1.249942987E-01     1.249998696E-01
     5020     4.137676568E+00    -1.216449497E-01     1.676665169E-01
     5021     4.170599913E+00     5.481254236E-04     1.249998696E-01
     5022     4.003828763E+00     1.178213110E-01     1.676665169E-01
     5023     4.103676009E+00     1.202812583E-01     1.249998696E-01
     5024     4.037897084E+00    -1.191582611E-01     1.249998696E-01
     5025     3.938117598E+00    -1.166715592E-01     1.676665169E-01
     5026     3.970973180E+00     5.748718133E-04     1.249998696E-01
     5027     3.802877454E+00     1.141286421E-01     1.676665169E-01
     5028     3.903353107E+00     1.159749739E-01     1.249998696E-01
     5029     3.837609323E+00    -1.149365243E-01     1.249998696E-01
     5030     3.737101049E+00    -1.132014825E-01     1.676665169E-01
     5031     3.769989251E+00     4.635778686E-04     1.249998696E-01
     5032     3.601122242E+00     1.117760448E-01     1.676665169E-01
     5033     3.701999847E+00     1.129523421E-01     1.249998696E-01
     5034     3.636153020E+00    -1.121681730E-01     1.249998696E-01
     5035     3.535204991E+00    -1.111348638E-01     1.676665169E-01
     5036     3.568163616E+00     3.205912903E-04     1.249998696E-01
     5037     3.398925167E+00     1.108352629E-01     1.676665169E-01
     5038     3.500023703E+00     1.113056541E-01     1.249998696E-01
     5039     3.434052769E+00    -1.107635608E-01     1.249998696E-01
     5040     3.332900547E+00    -1.103922614E-01     1.676665169E-01
     5041     3.365912856E+00     2.215020380E-04     1.249998696E-01
     5042     3.410719818E-01    -7.425336258E-01     1.676665140E-01
     5043     2.879649087E-01    -7.663589339E-01     1.249998657E-01
     5044     2.348589891E-01    -7.901834692E-01     1.676665137E-01
     5045     1.998617121E-01    -7.523601305E-01     1.249998662E-01
     5046     1.648651943E-01    -7.145362712E-01     1.676665146E-01
     5047     2.151144951E-01    -6.785214057E-01     1.249998658E-01
     5048     2.653651080E-01    -6.425056191E-01     1.676665131E-01
     5049     3.032176917E-01    -6.925202090E-01     1.249998653E-01
     5050     3.029903066E-01    -6.130230733E-01     1.249998641E-01
     5051     3.406181599E-01    -5.835386983E-01     1.676665118E-01
     5052     4.052060113E-01    -6.077687768E-01     1.249998646E-01
     5053     4.697969801E-01    -6.319966585E-01     1.676665138E-01
     5054     4.054333965E-01    -6.872659126E-01     1.249998658E-01
     5055     3.339890425E-01     5.435944923E-01     1.249998695E-01
     5056     1.838011888E+00    -1.834636237E-01     1.676665166E-01
     5057     1.728324656E+00    -2.101821002E-01     1.249998690E-01
     5058     1.658424895E+00     3.513996871E-02     1.249998685E-01
     5059     1.783504516E+00     3.966416452E-02     1.676665164E-01
     5060     1.810758160E+00    -7.189968480E-02     1.249998691E-01
     5061     2.074438567E+00    -9.555008791E-02     1.676665167E-01
     5062     1.956225206E+00    -1.395068333E-01     1.249998693E-01
     5063     1.866143112E+00     5.018222551E-02     1.249998690E-01
     5064     1.948781792E+00     6.070019607E-02     1.676665165E-01
     5065     2.011610159E+00    -1.742492303E-02     1.249998693E-01
     5066     3.196496939E+00     1.114059302E-01     1.676665169E-01
     5067     3.297711051E+00     1.111205992E-01     1.249998696E-01
     5068     3.231645150E+00    -1.106205786E-01     1.249998696E-01
     5069     3.130389754E+00    -1.108489000E-01     1.676665169E-01
     5070     3.163443345E+00     2.785185519E-04     1.249998696E-01
     5071     2.993987236E+00     1.137064850E-01     1.676665169E-01
     5072     3.095242085E+00     1.125562125E-01     1.249998696E-01
     5073     3.029025720E+00    -1.115456169E-01     1.249998696E-01
     5074     2.927661689E+00    -1.122423410E-01     1.676665169E-01
     5075     2.960824460E+00     7.320769847E-04     1.249998696E-01
     5076     2.791536321E+00     1.182463630E-01     1.676665169E-01
     5077     2.892761775E+00     1.159764285E-01     1.249998696E-01
     5078     2.826032565E+00    -1.131138993E-01     1.249998696E-01
     5079     2.724403444E+00    -1.139854641E-01     1.676665169E-01
     5080     2.757969880E+00     2.130452206E-03     1.249998696E-01
     5081     2.589157599E+00     1.262173681E-01     1.676665169E-01
     5082     2.690346956E+00     1.222318691E-01     1.249998696E-01
     5083     2.621872293E+00    -1.143560209E-01     1.249998696E-01
     5084     2.519341146E+00    -1.147265843E-01     1.676665169E-01
     5085     2.554249369E+00     5.745395966E-03     1.249998696E-01
     5086     2.386713504E+00     1.403515996E-01     1.676665169E-01
     5087     2.487935547E+00     1.332844891E-01     1.249998696E-01
     5088     2.413583175E+00    -1.130397871E-01     1.249998696E-01
     5089     2.307825211E+00    -1.113530029E-01     1.676665168E-01
     5090     2.347269353E+00     1.449930606E-02     1.249998696E-01
     5091     2.185016641E+00     1.666916679E-01     1.676665168E-01
     5092     2.285865065E+00     1.535216401E-01     1.249998695E-01
     5093     2.191131880E+00    -1.034515348E-01     1.249998695E-01
     5094     2.129727593E+00     3.557079922E-02     1.249998695E-01
     5095     2.003887835E+00     2.216214640E-01     1.676665167E-01
     5096     2.094452224E+00     1.941565803E-01     1.249998694E-01
     5097     1.976334790E+00     1.411608581E-01     1.249998693E-01
     5098     1.818787351E+00     2.472015055E-01     1.676665166E-01
     5099     1.911337568E+00     2.344115121E-01     1.249998693E-01
     5100     1.801145890E+00     1.434328796E-01     1.249998691E-01
     5101     1.614188751E+00     2.775898088E-01     1.676665164E-01
     5102     1.716487997E+00     2.623957116E-01     1.249998691E-01
     5103     1.573767002E+00     1.541028007E-01     1.249998685E-01
     5104     1.416937104E+00     3.442343343E-01     1.676665159E-01
     5105     1.515562809E+00     3.109121985E-01     1.249998686E-01
     5106     1.373106769E+00     2.602807451E-01     1.249998676E-01
     5107     1.236581669E+00     4.100660545E-01     1.676665155E-01
     5108     1.326759187E+00     3.771504086E-01     1.249998681E-01
     5109     1.206558899E+00     3.379199418E-01     1.249998671E-01
     5110     1.053841983E+00     4.618972462E-01     1.676665156E-01
     5111     1.145211537E+00     4.359819627E-01     1.249998680E-01
     5112     1.031408034E+00     3.824602849E-01     1.249998674E-01
     5113     8.601057835E-01     5.168988575E-01     1.676665157E-01
     5114     9.569734237E-01     4.893985438E-01     1.249998681E-01
     5115     8.318172741E-01     4.304250092E-01     1.249998678E-01
     5116     6.682519534E-01     5.874773979E-01     1.676665161E-01
     5117     7.641782341E-01     5.521888120E-01     1.249998684E-01
     5118     6.324294067E-01     5.068994652E-01     1.249998685E-01
     5119     4.878498632E-01     6.629404189E-01     1.676665167E-01
     5120     5.780501840E-01     6.252096983E-01     1.249998690E-01
     5121     4.512585458E-01     5.865719606E-01     1.249998695E-01
     5122     3.202664901E-01     7.306542541E-01     1.676665175E-01
     5123     4.040575853E-01     6.967979553E-01     1.249998697E-01
     5124     2.867880820E-01     6.538204871E-01     1.249998697E-01
     5125     1.663325743E-01     7.732427092E-01     1.676665169E-01
     5126     2.432991068E-01     7.519488018E-01     1.249998698E-01
     5127     1.589539182E-01     7.032493170E-01     1.249998696E-01
     5128     5.099040173E-03     7.681919382E-01     1.676665168E-01
     5129     8.571553437E-02     7.707174404E-01     1.249998696E-01
     5130     2.549454993E-03     6.552209733E-01     1.249998696E-01
     5131    -1.497584839E-01     7.680181779E-01     1.676665154E-01
     5132    -7.232974689E-02     7.681050603E-01     1.249998686E-01
     5133    -6.584636289E-02     5.845960842E-01     1.249998686E-01
     5134    -1.316927208E-01     6.269422026E-01     1.676665153E-01
     5135    -1.407255648E-01     6.974801712E-01     1.249998676E-01
     5136    -2.889801102E-01     7.243973060E-01     1.676665152E-01
     5137    -2.193692853E-01     7.462077077E-01     1.249998675E-01
     5138    -1.731628986E-01     6.023428293E-01     1.249998667E-01
     5139    -2.146330430E-01     5.777435739E-01     1.676665141E-01
     5140    -2.518066191E-01     6.510703659E-01     1.249998666E-01
     5141    -4.240033116E-01     6.550522291E-01     1.676665145E-01
     5142    -3.564918322E-01     6.897246250E-01     1.249998670E-01
     5143    -2.666172883E-01     5.499221939E-01     1.249998650E-01
     5144    -3.186013892E-01     5.221011200E-01     1.676665126E-01
     5145    -3.713025013E-01     5.885764531E-01     1.249998654E-01
     5146    -5.509484647E-01     5.621449297E-01     1.676665146E-01
     5147    -4.874763021E-01     6.085980934E-01     1.249998667E-01
     5148    -3.746980868E-01     4.851443259E-01     1.249998644E-01
     5149    -4.908718875E-01     5.051659663E-01     1.249998657E-01
     5150    -6.615748558E-01     4.493459632E-01     1.676665143E-01
     5151    -6.062622751E-01     5.057446529E-01     1.249998667E-01
     5152    -6.008413962E-01     4.051370011E-01     1.249998653E-01
     5153    -7.410589801E-01     3.256002894E-01     1.676665134E-01
     5154    -7.013174079E-01     3.874724012E-01     1.249998660E-01
     5155    -6.849576397E-01     3.072102450E-01     1.249998640E-01
     5156    -7.675406054E-01     1.841764103E-01     1.676665145E-01
     5157    -7.543001149E-01     2.548878368E-01     1.249998661E-01
     5158    -6.882652349E-01     1.865208449E-01     1.249998658E-01
     5159    -7.677339166E-01     3.183366778E-02     1.676665154E-01
     5160    -7.676374203E-01     1.080048910E-01     1.249998673E-01
     5161    -6.808611600E-01     4.947610342E-02     1.249998672E-01
     5162    -7.404220801E-01    -1.243619757E-01     1.676665162E-01
     5163    -7.540780606E-01    -4.626387254E-02     1.249998683E-01
     5164    -6.520866701E-01    -9.211959915E-02     1.249998694E-01
     5165     6.418792776E+00    -7.521236843E-01     1.676665564E-01
     5166     6.454225803E+00    -6.790357187E-01     1.249999389E-01
     5167     6.489356438E+00    -6.058575790E-01     1.676665921E-01
     5168     6.571014963E+00    -6.269019962E-01     1.249999564E-01
     5169     6.503425566E+00    -7.755250653E-01     1.249999151E-01
     5170     6.252433800E+00    -6.812570004E-01     1.676665536E-01
     5171     6.291677890E+00    -6.084473383E-01     1.249999354E-01
     5172     6.330796335E+00    -5.355691939E-01     1.676665895E-01
     5173     6.410217056E+00    -5.707661007E-01     1.249999588E-01
     5174     6.335686637E+00    -7.167169563E-01     1.249999154E-01
     5175    -7.124900522E-01    -2.013295077E-01     1.249998702E-01
     5176     1.920499403E-01    -9.653334957E-01     1.676665169E-01
     5177     9.769565224E-02    -9.793913911E-01     1.249998696E-01
     5178     8.364440462E-02    -8.493927465E-01     1.249998681E-01
     5179     2.134540912E-01    -8.777586535E-01     1.249998676E-01
     5180     2.839353904E-01    -9.424078903E-01     1.249998704E-01
     5181     3.571318898E-01    -8.266458270E-01     1.249998684E-01
     5182     5.505967221E-01    -8.216439504E-01     1.676665169E-01
     5183     4.610936412E-01    -8.646032681E-01     1.249998704E-01
     5184     5.101961176E-01    -7.268208306E-01     1.249998677E-01
     5185    -2.614054226E-01     4.672983696E-01     1.249998663E-01
     5186     7.308512724E-01    -7.451175462E-01     1.676665170E-01
     5187     6.401810681E-01    -7.821002120E-01     1.249998696E-01
     5188     5.653408561E-01    -6.001876483E-01     1.249998664E-01
     5189     6.958687325E-01    -6.567475674E-01     1.249998683E-01
     5190     9.156435146E-01    -6.777490205E-01     1.676665169E-01
     5191     8.228486311E-01    -7.103383364E-01     1.249998696E-01
     5192     8.794820957E-01    -5.900071359E-01     1.249998688E-01
     5193     1.107303823E+00    -6.173362257E-01     1.676665169E-01
     5194     1.011161861E+00    -6.465525356E-01     1.249998696E-01
     5195     1.068442205E+00    -5.271603897E-01     1.249998689E-01
     5196     1.300161203E+00    -5.646173404E-01     1.676665169E-01
     5197     1.203496053E+00    -5.901111225E-01     1.249998696E-01
     5198     1.259892295E+00    -4.691338585E-01     1.249998689E-01
     5199     1.490690870E+00    -5.193490444E-01     1.676665170E-01
     5200     1.395248494E+00    -5.412354794E-01     1.249998696E-01
     5201     1.452006910E+00    -4.134808880E-01     1.249998690E-01
     5202     1.682483484E+00    -4.798009284E-01     1.676665170E-01
     5203     1.586446224E+00    -4.988910513E-01     1.249998696E-01
     5204     1.650560469E+00    -3.583507683E-01     1.249998692E-01
     5205     1.875292608E+00    -4.455169130E-01     1.676665169E-01
     5206     1.778775397E+00    -4.620250875E-01     1.249998696E-01
     5207     1.856652233E+00    -3.144902524E-01     1.249998694E-01
     5208     2.068904126E+00    -4.161412322E-01     1.676665169E-01
     5209     1.972008259E+00    -4.302349182E-01     1.249998696E-01
     5210     2.071671341E+00    -2.558456535E-01     1.249998695E-01
     5211     2.263166680E+00    -3.913891635E-01     1.676665169E-01
     5212     2.165963713E+00    -4.032023239E-01     1.249998696E-01
     5213     2.285495943E+00    -2.513710792E-01     1.249998696E-01
     5214     2.460439762E+00    -3.708057075E-01     1.676665169E-01
     5215     2.361745639E+00    -3.805453458E-01     1.249998696E-01
     5216     2.489890453E+00    -2.427661434E-01     1.249998696E-01
     5217     2.660354854E+00    -3.543985433E-01     1.676665169E-01
     5218     2.560352633E+00    -3.620575580E-01     1.249998696E-01
     5219     2.692379149E+00    -2.341920028E-01     1.249998696E-01
     5220     2.862186715E+00    -3.422056781E-01     1.676665169E-01
     5221     2.761238284E+00    -3.477639094E-01     1.249998696E-01
     5222     2.894924202E+00    -2.272240072E-01     1.249998696E-01
     5223     3.064558188E+00    -3.342652841E-01     1.676665169E-01
     5224     2.963351682E+00    -3.377059249E-01     1.249998696E-01
     5225     3.097473971E+00    -2.225570909E-01     1.249998696E-01
     5226     3.267051117E+00    -3.305355408E-01     1.676665169E-01
     5227     3.165795012E+00    -3.318767624E-01     1.249998696E-01
     5228     3.299975832E+00    -2.204639001E-01     1.249998696E-01
     5229     3.469607615E+00    -3.309866916E-01     1.676665169E-01
     5230     3.368330530E+00    -3.302389576E-01     1.249998696E-01
     5231     3.502406303E+00    -2.210607768E-01     1.249998696E-01
     5232     3.672182807E+00    -3.356255960E-01     1.676665169E-01
     5233     3.570907232E+00    -3.327810594E-01     1.249998696E-01
     5234     3.704641928E+00    -2.244135400E-01     1.249998696E-01
     5235     3.874248628E+00    -3.444704059E-01     1.676665169E-01
     5236     3.773238910E+00    -3.395179968E-01     1.249998696E-01
     5237     3.906183114E+00    -2.305709853E-01     1.249998696E-01
     5238     4.074247938E+00    -3.574594248E-01     1.676665169E-01
     5239     3.974282791E+00    -3.504334036E-01     1.249998696E-01
     5240     4.105962255E+00    -2.395521913E-01     1.249998696E-01
     5241     4.270899944E+00    -3.744667044E-01     1.676665169E-01
     5242     4.172619832E+00    -3.654322597E-01     1.249998696E-01
     5243     4.303355350E+00    -2.514051722E-01     1.249998696E-01
     5244     4.465901127E+00    -3.956513911E-01     1.676665169E-01
     5245     4.368459633E+00    -3.845148777E-01     1.249998696E-01
     5246     4.499725523E+00    -2.664641143E-01     1.249998696E-01
     5247     4.660054894E+00    -4.212446742E-01     1.676665170E-01
     5248     4.563052874E+00    -4.078798883E-01     1.249998696E-01
     5249     4.696143222E+00    -2.853784608E-01     1.249998696E-01
     5250     4.853529651E+00    -4.515092118E-01     1.676665170E-01
     5251     4.756886219E+00    -4.357761041E-01     1.249998696E-01
     5252     4.893455806E+00    -3.093843490E-01     1.249998697E-01
     5253     5.046167632E+00    -4.867424222E-01     1.676665170E-01
     5254     4.949966058E+00    -4.684835349E-01     1.249998696E-01
     5255     5.092332994E+00    -3.409715808E-01     1.249998701E-01
     5256     5.237745786E+00    -5.273160015E-01     1.676665169E-01
     5257     5.142103746E+00    -5.063345708E-01     1.249998696E-01
     5258     5.292287726E+00    -3.849992254E-01     1.249998712E-01
     5259     5.428983743E+00    -5.739625942E-01     1.676665169E-01
     5260     5.333552339E+00    -5.498698232E-01     1.249998696E-01
     5261     5.486893558E+00    -4.515948214E-01     1.249998747E-01
     5262     5.622263935E+00    -6.282291850E-01     1.676665169E-01
     5263     5.525874144E+00    -6.002037155E-01     1.249998696E-01
     5264     5.676862578E+00    -5.260652023E-01     1.249998783E-01
     5265     5.811709911E+00    -6.895692764E-01     1.676665170E-01
     5266     5.717309469E+00    -6.579021731E-01     1.249998696E-01
     5267     5.860958584E+00    -6.019234090E-01     1.249998823E-01
     5268     5.995093218E+00    -7.582614994E-01     1.676665169E-01
     5269     5.903819401E+00    -7.227987172E-01     1.249998696E-01
     5270     5.997481328E+00    -5.566500847E-01     1.249998993E-01
     5271     6.084729410E+00    -5.990076037E-01     1.676665448E-01
     5272     6.039924310E+00    -6.786420645E-01     1.249998866E-01
     5273     6.085393234E+00    -7.961491852E-01     1.249998704E-01
     5274     6.168617543E+00    -6.401512973E-01     1.249999086E-01
     5275     6.213508967E+00    -7.589816961E-01     1.249998924E-01
     5276     6.343579942E+00    -9.201728546E-01     1.676665169E-01
     5277     6.257053837E+00    -8.824842158E-01     1.249998704E-01
     5278     6.381235114E+00    -8.361627739E-01     1.249998934E-01
     5279     6.530336665E+00    -9.707320678E-01     1.676665169E-01
     5280     6.435707802E+00    -9.500511697E-01     1.249998696E-01
     5281     6.559143582E+00    -8.848135360E-01     1.249998912E-01
     5282     6.718460456E+00    -9.839203650E-01     1.676665169E-01
     5283     6.624073063E+00    -9.818416102E-01     1.249998696E-01
     5284     6.732717691E+00    -9.051773463E-01     1.249998878E-01
     5285     6.905603303E+00    -9.609968452E-01     1.676665169E-01
     5286     6.812569655E+00    -9.769515417E-01     1.249998696E-01
     5287     6.889429154E+00    -9.066822109E-01     1.249998821E-01
     5288     7.087984686E+00    -9.014824486E-01     1.676665169E-01
     5289     6.998232248E+00    -9.356988458E-01     1.249998696E-01
     5290     7.026756606E+00    -8.302754429E-01     1.249998901E-01
     5291     7.254420690E+00    -8.083696461E-01     1.676665169E-01
     5292     7.173462554E+00    -8.589670740E-01     1.249998696E-01
     5293     7.172308487E+00    -7.169138421E-01     1.249999010E-01
     5294     7.398251857E+00    -6.864762043E-01     1.676665169E-01
     5295     7.329272798E+00    -7.508652582E-01     1.249998696E-01
     5296     7.319357143E+00    -5.838937066E-01     1.249999020E-01
     5297     7.518570484E+00    -5.357632814E-01     1.676665169E-01
     5298     7.462118416E+00    -6.140647836E-01     1.249998696E-01
     5299     7.463670117E+00    -4.868699765E-01     1.249998862E-01
     5300     7.605578407E+00    -3.685030482E-01     1.676665169E-01
     5301     7.566092234E+00    -4.542143077E-01     1.249998696E-01
     5302     7.526095722E+00    -3.387588189E-01     1.249998886E-01
     5303     7.659827442E+00    -1.839270113E-01     1.676665169E-01
     5304     7.637224650E+00    -2.775394986E-01     1.249998696E-01
     5305     7.572595116E+00    -1.669818695E-01     1.249998907E-01
     5306     7.677165354E+00    -3.614993933E-08     1.676665169E-01
     5307     7.672821409E+00    -9.236992467E-02     1.249998696E-01
     5308     7.592637150E+00     4.879815910E-03     1.249998878E-01
     5309     7.659053325E+00     1.879509400E-01     1.676665169E-01
     5310     7.672627006E+00     9.440953720E-02     1.249998696E-01
     5311     7.590551554E+00     1.649170962E-01     1.249998856E-01
     5312     7.603776167E+00     3.729355599E-01     1.676665169E-01
     5313     7.635962622E+00     2.817979326E-01     1.249998696E-01
     5314     7.492506148E+00     3.109788716E-01     1.249999013E-01
     5315     7.515801984E+00     5.400058269E-01     1.676665169E-01
     5316     7.563808132E+00     4.585785411E-01     1.249998696E-01
     5317     7.336031948E+00     3.425830508E-01     1.249999324E-01
     5318     7.403318497E+00     4.880683518E-01     1.249999007E-01
     5319     7.460217030E+00     6.164390113E-01     1.249998696E-01
     5320     6.902011649E+00     9.617847232E-01     1.676665169E-01
     5321     6.995005604E+00     9.367455521E-01     1.249998696E-01
     5322     6.895479476E+00     8.703738018E-01     1.249998918E-01
     5323     6.712751651E+00     9.840520214E-01     1.676665169E-01
     5324     6.807909866E+00     9.775109959E-01     1.249998696E-01
     5325     6.714584033E+00     8.888436262E-01     1.249998948E-01
     5326     6.524405997E+00     9.697201644E-01     1.676665169E-01
     5327     6.618225706E+00     9.814141267E-01     1.249998696E-01
     5328     6.533172680E+00     8.742266573E-01     1.249998948E-01
     5329     6.340227918E+00     9.188933009E-01     1.676665169E-01
     5330     6.431075839E+00     9.487850318E-01     1.249998696E-01
     5331     6.356982306E+00     8.264279512E-01     1.249998918E-01
     5332     6.255446161E+00     8.816883605E-01     1.249998704E-01
     5333     6.196318484E+00     7.536513406E-01     1.249998892E-01
     5334     5.996567015E+00     7.588565126E-01     1.676665169E-01
     5335     6.086121575E+00     7.964671479E-01     1.249998704E-01
     5336     6.031126022E+00     6.815056859E-01     1.249998830E-01
     5337     5.813255881E+00     6.901073224E-01     1.676665170E-01
     5338     5.905330131E+00     7.233643443E-01     1.249998696E-01
     5339     5.862891655E+00     5.881707282E-01     1.249998809E-01
     5340     5.622372375E+00     6.282618524E-01     1.676665169E-01
     5341     5.718142036E+00     6.581715893E-01     1.249998696E-01
     5342     5.670742507E+00     4.911502218E-01     1.249998782E-01
     5343     5.429289069E+00     5.740424021E-01     1.676665169E-01
     5344     5.526080589E+00     6.002616387E-01     1.249998696E-01
     5345     5.458282532E+00     3.613114328E-01     1.249998737E-01
     5346     5.239092250E+00     5.276221046E-01     1.676665169E-01
     5347     5.334376396E+00     5.500707616E-01     1.249998696E-01
     5348     5.234916655E+00     3.393693840E-01     1.249998707E-01
     5349     5.047569102E+00     4.870185176E-01     1.676665170E-01
     5350     5.143477878E+00     5.066255845E-01     1.249998696E-01
     5351     5.028320383E+00     3.174609215E-01     1.249998699E-01
     5352     4.854984907E+00     4.517557610E-01     1.676665170E-01
     5353     4.951394554E+00     4.687448243E-01     1.249998696E-01
     5354     4.828373828E+00     2.969104182E-01     1.249998697E-01
     5355     4.661562930E+00     4.214617612E-01     1.676665170E-01
     5356     4.758367977E+00     4.360079322E-01     1.249998696E-01
     5357     4.631160424E+00     2.783926901E-01     1.249998696E-01
     5358     4.467466988E+00     3.958394920E-01     1.676665169E-01
     5359     4.564589915E+00     4.080825629E-01     1.249998696E-01
     5360     4.434799892E+00     2.622645521E-01     1.249998696E-01
     5361     4.270799408E+00     3.744569089E-01     1.676665169E-01
     5362     4.369193363E+00     3.845945900E-01     1.249998696E-01
     5363     4.237161331E+00     2.485990585E-01     1.249998696E-01
     5364     4.071411704E+00     3.572452219E-01     1.676665169E-01
     5365     4.171152626E+00     3.653055354E-01     1.249998696E-01
     5366     4.037620231E+00     2.375332650E-01     1.249998696E-01
     5367     3.869839761E+00     3.442319285E-01     1.676665169E-01
     5368     3.970660554E+00     3.501989419E-01     1.249998696E-01
     5369     3.836358605E+00     2.291802840E-01     1.249998696E-01
     5370     3.667621207E+00     3.354747938E-01     1.676665169E-01
     5371     3.768753450E+00     3.393227764E-01     1.249998696E-01
     5372     3.634371722E+00     2.236254191E-01     1.249998696E-01
     5373     3.465210461E+00     3.309325256E-01     1.676665169E-01
     5374     3.566427588E+00     3.326795407E-01     1.249998696E-01
     5375     3.432067811E+00     2.208838946E-01     1.249998696E-01
     5376     3.262647815E+00     3.305721264E-01     1.676665169E-01
     5377     3.363930062E+00     3.302301455E-01     1.249998696E-01
     5378     3.229572373E+00     2.209890306E-01     1.249998696E-01
     5379     3.060013814E+00     3.343971496E-01     1.676665169E-01
     5380     3.161320913E+00     3.319601651E-01     1.249998696E-01
     5381     3.027000521E+00     2.240518200E-01     1.249998696E-01
     5382     2.857782779E+00     3.424258094E-01     1.676665169E-01
     5383     2.958877297E+00     3.378824591E-01     1.249998696E-01
     5384     2.824659546E+00     2.303360882E-01     1.249998696E-01
     5385     2.656680735E+00     3.546607580E-01     1.676665169E-01
     5386     2.757199239E+00     3.480086878E-01     1.249998696E-01
     5387     2.622919162E+00     2.404390649E-01     1.249998696E-01
     5388     2.458063845E+00     3.710272559E-01     1.676665169E-01
     5389     2.557327985E+00     3.623062015E-01     1.249998696E-01
     5390     2.422388669E+00     2.556894317E-01     1.249998696E-01
     5391     2.262096755E+00     3.915130785E-01     1.676665169E-01
     5392     2.360023342E+00     3.807251508E-01     1.249998696E-01
     5393     2.223556690E+00     2.791023762E-01     1.249998696E-01
     5394     2.067890388E+00     4.162825279E-01     1.676665169E-01
     5395     2.164921825E+00     4.033350892E-01     1.249998696E-01
     5396     2.035889099E+00     3.189520081E-01     1.249998695E-01
     5397     1.874329602E+00     4.456753348E-01     1.676665169E-01
     5398     1.971019821E+00     4.303848871E-01     1.249998696E-01
     5399     1.846558457E+00     3.464384362E-01     1.249998694E-01
     5400     1.681571717E+00     4.799756714E-01     1.676665170E-01
     5401     1.777837937E+00     4.621917629E-01     1.249998696E-01
     5402     1.647880194E+00     3.787827793E-01     1.249998692E-01
     5403     1.489830923E+00     5.195394492E-01     1.676665170E-01
     5404     1.585560282E+00     4.990736988E-01     1.249998696E-01
     5405     1.453383930E+00     4.318869805E-01     1.249998689E-01
     5406     1.299353777E+00     5.648229200E-01     1.676665169E-01
     5407     1.394414706E+00     5.414335219E-01     1.249998696E-01
     5408     1.267967603E+00     4.874446137E-01     1.249998687E-01
     5409     1.105493507E+00     6.178673054E-01     1.676665169E-01
     5410     1.202184261E+00     5.904696199E-01     1.249998696E-01
     5411     1.079667573E+00     5.398824627E-01     1.249998689E-01
     5412     9.148318133E-01     6.780239983E-01     1.676665169E-01
     5413     1.009853451E+00     6.469647949E-01     1.249998696E-01
     5414     8.874685070E-01     5.974617343E-01     1.249998689E-01
     5415     7.308956459E-01     7.451001317E-01     1.676665170E-01
     5416     8.224683832E-01     7.104768370E-01     1.249998696E-01
     5417     6.995734518E-01     6.662891446E-01     1.249998691E-01
     5418     5.506832915E-01     8.216041554E-01     1.676665169E-01
     5419     6.402468688E-01     7.820723144E-01     1.249998696E-01
     5420     5.192661960E-01     7.422726993E-01     1.249998695E-01
     5421     4.611362301E-01     8.645819146E-01     1.249998704E-01
     5422     3.467292845E-01     8.207061037E-01     1.249998706E-01
     5423     1.887644980E-01     9.659813155E-01     1.676665169E-01
     5424     2.823316566E-01     9.428895869E-01     1.249998704E-01
     5425     1.775480147E-01     8.696121851E-01     1.249998696E-01
     5426    -1.260840766E-03     9.842511609E-01     1.676665169E-01
     5427     9.419540351E-02     9.797342310E-01     1.249998696E-01
     5428     1.918937460E-03     8.762215536E-01     1.249998696E-01
     5429    -1.910926074E-01     9.655234606E-01     1.676665169E-01
     5430    -9.663148594E-02     9.794969594E-01     1.249998696E-01
     5431    -1.704254110E-01     8.667708371E-01     1.249998687E-01
     5432    -3.758287415E-01     9.096728503E-01     1.676665169E-01
     5433    -2.848328186E-01     9.421370404E-01     1.249998696E-01
     5434    -3.324044716E-01     8.170350364E-01     1.249998685E-01
     5435    -5.466381941E-01     8.184977839E-01     1.676665169E-01
     5436    -4.634810590E-01     8.682955980E-01     1.249998696E-01
     5437    -4.853209904E-01     7.367748034E-01     1.249998681E-01
     5438    -6.942193410E-01     6.977187428E-01     1.676665169E-01
     5439    -6.233615874E-01     7.616904022E-01     1.249998696E-01
     5440    -6.225847749E-01     6.299309067E-01     1.249998682E-01
     5441    -8.195876282E-01     5.450028047E-01     1.676665169E-01
     5442    -7.607461815E-01     6.245135586E-01     1.249998696E-01
     5443    -7.405818685E-01     4.971734743E-01     1.249998681E-01
     5444    -9.093044160E-01     3.767192808E-01     1.676665169E-01
     5445    -8.685318209E-01     4.630382421E-01     1.249998696E-01
     5446    -8.251820197E-01     3.511591614E-01     1.249998675E-01
     5447    -9.655023099E-01     1.911994431E-01     1.676665169E-01
     5448    -9.419818345E-01     2.853456868E-01     1.249998696E-01
     5449    -8.665216327E-01     1.876875017E-01     1.249998682E-01
     5450    -9.842519685E-01    -7.177246096E-10     1.676665169E-01
     5451    -9.795533605E-01     9.605806265E-02     1.249998696E-01
     5452    -8.759929702E-01     1.591689127E-02     1.249998687E-01
     5453    -9.646817723E-01    -1.952972497E-01     1.676665169E-01
     5454    -9.793472322E-01    -9.813733386E-02     1.249998696E-01
     5455    -8.525520277E-01    -1.598290585E-01     1.249998692E-01
     5456    -9.065143368E-01    -3.833845259E-01     1.676665169E-01
     5457    -9.403129703E-01    -2.907979631E-01     1.249998696E-01
     5458    -7.955364048E-01    -3.308403944E-01     1.249998706E-01
     5459    -8.157155694E-01    -5.507813062E-01     1.676665169E-01
     5460    -8.651738402E-01    -4.692826055E-01     1.249998696E-01
     5461    -7.088290524E-01    -4.875665373E-01     1.249998707E-01
     5462    -6.943798576E-01    -6.975589945E-01     1.676665169E-01
     5463    -7.586074492E-01    -6.271097795E-01     1.249998696E-01
     5464    -5.959208752E-01    -6.290134334E-01     1.249998702E-01
     5465    -5.427435476E-01    -8.210854882E-01     1.676665169E-01
     5466    -6.216377995E-01    -7.630978861E-01     1.249998696E-01
     5467    -4.703372275E-01    -7.547834504E-01     1.249998699E-01
     5468    -4.607630086E-01    -8.697409887E-01     1.249998696E-01
     5469     6.179033360E+00    -4.434696974E-01     1.676665766E-01
     5470     6.254977199E+00    -4.895563230E-01     1.249999496E-01
     5471     6.131916852E+00    -5.212602819E-01     1.249999229E-01
     5472     6.095470113E+00    -3.955983467E-01     1.249999325E-01
     5473     6.233245929E+00    -3.680105013E-01     1.249999703E-01
     5474     6.198506604E+00    -2.468402725E-01     1.249999760E-01
     5475     6.287413554E+00    -9.661249651E-02     1.676666250E-01
     5476     6.233527838E+00    -9.095183402E-02     1.249999858E-01
     5477     6.287413554E+00     9.983216447E-02     1.676666250E-01
     5478     6.204893240E+00     7.631213966E-02     1.249999780E-01
     5479     6.175750931E+00     2.919544055E-01     1.249999644E-01
     5480     6.275799416E+00     4.025958717E-01     1.249999713E-01
     5481     6.407070238E+00     4.102361453E-01     1.676666249E-01
     5482     6.403021253E+00     4.907378583E-01     1.249999772E-01
     5483     6.558942185E+00     4.817174662E-01     1.676666247E-01
     5484     6.557018563E+00     5.500755339E-01     1.249999815E-01
     5485     6.725422861E+00     4.989420147E-01     1.676666256E-01
     5486     6.723514868E+00     5.662649859E-01     1.249999816E-01
     5487     7.131442895E+00     2.401913190E-01     1.676666250E-01
     5488     7.256328013E+00     2.446284161E-01     1.249999665E-01
     5489     7.186249011E+00     8.136314505E-02     1.676666250E-01
     5490     7.268802829E+00     6.781750222E-02     1.249999725E-01
     5491     7.185484255E+00    -8.587163921E-02     1.676666250E-01
     5492     7.256862820E+00    -1.015130248E-01     1.249999766E-01
     5493     6.720983578E+00    -4.992114425E-01     1.676666252E-01
     5494     6.686808445E+00    -5.735444213E-01     1.249999762E-01
     5495     6.554596165E+00    -4.804876133E-01     1.676666249E-01
     5496     6.522236011E+00    -5.432482431E-01     1.249999802E-01
     5497     6.403408945E+00    -4.076606170E-01     1.676666249E-01
     5498     6.367189702E+00    -4.716711629E-01     1.249999786E-01
     5499    -1.541915412E-01     5.131217363E-01     1.249998685E-01
     5500    -6.629190562E-02     5.147906158E-01     1.249998704E-01
     5501     4.411033445E-01    -4.467740588E-01     1.676665146E-01
     5502     4.047311602E-01    -3.676502323E-01     1.249998688E-01
     5503     5.198723800E-01    -4.205227896E-01     1.249998666E-01
     5504     4.554479221E-01    -5.393869920E-01     1.249998663E-01
     5505     3.129814018E-01    -4.814140354E-01     1.676665137E-01
     5506     3.770396149E-01    -4.640960120E-01     1.249998663E-01
     5507     3.267977041E-01    -5.324777969E-01     1.249998646E-01
     5508     2.167457595E-01    -5.314763117E-01     1.676665143E-01
     5509     2.648616211E-01    -5.064465046E-01     1.249998661E-01
     5510     2.410542236E-01    -5.869917810E-01     1.249998657E-01
     5511     1.204810898E-01    -5.884817416E-01     1.676665157E-01
     5512     1.686126055E-01    -5.599795879E-01     1.249998673E-01
     5513     1.426728770E-01    -6.515092125E-01     1.249998674E-01
     5514     5.190262547E-02    -6.474661843E-01     1.249998689E-01
     5515     2.835864657E-01    -4.250763426E-01     1.249998672E-01
     5516     2.785084668E-01    -1.749031799E-01     1.249998766E-01
     5517     3.025506851E-01    -1.291376603E-01     1.676665227E-01
     5518     3.371432477E-01    -1.489471385E-01     1.249998747E-01
     5519     3.522909479E-01    -3.219333058E-02     1.676665218E-01
     5520     3.667437551E-01     4.500787555E-02     1.249998750E-01
     5521     4.035618287E-01    -7.025455663E-02     1.249998732E-01
     5522     3.274166263E-01    -8.067069990E-02     1.249998761E-01
     5523     1.912872814E-01    -4.741355030E-01     1.249998678E-01
     5524     1.071154355E-01    -5.184909579E-01     1.249998689E-01
     5525     6.629189675E-02    -5.147906247E-01     1.249998696E-01
     5526    -1.781679148E-01     1.753744398E-01     1.676665261E-01
     5527    -2.089463436E-01     1.372640721E-01     1.249998808E-01
     5528    -2.265595308E-01     1.921744141E-01     1.249998777E-01
     5529    -1.398018822E-01     2.072569268E-01     1.249998808E-01
     5530     2.304172172E-01     9.699436069E-02     1.676665261E-01
     5531     2.073576660E-01     1.396524198E-01     1.249998808E-01
     5532     3.058045037E-01     1.096102971E-01     1.249998775E-01
     5533     2.500000000E-01     1.968017801E-08     1.676665261E-01
     5534     2.450535432E-01     4.948495697E-02     1.249998808E-01
     5535     3.011442113E-01    -1.609656465E-02     1.249998782E-01
     5536     2.317980196E-01    -9.364655950E-02     1.676665261E-01
     5537     2.454054654E-01    -4.770909314E-02     1.249998808E-01
     5538     2.671677811E-01    -1.114064234E-01     1.249998787E-01
     5539     1.777606019E-01    -1.757872817E-01     1.676665261E-01
     5540     2.088482151E-01    -1.374133292E-01     1.249998808E-01
     5541     2.161116645E-01    -1.982274360E-01     1.249998787E-01
     5542     1.394027460E-01    -2.075255994E-01     1.249998808E-01
     5543     1.474664689E-01     2.937447546E-01     6.249993805E-02
     5544     2.014555268E-01     2.705142737E-01     0.000000000E+00
     5545     2.554450427E-01     2.472847131E-01     6.249993789E-02
     5546     2.159780557E-01     2.121627558E-01     0.000000000E+00
     5547     1.765107691E-01     1.770422220E-01     6.249994039E-02
     5548     9.307289781E-02     2.320289544E-01     6.249994039E-02
     5549     1.202699965E-01     2.628865891E-01     0.000000000E+00
     5550     9.375000000E-02     4.485000075E-01     6.249993480E-02
     5551     2.078942799E-01     4.101556523E-01     0.000000000E+00
     5552     3.220402470E-01     3.718121343E-01     6.249993531E-02
     5553     2.887415491E-01     3.095476940E-01     0.000000000E+00
     5554     1.206082576E-01     3.711222319E-01     0.000000000E+00
     5555     4.653674074E-02     2.933893609E-01     0.000000000E+00
     5556     3.689684612E-09     3.547500000E-01     6.249993480E-02
     5557    -2.352187753E-01    -2.649149583E-01     6.249993859E-02
     5558    -2.646073796E-01    -3.515728487E-01     0.000000000E+00
     5559    -2.939355085E-01    -4.382829900E-01     6.249993615E-02
     5560    -3.604246069E-01    -3.738535912E-01     0.000000000E+00
     5561    -4.268381416E-01    -3.095007669E-01     6.249993691E-02
     5562    -3.714549286E-01    -2.477723420E-01     0.000000000E+00
     5563    -3.160247841E-01    -1.861002159E-01     6.249993870E-02
     5564    -2.756377013E-01    -2.254915995E-01     0.000000000E+00
     5565    -1.897025693E-01    -2.820009745E-01     0.000000000E+00
     5566    -1.441600437E-01    -2.991100745E-01     6.249993852E-02
     5567    -1.189590438E-01    -3.738017620E-01     0.000000000E+00
     5568    -9.375000000E-02    -4.484999823E-01     6.249993557E-02
     5569    -1.938638541E-01    -4.433736363E-01     0.000000000E+00
     5570    -2.238047283E-01    -6.086343112E-01     6.249993516E-02
     5571    -3.110678234E-01    -6.484454443E-01     0.000000000E+00
     5572    -3.980843967E-01    -6.883906671E-01     6.249993509E-02
     5573    -4.479384448E-01    -6.242999573E-01     0.000000000E+00
     5574    -4.975503792E-01    -5.603842976E-01     6.249993543E-02
     5575    -3.958092414E-01    -4.992730559E-01     0.000000000E+00
     5576    -2.589386200E-01    -5.234185430E-01     0.000000000E+00
     5577    -2.048898064E-01    -6.890274997E-01     0.000000000E+00
     5578    -1.856925085E-01    -7.695141931E-01     6.249993489E-02
     5579    -2.536661662E-01    -7.789978112E-01     0.000000000E+00
     5580    -3.212422607E-01    -7.886169620E-01     6.249993493E-02
     5581    -3.598441832E-01    -7.384157558E-01     0.000000000E+00
     5582    -1.754172526E-01    -1.781257631E-01     6.249994039E-02
     5583    -9.283910649E-02    -2.321225976E-01     6.249994039E-02
     5584    -1.185055196E-01    -2.656123005E-01     0.000000000E+00
     5585    -2.053301587E-01    -2.215091244E-01     0.000000000E+00
     5586    -2.733043728E-01    -1.413572305E-01     0.000000000E+00
     5587    -2.305722817E-01    -9.662516709E-02     6.249994039E-02
     5588    -1.106321651E-08    -3.547500000E-01     6.249993480E-02
     5589    -4.642148191E-02    -2.934355296E-01     0.000000000E+00
     5590     3.689684837E-09    -5.422500000E-01     6.249993480E-02
     5591    -1.119497646E-01    -5.754198978E-01     0.000000000E+00
     5592    -2.500000000E-01    -3.061616998E-17     6.249994116E-02
     5593    -3.447239907E-01    -1.380510357E-01     0.000000000E+00
     5594    -3.733995480E-01    -9.003277393E-02     6.249993842E-02
     5595    -3.117048140E-01    -4.500863971E-02     0.000000000E+00
     5596    -3.986187705E-01    -4.294600932E-02     0.000000000E+00
     5597    -4.238189713E-01     4.120074653E-03     6.249993654E-02
     5598    -3.751476482E-01     2.483281952E-02     0.000000000E+00
     5599    -3.264619344E-01     4.554157250E-02     6.249993792E-02
     5600    -2.882336916E-01     2.277018913E-02     0.000000000E+00
     5601    -3.138898037E-01     3.487465648E-01     6.249993298E-02
     5602    -2.524486990E-01     3.160135169E-01     0.000000000E+00
     5603    -1.908991205E-01     2.833894431E-01     6.249993702E-02
     5604    -2.329565674E-01     2.461454561E-01     0.000000000E+00
     5605    -2.749642069E-01     2.089559524E-01     6.249993734E-02
     5606    -3.556740618E-01     2.272500500E-01     0.000000000E+00
     5607    -4.363245311E-01     2.456243125E-01     6.249993287E-02
     5608    -3.751661935E-01     2.971181107E-01     0.000000000E+00
     5609    -2.042550003E-01     4.124535549E-01     6.249993422E-02
     5610    -1.502087055E-01     3.710995071E-01     0.000000000E+00
     5611    -9.609663242E-02     3.298066554E-01     6.249993630E-02
     5612    -1.435250982E-01     3.065718067E-01     0.000000000E+00
     5613    -2.591323063E-01     3.805412172E-01     0.000000000E+00
     5614     2.541836301E-01    -3.687375820E-01     6.249993429E-02
     5615     2.129353087E-01    -3.287730569E-01     0.000000000E+00
     5616     1.717007737E-01    -2.888079189E-01     6.249993762E-02
     5617     2.130792494E-01    -2.547362989E-01     0.000000000E+00
     5618     2.544666080E-01    -2.206614105E-01     6.249993832E-02
     5619     3.114047554E-01    -2.545957514E-01     0.000000000E+00
     5620     3.683551955E-01    -2.885254903E-01     6.249993539E-02
     5621     3.112608147E-01    -3.286325094E-01     0.000000000E+00
     5622     1.658232486E-01    -4.167941936E-01     6.249993460E-02
     5623     1.259834900E-01    -3.734009364E-01     0.000000000E+00
     5624     8.615372856E-02    -3.300070862E-01     6.249993683E-02
     5625     1.289240459E-01    -3.094075588E-01     0.000000000E+00
     5626     2.099947528E-01    -3.927664344E-01     0.000000000E+00
     5627    -1.490253253E-01     4.304556252E-01     0.000000000E+00
     5628    -9.375000000E-02     4.484999823E-01     6.249993557E-02
     5629    -4.805837896E-02     3.422688730E-01     0.000000000E+00
     5630    -2.950190994E-08     2.500000000E-01     6.249994039E-02
     5631    -9.587080432E-02     2.308869613E-01     6.249994039E-02
     5632    -1.434043132E-01     2.571205035E-01     0.000000000E+00
     5633    -4.805839555E-02     2.898938730E-01     0.000000000E+00
     5634     1.297831373E-01    -4.326473168E-01     0.000000000E+00
     5635     9.375000000E-02    -4.485000000E-01     6.249993480E-02
     5636     4.307534720E-02    -3.423786159E-01     0.000000000E+00
     5637     9.839159128E-09    -2.500000000E-01     6.249994039E-02
     5638     9.553149916E-02    -2.310275582E-01     6.249994039E-02
     5639     1.336158262E-01    -2.599171500E-01     0.000000000E+00
     5640     4.307535765E-02    -2.900036159E-01     0.000000000E+00
     5641    -1.680749560E-02    -7.064444684E-01     6.249993477E-02
     5642    -1.014097255E-01    -7.379518439E-01     0.000000000E+00
     5643    -8.469683749E-03    -6.243442420E-01     0.000000000E+00
     5644     1.515109565E-01     6.332658677E-01     6.249993475E-02
     5645     2.023510777E-01     6.051345615E-01     0.000000000E+00
     5646     2.532830147E-01     5.769896960E-01     6.249993472E-02
     5647     1.735029656E-01     5.127465474E-01     0.000000000E+00
     5648    -1.106321630E-08     5.422500000E-01     6.249993480E-02
     5649     7.572310655E-02     5.877630178E-01     0.000000000E+00
     5650    -5.637628417E-01    -5.986035892E-02     6.249993505E-02
     5651    -4.938012013E-01    -2.785889355E-02     0.000000000E+00
     5652    -4.408888063E-01    -1.370760771E-01     0.000000000E+00
     5653    -5.083478145E-01    -1.841692167E-01     6.249993667E-02
     5654    -5.360712370E-01    -1.219889613E-01     0.000000000E+00
     5655    -4.676197442E-01    -2.467973834E-01     0.000000000E+00
     5656    -1.875328453E-01    -8.676820667E-01     0.000000000E+00
     5657    -1.888764967E-01    -9.659594228E-01     6.249993480E-02
     5658    -3.747535738E-01    -9.101163093E-01     6.249993480E-02
     5659    -3.482487450E-01    -8.492632882E-01     0.000000000E+00
     5660    -7.603863139E-03    -8.453444646E-01     0.000000000E+00
     5661     2.077785634E-03    -9.842497754E-01     6.249993480E-02
     5662     7.090074193E+00    -6.255313550E-01     6.249996615E-02
     5663     7.027618738E+00    -6.923733863E-01     0.000000000E+00
     5664     6.965408431E+00    -7.591063321E-01     6.249995527E-02
     5665     6.888380791E+00    -7.186887988E-01     0.000000000E+00
     5666     6.811552036E+00    -6.782384389E-01     6.249997076E-02
     5667     6.848248873E+00    -5.698856890E-01     0.000000000E+00
     5668     6.987486819E+00    -5.435702766E-01     0.000000000E+00
     5669     7.240331349E+00    -4.814384430E-01     6.249996720E-02
     5670     7.165087425E+00    -5.535758491E-01     0.000000000E+00
     5671     7.133608633E+00    -4.267311048E-01     0.000000000E+00
     5672    -3.221668878E-01     8.226346122E-02     0.000000000E+00
     5673    -3.178590244E-01     1.189938047E-01     6.249993770E-02
     5674    -2.747818406E-01     1.064410220E-01     0.000000000E+00
     5675    -2.316990930E-01     9.389105557E-02     6.249994039E-02
     5676     7.048303041E+00     5.869846133E-01     6.249997154E-02
     5677     7.048227628E+00     6.669445447E-01     0.000000000E+00
     5678     7.048446061E+00     7.467751216E-01     6.249995327E-02
     5679     7.112436283E+00     7.348132786E-01     0.000000000E+00
     5680     7.176848031E+00     7.226105618E-01     6.249994739E-02
     5681     7.201060400E+00     6.626457878E-01     0.000000000E+00
     5682     7.225696464E+00     6.023644459E-01     6.249995539E-02
     5683     7.136851744E+00     5.947770539E-01     0.000000000E+00
     5684     7.213031748E+00     7.672834599E-01     0.000000000E+00
     5685     7.249809000E+00     8.115535793E-01     6.249993480E-02
     5686     7.397315854E+00     6.874366153E-01     6.249993480E-02
     5687     7.311297252E+00     6.450988032E-01     0.000000000E+00
     5688     7.066441742E+00     8.249026790E-01     0.000000000E+00
     5689     7.084868811E+00     9.028415597E-01     6.249993480E-02
     5690     5.346828899E+00    -2.426851634E-01     6.249993636E-02
     5691     5.242662123E+00    -2.189481988E-01     0.000000000E+00
     5692     5.138497235E+00    -1.952046294E-01     6.249993528E-02
     5693     5.184617653E+00    -2.204628422E-02     0.000000000E+00
     5694     5.230740126E+00     1.511163075E-01     6.249993593E-02
     5695     5.359006792E+00     1.498465894E-01     0.000000000E+00
     5696     5.487275195E+00     1.485788456E-01     6.249993891E-02
     5697     5.417051262E+00    -4.705532510E-02     0.000000000E+00
     5698     5.544802546E+00    -3.292264581E-01     6.249993990E-02
     5699     5.445814926E+00    -2.859568730E-01     0.000000000E+00
     5700     5.583832793E+00     3.654147613E-02     0.000000000E+00
     5701     5.680393299E+00    -7.549439403E-02     6.249994562E-02
     5702     5.612596457E+00    -2.023600717E-01     0.000000000E+00
     5703    -6.019979104E-01    -4.242764792E-01     6.249993589E-02
     5704    -6.433349732E-01    -3.511897566E-01     0.000000000E+00
     5705    -6.845867367E-01    -2.782387514E-01     6.249993581E-02
     5706    -5.964917499E-01    -2.311574452E-01     0.000000000E+00
     5707    -5.144629674E-01    -3.668296948E-01     0.000000000E+00
     5708    -5.498476019E-01    -4.922491595E-01     0.000000000E+00
     5709     5.047255403E-01     2.654394860E-01     6.249993414E-02
     5710     6.257736911E-01     2.000182484E-01     0.000000000E+00
     5711     7.468266124E-01     1.345990003E-01     6.249993333E-02
     5712     6.561422309E-01     6.787155291E-02     0.000000000E+00
     5713     5.654631088E-01     1.145283121E-03     6.249993464E-02
     5714     4.733281675E-01     6.167725525E-02     0.000000000E+00
     5715     3.811975179E-01     1.222091071E-01     6.249993715E-02
     5716     4.429596277E-01     1.938239507E-01     0.000000000E+00
     5717     5.506625482E-01     3.458772272E-01     0.000000000E+00
     5718     5.966046696E-01     4.263183211E-01     6.249993420E-02
     5719     7.000632316E-01     3.851305557E-01     0.000000000E+00
     5720     8.035270086E-01     3.439478969E-01     6.249993374E-02
     5721     7.751743745E-01     2.392715769E-01     0.000000000E+00
     5722     4.133809336E-01     3.186249422E-01     0.000000000E+00
     5723     3.683495849E-01     4.410052414E-01     0.000000000E+00
     5724     4.146642984E-01     5.102009327E-01     6.249993482E-02
     5725     5.056311995E-01     4.682575263E-01     0.000000000E+00
     5726     3.183202433E-01     1.847467025E-01     0.000000000E+00
     5727     5.731460236E+00    -4.238971877E-01     6.249994351E-02
     5728     5.638130488E+00    -3.765595124E-01     0.000000000E+00
     5729     5.765111681E+00    -1.524474292E-01     0.000000000E+00
     5730     5.849835669E+00    -2.294032395E-01     6.249995234E-02
     5731     5.790645712E+00    -3.266468698E-01     0.000000000E+00
     5732     8.019058477E-01     2.912981333E-02     0.000000000E+00
     5733     8.569897096E-01    -7.633757344E-02     6.249993313E-02
     5734     7.677655545E-01    -1.172952734E-01     0.000000000E+00
     5735     6.785465503E-01    -1.582529696E-01     6.249993346E-02
     5736     6.220019376E-01    -7.855353380E-02     0.000000000E+00
     5737     9.902879424E-01     1.414269214E-01     6.249993284E-02
     5738     1.019126660E+00     6.102772354E-02     0.000000000E+00
     5739     1.047968049E+00    -1.936876818E-02     6.249993298E-02
     5740     9.524772634E-01    -4.785435034E-02     0.000000000E+00
     5741     8.685552447E-01     1.380118872E-01     0.000000000E+00
     5742     1.008973209E+00     3.030220515E-01     6.249993335E-02
     5743     9.996292029E-01     2.222235085E-01     0.000000000E+00
     5744     9.062483326E-01     3.234831982E-01     0.000000000E+00
     5745     6.919119829E+00    -8.057869897E-01     0.000000000E+00
     5746     6.873118279E+00    -8.523935492E-01     6.249994726E-02
     5747     6.809869867E+00    -8.394241444E-01     0.000000000E+00
     5748     6.746878863E+00    -8.264298687E-01     6.249995298E-02
     5749     6.779130829E+00    -7.523259534E-01     0.000000000E+00
     5750     5.242672121E-01    -2.374597598E-01     6.249993385E-02
     5751     4.895450309E-01    -1.728883741E-01     0.000000000E+00
     5752     4.548316571E-01    -1.083163906E-01     6.249993544E-02
     5753     5.101442331E-01    -5.358581031E-02     0.000000000E+00
     5754     6.014027355E-01    -1.978560976E-01     0.000000000E+00
     5755     4.463051904E-01    -2.629933610E-01     0.000000000E+00
     5756     3.700406761E-01    -2.286378641E-01     0.000000000E+00
     5757     3.717373096E-01    -1.687474818E-01     6.249993639E-02
     5758     4.132805166E-01    -1.385328772E-01     0.000000000E+00
     5759     1.206710267E+00     4.985859253E-02     6.249993298E-02
     5760     1.127338327E+00     1.524369893E-02     0.000000000E+00
     5761     1.058404561E+00     1.478767805E-01     0.000000000E+00
     5762     1.126523695E+00     1.543278022E-01     6.249993259E-02
     5763     1.166616227E+00     1.020927558E-01     0.000000000E+00
     5764     1.329276773E+00     1.763284319E-01     6.249993349E-02
     5765     1.267993349E+00     1.130938500E-01     0.000000000E+00
     5766     1.151529132E+00     2.100518873E-01     0.000000000E+00
     5767     1.176535961E+00     2.657748279E-01     6.249993312E-02
     5768     1.252906253E+00     2.210529815E-01     0.000000000E+00
     5769     1.092753774E+00     2.843986154E-01     0.000000000E+00
     5770     7.667467301E-01    -3.276264794E-01     6.249993316E-02
     5771     6.826885020E-01    -3.609451946E-01     0.000000000E+00
     5772     5.986388148E-01    -3.942676351E-01     6.249993317E-02
     5773     5.614475899E-01    -3.158629485E-01     0.000000000E+00
     5774     7.226436476E-01    -2.429383436E-01     0.000000000E+00
     5775     9.473083801E-01    -2.569866682E-01     6.249993351E-02
     5776     8.570253660E-01    -2.923057826E-01     0.000000000E+00
     5777     9.021472729E-01    -1.666627124E-01     0.000000000E+00
     5778     1.134167718E+00    -1.888560827E-01     6.249993344E-02
     5779     1.040737098E+00    -2.229228737E-01     0.000000000E+00
     5780     1.091067089E+00    -1.041145116E-01     0.000000000E+00
     5781     1.320930223E+00    -1.059856034E-01     6.249993354E-02
     5782     1.227548832E+00    -1.474232967E-01     0.000000000E+00
     5783     1.263820070E+00    -2.806508625E-02     0.000000000E+00
     5784     1.533346069E+00     3.061560491E-02     6.249993401E-02
     5785     1.427138601E+00    -3.768624673E-02     0.000000000E+00
     5786     1.431311880E+00     1.034726895E-01     0.000000000E+00
     5787    -5.401987672E-01     3.608103519E-01     6.249993203E-02
     5788    -4.883293103E-01     3.031284421E-01     0.000000000E+00
     5789    -5.227114423E-01     2.171527193E-01     0.000000000E+00
     5790    -6.090220311E-01     1.888030373E-01     6.249993237E-02
     5791    -6.190174520E-01     2.386797118E-01     0.000000000E+00
     5792    -6.289181807E-01     2.887199276E-01     6.249993127E-02
     5793    -5.846353200E-01     3.246554346E-01     0.000000000E+00
     5794    -4.309267594E-01     4.480555398E-01     6.249993230E-02
     5795    -3.725114013E-01     3.982972458E-01     0.000000000E+00
     5796    -4.856745181E-01     4.043075772E-01     0.000000000E+00
     5797    -2.964230446E-01     1.639607945E-01     0.000000000E+00
     5798    -3.807044539E-01     1.153447373E-01     0.000000000E+00
     5799    -4.435275892E-01     1.117185608E-01     6.249993495E-02
     5800    -4.399554711E-01     1.786339928E-01     0.000000000E+00
     5801    -5.940011245E-01     6.710739577E-02     6.249993325E-02
     5802    -6.015341810E-01     1.279183757E-01     0.000000000E+00
     5803    -5.187782098E-01     8.939964918E-02     0.000000000E+00
     5804    -5.788941967E-01     3.626660035E-03     0.000000000E+00
     5805    -4.336852143E-01     5.791409559E-02     0.000000000E+00
     5806     8.433183389E-01    -5.022616438E-01     6.249993398E-02
     5807     7.520964846E-01    -5.353133377E-01     0.000000000E+00
     5808     6.608815821E-01    -5.683731132E-01     6.249993345E-02
     5809     6.297550830E-01    -4.813173024E-01     0.000000000E+00
     5810     8.050299036E-01    -4.149412299E-01     0.000000000E+00
     5811     1.029579858E+00    -4.369847801E-01     6.249993415E-02
     5812     9.364475655E-01    -4.696215215E-01     0.000000000E+00
     5813     9.884430279E-01    -3.469860742E-01     0.000000000E+00
     5814     1.219623787E+00    -3.736540713E-01     6.249993411E-02
     5815     1.124601659E+00    -4.053213859E-01     0.000000000E+00
     5816     1.176895729E+00    -2.812581854E-01     0.000000000E+00
     5817     1.413323893E+00    -3.076176908E-01     6.249993417E-02
     5818     1.316474512E+00    -3.406402075E-01     0.000000000E+00
     5819     1.367127615E+00    -2.068053189E-01     0.000000000E+00
     5820     1.618638590E+00    -2.369047394E-01     6.249993443E-02
     5821     1.515982282E+00    -2.722657600E-01     0.000000000E+00
     5822     1.575993268E+00    -1.031466878E-01     0.000000000E+00
     5823     6.011854476E+00    -3.476922663E-01     6.249996148E-02
     5824     5.961024266E+00    -4.309748266E-01     0.000000000E+00
     5825     5.910204379E+00    -5.142707097E-01     6.249994752E-02
     5826     5.820830380E+00    -4.690785176E-01     0.000000000E+00
     5827     5.930839599E+00    -2.885431788E-01     0.000000000E+00
     5828     6.109593851E+00    -2.011557169E-01     6.249997671E-02
     5829     6.060717538E+00    -2.744198653E-01     0.000000000E+00
     5830     5.915266844E+00    -1.477419338E-01     0.000000000E+00
     5831     5.980705965E+00    -6.608386418E-02     6.249996297E-02
     5832     6.045144783E+00    -1.336186202E-01     0.000000000E+00
     5833     6.122367499E+00     5.304082624E-02     6.249997802E-02
     5834     6.150996365E+00    -1.619617994E-02     0.000000000E+00
     5835     6.179636559E+00    -8.543321578E-02     6.249998578E-02
     5836     6.144609437E+00    -1.432933659E-01     0.000000000E+00
     5837     6.051531712E+00    -6.521434236E-03     0.000000000E+00
     5838     7.351266146E+00     5.428989695E-02     6.249997247E-02
     5839     7.366096845E+00     1.518541177E-01     0.000000000E+00
     5840     7.381126565E+00     2.492104621E-01     6.249996650E-02
     5841     7.451450323E+00     1.958208574E-01     0.000000000E+00
     5842     7.521965384E+00     1.420670100E-01     6.249995077E-02
     5843     7.514920350E+00     7.600004485E-02     0.000000000E+00
     5844     7.508034090E+00     9.755728958E-03     6.249995299E-02
     5845     7.429566873E+00     3.203330517E-02     0.000000000E+00
     5846     7.207818741E+00    -2.653875721E-01     0.000000000E+00
     5847     7.286658964E+00    -2.863709385E-01     6.249997347E-02
     5848     7.263385395E+00    -3.840242234E-01     0.000000000E+00
     5849     7.446499635E+00    -3.092388596E-01     6.249995375E-02
     5850     7.427442985E+00    -3.739226555E-01     0.000000000E+00
     5851     7.408630968E+00    -4.381863114E-01     6.249995135E-02
     5852     7.324353425E+00    -4.599720653E-01     0.000000000E+00
     5853     7.366474955E+00    -2.979748136E-01     0.000000000E+00
     5854     7.485281192E+00    -1.502635350E-01     6.249995586E-02
     5855     7.465794294E+00    -2.299726447E-01     0.000000000E+00
     5856     7.307322049E+00    -2.019317013E-01     0.000000000E+00
     5857     7.328164437E+00    -1.172491038E-01     6.249997656E-02
     5858     7.406641388E+00    -1.339295325E-01     0.000000000E+00
     5859     7.339628605E+00    -3.152821981E-02     0.000000000E+00
     5860     7.496579656E+00    -7.036800752E-02     0.000000000E+00
     5861     6.587887650E+00    -7.988728051E-01     6.249995643E-02
     5862     6.620107384E+00    -7.233380131E-01     0.000000000E+00
     5863     6.652434459E+00    -6.478565508E-01     6.249997616E-02
     5864     6.731943287E+00    -6.630264095E-01     0.000000000E+00
     5865     6.667294925E+00    -8.126375571E-01     0.000000000E+00
     5866     7.290706926E+00     4.362988931E-01     6.249996590E-02
     5867     7.158795889E+00     4.041825497E-01     0.000000000E+00
     5868     7.037598626E+00     4.794701057E-01     0.000000000E+00
     5869     7.258049007E+00     5.194894979E-01     0.000000000E+00
     5870     6.888327760E+00     5.381091534E-01     0.000000000E+00
     5871     6.887495899E+00     6.164470633E-01     6.249997739E-02
     5872     6.967816579E+00     6.017394181E-01     0.000000000E+00
     5873     6.888829563E+00     7.789835752E-01     6.249995701E-02
     5874     6.968482107E+00     7.629309926E-01     0.000000000E+00
     5875     6.888071058E+00     6.977258661E-01     0.000000000E+00
     5876     6.716355832E+00     7.936208535E-01     6.249996003E-02
     5877     6.802491651E+00     7.863069426E-01     0.000000000E+00
     5878     6.804384120E+00     6.249964988E-01     0.000000000E+00
     5879     6.721311996E+00     6.335782725E-01     6.249998160E-02
     5880     6.718804713E+00     7.135775753E-01     0.000000000E+00
     5881     6.541852128E+00     7.787025601E-01     6.249996000E-02
     5882     6.629021583E+00     7.861387452E-01     0.000000000E+00
     5883     6.637912419E+00     6.258896609E-01     0.000000000E+00
     5884     6.554601181E+00     6.182776716E-01     6.249998150E-02
     5885     6.548129288E+00     6.984508308E-01     0.000000000E+00
     5886     6.373692454E+00     7.339409021E-01     6.249995704E-02
     5887     6.457701643E+00     7.562944047E-01     0.000000000E+00
     5888     6.476597433E+00     5.946449933E-01     0.000000000E+00
     5889     6.398749674E+00     5.710910537E-01     6.249997722E-02
     5890     6.386169787E+00     6.524885672E-01     0.000000000E+00
     5891     6.218086284E+00     6.706123298E-01     6.249995366E-02
     5892     6.295859468E+00     7.022617034E-01     0.000000000E+00
     5893     6.331415915E+00     5.418506966E-01     0.000000000E+00
     5894     6.264161309E+00     5.126554684E-01     6.249997206E-02
     5895     6.241105596E+00     5.916238328E-01     0.000000000E+00
     5896     6.139653625E+00     4.858748042E-01     6.249996145E-02
     5897     6.102656490E+00     5.450046821E-01     0.000000000E+00
     5898     6.065678813E+00     6.041487691E-01     6.249994823E-02
     5899     6.141873225E+00     6.373740421E-01     0.000000000E+00
     5900     6.201888861E+00     4.992544728E-01     0.000000000E+00
     5901     5.912523472E+00     4.862292460E-01     6.249994607E-02
     5902     5.989096057E+00     5.451835188E-01     0.000000000E+00
     5903     6.101856608E+00     3.886224754E-01     0.000000000E+00
     5904     6.064080571E+00     2.913820048E-01     6.249996517E-02
     5905     5.988296175E+00     3.888013122E-01     0.000000000E+00
     5906     5.856275629E+00     1.258817407E-01     6.249995331E-02
     5907     5.960172493E+00     2.086292382E-01     0.000000000E+00
     5908     6.093217370E+00     1.722093410E-01     0.000000000E+00
     5909     5.918486835E+00     2.989846292E-02     0.000000000E+00
     5910     5.768331672E+00     2.519296746E-02     0.000000000E+00
     5911     5.719111475E+00     3.540351327E-01     6.249994337E-02
     5912     5.815814914E+00     4.201280163E-01     0.000000000E+00
     5913     5.787691232E+00     2.399559423E-01     0.000000000E+00
     5914     5.603192353E+00     2.513044510E-01     0.000000000E+00
     5915     5.009070529E+00     1.479046416E-01     6.249993510E-02
     5916     5.119904291E+00     1.495109543E-01     0.000000000E+00
     5917     5.035937855E+00    -1.812374706E-01     0.000000000E+00
     5918     4.933380777E+00    -1.672629537E-01     6.249993494E-02
     5919     4.971224493E+00    -9.680232059E-03     0.000000000E+00
     5920     4.801761731E+00     1.420675246E-01     6.249993487E-02
     5921     4.905415051E+00     1.449879654E-01     0.000000000E+00
     5922     4.832804653E+00    -1.583914414E-01     0.000000000E+00
     5923     4.732230630E+00    -1.495143543E-01     6.249993483E-02
     5924     4.766995211E+00    -3.723243988E-03     0.000000000E+00
     5925     4.600757261E+00     1.353262826E-01     6.249993482E-02
     5926     4.701258657E+00     1.386994596E-01     0.000000000E+00
     5927     4.632889320E+00    -1.433970259E-01     0.000000000E+00
     5928     4.533549423E+00    -1.372772138E-01     6.249993480E-02
     5929     4.567152765E+00    -9.743223589E-04     0.000000000E+00
     5930     4.402132565E+00     1.286916057E-01     6.249993480E-02
     5931     4.501444466E+00     1.320112723E-01     0.000000000E+00
     5932     4.434679758E+00    -1.328093900E-01     0.000000000E+00
     5933     4.335810671E+00    -1.283424147E-01     6.249993480E-02
     5934     4.368971459E+00     1.762046749E-04     0.000000000E+00
     5935     4.203523359E+00     1.227419337E-01     6.249993480E-02
     5936     4.302827896E+00     1.257181290E-01     0.000000000E+00
     5937     4.236743771E+00    -1.249908120E-01     0.000000000E+00
     5938     4.137676762E+00    -1.216426960E-01     6.249993480E-02
     5939     4.170600208E+00     5.511123202E-04     0.000000000E+00
     5940     4.003829029E+00     1.178206361E-01     6.249993480E-02
     5941     4.103676379E+00     1.202813116E-01     0.000000000E+00
     5942     4.037897562E+00    -1.191535631E-01     0.000000000E+00
     5943     3.938117884E+00    -1.166691282E-01     6.249993480E-02
     5944     3.970973733E+00     5.766361354E-04     0.000000000E+00
     5945     3.802877721E+00     1.141269810E-01     6.249993480E-02
     5946     3.903353643E+00     1.159726433E-01     0.000000000E+00
     5947     3.837609843E+00    -1.149323753E-01     0.000000000E+00
     5948     3.737101282E+00    -1.131997713E-01     6.249993480E-02
     5949     3.769989752E+00     4.636318444E-04     0.000000000E+00
     5950     3.601122422E+00     1.117742638E-01     6.249993480E-02
     5951     3.702000296E+00     1.129489028E-01     0.000000000E+00
     5952     3.636153392E+00    -1.121658130E-01     0.000000000E+00
     5953     3.535205129E+00    -1.111342146E-01     6.249993480E-02
     5954     3.568163936E+00     3.194578898E-04     0.000000000E+00
     5955     3.398925253E+00     1.108341954E-01     6.249993480E-02
     5956     3.500023973E+00     1.113028052E-01     0.000000000E+00
     5957     3.434052972E+00    -1.107627995E-01     0.000000000E+00
     5958     3.332900611E+00    -1.103921457E-01     6.249993480E-02
     5959     3.365913009E+00     2.205477262E-04     0.000000000E+00
     5960     3.410442577E-01    -7.425362202E-01     6.249993286E-02
     5961     2.877740030E-01    -7.663869726E-01     0.000000000E+00
     5962     2.346946540E-01    -7.902096864E-01     6.249993281E-02
     5963     1.995630801E-01    -7.523986902E-01     0.000000000E+00
     5964     1.647301382E-01    -7.145491343E-01     6.249993335E-02
     5965     2.149338731E-01    -6.785377125E-01     0.000000000E+00
     5966     2.653182300E-01    -6.425099839E-01     6.249993243E-02
     5967     3.031447960E-01    -6.925259950E-01     0.000000000E+00
     5968     3.029170136E-01    -6.130279660E-01     0.000000000E+00
     5969     3.405890901E-01    -5.835410555E-01     6.249993170E-02
     5970     4.051682884E-01    -6.077682663E-01     0.000000000E+00
     5971     4.697852096E-01    -6.319959877E-01     6.249993290E-02
     5972     4.053960708E-01    -6.872662953E-01     0.000000000E+00
     5973     3.339582706E-01     5.435961364E-01     0.000000000E+00
     5974     1.838012664E+00    -1.834660355E-01     6.249993462E-02
     5975     1.728326598E+00    -2.101886747E-01     0.000000000E+00
     5976     1.658426399E+00     3.514008107E-02     0.000000000E+00
     5977     1.783505225E+00     3.966444487E-02     6.249993445E-02
     5978     1.810759729E+00    -7.190190583E-02     0.000000000E+00
     5979     2.074438790E+00    -9.555152549E-02     6.249993471E-02
     5980     1.956226248E+00    -1.395107276E-01     0.000000000E+00
     5981     1.866144331E+00     5.018230436E-02     0.000000000E+00
     5982     1.948782218E+00     6.070008500E-02     6.249993459E-02
     5983     2.011610849E+00    -1.742651745E-02     0.000000000E+00
     5984     3.196496954E+00     1.114058459E-01     6.249993480E-02
     5985     3.297711157E+00     1.111194421E-01     0.000000000E+00
     5986     3.231645203E+00    -1.106197049E-01     0.000000000E+00
     5987     3.130389741E+00    -1.108481378E-01     6.249993480E-02
     5988     3.163443351E+00     2.791894713E-04     0.000000000E+00
     5989     2.993987166E+00     1.137064444E-01     6.249993480E-02
     5990     3.095242036E+00     1.125560778E-01     0.000000000E+00
     5991     3.029025581E+00    -1.115431177E-01     0.000000000E+00
     5992     2.927661559E+00    -1.122405968E-01     6.249993480E-02
     5993     2.960824265E+00     7.337705659E-04     0.000000000E+00
     5994     2.791536106E+00     1.182451416E-01     6.249993480E-02
     5995     2.892761497E+00     1.159751574E-01     0.000000000E+00
     5996     2.826032168E+00    -1.131102379E-01     0.000000000E+00
     5997     2.724403173E+00    -1.139835404E-01     6.249993480E-02
     5998     2.757969399E+00     2.131148981E-03     0.000000000E+00
     5999     2.589157256E+00     1.262149297E-01     6.249993479E-02
     6000     2.690346406E+00     1.222282022E-01     0.000000000E+00
     6001     2.621871693E+00    -1.143530088E-01     0.000000000E+00
     6002     2.519340813E+00    -1.147254893E-01     6.249993479E-02
     6003     2.554248699E+00     5.744044388E-03     0.000000000E+00
     6004     2.386713193E+00     1.403487874E-01     6.249993479E-02
     6005     2.487934901E+00     1.332792279E-01     0.000000000E+00
     6006     2.413582659E+00    -1.130390149E-01     0.000000000E+00
     6007     2.307825021E+00    -1.113533127E-01     6.249993477E-02
     6008     2.347268861E+00     1.449616862E-02     0.000000000E+00
     6009     2.185016607E+00     1.666897015E-01     6.249993476E-02
     6010     2.285864734E+00     1.535168488E-01     0.000000000E+00
     6011     2.191131931E+00    -1.034533034E-01     0.000000000E+00
     6012     2.129727804E+00     3.556737677E-02     0.000000000E+00
     6013     2.003888189E+00     2.216221321E-01     6.249993468E-02
     6014     2.094452571E+00     1.941552532E-01     0.000000000E+00
     6015     1.976335617E+00     1.411613590E-01     0.000000000E+00
     6016     1.818788186E+00     2.472044787E-01     6.249993461E-02
     6017     1.911338807E+00     2.344150986E-01     0.000000000E+00
     6018     1.801147521E+00     1.434360440E-01     0.000000000E+00
     6019     1.614189849E+00     2.775941330E-01     6.249993444E-02
     6020     1.716490039E+00     2.624029001E-01     0.000000000E+00
     6021     1.573768917E+00     1.541069372E-01     0.000000000E+00
     6022     1.416937896E+00     3.442390194E-01     6.249993415E-02
     6023     1.515564937E+00     3.109209539E-01     0.000000000E+00
     6024     1.373107901E+00     2.602867062E-01     0.000000000E+00
     6025     1.236581847E+00     4.100693314E-01     6.249993393E-02
     6026     1.326760556E+00     3.771579423E-01     0.000000000E+00
     6027     1.206558909E+00     3.379242175E-01     0.000000000E+00
     6028     1.053840998E+00     4.618970436E-01     6.249993407E-02
     6029     1.145211307E+00     4.359844124E-01     0.000000000E+00
     6030     1.031406172E+00     3.824588103E-01     0.000000000E+00
     6031     8.601030691E-01     5.168954775E-01     6.249993408E-02
     6032     9.569706430E-01     4.893939773E-01     0.000000000E+00
     6033     8.318128036E-01     4.304183652E-01     0.000000000E+00
     6034     6.682483082E-01     5.874731956E-01     6.249993433E-02
     6035     7.641731431E-01     5.521798610E-01     0.000000000E+00
     6036     6.324235711E-01     5.068920515E-01     0.000000000E+00
     6037     4.878461550E-01     6.629380711E-01     6.249993469E-02
     6038     5.780442792E-01     6.252015684E-01     0.000000000E+00
     6039     4.512519076E-01     5.865670432E-01     0.000000000E+00
     6040     3.202336331E-01     7.306589836E-01     6.249993501E-02
     6041     4.040222028E-01     6.967990994E-01     0.000000000E+00
     6042     2.867285658E-01     6.538281926E-01     0.000000000E+00
     6043     1.661705122E-01     7.732692854E-01     6.249993480E-02
     6044     2.431050385E-01     7.519794672E-01     0.000000000E+00
     6045     1.587275504E-01     7.032858361E-01     0.000000000E+00
     6046     4.967380343E-03     7.681924669E-01     6.249993476E-02
     6047     8.542235817E-02     7.707443118E-01     0.000000000E+00
     6048     2.417914287E-03     6.552214936E-01     0.000000000E+00
     6049    -1.498656325E-01     7.679874944E-01     6.249993386E-02
     6050    -7.256850527E-02     7.680749010E-01     0.000000000E+00
     6051    -6.592087780E-02     5.845629159E-01     0.000000000E+00
     6052    -1.317672296E-01     6.269090001E-01     6.249993377E-02
     6053    -1.409072974E-01     6.974163233E-01     0.000000000E+00
     6054    -2.891732269E-01     7.243050813E-01     6.249993369E-02
     6055    -2.196695741E-01     7.460848680E-01     0.000000000E+00
     6056    -1.733410520E-01     6.022500283E-01     0.000000000E+00
     6057    -2.147367210E-01     5.776838576E-01     6.249993295E-02
     6058    -2.521033288E-01     6.509185730E-01     0.000000000E+00
     6059    -4.242725033E-01     6.548634954E-01     6.249993330E-02
     6060    -3.569538980E-01     6.894439517E-01     0.000000000E+00
     6061    -2.668574525E-01     5.497574221E-01     0.000000000E+00
     6062    -3.187380198E-01     5.219957585E-01     6.249993209E-02
     6063    -3.717080217E-01     5.882828008E-01     0.000000000E+00
     6064    -5.511533544E-01     5.619412026E-01     6.249993341E-02
     6065    -4.879495557E-01     6.082066046E-01     0.000000000E+00
     6066    -3.749666924E-01     4.849069723E-01     0.000000000E+00
     6067    -4.912082263E-01     5.048307761E-01     0.000000000E+00
     6068    -6.617007042E-01     4.491721971E-01     6.249993325E-02
     6069    -6.065917835E-01     5.053687469E-01     0.000000000E+00
     6070    -6.010580753E-01     4.048455479E-01     0.000000000E+00
     6071    -7.411244403E-01     3.254746400E-01     6.249993273E-02
     6072    -7.015077366E-01     3.871744359E-01     0.000000000E+00
     6073    -6.850849813E-01     3.069843226E-01     0.000000000E+00
     6074    -7.675698252E-01     1.840908571E-01     6.249993339E-02
     6075    -7.543941507E-01     2.546776603E-01     0.000000000E+00
     6076    -6.883266214E-01     1.863730496E-01     0.000000000E+00
     6077    -7.677421903E-01     3.182720836E-02     6.249993390E-02
     6078    -7.676745952E-01     1.079131745E-01     0.000000000E+00
     6079    -6.808821548E-01     4.945850071E-02     0.000000000E+00
     6080    -7.404341872E-01    -1.243292649E-01     6.249993436E-02
     6081    -7.540983169E-01    -4.623818395E-02     0.000000000E+00
     6082    -6.521103588E-01    -9.207002462E-02     0.000000000E+00
     6083     6.418830616E+00    -7.521235573E-01     6.249995865E-02
     6084     6.454082806E+00    -6.789622356E-01     0.000000000E+00
     6085     6.489477993E+00    -6.058743971E-01     6.249998021E-02
     6086     6.570897489E+00    -6.268289516E-01     0.000000000E+00
     6087     6.503292701E+00    -7.754712971E-01     0.000000000E+00
     6088     6.252455720E+00    -6.812626805E-01     6.249995680E-02
     6089     6.291615127E+00    -6.083983378E-01     0.000000000E+00
     6090     6.330837296E+00    -5.355829956E-01     6.249997860E-02
     6091     6.410098234E+00    -5.706912919E-01     0.000000000E+00
     6092     6.335599700E+00    -7.166692815E-01     0.000000000E+00
     6093    -7.125308717E-01    -2.012385086E-01     0.000000000E+00
     6094     1.916578257E-01    -9.654114228E-01     6.249993480E-02
     6095     8.316351912E-02    -8.494061023E-01     0.000000000E+00
     6096     2.128983727E-01    -8.778623762E-01     0.000000000E+00
     6097     3.571048723E-01    -8.266479150E-01     0.000000000E+00
     6098     5.505967259E-01    -8.216439487E-01     6.249993480E-02
     6099     5.101837399E-01    -7.268145854E-01     0.000000000E+00
     6100    -2.615875974E-01     4.671509438E-01     0.000000000E+00
     6101     7.308512784E-01    -7.451175438E-01     6.249993480E-02
     6102     5.653259356E-01    -6.001814526E-01     0.000000000E+00
     6103     6.958611920E-01    -6.567356086E-01     0.000000000E+00
     6104     9.156435256E-01    -6.777490168E-01     6.249993480E-02
     6105     8.794779818E-01    -5.899982480E-01     0.000000000E+00
     6106     1.107303838E+00    -6.173362213E-01     6.249993480E-02
     6107     1.068441470E+00    -5.271605364E-01     0.000000000E+00
     6108     1.300161222E+00    -5.646173353E-01     6.249993480E-02
     6109     1.259893979E+00    -4.691425205E-01     0.000000000E+00
     6110     1.490690893E+00    -5.193490394E-01     6.249993480E-02
     6111     1.452009605E+00    -4.134936591E-01     0.000000000E+00
     6112     1.682483509E+00    -4.798009236E-01     6.249993480E-02
     6113     1.650563139E+00    -3.583627742E-01     0.000000000E+00
     6114     1.875292635E+00    -4.455169086E-01     6.249993480E-02
     6115     1.856653967E+00    -3.144981704E-01     0.000000000E+00
     6116     2.068904155E+00    -4.161412281E-01     6.249993480E-02
     6117     2.071671830E+00    -2.558487165E-01     0.000000000E+00
     6118     2.263166712E+00    -3.913891599E-01     6.249993480E-02
     6119     2.285495514E+00    -2.513690147E-01     0.000000000E+00
     6120     2.460439796E+00    -3.708057044E-01     6.249993480E-02
     6121     2.489889670E+00    -2.427598256E-01     0.000000000E+00
     6122     2.660354891E+00    -3.543985407E-01     6.249993480E-02
     6123     2.692378495E+00    -2.341841730E-01     0.000000000E+00
     6124     2.862186754E+00    -3.422056762E-01     6.249993480E-02
     6125     2.894923903E+00    -2.272180673E-01     0.000000000E+00
     6126     3.064558229E+00    -3.342652830E-01     6.249993480E-02
     6127     3.097473964E+00    -2.225550749E-01     0.000000000E+00
     6128     3.267051161E+00    -3.305355404E-01     6.249993480E-02
     6129     3.299975938E+00    -2.204636515E-01     0.000000000E+00
     6130     3.469607661E+00    -3.309866922E-01     6.249993480E-02
     6131     3.502406519E+00    -2.210575482E-01     0.000000000E+00
     6132     3.672182856E+00    -3.356255976E-01     6.249993480E-02
     6133     3.704642382E+00    -2.244066433E-01     0.000000000E+00
     6134     3.874248679E+00    -3.444704087E-01     6.249993480E-02
     6135     3.906183767E+00    -2.305626960E-01     0.000000000E+00
     6136     4.074247992E+00    -3.574594289E-01     6.249993480E-02
     6137     4.105962814E+00    -2.395457681E-01     0.000000000E+00
     6138     4.270899999E+00    -3.744667098E-01     6.249993480E-02
     6139     4.303355396E+00    -2.514031745E-01     0.000000000E+00
     6140     4.465901185E+00    -3.956513980E-01     6.249993480E-02
     6141     4.499724702E+00    -2.664676817E-01     0.000000000E+00
     6142     4.660054953E+00    -4.212446827E-01     6.249993480E-02
     6143     4.696141431E+00    -2.853870462E-01     0.000000000E+00
     6144     4.853529712E+00    -4.515092222E-01     6.249993480E-02
     6145     4.893453333E+00    -3.093957996E-01     0.000000000E+00
     6146     5.046167695E+00    -4.867424346E-01     6.249993480E-02
     6147     5.092330554E+00    -3.409825022E-01     0.000000000E+00
     6148     5.237745851E+00    -5.273160164E-01     6.249993480E-02
     6149     5.292286196E+00    -3.850055963E-01     0.000000000E+00
     6150     5.428983812E+00    -5.739626122E-01     6.249993480E-02
     6151     5.486893123E+00    -4.515930117E-01     0.000000000E+00
     6152     5.622264007E+00    -6.282292066E-01     6.249993480E-02
     6153     5.676863395E+00    -5.260554529E-01     0.000000000E+00
     6154     5.811709985E+00    -6.895693020E-01     6.249993480E-02
     6155     5.860958258E+00    -6.019094778E-01     0.000000000E+00
     6156     5.995093293E+00    -7.582615296E-01     6.249993480E-02
     6157     5.997465601E+00    -5.566313541E-01     0.000000000E+00
     6158     6.084742550E+00    -5.990107291E-01     6.249995183E-02
     6159     6.039913125E+00    -6.786262465E-01     0.000000000E+00
     6160     6.168580727E+00    -6.401221124E-01     0.000000000E+00
     6161     6.213485093E+00    -7.589644015E-01     0.000000000E+00
     6162     6.343529519E+00    -9.201537105E-01     6.249993480E-02
     6163     6.381125021E+00    -8.361144926E-01     0.000000000E+00
     6164     6.530227232E+00    -9.707137337E-01     6.249993480E-02
     6165     6.558971301E+00    -8.847729974E-01     0.000000000E+00
     6166     6.718292464E+00    -9.839247125E-01     6.249993480E-02
     6167     6.732453636E+00    -9.051772223E-01     0.000000000E+00
     6168     6.905385467E+00    -9.610450314E-01     6.249993480E-02
     6169     6.889074587E+00    -9.067563481E-01     0.000000000E+00
     6170     7.087732830E+00    -9.015927818E-01     6.249993480E-02
     6171     7.026384641E+00    -8.304236402E-01     0.000000000E+00
     6172     7.254200938E+00    -8.085222453E-01     6.249993480E-02
     6173     7.171966620E+00    -7.171397246E-01     0.000000000E+00
     6174     7.398027076E+00    -6.867070860E-01     6.249993480E-02
     6175     7.319001241E+00    -5.842517825E-01     0.000000000E+00
     6176     7.518408334E+00    -5.360130864E-01     6.249993480E-02
     6177     7.463369144E+00    -4.873293952E-01     0.000000000E+00
     6178     7.605446278E+00    -3.688301201E-01     6.249993480E-02
     6179     7.525850130E+00    -3.393101363E-01     0.000000000E+00
     6180     7.659753694E+00    -1.843142865E-01     6.249993480E-02
     6181     7.572439691E+00    -1.675959369E-01     0.000000000E+00
     6182     7.677165354E+00    -3.614993933E-08     6.249993480E-02
     6183     7.592562295E+00     4.875876898E-03     0.000000000E+00
     6184     7.658980796E+00     1.883233806E-01     6.249993480E-02
     6185     7.590394554E+00     1.654732801E-01     0.000000000E+00
     6186     7.603612054E+00     3.733361404E-01     6.249993480E-02
     6187     7.492232380E+00     3.115676939E-01     0.000000000E+00
     6188     7.515594146E+00     5.403224076E-01     6.249993480E-02
     6189     7.335801543E+00     3.429263044E-01     0.000000000E+00
     6190     7.402982511E+00     4.885529069E-01     0.000000000E+00
     6191     6.901774097E+00     9.618363379E-01     6.249993480E-02
     6192     6.895124179E+00     8.704460851E-01     0.000000000E+00
     6193     6.712577400E+00     9.840555188E-01     6.249993480E-02
     6194     6.714349199E+00     8.888327325E-01     0.000000000E+00
     6195     6.524309346E+00     9.697033645E-01     6.249993480E-02
     6196     6.532988794E+00     8.741792632E-01     0.000000000E+00
     6197     6.340188944E+00     9.188783410E-01     6.249993480E-02
     6198     6.356899091E+00     8.263912911E-01     0.000000000E+00
     6199     6.196306141E+00     7.536444063E-01     0.000000000E+00
     6200     5.996567090E+00     7.588565430E-01     6.249993480E-02
     6201     6.031121460E+00     6.814957190E-01     0.000000000E+00
     6202     5.813255957E+00     6.901073488E-01     6.249993480E-02
     6203     5.862890252E+00     5.881587493E-01     0.000000000E+00
     6204     5.622372451E+00     6.282618753E-01     6.249993480E-02
     6205     5.670743149E+00     4.911410452E-01     0.000000000E+00
     6206     5.429289143E+00     5.740424215E-01     6.249993480E-02
     6207     5.458282131E+00     3.613085890E-01     0.000000000E+00
     6208     5.239092322E+00     5.276221210E-01     6.249993480E-02
     6209     5.234914972E+00     3.393726557E-01     0.000000000E+00
     6210     5.047569172E+00     4.870185315E-01     6.249993480E-02
     6211     5.028317938E+00     3.174692541E-01     0.000000000E+00
     6212     4.854984976E+00     4.517557727E-01     6.249993480E-02
     6213     4.828371527E+00     2.969208544E-01     0.000000000E+00
     6214     4.661562997E+00     4.214617709E-01     6.249993480E-02
     6215     4.631158900E+00     2.784018531E-01     0.000000000E+00
     6216     4.467467055E+00     3.958395000E-01     6.249993480E-02
     6217     4.434799341E+00     2.622697686E-01     0.000000000E+00
     6218     4.270799472E+00     3.744569152E-01     6.249993480E-02
     6219     4.237161577E+00     2.485990106E-01     0.000000000E+00
     6220     4.071411766E+00     3.572452267E-01     6.249993480E-02
     6221     4.037620881E+00     2.375283938E-01     0.000000000E+00
     6222     3.869839822E+00     3.442319318E-01     6.249993480E-02
     6223     3.836359253E+00     2.291727618E-01     0.000000000E+00
     6224     3.667621266E+00     3.354747957E-01     6.249993480E-02
     6225     3.634372135E+00     2.236184965E-01     0.000000000E+00
     6226     3.465210518E+00     3.309325263E-01     6.249993480E-02
     6227     3.432067991E+00     2.208803113E-01     0.000000000E+00
     6228     3.262647869E+00     3.305721260E-01     6.249993480E-02
     6229     3.229572449E+00     2.209888304E-01     0.000000000E+00
     6230     3.060013866E+00     3.343971481E-01     6.249993480E-02
     6231     3.027000473E+00     2.240504559E-01     0.000000000E+00
     6232     2.857782829E+00     3.424258069E-01     6.249993480E-02
     6233     2.824659176E+00     2.303306042E-01     0.000000000E+00
     6234     2.656680783E+00     3.546607546E-01     6.249993480E-02
     6235     2.622918453E+00     2.404307041E-01     0.000000000E+00
     6236     2.458063891E+00     3.710272516E-01     6.249993480E-02
     6237     2.422387928E+00     2.556814053E-01     0.000000000E+00
     6238     2.262096798E+00     3.915130735E-01     6.249993480E-02
     6239     2.223556441E+00     2.790980400E-01     0.000000000E+00
     6240     2.067890429E+00     4.162825222E-01     6.249993480E-02
     6241     2.035889746E+00     3.189542842E-01     0.000000000E+00
     6242     1.874329641E+00     4.456753284E-01     6.249993480E-02
     6243     1.846560274E+00     3.464468662E-01     0.000000000E+00
     6244     1.681571753E+00     4.799756644E-01     6.249993480E-02
     6245     1.647882921E+00     3.787949036E-01     0.000000000E+00
     6246     1.489830957E+00     5.195394418E-01     6.249993480E-02
     6247     1.453386653E+00     4.318992910E-01     0.000000000E+00
     6248     1.299353807E+00     5.648229123E-01     6.249993480E-02
     6249     1.267969313E+00     4.874525850E-01     0.000000000E+00
     6250     1.105493532E+00     6.178672982E-01     6.249993480E-02
     6251     1.079666919E+00     5.398817513E-01     0.000000000E+00
     6252     9.148318322E-01     6.780239919E-01     6.249993480E-02
     6253     8.874646001E-01     5.974524402E-01     0.000000000E+00
     6254     7.308956563E-01     7.451001276E-01     6.249993480E-02
     6255     6.995675768E-01     6.662766975E-01     0.000000000E+00
     6256     5.506832962E-01     8.216041533E-01     6.249993480E-02
     6257     5.192611761E-01     7.422650021E-01     0.000000000E+00
     6258     3.466968529E-01     8.207104017E-01     0.000000000E+00
     6259     1.884060366E-01     9.660512941E-01     6.249993480E-02
     6260     1.770285212E-01     8.697083281E-01     0.000000000E+00
     6261    -1.516365580E-03     9.842508004E-01     6.249993480E-02
     6262     1.532077354E-03     8.762216806E-01     0.000000000E+00
     6263    -1.912327687E-01     9.654957098E-01     6.249993480E-02
     6264    -1.706729882E-01     8.667123569E-01     0.000000000E+00
     6265    -3.761299879E-01     9.095483328E-01     6.249993480E-02
     6266    -3.328987225E-01     8.168183279E-01     0.000000000E+00
     6267    -5.470750750E-01     8.182058419E-01     6.249993480E-02
     6268    -4.860265101E-01     7.362944176E-01     0.000000000E+00
     6269    -6.945107100E-01     6.974287141E-01     6.249993480E-02
     6270    -6.230792295E-01     6.294389495E-01     0.000000000E+00
     6271    -8.197453193E-01     5.447655909E-01     6.249993480E-02
     6272    -7.408641209E-01     4.967642911E-01     0.000000000E+00
     6273    -9.093700047E-01     3.765609275E-01     6.249993480E-02
     6274    -8.253124116E-01     3.508764004E-01     0.000000000E+00
     6275    -9.655268033E-01     1.910757168E-01     6.249993480E-02
     6276    -8.665749880E-01     1.874790707E-01     0.000000000E+00
     6277    -9.842519685E-01    -7.177246096E-10     6.249993480E-02
     6278    -8.760011885E-01     1.591031637E-02     0.000000000E+00
     6279    -9.646920969E-01    -1.952462435E-01     6.249993480E-02
     6280    -8.525742551E-01    -1.597464496E-01     0.000000000E+00
     6281    -9.065518741E-01    -3.832957567E-01     6.249993480E-02
     6282    -7.956022017E-01    -3.306941119E-01     0.000000000E+00
     6283    -8.157974801E-01    -5.506599759E-01     6.249993480E-02
     6284    -7.089663292E-01    -4.873699118E-01     0.000000000E+00
     6285    -6.945198052E-01    -6.974196568E-01     6.249993480E-02
     6286    -5.961492955E-01    -6.287905074E-01     0.000000000E+00
     6287    -5.429635499E-01    -8.209400228E-01     6.249993480E-02
     6288    -4.707106994E-01    -7.545472095E-01     0.000000000E+00
     6289     6.179055759E+00    -4.434795025E-01     6.249997102E-02
     6290     6.254915857E+00    -4.895061752E-01     0.000000000E+00
     6291     6.131881457E+00    -5.212299498E-01     0.000000000E+00
     6292     6.095440122E+00    -3.955734222E-01     0.000000000E+00
     6293     6.233217395E+00    -3.679921491E-01     0.000000000E+00
     6294     6.198494811E+00    -2.468385922E-01     0.000000000E+00
     6295     6.233516323E+00    -9.095142061E-02     0.000000000E+00
     6296     6.204881863E+00     7.631175677E-02     0.000000000E+00
     6297     6.175737205E+00     2.919507472E-01     0.000000000E+00
     6298     6.275769457E+00     4.025827446E-01     0.000000000E+00
     6299     6.402916909E+00     4.906596533E-01     0.000000000E+00
     6300     6.556801853E+00     5.499673844E-01     0.000000000E+00
     6301     6.723615449E+00     5.661918781E-01     0.000000000E+00
     6302     7.256152632E+00     2.448431387E-01     0.000000000E+00
     6303     7.268638066E+00     6.794821456E-02     0.000000000E+00
     6304     7.256711089E+00    -1.017294907E-01     0.000000000E+00
     6305     6.686870794E+00    -5.734697018E-01     0.000000000E+00
     6306     6.522051121E+00    -5.431479556E-01     0.000000000E+00
     6307     6.367103131E+00    -4.715939485E-01     0.000000000E+00
     6308    -1.542951803E-01     5.130621035E-01     0.000000000E+00
     6309     4.410910553E-01    -4.467759396E-01     6.249993341E-02
     6310     4.047150906E-01    -3.676511976E-01     0.000000000E+00
     6311     5.198574901E-01    -4.205207851E-01     0.000000000E+00
     6312     4.554283428E-01    -5.393849353E-01     0.000000000E+00
     6313     3.129578907E-01    -4.814167686E-01     6.249993288E-02
     6314     3.770093311E-01    -4.640966962E-01     0.000000000E+00
     6315     3.267492767E-01    -5.324800272E-01     0.000000000E+00
     6316     2.167099918E-01    -5.314796274E-01     6.249993323E-02
     6317     2.648062613E-01    -5.064498914E-01     0.000000000E+00
     6318     2.409739982E-01    -5.869978303E-01     0.000000000E+00
     6319     1.204104478E-01    -5.884865408E-01     6.249993409E-02
     6320     1.685078341E-01    -5.599865803E-01     0.000000000E+00
     6321     1.424677090E-01    -6.515264626E-01     0.000000000E+00
     6322     5.170032674E-02    -6.474648249E-01     0.000000000E+00
     6323     2.835550551E-01    -4.250780079E-01     0.000000000E+00
     6324     2.784999597E-01    -1.749089489E-01     0.000000000E+00
     6325     3.025418185E-01    -1.291507184E-01     6.249993832E-02
     6326     3.371358804E-01    -1.489510617E-01     0.000000000E+00
     6327     3.522865500E-01    -3.219349761E-02     6.249993781E-02
     6328     3.667403127E-01     4.500773396E-02     0.000000000E+00
     6329     4.035563783E-01    -7.025533159E-02     0.000000000E+00
     6330     3.274117421E-01    -8.067351608E-02     0.000000000E+00
     6331     1.912459590E-01    -4.741383179E-01     0.000000000E+00
     6332     1.070450123E-01    -5.184955792E-01     0.000000000E+00
     6333    -1.781639138E-01     1.753785044E-01     6.249994039E-02
     6334    -2.265685898E-01     1.921600426E-01     0.000000000E+00
     6335     2.304092972E-01     9.701317307E-02     6.249994039E-02
     6336     3.058023114E-01     1.096119831E-01     0.000000000E+00
     6337     2.500000000E-01     1.968017801E-08     6.249994039E-02
     6338     3.011423387E-01    -1.609691328E-02     0.000000000E+00
     6339     2.317892280E-01    -9.366831804E-02     6.249994039E-02
     6340     2.671632653E-01    -1.114126130E-01     0.000000000E+00
     6341     1.777462959E-01    -1.758017471E-01     6.249994039E-02
     6342     2.161012394E-01    -1.982357215E-01     0.000000000E+00
-1
/wb,elem,start            !  set before creation of elements
/com,*********** Elements for Body 1 "SYS\Bike Crank 2 rev 2011 x.375" ***********
et,1,186
keyo,1,2,1          ! set full integration on SOLID186
eblock,19,solid,,1123
(19i9)
        1        1        1        1        0        0        0        0       20        0        1     1149     1430     1141     1139     1475     1756     1467     1465
     5542     5541     4682     4709     1976     6342     5617     5639     5638     6341     5618     5616
        1        1        1        1        0        0        0        0       20        0        2     1430     1429     1424     1141     1756     1755     1750     1467
     5540     5538     5516     5541     1977     6340     6324     6342     6341     6339     6325     5618
        1        1        1        1        0        0        0        0       20        0        3     1429     1428     1425     1424     1755     1754     1751     1750
     5537     5535     5522     5538     1978     6338     6330     6340     6339     6337     6327     6325
        1        1        1        1        0        0        0        0       20        0        4     1428     1427     1182     1425     1754     1753     1508     1751
     5534     5532     5520     5535     1971     6336     6328     6338     6337     6335     5715     6327
        1        1        1        1        0        0        0        0       20        0        5     1427     1108     1106     1182     1753     1434     1432     1508
     5531     4604     4805     5532     1972     5546     5726     6336     6335     5547     5545     5715
        1        1        1        1        0        0        0        0       20        0        6     1146     1426     1135     1133     1472     1752     1461     1459
     5529     5528     4669     4699     1968     6334     5604     5632     5631     6333     5605     5603
        1        1        1        1        0        0        0        0       20        0        7     1426     1163     1164     1135     1752     1489     1490     1461
     5527     4750     4876     5528     1969     5674     5797     6334     6333     5675     5673     5605
        1        1        1        1        0        0        0        0       20        0        8     1127     1147     1423     1150     1453     1473     1749     1476
     5525     5524     5514     4714     1987     6332     6322     5643     5590     5635     6319     5641
        1        1        1        1        0        0        0        0       20        0        9     1147     1142     1422     1423     1473     1468     1748     1749
     4702     5523     5512     5524     5634     6331     6320     6332     5635     5622     6316     6319
        1        1        1        1        0        0        0        0       20        0       10     1142     1138     1421     1422     1468     1464     1747     1748
     4691     5515     5509     5523     5626     6323     6317     6331     5622     5614     6313     6316
        1        1        1        1        0        0        0        0       20        0       11     1424     1425     1197     1198     1750     1751     1523     1524
     5522     5521     4837     5518     6330     6329     5758     6326     6325     6327     5752     5757
        1        1        1        1        0        0        0        0       20        0       12     1425     1182     1183     1197     1751     1508     1509     1523
     5520     4793     4832     5521     6328     5714     5753     6329     6327     5715     5713     5752
        1        1        1        1        0        0        0        0       20        0       13     1141     1424     1198     1140     1467     1750     1524     1466
     5516     5518     4835     4684     6324     6326     5756     5619     5618     6325     5757     5620
        1        1        1        1        0        0        0        0       20        0       14     1421     1138     1140     1420     1747     1464     1466     1746
     5515     4686     5502     5506     6323     5621     6310     6314     6313     5614     5620     6309
        1        1        1        1        0        0        0        0       20        0       15     1150     1423     1276     1158     1476     1749     1602     1484
     5514     5513     5178     4733     6322     6321     6095     5660     5641     6319     5964     5661
        1        1        1        1        0        0        0        0       20        0       16     1423     1422     1275     1276     1749     1748     1601     1602
     5512     5510     5047     5513     6320     6318     5965     6321     6319     6316     5966     5964
        1        1        1        1        0        0        0        0       20        0       17     1422     1421     1277     1275     1748     1747     1603     1601
     5509     5507     5050     5510     6317     6315     5968     6318     6316     6313     5969     5966
        1        1        1        1        0        0        0        0       20        0       18     1421     1420     1278     1277     1747     1746     1604     1603
     5506     5504     5052     5507     6314     6312     5970     6315     6313     6309     5971     5969
        1        1        1        1        0        0        0        0       20        0       19     1420     1204     1216     1278     1746     1530     1542     1604
     5503     4888     5188     5504     6311     5809     6102     6312     6309     5772     5808     5971
        1        1        1        1        0        0        0        0       20        0       20     1420     1140     1196     1204     1746     1466     1522     1530
     5502     4834     4852     5503     6310     5755     5773     6311     6309     5620     5750     5772
        1        1        1        1        0        0        0        0       20        0       21     1153     1144     1309     1307     1479     1470     1635     1633
     5500     5499     5138     5133     1979     6308     6056     6051     5648     5628     6057     6052
        1        1        1        1        0        0        0        0       20        0       22     1144     1136     1311     1309     1470     1462     1637     1635
     4692     5185     5143     5499     5627     6100     6061     6308     5628     5609     6062     6057
        1        1        1        1        0        0        0        0       20        0       23     1164     1131     1130     1213     1490     1457     1456     1539
     4748     4663     4884     4877     5672     5598     5805     5798     5673     5599     5597     5799
        1        1        1        1        0        0        0        0       20        0       24       61       63     1321     1419       62       64     1647     1745
     2010     5498     5470     5473     2182     6307     6290     6293     2177     2181     6090     6289
        1        1        1        1        0        0        0        0       20        0       25       63       65     1319     1321       64       66     1645     1647
     2009     5496     5173     5498     2186     6306     6091     6307     2181     2185     6085     6090
        1        1        1        1        0        0        0        0       20        0       26       65       35     1237     1319       66       36     1563     1645
     2008     5494     5168     5496     2189     6305     6086     6306     2185     2141     5863     6085
        1        1        1        1        0        0        0        0       20        0       27       35       32     1161     1237       36       34     1487     1563
     2007     4741     4944     5494     2139     5667     5864     6305     2141     2135     5666     5863
        1        1        1        1        0        0        0        0       20        0       28       10        9     1235     1231       12       11     1561     1557
     2004     5492     4936     4926     2098     6304     5856     5846     2100     2097     5857     5847
        1        1        1        1        0        0        0        0       20        0       29        9       13     1227     1235       11       14     1553     1561
     2003     5490     4939     5492     2105     6303     5859     6304     2097     2104     5838     5857
        1        1        1        1        0        0        0        0       20        0       30       13       15     1228     1227       14       17     1554     1553
     2002     5488     4918     5490     2107     6302     5839     6303     2104     2106     5840     5838
        1        1        1        1        0        0        0        0       20        0       31       15       19     1238     1228       17       21     1564     1554
     2001     4947     5317     5488     2114     5867     6189     6302     2106     2113     5866     5840
        1        1        1        1        0        0        0        0       20        0       32       67       69     1242     1239       68       70     1568     1565
     1944     5486     4960     4952     2195     6301     5878     5870     2190     2194     5879     5871
        1        1        1        1        0        0        0        0       20        0       33       69       71     1244     1242       70       72     1570     1568
     1943     5484     4965     5486     2199     6300     5883     6301     2194     2198     5884     5879
        1        1        1        1        0        0        0        0       20        0       34       71       52     1246     1244       72       56     1572     1570
     1942     5482     4970     5484     2202     6299     5888     6300     2198     2167     5889     5884
        1        1        1        1        0        0        0        0       20        0       35       52       50     1248     1246       56       54     1574     1572
     1941     5480     4975     5482     2165     6298     5893     6299     2167     2164     5894     5889
        1        1        1        1        0        0        0        0       20        0       36       50     1252     1249     1248       54     1578     1575     1574
     5479     4985     4982     5480     6297     5903     5900     6298     2164     5904     5896     5894
        1        1        1        1        0        0        0        0       20        0       37       50       49     1225     1252       54       53     1551     1578
     1951     5478     4990     5479     2163     6296     5908     6297     2164     2162     5833     5904
        1        1        1        1        0        0        0        0       20        0       38       49       57     1226     1225       53       59     1552     1551
     1950     5476     4913     5478     2173     6295     5834     6296     2162     2172     5835     5833
        1        1        1        1        0        0        0        0       20        0       39       57       61     1223     1226       59       62     1549     1552
     1949     5474     4915     5476     2178     6294     5836     6295     2172     2177     5828     5835
        1        1        1        1        0        0        0        0       20        0       40       61     1419     1221     1223       62     1745     1547     1549
     5473     5472     4908     5474     6293     6292     5829     6294     2177     6289     5823     5828
        1        1        1        1        0        0        0        0       20        0       41     1419     1353     1222     1221     1745     1679     1548     1547
     5471     5270     4903     5472     6291     6157     5824     6292     6289     6158     5825     5823
        1        1        1        1        0        0        0        0       20        0       42     1419     1321     1320     1353     1745     1647     1646     1679
     5470     5171     5274     5471     6290     6089     6160     6291     6289     6090     6088     6158
        1        1        1        1        0        0        0        0       20        0       43     1157     1418     1119     1122     1483     1744     1445     1448
     5468     5467     4641     4732     2016     6288     5581     5659     5658     6287     5572     5580
        1        1        1        1        0        0        0        0       20        0       44     1418     1417     1120     1119     1744     1743     1446     1445
     5466     5464     4633     5467     2015     6286     5573     6288     6287     6285     5574     5572
        1        1        1        1        0        0        0        0       20        0       45     1417     1416     1178     1120     1743     1742     1504     1446
     5463     5461     4787     5464     2014     6284     5708     6286     6285     6283     5703     5574
        1        1        1        1        0        0        0        0       20        0       46     1416     1415     1179     1178     1742     1741     1505     1504
     5460     5458     4783     5461     2013     6282     5704     6284     6283     6281     5705     5703
        1        1        1        1        0        0        0        0       20        0       47     1415     1414     1317     1179     1741     1740     1643     1505
     5457     5455     5175     5458     2012     6280     6093     6282     6281     6279     6080     5705
        1        1        1        1        0        0        0        0       20        0       48     1414     1413     1316     1317     1740     1739     1642     1643
     5454     5452     5163     5455     2011     6278     6081     6280     6279     6277     6077     6080
        1        1        1        1        0        0        0        0       20        0       49     1413     1412     1315     1316     1739     1738     1641     1642
     5451     5449     5160     5452     1816     6276     6078     6278     6277     6275     6074     6077
        1        1        1        1        0        0        0        0       20        0       50     1412     1411     1314     1315     1738     1737     1640     1641
     5448     5446     5157     5449     1815     6274     6075     6276     6275     6273     6071     6074
        1        1        1        1        0        0        0        0       20        0       51     1411     1410     1313     1314     1737     1736     1639     1640
     5445     5443     5154     5446     1814     6272     6072     6274     6273     6271     6068     6071
        1        1        1        1        0        0        0        0       20        0       52     1410     1409     1312     1313     1736     1735     1638     1639
     5442     5440     5151     5443     1813     6270     6069     6272     6271     6269     6064     6068
        1        1        1        1        0        0        0        0       20        0       53     1409     1408     1310     1312     1735     1734     1636     1638
     5439     5437     5147     5440     1812     6268     6065     6270     6269     6267     6059     6064
        1        1        1        1        0        0        0        0       20        0       54     1408     1407     1308     1310     1734     1733     1634     1636
     5436     5434     5142     5437     1811     6266     6060     6268     6267     6265     6054     6059
        1        1        1        1        0        0        0        0       20        0       55     1407     1406     1306     1308     1733     1732     1632     1634
     5433     5431     5137     5434     1810     6264     6055     6266     6265     6263     6049     6054
        1        1        1        1        0        0        0        0       20        0       56     1406     1405     1305     1306     1732     1731     1631     1632
     5430     5428     5132     5431     1809     6262     6050     6264     6263     6261     6046     6049
        1        1        1        1        0        0        0        0       20        0       57     1405     1404     1304     1305     1731     1730     1630     1631
     5427     5425     5129     5428     1808     6260     6047     6262     6261     6259     6043     6046
        1        1        1        1        0        0        0        0       20        0       58     1404     1403     1303     1304     1730     1729     1629     1630
     5424     5422     5126     5425     1807     6258     6044     6260     6259     1806     6040     6043
        1        1        1        1        0        0        0        0       20        0       59     1403     1402     1302     1303     1729     1728     1628     1629
     5421     5420     5123     5422     1776     6257     6041     6258     1806     6256     6037     6040
        1        1        1        1        0        0        0        0       20        0       60     1402     1401     1301     1302     1728     1727     1627     1628
     5419     5417     5120     5420     1777     6255     6038     6257     6256     6254     6034     6037
        1        1        1        1        0        0        0        0       20        0       61     1401     1400     1300     1301     1727     1726     1626     1627
     5416     5414     5117     5417     1778     6253     6035     6255     6254     6252     6031     6034
        1        1        1        1        0        0        0        0       20        0       62     1400     1399     1299     1300     1726     1725     1625     1626
     5413     5411     5114     5414     1779     6251     6032     6253     6252     6250     6028     6031
        1        1        1        1        0        0        0        0       20        0       63     1399     1398     1298     1299     1725     1724     1624     1625
     5410     5408     5111     5411     1780     6249     6029     6251     6250     6248     6025     6028
        1        1        1        1        0        0        0        0       20        0       64     1398     1397     1297     1298     1724     1723     1623     1624
     5407     5405     5108     5408     1781     6247     6026     6249     6248     6246     6022     6025
        1        1        1        1        0        0        0        0       20        0       65     1397     1396     1296     1297     1723     1722     1622     1623
     5404     5402     5105     5405     1782     6245     6023     6247     6246     6244     6019     6022
        1        1        1        1        0        0        0        0       20        0       66     1396     1395     1295     1296     1722     1721     1621     1622
     5401     5399     5102     5402     1783     6243     6020     6245     6244     6242     6016     6019
        1        1        1        1        0        0        0        0       20        0       67     1395     1394     1294     1295     1721     1720     1620     1621
     5398     5396     5099     5399     1784     6241     6017     6243     6242     6240     6013     6016
        1        1        1        1        0        0        0        0       20        0       68     1394     1393     1293     1294     1720     1719     1619     1620
     5395     5393     5096     5396     1785     6239     6014     6241     6240     6238     6009     6013
        1        1        1        1        0        0        0        0       20        0       69     1393     1392     1291     1293     1719     1718     1617     1619
     5392     5390     5092     5393     1786     6237     6010     6239     6238     6236     6004     6009
        1        1        1        1        0        0        0        0       20        0       70     1392     1391     1289     1291     1718     1717     1615     1617
     5389     5387     5087     5390     1787     6235     6005     6237     6236     6234     5999     6004
        1        1        1        1        0        0        0        0       20        0       71     1391     1390     1287     1289     1717     1716     1613     1615
     5386     5384     5082     5387     1788     6233     6000     6235     6234     6232     5994     5999
        1        1        1        1        0        0        0        0       20        0       72     1390     1389     1285     1287     1716     1715     1611     1613
     5383     5381     5077     5384     1789     6231     5995     6233     6232     6230     5989     5994
        1        1        1        1        0        0        0        0       20        0       73     1389     1388     1283     1285     1715     1714     1609     1611
     5380     5378     5072     5381     1790     6229     5990     6231     6230     6228     5984     5989
        1        1        1        1        0        0        0        0       20        0       74     1388     1387     1271     1283     1714     1713     1597     1609
     5377     5375     5067     5378     1791     6227     5985     6229     6228     6226     5955     5984
        1        1        1        1        0        0        0        0       20        0       75     1387     1386     1269     1271     1713     1712     1595     1597
     5374     5372     5038     5375     1792     6225     5956     6227     6226     6224     5950     5955
        1        1        1        1        0        0        0        0       20        0       76     1386     1385     1267     1269     1712     1711     1593     1595
     5371     5369     5033     5372     1793     6223     5951     6225     6224     6222     5945     5950
        1        1        1        1        0        0        0        0       20        0       77     1385     1384     1265     1267     1711     1710     1591     1593
     5368     5366     5028     5369     1794     6221     5946     6223     6222     6220     5940     5945
        1        1        1        1        0        0        0        0       20        0       78     1384     1383     1263     1265     1710     1709     1589     1591
     5365     5363     5023     5366     1795     6219     5941     6221     6220     6218     5935     5940
        1        1        1        1        0        0        0        0       20        0       79     1383     1382     1261     1263     1709     1708     1587     1589
     5362     5360     5018     5363     1796     6217     5936     6219     6218     6216     5930     5935
        1        1        1        1        0        0        0        0       20        0       80     1382     1381     1259     1261     1708     1707     1585     1587
     5359     5357     5013     5360     1797     6215     5931     6217     6216     6214     5925     5930
        1        1        1        1        0        0        0        0       20        0       81     1381     1380     1257     1259     1707     1706     1583     1585
     5356     5354     5008     5357     1798     6213     5926     6215     6214     6212     5920     5925
        1        1        1        1        0        0        0        0       20        0       82     1380     1379     1255     1257     1706     1705     1581     1583
     5353     5351     5003     5354     1799     6211     5921     6213     6212     6210     5915     5920
        1        1        1        1        0        0        0        0       20        0       83     1379     1378     1175     1255     1705     1704     1501     1581
     5350     5348     4998     5351     1800     6209     5916     6211     6210     6208     5694     5915
        1        1        1        1        0        0        0        0       20        0       84     1378     1377     1174     1175     1704     1703     1500     1501
     5347     5345     4774     5348     1801     6207     5695     6209     6208     6206     5696     5694
        1        1        1        1        0        0        0        0       20        0       85     1377     1376     1254     1174     1703     1702     1580     1500
     5344     5342     4996     5345     1802     6205     5914     6207     6206     6204     5911     5696
        1        1        1        1        0        0        0        0       20        0       86     1376     1375     1251     1254     1702     1701     1577     1580
     5341     5339     4994     5342     1803     6203     5912     6205     6204     6202     5901     5911
        1        1        1        1        0        0        0        0       20        0       87     1375     1374     1250     1251     1701     1700     1576     1577
     5338     5336     4984     5339     1804     6201     5902     6203     6202     6200     5898     5901
        1        1        1        1        0        0        0        0       20        0       88     1374     1373     1247     1250     1700     1699     1573     1576
     5335     5333     4981     5336     1805     6199     5899     6201     6200     1775     5891     5898
        1        1        1        1        0        0        0        0       20        0       89     1373     1372     1245     1247     1699     1698     1571     1573
     5332     5331     4974     5333     2041     6198     5892     6199     1775     6197     5886     5891
        1        1        1        1        0        0        0        0       20        0       90     1372     1371     1243     1245     1698     1697     1569     1571
     5330     5328     4969     5331     2040     6196     5887     6198     6197     6195     5881     5886
        1        1        1        1        0        0        0        0       20        0       91     1371     1370     1241     1243     1697     1696     1567     1569
     5327     5325     4964     5328     2039     6194     5882     6196     6195     6193     5876     5881
        1        1        1        1        0        0        0        0       20        0       92     1370     1369     1240     1241     1696     1695     1566     1567
     5324     5322     4959     5325     2038     6192     5877     6194     6193     6191     5873     5876
        1        1        1        1        0        0        0        0       20        0       93     1369     1171     1166     1240     1695     1497     1492     1566
     5321     4766     4956     5322     2037     5688     5874     6192     6191     5689     5678     5873
        1        1        1        1        0        0        0        0       20        0       94     1170     1368     1238     1167     1496     1694     1564     1493
     5319     5318     4950     4765     2034     6190     5869     5687     5686     6188     5866     5682
        1        1        1        1        0        0        0        0       20        0       95     1368     1367     1228     1238     1694     1693     1554     1564
     5316     5314     5317     5318     2033     6187     6189     6190     6188     6186     5840     5866
        1        1        1        1        0        0        0        0       20        0       96     1367     1366     1230     1228     1693     1692     1556     1554
     5313     5311     4920     5314     2032     6185     5841     6187     6186     6184     5842     5840
        1        1        1        1        0        0        0        0       20        0       97     1366     1365     1229     1230     1692     1691     1555     1556
     5310     5308     4922     5311     2031     6183     5843     6185     6184     6182     5844     5842
        1        1        1        1        0        0        0        0       20        0       98     1365     1364     1234     1229     1691     1690     1560     1555
     5307     5305     4940     5308     1899     6181     5860     6183     6182     6180     5854     5844
        1        1        1        1        0        0        0        0       20        0       99     1364     1363     1232     1234     1690     1689     1558     1560
     5304     5302     4935     5305     1898     6179     5855     6181     6180     6178     5849     5854
        1        1        1        1        0        0        0        0       20        0      100     1363     1362     1233     1232     1689     1688     1559     1558
     5301     5299     4930     5302     1897     6177     5850     6179     6178     6176     5851     5849
        1        1        1        1        0        0        0        0       20        0      101     1362     1361     1162     1233     1688     1687     1488     1559
     5298     5296     4932     5299     1896     6175     5852     6177     6176     6174     5669     5851
        1        1        1        1        0        0        0        0       20        0      102     1361     1360     1159     1162     1687     1686     1485     1488
     5295     5293     4745     5296     1895     6173     5670     6175     6174     6172     5662     5669
        1        1        1        1        0        0        0        0       20        0      103     1360     1359     1160     1159     1686     1685     1486     1485
     5292     5290     4737     5293     1894     6171     5663     6173     6172     6170     5664     5662
        1        1        1        1        0        0        0        0       20        0      104     1359     1358     1194     1160     1685     1684     1520     1486
     5289     5287     4824     5290     1893     6169     5745     6171     6170     6168     5746     5664
        1        1        1        1        0        0        0        0       20        0      105     1358     1357     1195     1194     1684     1683     1521     1520
     5286     5284     4826     5287     1892     6167     5747     6169     6168     6166     5748     5746
        1        1        1        1        0        0        0        0       20        0      106     1357     1356     1236     1195     1683     1682     1562     1521
     5283     5281     4945     5284     1891     6165     5865     6167     6166     6164     5861     5748
        1        1        1        1        0        0        0        0       20        0      107     1356     1355     1318     1236     1682     1681     1644     1562
     5280     5278     5169     5281     1890     6163     6087     6165     6164     6162     6083     5861
        1        1        1        1        0        0        0        0       20        0      108     1355     1354     1320     1318     1681     1680     1646     1644
     5277     5275     5174     5278     1889     6161     6092     6163     6162     1888     6088     6083
        1        1        1        1        0        0        0        0       20        0      109     1354     1352     1353     1320     1680     1678     1679     1646
     5273     5272     5274     5275     1858     6159     6160     6161     1888     6156     6158     6088
        1        1        1        1        0        0        0        0       20        0      110     1352     1351     1222     1353     1678     1677     1548     1679
     5269     5267     5270     5272     1859     6155     6157     6159     6156     6154     5825     6158
        1        1        1        1        0        0        0        0       20        0      111     1351     1350     1187     1222     1677     1676     1513     1548
     5266     5264     4905     5267     1860     6153     5826     6155     6154     6152     5727     5825
        1        1        1        1        0        0        0        0       20        0      112     1350     1349     1176     1187     1676     1675     1502     1513
     5263     5261     4807     5264     1861     6151     5728     6153     6152     6150     5698     5727
        1        1        1        1        0        0        0        0       20        0      113     1349     1348     1172     1176     1675     1674     1498     1502
     5260     5258     4778     5261     1862     6149     5699     6151     6150     6148     5690     5698
        1        1        1        1        0        0        0        0       20        0      114     1348     1347     1173     1172     1674     1673     1499     1498
     5257     5255     4770     5258     1863     6147     5691     6149     6148     6146     5692     5690
        1        1        1        1        0        0        0        0       20        0      115     1347     1346     1256     1173     1673     1672     1582     1499
     5254     5252     4999     5255     1864     6145     5917     6147     6146     6144     5918     5692
        1        1        1        1        0        0        0        0       20        0      116     1346     1345     1258     1256     1672     1671     1584     1582
     5251     5249     5004     5252     1865     6143     5922     6145     6144     6142     5923     5918
        1        1        1        1        0        0        0        0       20        0      117     1345     1344     1260     1258     1671     1670     1586     1584
     5248     5246     5009     5249     1866     6141     5927     6143     6142     6140     5928     5923
        1        1        1        1        0        0        0        0       20        0      118     1344     1343     1262     1260     1670     1669     1588     1586
     5245     5243     5014     5246     1867     6139     5932     6141     6140     6138     5933     5928
        1        1        1        1        0        0        0        0       20        0      119     1343     1342     1264     1262     1669     1668     1590     1588
     5242     5240     5019     5243     1868     6137     5937     6139     6138     6136     5938     5933
        1        1        1        1        0        0        0        0       20        0      120     1342     1341     1266     1264     1668     1667     1592     1590
     5239     5237     5024     5240     1869     6135     5942     6137     6136     6134     5943     5938
        1        1        1        1        0        0        0        0       20        0      121     1341     1340     1268     1266     1667     1666     1594     1592
     5236     5234     5029     5237     1870     6133     5947     6135     6134     6132     5948     5943
        1        1        1        1        0        0        0        0       20        0      122     1340     1339     1270     1268     1666     1665     1596     1594
     5233     5231     5034     5234     1871     6131     5952     6133     6132     6130     5953     5948
        1        1        1        1        0        0        0        0       20        0      123     1339     1338     1272     1270     1665     1664     1598     1596
     5230     5228     5039     5231     1872     6129     5957     6131     6130     6128     5958     5953
        1        1        1        1        0        0        0        0       20        0      124     1338     1337     1284     1272     1664     1663     1610     1598
     5227     5225     5068     5228     1873     6127     5986     6129     6128     6126     5987     5958
        1        1        1        1        0        0        0        0       20        0      125     1337     1336     1286     1284     1663     1662     1612     1610
     5224     5222     5073     5225     1874     6125     5991     6127     6126     6124     5992     5987
        1        1        1        1        0        0        0        0       20        0      126     1336     1335     1288     1286     1662     1661     1614     1612
     5221     5219     5078     5222     1875     6123     5996     6125     6124     6122     5997     5992
        1        1        1        1        0        0        0        0       20        0      127     1335     1334     1290     1288     1661     1660     1616     1614
     5218     5216     5083     5219     1876     6121     6001     6123     6122     6120     6002     5997
        1        1        1        1        0        0        0        0       20        0      128     1334     1333     1292     1290     1660     1659     1618     1616
     5215     5213     5088     5216     1877     6119     6006     6121     6120     6118     6007     6002
        1        1        1        1        0        0        0        0       20        0      129     1333     1332     1281     1292     1659     1658     1607     1618
     5212     5210     5093     5213     1878     6117     6011     6119     6118     6116     5979     6007
        1        1        1        1        0        0        0        0       20        0      130     1332     1331     1279     1281     1658     1657     1605     1607
     5209     5207     5062     5210     1879     6115     5980     6117     6116     6114     5974     5979
        1        1        1        1        0        0        0        0       20        0      131     1331     1330     1220     1279     1657     1656     1546     1605
     5206     5204     5057     5207     1880     6113     5975     6115     6114     6112     5820     5974
        1        1        1        1        0        0        0        0       20        0      132     1330     1329     1219     1220     1656     1655     1545     1546
     5203     5201     4900     5204     1881     6111     5821     6113     6112     6110     5817     5820
        1        1        1        1        0        0        0        0       20        0      133     1329     1328     1218     1219     1655     1654     1544     1545
     5200     5198     4897     5201     1882     6109     5818     6111     6110     6108     5814     5817
        1        1        1        1        0        0        0        0       20        0      134     1328     1327     1217     1218     1654     1653     1543     1544
     5197     5195     4894     5198     1883     6107     5815     6109     6108     6106     5811     5814
        1        1        1        1        0        0        0        0       20        0      135     1327     1326     1215     1217     1653     1652     1541     1543
     5194     5192     4891     5195     1884     6105     5812     6107     6106     6104     5806     5811
        1        1        1        1        0        0        0        0       20        0      136     1326     1325     1216     1215     1652     1651     1542     1541
     5191     5189     4886     5192     1885     6103     5807     6105     6104     6101     5808     5806
        1        1        1        1        0        0        0        0       20        0      137     1325     1324     1278     1216     1651     1650     1604     1542
     5187     5184     5188     5189     1886     6099     6102     6103     6101     6098     5971     5808
        1        1        1        1        0        0        0        0       20        0      138     1311     1136     1132     1212     1637     1462     1458     1538
     5185     4678     4874     5148     6100     5613     5795     6066     6062     5609     5601     5794
        1        1        1        1        0        0        0        0       20        0      139     1324     1323     1273     1278     1650     1649     1599     1604
     5183     5181     5054     5184     1887     6097     5972     6099     6098     1857     5960     5971
        1        1        1        1        0        0        0        0       20        0      140     1323     1322     1274     1273     1649     1648     1600     1599
     5180     5179     5043     5181     2020     6096     5961     6097     1857     6094     5962     5960
        1        1        1        1        0        0        0        0       20        0      141     1322     1158     1276     1274     1648     1484     1602     1600
     5177     5178     5045     5179     2019     6095     5963     6096     6094     5661     5964     5962
        1        1        1        1        0        0        0        0       20        0      142     1179     1317     1154     1155     1505     1643     1480     1481
     5175     5164     4726     4785     6093     6082     5654     5706     5705     6080     5650     5653
        1        1        1        1        0        0        0        0       20        0      143     1320     1321     1319     1318     1646     1647     1645     1644
     5171     5173     5166     5174     6089     6091     6084     6092     6088     6090     6085     6083
        1        1        1        1        0        0        0        0       20        0      144     1318     1319     1237     1236     1644     1645     1563     1562
     5166     5168     4942     5169     6084     6086     5862     6087     6083     6085     5863     5861
        1        1        1        1        0        0        0        0       20        0      145     1317     1316     1214     1154     1643     1642     1540     1480
     5163     5161     4883     5164     6081     6079     5804     6082     6080     6077     5801     5650
        1        1        1        1        0        0        0        0       20        0      146     1316     1315     1211     1214     1642     1641     1537     1540
     5160     5158     4881     5161     6078     6076     5802     6079     6077     6074     5790     5801
        1        1        1        1        0        0        0        0       20        0      147     1315     1314     1210     1211     1641     1640     1536     1537
     5157     5155     4870     5158     6075     6073     5791     6076     6074     6071     5792     5790
        1        1        1        1        0        0        0        0       20        0      148     1314     1313     1209     1210     1640     1639     1535     1536
     5154     5152     4872     5155     6072     6070     5793     6073     6071     6068     5787     5792
        1        1        1        1        0        0        0        0       20        0      149     1313     1312     1212     1209     1639     1638     1538     1535
     5151     5149     4875     5152     6069     6067     5796     6070     6068     6064     5794     5787
        1        1        1        1        0        0        0        0       20        0      150     1312     1310     1311     1212     1638     1636     1637     1538
     5147     5145     5148     5149     6065     6063     6066     6067     6064     6059     6062     5794
        1        1        1        1        0        0        0        0       20        0      151     1310     1308     1309     1311     1636     1634     1635     1637
     5142     5140     5143     5145     6060     6058     6061     6063     6059     6054     6057     6062
        1        1        1        1        0        0        0        0       20        0      152     1308     1306     1307     1309     1634     1632     1633     1635
     5137     5135     5138     5140     6055     6053     6056     6058     6054     6049     6052     6057
        1        1        1        1        0        0        0        0       20        0      153     1306     1305     1153     1307     1632     1631     1479     1633
     5132     5130     5133     5135     6050     6048     6051     6053     6049     6046     5648     6052
        1        1        1        1        0        0        0        0       20        0      154     1305     1304     1151     1153     1631     1630     1477     1479
     5129     5127     4721     5130     6047     6045     5649     6048     6046     6043     5644     5648
        1        1        1        1        0        0        0        0       20        0      155     1304     1303     1152     1151     1630     1629     1478     1477
     5126     5124     4716     5127     6044     6042     5645     6045     6043     6040     5646     5644
        1        1        1        1        0        0        0        0       20        0      156     1303     1302     1186     1152     1629     1628     1512     1478
     5123     5121     5055     5124     6041     6039     5973     6042     6040     6037     5724     5646
        1        1        1        1        0        0        0        0       20        0      157     1302     1301     1184     1186     1628     1627     1510     1512
     5120     5118     4804     5121     6038     6036     5725     6039     6037     6034     5718     5724
        1        1        1        1        0        0        0        0       20        0      158     1301     1300     1185     1184     1627     1626     1511     1510
     5117     5115     4798     5118     6035     6033     5719     6036     6034     6031     5720     5718
        1        1        1        1        0        0        0        0       20        0      159     1300     1299     1193     1185     1626     1625     1519     1511
     5114     5112     4823     5115     6032     6030     5744     6033     6031     6028     5742     5720
        1        1        1        1        0        0        0        0       20        0      160     1299     1298     1202     1193     1625     1624     1528     1519
     5111     5109     4848     5112     6029     6027     5769     6030     6028     6025     5767     5742
        1        1        1        1        0        0        0        0       20        0      161     1298     1297     1201     1202     1624     1623     1527     1528
     5108     5106     4847     5109     6026     6024     5768     6027     6025     6022     5764     5767
        1        1        1        1        0        0        0        0       20        0      162     1297     1296     1208     1201     1623     1622     1534     1527
     5105     5103     4865     5106     6023     6021     5786     6024     6022     6019     5784     5764
        1        1        1        1        0        0        0        0       20        0      163     1296     1295     1280     1208     1622     1621     1606     1534
     5102     5100     5058     5103     6020     6018     5976     6021     6019     6016     5977     5784
        1        1        1        1        0        0        0        0       20        0      164     1295     1294     1282     1280     1621     1620     1608     1606
     5099     5097     5063     5100     6017     6015     5981     6018     6016     6013     5982     5977
        1        1        1        1        0        0        0        0       20        0      165     1294     1293     1281     1282     1620     1619     1607     1608
     5096     5094     5065     5097     6014     6012     5983     6015     6013     6009     5979     5982
        1        1        1        1        0        0        0        0       20        0      166     1293     1291     1292     1281     1619     1617     1618     1607
     5092     5090     5093     5094     6010     6008     6011     6012     6009     6004     6007     5979
        1        1        1        1        0        0        0        0       20        0      167     1291     1289     1290     1292     1617     1615     1616     1618
     5087     5085     5088     5090     6005     6003     6006     6008     6004     5999     6002     6007
        1        1        1        1        0        0        0        0       20        0      168     1289     1287     1288     1290     1615     1613     1614     1616
     5082     5080     5083     5085     6000     5998     6001     6003     5999     5994     5997     6002
        1        1        1        1        0        0        0        0       20        0      169     1287     1285     1286     1288     1613     1611     1612     1614
     5077     5075     5078     5080     5995     5993     5996     5998     5994     5989     5992     5997
        1        1        1        1        0        0        0        0       20        0      170     1285     1283     1284     1286     1611     1609     1610     1612
     5072     5070     5073     5075     5990     5988     5991     5993     5989     5984     5987     5992
        1        1        1        1        0        0        0        0       20        0      171     1283     1271     1272     1284     1609     1597     1598     1610
     5067     5041     5068     5070     5985     5959     5986     5988     5984     5955     5958     5987
        1        1        1        1        0        0        0        0       20        0      172     1281     1279     1280     1282     1607     1605     1606     1608
     5062     5060     5063     5065     5980     5978     5981     5983     5979     5974     5977     5982
        1        1        1        1        0        0        0        0       20        0      173     1279     1220     1208     1280     1605     1546     1534     1606
     5057     4901     5058     5060     5975     5822     5976     5978     5974     5820     5784     5977
        1        1        1        1        0        0        0        0       20        0      174     1186     1110     1109     1152     1512     1436     1435     1478
     4802     4610     4718     5055     5723     5551     5647     5973     5724     5552     5550     5646
        1        1        1        1        0        0        0        0       20        0      175     1275     1277     1278     1273     1601     1603     1604     1599
     5050     5052     5054     5049     5968     5970     5972     5967     5966     5969     5971     5960
        1        1        1        1        0        0        0        0       20        0      176     1273     1274     1276     1275     1599     1600     1602     1601
     5043     5045     5047     5049     5961     5963     5965     5967     5960     5962     5964     5966
        1        1        1        1        0        0        0        0       20        0      177     1271     1269     1270     1272     1597     1595     1596     1598
     5038     5036     5039     5041     5956     5954     5957     5959     5955     5950     5953     5958
        1        1        1        1        0        0        0        0       20        0      178     1269     1267     1268     1270     1595     1593     1594     1596
     5033     5031     5034     5036     5951     5949     5952     5954     5950     5945     5948     5953
        1        1        1        1        0        0        0        0       20        0      179     1267     1265     1266     1268     1593     1591     1592     1594
     5028     5026     5029     5031     5946     5944     5947     5949     5945     5940     5943     5948
        1        1        1        1        0        0        0        0       20        0      180     1265     1263     1264     1266     1591     1589     1590     1592
     5023     5021     5024     5026     5941     5939     5942     5944     5940     5935     5938     5943
        1        1        1        1        0        0        0        0       20        0      181     1263     1261     1262     1264     1589     1587     1588     1590
     5018     5016     5019     5021     5936     5934     5937     5939     5935     5930     5933     5938
        1        1        1        1        0        0        0        0       20        0      182     1261     1259     1260     1262     1587     1585     1586     1588
     5013     5011     5014     5016     5931     5929     5932     5934     5930     5925     5928     5933
        1        1        1        1        0        0        0        0       20        0      183     1259     1257     1258     1260     1585     1583     1584     1586
     5008     5006     5009     5011     5926     5924     5927     5929     5925     5920     5923     5928
        1        1        1        1        0        0        0        0       20        0      184     1257     1255     1256     1258     1583     1581     1582     1584
     5003     5001     5004     5006     5921     5919     5922     5924     5920     5915     5918     5923
        1        1        1        1        0        0        0        0       20        0      185     1255     1175     1173     1256     1581     1501     1499     1582
     4998     4772     4999     5001     5916     5693     5917     5919     5915     5694     5692     5918
        1        1        1        1        0        0        0        0       20        0      186     1174     1254     1253     1177     1500     1580     1579     1503
     4996     4995     4992     4779     5914     5913     5910     5700     5696     5911     5906     5701
        1        1        1        1        0        0        0        0       20        0      187     1254     1251     1252     1253     1580     1577     1578     1579
     4994     4987     4989     4995     5912     5905     5907     5913     5911     5901     5904     5906
        1        1        1        1        0        0        0        0       20        0      188     1177     1253     1224     1188     1503     1579     1550     1514
     4992     4991     4909     4808     5910     5909     5830     5729     5701     5906     5831     5730
        1        1        1        1        0        0        0        0       20        0      189     1253     1252     1225     1224     1579     1578     1551     1550
     4989     4990     4916     4991     5907     5908     5837     5909     5906     5904     5833     5831
        1        1        1        1        0        0        0        0       20        0      190     1251     1250     1249     1252     1577     1576     1575     1578
     4984     4979     4985     4987     5902     5897     5903     5905     5901     5898     5896     5904
        1        1        1        1        0        0        0        0       20        0      191     1249     1250     1247     1248     1575     1576     1573     1574
     4979     4981     4977     4982     5897     5899     5895     5900     5896     5898     5891     5894
        1        1        1        1        0        0        0        0       20        0      192     1247     1245     1246     1248     1573     1571     1572     1574
     4974     4972     4975     4977     5892     5890     5893     5895     5891     5886     5889     5894
        1        1        1        1        0        0        0        0       20        0      193     1245     1243     1244     1246     1571     1569     1570     1572
     4969     4967     4970     4972     5887     5885     5888     5890     5886     5881     5884     5889
        1        1        1        1        0        0        0        0       20        0      194     1243     1241     1242     1244     1569     1567     1568     1570
     4964     4962     4965     4967     5882     5880     5883     5885     5881     5876     5879     5884
        1        1        1        1        0        0        0        0       20        0      195     1241     1240     1239     1242     1567     1566     1565     1568
     4959     4957     4960     4962     5877     5875     5878     5880     5876     5873     5871     5879
        1        1        1        1        0        0        0        0       20        0      196     1240     1166     1165     1239     1566     1492     1491     1565
     4956     4754     4954     4957     5874     5677     5872     5875     5873     5678     5676     5871
        1        1        1        1        0        0        0        0       20        0      197       19       67     1239     1165       21       68     1565     1491
     1945     4952     4954     4949     2191     5870     5872     5868     2113     2190     5871     5676
        1        1        1        1        0        0        0        0       20        0      198     1238       19     1165     1167     1564       21     1491     1493
     4947     4949     4760     4950     5867     5868     5683     5869     5866     2113     5676     5682
        1        1        1        1        0        0        0        0       20        0      199     1236     1237     1161     1195     1562     1563     1487     1521
     4942     4944     4828     4945     5862     5864     5749     5865     5861     5863     5666     5748
        1        1        1        1        0        0        0        0       20        0      200     1235     1227     1229     1234     1561     1553     1555     1560
     4939     4924     4940     4938     5859     5845     5860     5858     5857     5838     5844     5854
        1        1        1        1        0        0        0        0       20        0      201     1234     1232     1231     1235     1560     1558     1557     1561
     4935     4933     4936     4938     5855     5853     5856     5858     5854     5849     5847     5857
        1        1        1        1        0        0        0        0       20        0      202     1232     1233     1162     1231     1558     1559     1488     1557
     4930     4932     4928     4933     5850     5852     5848     5853     5849     5851     5669     5847
        1        1        1        1        0        0        0        0       20        0      203       31       10     1231     1162       33       12     1557     1488
     2005     4926     4928     4747     2143     5846     5848     5671     2132     2100     5847     5669
        1        1        1        1        0        0        0        0       20        0      204     1227     1228     1230     1229     1553     1554     1556     1555
     4918     4920     4922     4924     5839     5841     5843     5845     5838     5840     5842     5844
        1        1        1        1        0        0        0        0       20        0      205     1225     1226     1223     1224     1551     1552     1549     1550
     4913     4915     4911     4916     5834     5836     5832     5837     5833     5835     5828     5831
        1        1        1        1        0        0        0        0       20        0      206     1223     1221     1188     1224     1549     1547     1514     1550
     4908     4906     4909     4911     5829     5827     5830     5832     5828     5823     5730     5831
        1        1        1        1        0        0        0        0       20        0      207     1221     1222     1187     1188     1547     1548     1513     1514
     4903     4905     4810     4906     5824     5826     5731     5827     5823     5825     5727     5730
        1        1        1        1        0        0        0        0       20        0      208     1220     1219     1207     1208     1546     1545     1533     1534
     4900     4898     4864     4901     5821     5819     5785     5822     5820     5817     5781     5784
        1        1        1        1        0        0        0        0       20        0      209     1219     1218     1206     1207     1545     1544     1532     1533
     4897     4895     4861     4898     5818     5816     5782     5819     5817     5814     5778     5781
        1        1        1        1        0        0        0        0       20        0      210     1218     1217     1205     1206     1544     1543     1531     1532
     4894     4892     4858     4895     5815     5813     5779     5816     5814     5811     5775     5778
        1        1        1        1        0        0        0        0       20        0      211     1217     1215     1203     1205     1543     1541     1529     1531
     4891     4889     4855     4892     5812     5810     5776     5813     5811     5806     5770     5775
        1        1        1        1        0        0        0        0       20        0      212     1215     1216     1204     1203     1541     1542     1530     1529
     4886     4888     4850     4889     5807     5809     5771     5810     5806     5808     5772     5770
        1        1        1        1        0        0        0        0       20        0      213     1154     1214     1213     1130     1480     1540     1539     1456
     4883     4882     4884     4723     5804     5803     5805     5651     5650     5801     5799     5597
        1        1        1        1        0        0        0        0       20        0      214     1214     1211     1134     1213     1540     1537     1460     1539
     4881     4868     4879     4882     5802     5789     5800     5803     5801     5790     5607     5799
        1        1        1        1        0        0        0        0       20        0      215     1135     1164     1213     1134     1461     1490     1539     1460
     4876     4877     4879     4671     5797     5798     5800     5606     5605     5673     5799     5607
        1        1        1        1        0        0        0        0       20        0      216     1212     1132     1134     1209     1538     1458     1460     1535
     4874     4673     4867     4875     5795     5608     5788     5796     5794     5601     5607     5787
        1        1        1        1        0        0        0        0       20        0      217     1209     1134     1211     1210     1535     1460     1537     1536
     4867     4868     4870     4872     5788     5789     5791     5793     5787     5607     5790     5792
        1        1        1        1        0        0        0        0       20        0      218     1208     1207     1199     1201     1534     1533     1525     1527
     4864     4862     4844     4865     5785     5783     5765     5786     5784     5781     5759     5764
        1        1        1        1        0        0        0        0       20        0      219     1207     1206     1192     1199     1533     1532     1518     1525
     4861     4859     4839     4862     5782     5780     5760     5783     5781     5778     5739     5759
        1        1        1        1        0        0        0        0       20        0      220     1206     1205     1189     1192     1532     1531     1515     1518
     4858     4856     4819     4859     5779     5777     5740     5780     5778     5775     5733     5739
        1        1        1        1        0        0        0        0       20        0      221     1205     1203     1190     1189     1531     1529     1516     1515
     4855     4853     4813     4856     5776     5774     5734     5777     5775     5770     5735     5733
        1        1        1        1        0        0        0        0       20        0      222     1203     1204     1196     1190     1529     1530     1522     1516
     4850     4852     4833     4853     5771     5773     5754     5774     5770     5772     5750     5735
        1        1        1        1        0        0        0        0       20        0      223     1193     1202     1200     1191     1519     1528     1526     1517
     4848     4845     4840     4822     5769     5766     5761     5743     5742     5767     5762     5737
        1        1        1        1        0        0        0        0       20        0      224     1201     1199     1200     1202     1527     1525     1526     1528
     4844     4842     4845     4847     5765     5763     5766     5768     5764     5759     5762     5767
        1        1        1        1        0        0        0        0       20        0      225     1199     1192     1191     1200     1525     1518     1517     1526
     4839     4817     4840     4842     5760     5738     5761     5763     5759     5739     5737     5762
        1        1        1        1        0        0        0        0       20        0      226     1196     1140     1198     1197     1522     1466     1524     1523
     4834     4835     4837     4830     5755     5756     5758     5751     5750     5620     5757     5752
        1        1        1        1        0        0        0        0       20        0      227     1196     1197     1183     1190     1522     1523     1509     1516
     4830     4832     4815     4833     5751     5753     5736     5754     5750     5752     5713     5735
        1        1        1        1        0        0        0        0       20        0      228     1160     1194     1195     1161     1486     1520     1521     1487
     4824     4826     4828     4739     5745     5747     5749     5665     5664     5746     5748     5666
        1        1        1        1        0        0        0        0       20        0      229     1193     1191     1181     1185     1519     1517     1507     1511
     4822     4820     4800     4823     5743     5741     5721     5744     5742     5737     5711     5720
        1        1        1        1        0        0        0        0       20        0      230     1191     1192     1189     1181     1517     1518     1515     1507
     4817     4819     4811     4820     5738     5740     5732     5741     5737     5739     5733     5711
        1        1        1        1        0        0        0        0       20        0      231     1181     1189     1190     1183     1507     1515     1516     1509
     4811     4813     4815     4791     5732     5734     5736     5712     5711     5733     5735     5713
        1        1        1        1        0        0        0        0       20        0      232     1187     1176     1177     1188     1513     1502     1503     1514
     4807     4781     4808     4810     5728     5702     5729     5731     5727     5698     5701     5730
        1        1        1        1        0        0        0        0       20        0      233     1180     1182     1106     1110     1506     1508     1432     1436
     4795     4805     4612     4801     5716     5726     5553     5722     5709     5715     5545     5552
        1        1        1        1        0        0        0        0       20        0      234     1180     1110     1186     1184     1506     1436     1512     1510
     4801     4802     4804     4796     5722     5723     5725     5717     5709     5552     5724     5718
        1        1        1        1        0        0        0        0       20        0      235     1180     1184     1185     1181     1506     1510     1511     1507
     4796     4798     4800     4789     5717     5719     5721     5710     5709     5718     5720     5711
        1        1        1        1        0        0        0        0       20        0      236     1180     1181     1183     1182     1506     1507     1509     1508
     4789     4791     4793     4795     5710     5712     5714     5716     5709     5711     5713     5715
        1        1        1        1        0        0        0        0       20        0      237     1120     1178     1115     1113     1446     1504     1441     1439
     4787     4786     4620     4635     5708     5707     5560     5575     5574     5703     5561     5559
        1        1        1        1        0        0        0        0       20        0      238     1178     1179     1155     1115     1504     1505     1481     1441
     4783     4785     4727     4786     5704     5706     5655     5707     5703     5705     5653     5561
        1        1        1        1        0        0        0        0       20        0      239     1176     1172     1174     1177     1502     1498     1500     1503
     4778     4776     4779     4781     5699     5697     5700     5702     5698     5690     5696     5701
        1        1        1        1        0        0        0        0       20        0      240     1172     1173     1175     1174     1498     1499     1501     1500
     4770     4772     4774     4776     5691     5693     5695     5697     5690     5692     5694     5696
        1        1        1        1        0        0        0        0       20        0      241     1166     1171     1169     1168     1492     1497     1495     1494
     4766     4768     4761     4756     5688     2036     5684     5679     5678     5689     5685     5680
        1        1        1        1        0        0        0        0       20        0      242     1168     1169     1170     1167     1494     1495     1496     1493
     4761     4763     4765     4758     5684     2035     5687     5681     5680     5685     5686     5682
        1        1        1        1        0        0        0        0       20        0      243     1165     1166     1168     1167     1491     1492     1494     1493
     4754     4756     4758     4760     5677     5679     5681     5683     5676     5678     5680     5682
        1        1        1        1        0        0        0        0       20        0      244     1128     1131     1164     1163     1454     1457     1490     1489
     4665     4748     4750     4752     5600     5672     5674     1970     5592     5599     5673     5675
        1        1        1        1        0        0        0        0       20        0      245     1162     1159       32       31     1488     1485       34       33
     4745     4743     2006     4747     5670     5668     2133     5671     5669     5662     2135     2132
        1        1        1        1        0        0        0        0       20        0      246     1159     1160     1161       32     1485     1486     1487       34
     4737     4739     4741     4743     5663     5665     5667     5668     5662     5664     5666     2135
        1        1        1        1        0        0        0        0       20        0      247     1121     1150     1158     1156     1447     1476     1484     1482
     4713     4733     4735     4728     5642     5660     2018     5656     5578     5641     5661     5657
        1        1        1        1        0        0        0        0       20        0      248     1121     1156     1157     1122     1447     1482     1483     1448
     4728     4730     4732     4639     5656     2017     5659     5579     5578     5657     5658     5580
        1        1        1        1        0        0        0        0       20        0      249     1129     1114     1115     1155     1455     1440     1441     1481
     4658     4622     4727     4724     5593     5562     5655     5652     5594     5563     5561     5653
        1        1        1        1        0        0        0        0       20        0      250     1154     1130     1129     1155     1480     1456     1455     1481
     4723     4661     4724     4726     5651     5596     5652     5654     5650     5597     5594     5653
        1        1        1        1        0        0        0        0       20        0      251     1151     1152     1109     1153     1477     1478     1435     1479
     4716     4718     4719     4721     5645     5647     1980     5649     5644     5646     5550     5648
        1        1        1        1        0        0        0        0       20        0      252     1150     1121     1118     1127     1476     1447     1444     1453
     4713     4637     4655     4714     5642     5577     5591     5643     5641     5578     5570     5590
        1        1        1        1        0        0        0        0       20        0      253     1126     1124     1148     1143     1452     1450     1474     1469
     4652     4711     4710     4705     5589     1766     5640     5636     5588     5583     5637     5624
        1        1        1        1        0        0        0        0       20        0      254     1148     1149     1139     1143     1474     1475     1465     1469
     4707     4709     4690     4710     1975     5639     5625     5640     5637     5638     5616     5624
        1        1        1        1        0        0        0        0       20        0      255     1143     1142     1147     1126     1469     1468     1473     1452
     4688     4702     4704     4705     5623     5634     1986     5636     5624     5622     5635     5588
        1        1        1        1        0        0        0        0       20        0      256     1111     1107     1145     1137     1437     1433     1471     1463
     4614     4701     4700     4695     5555     1974     5633     5629     5556     5548     5630     5611
        1        1        1        1        0        0        0        0       20        0      257     1145     1146     1133     1137     1471     1472     1459     1463
     4697     4699     4677     4700     1967     5632     5612     5633     5630     5631     5603     5611
        1        1        1        1        0        0        0        0       20        0      258     1137     1136     1144     1111     1463     1462     1470     1437
     4675     4692     4694     4695     5610     5627     1762     5629     5611     5609     5628     5556
        1        1        1        1        0        0        0        0       20        0      259     1142     1143     1139     1138     1468     1469     1465     1464
     4688     4690     4680     4691     5623     5625     5615     5626     5622     5624     5616     5614
        1        1        1        1        0        0        0        0       20        0      260     1138     1139     1141     1140     1464     1465     1467     1466
     4680     4682     4684     4686     5615     5617     5619     5621     5614     5616     5618     5620
        1        1        1        1        0        0        0        0       20        0      261     1136     1137     1133     1132     1462     1463     1459     1458
     4675     4677     4667     4678     5610     5612     5602     5613     5609     5611     5603     5601
        1        1        1        1        0        0        0        0       20        0      262     1132     1133     1135     1134     1458     1459     1461     1460
     4667     4669     4671     4673     5602     5604     5606     5608     5601     5603     5605     5607
        1        1        1        1        0        0        0        0       20        0      263     1129     1130     1131     1128     1455     1456     1457     1454
     4661     4663     4665     4660     5596     5598     5600     5595     5594     5597     5599     5592
        1        1        1        1        0        0        0        0       20        0      264     1128     1125     1114     1129     1454     1451     1440     1455
     4657     4647     4658     4660     1763     5586     5593     5595     5592     5587     5563     5594
        1        1        1        1        0        0        0        0       20        0      265     1117     1127     1118     1113     1443     1453     1444     1439
     4653     4655     4636     4629     1761     5591     5576     5569     5568     5590     5570     5559
        1        1        1        1        0        0        0        0       20        0      266     1126     1117     1116     1124     1452     1443     1442     1450
     4651     4627     4645     4652     1985     5567     5584     5589     5588     5568     5566     5583
        1        1        1        1        0        0        0        0       20        0      267     1114     1125     1123     1112     1440     1451     1449     1438
     4647     4649     4646     4624     5586     1764     5585     5564     5563     5587     5582     5557
        1        1        1        1        0        0        0        0       20        0      268     1123     1124     1116     1112     1449     1450     1442     1438
     4643     4645     4625     4646     1765     5584     5565     5585     5582     5583     5566     5557
        1        1        1        1        0        0        0        0       20        0      269     1118     1121     1122     1119     1444     1447     1448     1445
     4637     4639     4641     4631     5577     5579     5581     5571     5570     5578     5580     5572
        1        1        1        1        0        0        0        0       20        0      270     1118     1119     1120     1113     1444     1445     1446     1439
     4631     4633     4635     4636     5571     5573     5575     5576     5570     5572     5574     5559
        1        1        1        1        0        0        0        0       20        0      271     1112     1116     1117     1113     1438     1442     1443     1439
     4625     4627     4629     4618     5565     5567     5569     5558     5557     5566     5568     5559
        1        1        1        1        0        0        0        0       20        0      272     1112     1113     1115     1114     1438     1439     1441     1440
     4618     4620     4622     4624     5558     5560     5562     5564     5557     5559     5561     5563
        1        1        1        1        0        0        0        0       20        0      273     1107     1111     1109     1105     1433     1437     1435     1431
     4614     4616     4613     4608     5555     1981     5554     5549     5548     5556     5550     5543
        1        1        1        1        0        0        0        0       20        0      274     1109     1110     1106     1105     1435     1436     1432     1431
     4610     4612     4602     4613     5551     5553     5544     5554     5550     5552     5545     5543
        1        1        1        1        0        0        0        0       20        0      275     1105     1106     1108     1107     1431     1432     1434     1433
     4602     4604     4606     4608     5544     5546     1973     5549     5543     5545     5547     5548
        1        1        1        1        0        0        0        0       20        0      276      805     1104      797      795     1149     1430     1141     1139
     4600     4599     3722     3749     5542     5541     4682     4709     4708     5539     4683     4681
        1        1        1        1        0        0        0        0       20        0      277     1104     1103     1098      797     1430     1429     1424     1141
     4598     4596     4574     4599     5540     5538     5516     5541     5539     5536     5517     4683
        1        1        1        1        0        0        0        0       20        0      278     1103     1102     1099     1098     1429     1428     1425     1424
     4595     4593     4580     4596     5537     5535     5522     5538     5536     5533     5519     5517
        1        1        1        1        0        0        0        0       20        0      279     1102     1101      840     1099     1428     1427     1182     1425
     4592     4590     4578     4593     5534     5532     5520     5535     5533     5530     4794     5519
        1        1        1        1        0        0        0        0       20        0      280     1101      764      762      840     1427     1108     1106     1182
     4589     3644     3846     4590     5531     4604     4805     5532     5530     4605     4603     4794
        1        1        1        1        0        0        0        0       20        0      281      802     1100      791      789     1146     1426     1135     1133
     4587     4586     3709     3739     5529     5528     4669     4699     4698     5526     4670     4668
        1        1        1        1        0        0        0        0       20        0      282     1100      821      822      791     1426     1163     1164     1135
     4585     3791     3917     4586     5527     4750     4876     5528     5526     4751     4749     4670
        1        1        1        1        0        0        0        0       20        0      283      783      803     1097      806     1127     1147     1423     1150
     4583     4582     4572     3754     5525     5524     5514     4714     4654     4703     5511     4712
        1        1        1        1        0        0        0        0       20        0      284      803      798     1096     1097     1147     1142     1422     1423
     3742     4581     4570     4582     4702     5523     5512     5524     4703     4687     5508     5511
        1        1        1        1        0        0        0        0       20        0      285      798      794     1095     1096     1142     1138     1421     1422
     3731     4573     4567     4581     4691     5515     5509     5523     4687     4679     5505     5508
        1        1        1        1        0        0        0        0       20        0      286     1098     1099      855      856     1424     1425     1197     1198
     4580     4579     3878     4576     5522     5521     4837     5518     5517     5519     4831     4836
        1        1        1        1        0        0        0        0       20        0      287     1099      840      841      855     1425     1182     1183     1197
     4578     3834     3873     4579     5520     4793     4832     5521     5519     4794     4792     4831
        1        1        1        1        0        0        0        0       20        0      288      797     1098      856      796     1141     1424     1198     1140
     4574     4576     3876     3724     5516     5518     4835     4684     4683     5517     4836     4685
        1        1        1        1        0        0        0        0       20        0      289     1095      794      796     1094     1421     1138     1140     1420
     4573     3726     4560     4564     5515     4686     5502     5506     5505     4679     4685     5501
        1        1        1        1        0        0        0        0       20        0      290      806     1097      937      814     1150     1423     1276     1158
     4572     4571     4221     3773     5514     5513     5178     4733     4712     5511     5046     4734
        1        1        1        1        0        0        0        0       20        0      291     1097     1096      936      937     1423     1422     1275     1276
     4570     4568     4090     4571     5512     5510     5047     5513     5511     5508     5048     5046
        1        1        1        1        0        0        0        0       20        0      292     1096     1095      938      936     1422     1421     1277     1275
     4567     4565     4093     4568     5509     5507     5050     5510     5508     5505     5051     5048
        1        1        1        1        0        0        0        0       20        0      293     1095     1094      939      938     1421     1420     1278     1277
     4564     4562     4095     4565     5506     5504     5052     5507     5505     5501     5053     5051
        1        1        1        1        0        0        0        0       20        0      294     1094      862      874      939     1420     1204     1216     1278
     4561     3929     4231     4562     5503     4888     5188     5504     5501     4851     4887     5053
        1        1        1        1        0        0        0        0       20        0      295     1094      796      854      862     1420     1140     1196     1204
     4560     3875     3893     4561     5502     4834     4852     5503     5501     4685     4829     4851
        1        1        1        1        0        0        0        0       20        0      296      809      800      970      968     1153     1144     1309     1307
     4558     4557     4181     4176     5500     5499     5138     5133     4720     4693     5139     5134
        1        1        1        1        0        0        0        0       20        0      297      800      792      972      970     1144     1136     1311     1309
     3732     4228     4186     4557     4692     5185     5143     5499     4693     4674     5144     5139
        1        1        1        1        0        0        0        0       20        0      298      822      787      786      871     1164     1131     1130     1213
     3789     3703     3925     3918     4748     4663     4884     4877     4749     4664     4662     4878
        1        1        1        1        0        0        0        0       20        0      299     1081     1093      982     1080       61       63     1321     1419
     4556     4555     4513     4516     2010     5498     5470     5473     1952     5497     5172     5469
        1        1        1        1        0        0        0        0       20        0      300     1093     1092      980      982       63       65     1319     1321
     4554     4552     4216     4555     2009     5496     5173     5498     5497     5495     5167     5172
        1        1        1        1        0        0        0        0       20        0      301     1092     1091      896      980       65       35     1237     1319
     4551     4549     4211     4552     2008     5494     5168     5496     5495     5493     4943     5167
        1        1        1        1        0        0        0        0       20        0      302     1091      817      818      896       35       32     1161     1237
     4548     3781     3986     4549     2007     4741     4944     5494     5493     4742     4740     4943
        1        1        1        1        0        0        0        0       20        0      303      889     1090      894      890       10        9     1235     1231
     4546     4545     3978     3968     2004     5492     4936     4926     4925     5491     4937     4927
        1        1        1        1        0        0        0        0       20        0      304     1090     1089      885      894        9       13     1227     1235
     4544     4542     3981     4545     2003     5490     4939     5492     5491     5489     4917     4937
        1        1        1        1        0        0        0        0       20        0      305     1089     1088      886      885       13       15     1228     1227
     4541     4539     3959     4542     2002     5488     4918     5490     5489     5487     4919     4917
        1        1        1        1        0        0        0        0       20        0      306     1088      898      897      886       15       19     1238     1228
     4538     3989     4360     4539     2001     4947     5317     5488     5487     4948     4946     4919
        1        1        1        1        0        0        0        0       20        0      307      899     1087      903      900       67       69     1242     1239
     4536     4535     4003     3995     1944     5486     4960     4952     4951     5485     4961     4953
        1        1        1        1        0        0        0        0       20        0      308     1087     1086      905      903       69       71     1244     1242
     4534     4532     4008     4535     1943     5484     4965     5486     5485     5483     4966     4961
        1        1        1        1        0        0        0        0       20        0      309     1086     1085      907      905       71       52     1246     1244
     4531     4529     4013     4532     1942     5482     4970     5484     5483     5481     4971     4966
        1        1        1        1        0        0        0        0       20        0      310     1085     1084      909      907       52       50     1248     1246
     4528     4526     4018     4529     1941     5480     4975     5482     5481     1946     4976     4971
        1        1        1        1        0        0        0        0       20        0      311     1084      913      910      909       50     1252     1249     1248
     4525     4028     4025     4526     5479     4985     4982     5480     1946     4986     4978     4976
        1        1        1        1        0        0        0        0       20        0      312     1084     1083      883      913       50       49     1225     1252
     4524     4523     4033     4525     1951     5478     4990     5479     1946     5477     4912     4986
        1        1        1        1        0        0        0        0       20        0      313     1083     1082      884      883       49       57     1226     1225
     4522     4520     3954     4523     1950     5476     4913     5478     5477     5475     4914     4912
        1        1        1        1        0        0        0        0       20        0      314     1082     1081      881      884       57       61     1223     1226
     4519     4517     3956     4520     1949     5474     4915     5476     5475     1952     4907     4914
        1        1        1        1        0        0        0        0       20        0      315     1081     1080      879      881       61     1419     1221     1223
     4516     4515     3949     4517     5473     5472     4908     5474     1952     5469     4902     4907
        1        1        1        1        0        0        0        0       20        0      316     1080     1014      880      879     1419     1353     1222     1221
     4514     4313     3944     4515     5471     5270     4903     5472     5469     5271     4904     4902
        1        1        1        1        0        0        0        0       20        0      317     1080      982      981     1014     1419     1321     1320     1353
     4513     4214     4317     4514     5470     5171     5274     5471     5469     5172     5170     5271
        1        1        1        1        0        0        0        0       20        0      318      813     1079      775      778     1157     1418     1119     1122
     4511     4510     3681     3772     5468     5467     4641     4732     4731     5465     4632     4640
        1        1        1        1        0        0        0        0       20        0      319     1079     1078      776      775     1418     1417     1120     1119
     4509     4507     3673     4510     5466     5464     4633     5467     5465     5462     4634     4632
        1        1        1        1        0        0        0        0       20        0      320     1078     1077      836      776     1417     1416     1178     1120
     4506     4504     3828     4507     5463     5461     4787     5464     5462     5459     4782     4634
        1        1        1        1        0        0        0        0       20        0      321     1077     1076      837      836     1416     1415     1179     1178
     4503     4501     3824     4504     5460     5458     4783     5461     5459     5456     4784     4782
        1        1        1        1        0        0        0        0       20        0      322     1076     1075      978      837     1415     1414     1317     1179
     4500     4498     4218     4501     5457     5455     5175     5458     5456     5453     5162     4784
        1        1        1        1        0        0        0        0       20        0      323     1075     1074      977      978     1414     1413     1316     1317
     4497     4495     4206     4498     5454     5452     5163     5455     5453     5450     5159     5162
        1        1        1        1        0        0        0        0       20        0      324     1074     1073      976      977     1413     1412     1315     1316
     4494     4492     4203     4495     5451     5449     5160     5452     5450     5447     5156     5159
        1        1        1        1        0        0        0        0       20        0      325     1073     1072      975      976     1412     1411     1314     1315
     4491     4489     4200     4492     5448     5446     5157     5449     5447     5444     5153     5156
        1        1        1        1        0        0        0        0       20        0      326     1072     1071      974      975     1411     1410     1313     1314
     4488     4486     4197     4489     5445     5443     5154     5446     5444     5441     5150     5153
        1        1        1        1        0        0        0        0       20        0      327     1071     1070      973      974     1410     1409     1312     1313
     4485     4483     4194     4486     5442     5440     5151     5443     5441     5438     5146     5150
        1        1        1        1        0        0        0        0       20        0      328     1070     1069      971      973     1409     1408     1310     1312
     4482     4480     4190     4483     5439     5437     5147     5440     5438     5435     5141     5146
        1        1        1        1        0        0        0        0       20        0      329     1069     1068      969      971     1408     1407     1308     1310
     4479     4477     4185     4480     5436     5434     5142     5437     5435     5432     5136     5141
        1        1        1        1        0        0        0        0       20        0      330     1068     1067      967      969     1407     1406     1306     1308
     4476     4474     4180     4477     5433     5431     5137     5434     5432     5429     5131     5136
        1        1        1        1        0        0        0        0       20        0      331     1067     1066      966      967     1406     1405     1305     1306
     4473     4471     4175     4474     5430     5428     5132     5431     5429     5426     5128     5131
        1        1        1        1        0        0        0        0       20        0      332     1066     1065      965      966     1405     1404     1304     1305
     4470     4468     4172     4471     5427     5425     5129     5428     5426     5423     5125     5128
        1        1        1        1        0        0        0        0       20        0      333     1065     1064      964      965     1404     1403     1303     1304
     4467     4465     4169     4468     5424     5422     5126     5425     5423     2056     5122     5125
        1        1        1        1        0        0        0        0       20        0      334     1064     1063      963      964     1403     1402     1302     1303
     4464     4463     4166     4465     5421     5420     5123     5422     2056     5418     5119     5122
        1        1        1        1        0        0        0        0       20        0      335     1063     1062      962      963     1402     1401     1301     1302
     4462     4460     4163     4463     5419     5417     5120     5420     5418     5415     5116     5119
        1        1        1        1        0        0        0        0       20        0      336     1062     1061      961      962     1401     1400     1300     1301
     4459     4457     4160     4460     5416     5414     5117     5417     5415     5412     5113     5116
        1        1        1        1        0        0        0        0       20        0      337     1061     1060      960      961     1400     1399     1299     1300
     4456     4454     4157     4457     5413     5411     5114     5414     5412     5409     5110     5113
        1        1        1        1        0        0        0        0       20        0      338     1060     1059      959      960     1399     1398     1298     1299
     4453     4451     4154     4454     5410     5408     5111     5411     5409     5406     5107     5110
        1        1        1        1        0        0        0        0       20        0      339     1059     1058      958      959     1398     1397     1297     1298
     4450     4448     4151     4451     5407     5405     5108     5408     5406     5403     5104     5107
        1        1        1        1        0        0        0        0       20        0      340     1058     1057      957      958     1397     1396     1296     1297
     4447     4445     4148     4448     5404     5402     5105     5405     5403     5400     5101     5104
        1        1        1        1        0        0        0        0       20        0      341     1057     1056      956      957     1396     1395     1295     1296
     4444     4442     4145     4445     5401     5399     5102     5402     5400     5397     5098     5101
        1        1        1        1        0        0        0        0       20        0      342     1056     1055      955      956     1395     1394     1294     1295
     4441     4439     4142     4442     5398     5396     5099     5399     5397     5394     5095     5098
        1        1        1        1        0        0        0        0       20        0      343     1055     1054      954      955     1394     1393     1293     1294
     4438     4436     4139     4439     5395     5393     5096     5396     5394     5391     5091     5095
        1        1        1        1        0        0        0        0       20        0      344     1054     1053      952      954     1393     1392     1291     1293
     4435     4433     4135     4436     5392     5390     5092     5393     5391     5388     5086     5091
        1        1        1        1        0        0        0        0       20        0      345     1053     1052      950      952     1392     1391     1289     1291
     4432     4430     4130     4433     5389     5387     5087     5390     5388     5385     5081     5086
        1        1        1        1        0        0        0        0       20        0      346     1052     1051      948      950     1391     1390     1287     1289
     4429     4427     4125     4430     5386     5384     5082     5387     5385     5382     5076     5081
        1        1        1        1        0        0        0        0       20        0      347     1051     1050      946      948     1390     1389     1285     1287
     4426     4424     4120     4427     5383     5381     5077     5384     5382     5379     5071     5076
        1        1        1        1        0        0        0        0       20        0      348     1050     1049      944      946     1389     1388     1283     1285
     4423     4421     4115     4424     5380     5378     5072     5381     5379     5376     5066     5071
        1        1        1        1        0        0        0        0       20        0      349     1049     1048      932      944     1388     1387     1271     1283
     4420     4418     4110     4421     5377     5375     5067     5378     5376     5373     5037     5066
        1        1        1        1        0        0        0        0       20        0      350     1048     1047      930      932     1387     1386     1269     1271
     4417     4415     4081     4418     5374     5372     5038     5375     5373     5370     5032     5037
        1        1        1        1        0        0        0        0       20        0      351     1047     1046      928      930     1386     1385     1267     1269
     4414     4412     4076     4415     5371     5369     5033     5372     5370     5367     5027     5032
        1        1        1        1        0        0        0        0       20        0      352     1046     1045      926      928     1385     1384     1265     1267
     4411     4409     4071     4412     5368     5366     5028     5369     5367     5364     5022     5027
        1        1        1        1        0        0        0        0       20        0      353     1045     1044      924      926     1384     1383     1263     1265
     4408     4406     4066     4409     5365     5363     5023     5366     5364     5361     5017     5022
        1        1        1        1        0        0        0        0       20        0      354     1044     1043      922      924     1383     1382     1261     1263
     4405     4403     4061     4406     5362     5360     5018     5363     5361     5358     5012     5017
        1        1        1        1        0        0        0        0       20        0      355     1043     1042      920      922     1382     1381     1259     1261
     4402     4400     4056     4403     5359     5357     5013     5360     5358     5355     5007     5012
        1        1        1        1        0        0        0        0       20        0      356     1042     1041      918      920     1381     1380     1257     1259
     4399     4397     4051     4400     5356     5354     5008     5357     5355     5352     5002     5007
        1        1        1        1        0        0        0        0       20        0      357     1041     1040      916      918     1380     1379     1255     1257
     4396     4394     4046     4397     5353     5351     5003     5354     5352     5349     4997     5002
        1        1        1        1        0        0        0        0       20        0      358     1040     1039      833      916     1379     1378     1175     1255
     4393     4391     4041     4394     5350     5348     4998     5351     5349     5346     4773     4997
        1        1        1        1        0        0        0        0       20        0      359     1039     1038      832      833     1378     1377     1174     1175
     4390     4388     3815     4391     5347     5345     4774     5348     5346     5343     4775     4773
        1        1        1        1        0        0        0        0       20        0      360     1038     1037      915      832     1377     1376     1254     1174
     4387     4385     4039     4388     5344     5342     4996     5345     5343     5340     4993     4775
        1        1        1        1        0        0        0        0       20        0      361     1037     1036      912      915     1376     1375     1251     1254
     4384     4382     4037     4385     5341     5339     4994     5342     5340     5337     4983     4993
        1        1        1        1        0        0        0        0       20        0      362     1036     1035      911      912     1375     1374     1250     1251
     4381     4379     4027     4382     5338     5336     4984     5339     5337     5334     4980     4983
        1        1        1        1        0        0        0        0       20        0      363     1035     1034      908      911     1374     1373     1247     1250
     4378     4376     4024     4379     5335     5333     4981     5336     5334     2053     4973     4980
        1        1        1        1        0        0        0        0       20        0      364     1034     1033      906      908     1373     1372     1245     1247
     4375     4374     4017     4376     5332     5331     4974     5333     2053     5329     4968     4973
        1        1        1        1        0        0        0        0       20        0      365     1033     1032      904      906     1372     1371     1243     1245
     4373     4371     4012     4374     5330     5328     4969     5331     5329     5326     4963     4968
        1        1        1        1        0        0        0        0       20        0      366     1032     1031      902      904     1371     1370     1241     1243
     4370     4368     4007     4371     5327     5325     4964     5328     5326     5323     4958     4963
        1        1        1        1        0        0        0        0       20        0      367     1031     1030      901      902     1370     1369     1240     1241
     4367     4365     4002     4368     5324     5322     4959     5325     5323     5320     4955     4958
        1        1        1        1        0        0        0        0       20        0      368     1030      829      824      901     1369     1171     1166     1240
     4364     3807     3999     4365     5321     4766     4956     5322     5320     4767     4755     4955
        1        1        1        1        0        0        0        0       20        0      369      828     1029      897      825     1170     1368     1238     1167
     4362     4361     3992     3806     5319     5318     4950     4765     4764     5315     4946     4759
        1        1        1        1        0        0        0        0       20        0      370     1029     1028      886      897     1368     1367     1228     1238
     4359     4357     4360     4361     5316     5314     5317     5318     5315     5312     4919     4946
        1        1        1        1        0        0        0        0       20        0      371     1028     1027      888      886     1367     1366     1230     1228
     4356     4354     3961     4357     5313     5311     4920     5314     5312     5309     4921     4919
        1        1        1        1        0        0        0        0       20        0      372     1027     1026      887      888     1366     1365     1229     1230
     4353     4351     3963     4354     5310     5308     4922     5311     5309     5306     4923     4921
        1        1        1        1        0        0        0        0       20        0      373     1026     1025      893      887     1365     1364     1234     1229
     4350     4348     3982     4351     5307     5305     4940     5308     5306     5303     4934     4923
        1        1        1        1        0        0        0        0       20        0      374     1025     1024      891      893     1364     1363     1232     1234
     4347     4345     3977     4348     5304     5302     4935     5305     5303     5300     4929     4934
        1        1        1        1        0        0        0        0       20        0      375     1024     1023      892      891     1363     1362     1233     1232
     4344     4342     3972     4345     5301     5299     4930     5302     5300     5297     4931     4929
        1        1        1        1        0        0        0        0       20        0      376     1023     1022      819      892     1362     1361     1162     1233
     4341     4339     3974     4342     5298     5296     4932     5299     5297     5294     4744     4931
        1        1        1        1        0        0        0        0       20        0      377     1022     1021      815      819     1361     1360     1159     1162
     4338     4336     3785     4339     5295     5293     4745     5296     5294     5291     4736     4744
        1        1        1        1        0        0        0        0       20        0      378     1021     1020      816      815     1360     1359     1160     1159
     4335     4333     3777     4336     5292     5290     4737     5293     5291     5288     4738     4736
        1        1        1        1        0        0        0        0       20        0      379     1020     1019      852      816     1359     1358     1194     1160
     4332     4330     3865     4333     5289     5287     4824     5290     5288     5285     4825     4738
        1        1        1        1        0        0        0        0       20        0      380     1019     1018      853      852     1358     1357     1195     1194
     4329     4327     3867     4330     5286     5284     4826     5287     5285     5282     4827     4825
        1        1        1        1        0        0        0        0       20        0      381     1018     1017      895      853     1357     1356     1236     1195
     4326     4324     3987     4327     5283     5281     4945     5284     5282     5279     4941     4827
        1        1        1        1        0        0        0        0       20        0      382     1017     1016      979      895     1356     1355     1318     1236
     4323     4321     4212     4324     5280     5278     5169     5281     5279     5276     5165     4941
        1        1        1        1        0        0        0        0       20        0      383     1016     1015      981      979     1355     1354     1320     1318
     4320     4318     4217     4321     5277     5275     5174     5278     5276     2062     5170     5165
        1        1        1        1        0        0        0        0       20        0      384     1015     1013     1014      981     1354     1352     1353     1320
     4316     4315     4317     4318     5273     5272     5274     5275     2062     5268     5271     5170
        1        1        1        1        0        0        0        0       20        0      385     1013     1012      880     1014     1352     1351     1222     1353
     4312     4310     4313     4315     5269     5267     5270     5272     5268     5265     4904     5271
        1        1        1        1        0        0        0        0       20        0      386     1012     1011      845      880     1351     1350     1187     1222
     4309     4307     3946     4310     5266     5264     4905     5267     5265     5262     4806     4904
        1        1        1        1        0        0        0        0       20        0      387     1011     1010      834      845     1350     1349     1176     1187
     4306     4304     3848     4307     5263     5261     4807     5264     5262     5259     4777     4806
        1        1        1        1        0        0        0        0       20        0      388     1010     1009      830      834     1349     1348     1172     1176
     4303     4301     3819     4304     5260     5258     4778     5261     5259     5256     4769     4777
        1        1        1        1        0        0        0        0       20        0      389     1009     1008      831      830     1348     1347     1173     1172
     4300     4298     3811     4301     5257     5255     4770     5258     5256     5253     4771     4769
        1        1        1        1        0        0        0        0       20        0      390     1008     1007      917      831     1347     1346     1256     1173
     4297     4295     4042     4298     5254     5252     4999     5255     5253     5250     5000     4771
        1        1        1        1        0        0        0        0       20        0      391     1007     1006      919      917     1346     1345     1258     1256
     4294     4292     4047     4295     5251     5249     5004     5252     5250     5247     5005     5000
        1        1        1        1        0        0        0        0       20        0      392     1006     1005      921      919     1345     1344     1260     1258
     4291     4289     4052     4292     5248     5246     5009     5249     5247     5244     5010     5005
        1        1        1        1        0        0        0        0       20        0      393     1005     1004      923      921     1344     1343     1262     1260
     4288     4286     4057     4289     5245     5243     5014     5246     5244     5241     5015     5010
        1        1        1        1        0        0        0        0       20        0      394     1004     1003      925      923     1343     1342     1264     1262
     4285     4283     4062     4286     5242     5240     5019     5243     5241     5238     5020     5015
        1        1        1        1        0        0        0        0       20        0      395     1003     1002      927      925     1342     1341     1266     1264
     4282     4280     4067     4283     5239     5237     5024     5240     5238     5235     5025     5020
        1        1        1        1        0        0        0        0       20        0      396     1002     1001      929      927     1341     1340     1268     1266
     4279     4277     4072     4280     5236     5234     5029     5237     5235     5232     5030     5025
        1        1        1        1        0        0        0        0       20        0      397     1001     1000      931      929     1340     1339     1270     1268
     4276     4274     4077     4277     5233     5231     5034     5234     5232     5229     5035     5030
        1        1        1        1        0        0        0        0       20        0      398     1000      999      933      931     1339     1338     1272     1270
     4273     4271     4082     4274     5230     5228     5039     5231     5229     5226     5040     5035
        1        1        1        1        0        0        0        0       20        0      399      999      998      945      933     1338     1337     1284     1272
     4270     4268     4111     4271     5227     5225     5068     5228     5226     5223     5069     5040
        1        1        1        1        0        0        0        0       20        0      400      998      997      947      945     1337     1336     1286     1284
     4267     4265     4116     4268     5224     5222     5073     5225     5223     5220     5074     5069
        1        1        1        1        0        0        0        0       20        0      401      997      996      949      947     1336     1335     1288     1286
     4264     4262     4121     4265     5221     5219     5078     5222     5220     5217     5079     5074
        1        1        1        1        0        0        0        0       20        0      402      996      995      951      949     1335     1334     1290     1288
     4261     4259     4126     4262     5218     5216     5083     5219     5217     5214     5084     5079
        1        1        1        1        0        0        0        0       20        0      403      995      994      953      951     1334     1333     1292     1290
     4258     4256     4131     4259     5215     5213     5088     5216     5214     5211     5089     5084
        1        1        1        1        0        0        0        0       20        0      404      994      993      942      953     1333     1332     1281     1292
     4255     4253     4136     4256     5212     5210     5093     5213     5211     5208     5061     5089
        1        1        1        1        0        0        0        0       20        0      405      993      992      940      942     1332     1331     1279     1281
     4252     4250     4105     4253     5209     5207     5062     5210     5208     5205     5056     5061
        1        1        1        1        0        0        0        0       20        0      406      992      991      878      940     1331     1330     1220     1279
     4249     4247     4100     4250     5206     5204     5057     5207     5205     5202     4899     5056
        1        1        1        1        0        0        0        0       20        0      407      991      990      877      878     1330     1329     1219     1220
     4246     4244     3941     4247     5203     5201     4900     5204     5202     5199     4896     4899
        1        1        1        1        0        0        0        0       20        0      408      990      989      876      877     1329     1328     1218     1219
     4243     4241     3938     4244     5200     5198     4897     5201     5199     5196     4893     4896
        1        1        1        1        0        0        0        0       20        0      409      989      988      875      876     1328     1327     1217     1218
     4240     4238     3935     4241     5197     5195     4894     5198     5196     5193     4890     4893
        1        1        1        1        0        0        0        0       20        0      410      988      987      873      875     1327     1326     1215     1217
     4237     4235     3932     4238     5194     5192     4891     5195     5193     5190     4885     4890
        1        1        1        1        0        0        0        0       20        0      411      987      986      874      873     1326     1325     1216     1215
     4234     4232     3927     4235     5191     5189     4886     5192     5190     5186     4887     4885
        1        1        1        1        0        0        0        0       20        0      412      986      985      939      874     1325     1324     1278     1216
     4230     4227     4231     4232     5187     5184     5188     5189     5186     5182     5053     4887
        1        1        1        1        0        0        0        0       20        0      413      972      792      788      870     1311     1136     1132     1212
     4228     3718     3915     4191     5185     4678     4874     5148     5144     4674     4666     4873
        1        1        1        1        0        0        0        0       20        0      414      985      984      934      939     1324     1323     1273     1278
     4226     4224     4097     4227     5183     5181     5054     5184     5182     2059     5042     5053
        1        1        1        1        0        0        0        0       20        0      415      984      983      935      934     1323     1322     1274     1273
     4223     4222     4086     4224     5180     5179     5043     5181     2059     5176     5044     5042
        1        1        1        1        0        0        0        0       20        0      416      983      814      937      935     1322     1158     1276     1274
     4220     4221     4088     4222     5177     5178     5045     5179     5176     4734     5046     5044
        1        1        1        1        0        0        0        0       20        0      417      837      978      810      811     1179     1317     1154     1155
     4218     4207     3766     3826     5175     5164     4726     4785     4784     5162     4722     4725
        1        1        1        1        0        0        0        0       20        0      418      981      982      980      979     1320     1321     1319     1318
     4214     4216     4209     4217     5171     5173     5166     5174     5170     5172     5167     5165
        1        1        1        1        0        0        0        0       20        0      419      979      980      896      895     1318     1319     1237     1236
     4209     4211     3984     4212     5166     5168     4942     5169     5165     5167     4943     4941
        1        1        1        1        0        0        0        0       20        0      420      978      977      872      810     1317     1316     1214     1154
     4206     4204     3924     4207     5163     5161     4883     5164     5162     5159     4880     4722
        1        1        1        1        0        0        0        0       20        0      421      977      976      869      872     1316     1315     1211     1214
     4203     4201     3922     4204     5160     5158     4881     5161     5159     5156     4869     4880
        1        1        1        1        0        0        0        0       20        0      422      976      975      868      869     1315     1314     1210     1211
     4200     4198     3911     4201     5157     5155     4870     5158     5156     5153     4871     4869
        1        1        1        1        0        0        0        0       20        0      423      975      974      867      868     1314     1313     1209     1210
     4197     4195     3913     4198     5154     5152     4872     5155     5153     5150     4866     4871
        1        1        1        1        0        0        0        0       20        0      424      974      973      870      867     1313     1312     1212     1209
     4194     4192     3916     4195     5151     5149     4875     5152     5150     5146     4873     4866
        1        1        1        1        0        0        0        0       20        0      425      973      971      972      870     1312     1310     1311     1212
     4190     4188     4191     4192     5147     5145     5148     5149     5146     5141     5144     4873
        1        1        1        1        0        0        0        0       20        0      426      971      969      970      972     1310     1308     1309     1311
     4185     4183     4186     4188     5142     5140     5143     5145     5141     5136     5139     5144
        1        1        1        1        0        0        0        0       20        0      427      969      967      968      970     1308     1306     1307     1309
     4180     4178     4181     4183     5137     5135     5138     5140     5136     5131     5134     5139
        1        1        1        1        0        0        0        0       20        0      428      967      966      809      968     1306     1305     1153     1307
     4175     4173     4176     4178     5132     5130     5133     5135     5131     5128     4720     5134
        1        1        1        1        0        0        0        0       20        0      429      966      965      807      809     1305     1304     1151     1153
     4172     4170     3761     4173     5129     5127     4721     5130     5128     5125     4715     4720
        1        1        1        1        0        0        0        0       20        0      430      965      964      808      807     1304     1303     1152     1151
     4169     4167     3756     4170     5126     5124     4716     5127     5125     5122     4717     4715
        1        1        1        1        0        0        0        0       20        0      431      964      963      844      808     1303     1302     1186     1152
     4166     4164     4098     4167     5123     5121     5055     5124     5122     5119     4803     4717
        1        1        1        1        0        0        0        0       20        0      432      963      962      842      844     1302     1301     1184     1186
     4163     4161     3845     4164     5120     5118     4804     5121     5119     5116     4797     4803
        1        1        1        1        0        0        0        0       20        0      433      962      961      843      842     1301     1300     1185     1184
     4160     4158     3839     4161     5117     5115     4798     5118     5116     5113     4799     4797
        1        1        1        1        0        0        0        0       20        0      434      961      960      851      843     1300     1299     1193     1185
     4157     4155     3864     4158     5114     5112     4823     5115     5113     5110     4821     4799
        1        1        1        1        0        0        0        0       20        0      435      960      959      860      851     1299     1298     1202     1193
     4154     4152     3889     4155     5111     5109     4848     5112     5110     5107     4846     4821
        1        1        1        1        0        0        0        0       20        0      436      959      958      859      860     1298     1297     1201     1202
     4151     4149     3888     4152     5108     5106     4847     5109     5107     5104     4843     4846
        1        1        1        1        0        0        0        0       20        0      437      958      957      866      859     1297     1296     1208     1201
     4148     4146     3906     4149     5105     5103     4865     5106     5104     5101     4863     4843
        1        1        1        1        0        0        0        0       20        0      438      957      956      941      866     1296     1295     1280     1208
     4145     4143     4101     4146     5102     5100     5058     5103     5101     5098     5059     4863
        1        1        1        1        0        0        0        0       20        0      439      956      955      943      941     1295     1294     1282     1280
     4142     4140     4106     4143     5099     5097     5063     5100     5098     5095     5064     5059
        1        1        1        1        0        0        0        0       20        0      440      955      954      942      943     1294     1293     1281     1282
     4139     4137     4108     4140     5096     5094     5065     5097     5095     5091     5061     5064
        1        1        1        1        0        0        0        0       20        0      441      954      952      953      942     1293     1291     1292     1281
     4135     4133     4136     4137     5092     5090     5093     5094     5091     5086     5089     5061
        1        1        1        1        0        0        0        0       20        0      442      952      950      951      953     1291     1289     1290     1292
     4130     4128     4131     4133     5087     5085     5088     5090     5086     5081     5084     5089
        1        1        1        1        0        0        0        0       20        0      443      950      948      949      951     1289     1287     1288     1290
     4125     4123     4126     4128     5082     5080     5083     5085     5081     5076     5079     5084
        1        1        1        1        0        0        0        0       20        0      444      948      946      947      949     1287     1285     1286     1288
     4120     4118     4121     4123     5077     5075     5078     5080     5076     5071     5074     5079
        1        1        1        1        0        0        0        0       20        0      445      946      944      945      947     1285     1283     1284     1286
     4115     4113     4116     4118     5072     5070     5073     5075     5071     5066     5069     5074
        1        1        1        1        0        0        0        0       20        0      446      944      932      933      945     1283     1271     1272     1284
     4110     4084     4111     4113     5067     5041     5068     5070     5066     5037     5040     5069
        1        1        1        1        0        0        0        0       20        0      447      942      940      941      943     1281     1279     1280     1282
     4105     4103     4106     4108     5062     5060     5063     5065     5061     5056     5059     5064
        1        1        1        1        0        0        0        0       20        0      448      940      878      866      941     1279     1220     1208     1280
     4100     3942     4101     4103     5057     4901     5058     5060     5056     4899     4863     5059
        1        1        1        1        0        0        0        0       20        0      449      844      766      765      808     1186     1110     1109     1152
     3843     3650     3758     4098     4802     4610     4718     5055     4803     4611     4609     4717
        1        1        1        1        0        0        0        0       20        0      450      936      938      939      934     1275     1277     1278     1273
     4093     4095     4097     4092     5050     5052     5054     5049     5048     5051     5053     5042
        1        1        1        1        0        0        0        0       20        0      451      934      935      937      936     1273     1274     1276     1275
     4086     4088     4090     4092     5043     5045     5047     5049     5042     5044     5046     5048
        1        1        1        1        0        0        0        0       20        0      452      932      930      931      933     1271     1269     1270     1272
     4081     4079     4082     4084     5038     5036     5039     5041     5037     5032     5035     5040
        1        1        1        1        0        0        0        0       20        0      453      930      928      929      931     1269     1267     1268     1270
     4076     4074     4077     4079     5033     5031     5034     5036     5032     5027     5030     5035
        1        1        1        1        0        0        0        0       20        0      454      928      926      927      929     1267     1265     1266     1268
     4071     4069     4072     4074     5028     5026     5029     5031     5027     5022     5025     5030
        1        1        1        1        0        0        0        0       20        0      455      926      924      925      927     1265     1263     1264     1266
     4066     4064     4067     4069     5023     5021     5024     5026     5022     5017     5020     5025
        1        1        1        1        0        0        0        0       20        0      456      924      922      923      925     1263     1261     1262     1264
     4061     4059     4062     4064     5018     5016     5019     5021     5017     5012     5015     5020
        1        1        1        1        0        0        0        0       20        0      457      922      920      921      923     1261     1259     1260     1262
     4056     4054     4057     4059     5013     5011     5014     5016     5012     5007     5010     5015
        1        1        1        1        0        0        0        0       20        0      458      920      918      919      921     1259     1257     1258     1260
     4051     4049     4052     4054     5008     5006     5009     5011     5007     5002     5005     5010
        1        1        1        1        0        0        0        0       20        0      459      918      916      917      919     1257     1255     1256     1258
     4046     4044     4047     4049     5003     5001     5004     5006     5002     4997     5000     5005
        1        1        1        1        0        0        0        0       20        0      460      916      833      831      917     1255     1175     1173     1256
     4041     3813     4042     4044     4998     4772     4999     5001     4997     4773     4771     5000
        1        1        1        1        0        0        0        0       20        0      461      832      915      914      835     1174     1254     1253     1177
     4039     4038     4035     3820     4996     4995     4992     4779     4775     4993     4988     4780
        1        1        1        1        0        0        0        0       20        0      462      915      912      913      914     1254     1251     1252     1253
     4037     4030     4032     4038     4994     4987     4989     4995     4993     4983     4986     4988
        1        1        1        1        0        0        0        0       20        0      463      835      914      882      846     1177     1253     1224     1188
     4035     4034     3950     3849     4992     4991     4909     4808     4780     4988     4910     4809
        1        1        1        1        0        0        0        0       20        0      464      914      913      883      882     1253     1252     1225     1224
     4032     4033     3957     4034     4989     4990     4916     4991     4988     4986     4912     4910
        1        1        1        1        0        0        0        0       20        0      465      912      911      910      913     1251     1250     1249     1252
     4027     4022     4028     4030     4984     4979     4985     4987     4983     4980     4978     4986
        1        1        1        1        0        0        0        0       20        0      466      910      911      908      909     1249     1250     1247     1248
     4022     4024     4020     4025     4979     4981     4977     4982     4978     4980     4973     4976
        1        1        1        1        0        0        0        0       20        0      467      908      906      907      909     1247     1245     1246     1248
     4017     4015     4018     4020     4974     4972     4975     4977     4973     4968     4971     4976
        1        1        1        1        0        0        0        0       20        0      468      906      904      905      907     1245     1243     1244     1246
     4012     4010     4013     4015     4969     4967     4970     4972     4968     4963     4966     4971
        1        1        1        1        0        0        0        0       20        0      469      904      902      903      905     1243     1241     1242     1244
     4007     4005     4008     4010     4964     4962     4965     4967     4963     4958     4961     4966
        1        1        1        1        0        0        0        0       20        0      470      902      901      900      903     1241     1240     1239     1242
     4002     4000     4003     4005     4959     4957     4960     4962     4958     4955     4953     4961
        1        1        1        1        0        0        0        0       20        0      471      901      824      823      900     1240     1166     1165     1239
     3999     3795     3997     4000     4956     4754     4954     4957     4955     4755     4753     4953
        1        1        1        1        0        0        0        0       20        0      472      898      899      900      823       19       67     1239     1165
     3993     3995     3997     3991     1945     4952     4954     4949     4948     4951     4953     4753
        1        1        1        1        0        0        0        0       20        0      473      897      898      823      825     1238       19     1165     1167
     3989     3991     3801     3992     4947     4949     4760     4950     4946     4948     4753     4759
        1        1        1        1        0        0        0        0       20        0      474      895      896      818      853     1236     1237     1161     1195
     3984     3986     3869     3987     4942     4944     4828     4945     4941     4943     4740     4827
        1        1        1        1        0        0        0        0       20        0      475      894      885      887      893     1235     1227     1229     1234
     3981     3965     3982     3980     4939     4924     4940     4938     4937     4917     4923     4934
        1        1        1        1        0        0        0        0       20        0      476      893      891      890      894     1234     1232     1231     1235
     3977     3975     3978     3980     4935     4933     4936     4938     4934     4929     4927     4937
        1        1        1        1        0        0        0        0       20        0      477      891      892      819      890     1232     1233     1162     1231
     3972     3974     3970     3975     4930     4932     4928     4933     4929     4931     4744     4927
        1        1        1        1        0        0        0        0       20        0      478      820      889      890      819       31       10     1231     1162
     3966     3968     3970     3788     2005     4926     4928     4747     4746     4925     4927     4744
        1        1        1        1        0        0        0        0       20        0      479      885      886      888      887     1227     1228     1230     1229
     3959     3961     3963     3965     4918     4920     4922     4924     4917     4919     4921     4923
        1        1        1        1        0        0        0        0       20        0      480      883      884      881      882     1225     1226     1223     1224
     3954     3956     3952     3957     4913     4915     4911     4916     4912     4914     4907     4910
        1        1        1        1        0        0        0        0       20        0      481      881      879      846      882     1223     1221     1188     1224
     3949     3947     3950     3952     4908     4906     4909     4911     4907     4902     4809     4910
        1        1        1        1        0        0        0        0       20        0      482      879      880      845      846     1221     1222     1187     1188
     3944     3946     3851     3947     4903     4905     4810     4906     4902     4904     4806     4809
        1        1        1        1        0        0        0        0       20        0      483      878      877      865      866     1220     1219     1207     1208
     3941     3939     3905     3942     4900     4898     4864     4901     4899     4896     4860     4863
        1        1        1        1        0        0        0        0       20        0      484      877      876      864      865     1219     1218     1206     1207
     3938     3936     3902     3939     4897     4895     4861     4898     4896     4893     4857     4860
        1        1        1        1        0        0        0        0       20        0      485      876      875      863      864     1218     1217     1205     1206
     3935     3933     3899     3936     4894     4892     4858     4895     4893     4890     4854     4857
        1        1        1        1        0        0        0        0       20        0      486      875      873      861      863     1217     1215     1203     1205
     3932     3930     3896     3933     4891     4889     4855     4892     4890     4885     4849     4854
        1        1        1        1        0        0        0        0       20        0      487      873      874      862      861     1215     1216     1204     1203
     3927     3929     3891     3930     4886     4888     4850     4889     4885     4887     4851     4849
        1        1        1        1        0        0        0        0       20        0      488      810      872      871      786     1154     1214     1213     1130
     3924     3923     3925     3763     4883     4882     4884     4723     4722     4880     4878     4662
        1        1        1        1        0        0        0        0       20        0      489      872      869      790      871     1214     1211     1134     1213
     3922     3909     3920     3923     4881     4868     4879     4882     4880     4869     4672     4878
        1        1        1        1        0        0        0        0       20        0      490      791      822      871      790     1135     1164     1213     1134
     3917     3918     3920     3711     4876     4877     4879     4671     4670     4749     4878     4672
        1        1        1        1        0        0        0        0       20        0      491      870      788      790      867     1212     1132     1134     1209
     3915     3713     3908     3916     4874     4673     4867     4875     4873     4666     4672     4866
        1        1        1        1        0        0        0        0       20        0      492      867      790      869      868     1209     1134     1211     1210
     3908     3909     3911     3913     4867     4868     4870     4872     4866     4672     4869     4871
        1        1        1        1        0        0        0        0       20        0      493      866      865      857      859     1208     1207     1199     1201
     3905     3903     3885     3906     4864     4862     4844     4865     4863     4860     4838     4843
        1        1        1        1        0        0        0        0       20        0      494      865      864      850      857     1207     1206     1192     1199
     3902     3900     3880     3903     4861     4859     4839     4862     4860     4857     4818     4838
        1        1        1        1        0        0        0        0       20        0      495      864      863      847      850     1206     1205     1189     1192
     3899     3897     3860     3900     4858     4856     4819     4859     4857     4854     4812     4818
        1        1        1        1        0        0        0        0       20        0      496      863      861      848      847     1205     1203     1190     1189
     3896     3894     3854     3897     4855     4853     4813     4856     4854     4849     4814     4812
        1        1        1        1        0        0        0        0       20        0      497      861      862      854      848     1203     1204     1196     1190
     3891     3893     3874     3894     4850     4852     4833     4853     4849     4851     4829     4814
        1        1        1        1        0        0        0        0       20        0      498      851      860      858      849     1193     1202     1200     1191
     3889     3886     3881     3863     4848     4845     4840     4822     4821     4846     4841     4816
        1        1        1        1        0        0        0        0       20        0      499      859      857      858      860     1201     1199     1200     1202
     3885     3883     3886     3888     4844     4842     4845     4847     4843     4838     4841     4846
        1        1        1        1        0        0        0        0       20        0      500      857      850      849      858     1199     1192     1191     1200
     3880     3858     3881     3883     4839     4817     4840     4842     4838     4818     4816     4841
        1        1        1        1        0        0        0        0       20        0      501      854      796      856      855     1196     1140     1198     1197
     3875     3876     3878     3871     4834     4835     4837     4830     4829     4685     4836     4831
        1        1        1        1        0        0        0        0       20        0      502      854      855      841      848     1196     1197     1183     1190
     3871     3873     3856     3874     4830     4832     4815     4833     4829     4831     4792     4814
        1        1        1        1        0        0        0        0       20        0      503      816      852      853      818     1160     1194     1195     1161
     3865     3867     3869     3779     4824     4826     4828     4739     4738     4825     4827     4740
        1        1        1        1        0        0        0        0       20        0      504      851      849      839      843     1193     1191     1181     1185
     3863     3861     3841     3864     4822     4820     4800     4823     4821     4816     4790     4799
        1        1        1        1        0        0        0        0       20        0      505      849      850      847      839     1191     1192     1189     1181
     3858     3860     3852     3861     4817     4819     4811     4820     4816     4818     4812     4790
        1        1        1        1        0        0        0        0       20        0      506      839      847      848      841     1181     1189     1190     1183
     3852     3854     3856     3832     4811     4813     4815     4791     4790     4812     4814     4792
        1        1        1        1        0        0        0        0       20        0      507      845      834      835      846     1187     1176     1177     1188
     3848     3822     3849     3851     4807     4781     4808     4810     4806     4777     4780     4809
        1        1        1        1        0        0        0        0       20        0      508      838      840      762      766     1180     1182     1106     1110
     3836     3846     3652     3842     4795     4805     4612     4801     4788     4794     4603     4611
        1        1        1        1        0        0        0        0       20        0      509      838      766      844      842     1180     1110     1186     1184
     3842     3843     3845     3837     4801     4802     4804     4796     4788     4611     4803     4797
        1        1        1        1        0        0        0        0       20        0      510      838      842      843      839     1180     1184     1185     1181
     3837     3839     3841     3830     4796     4798     4800     4789     4788     4797     4799     4790
        1        1        1        1        0        0        0        0       20        0      511      838      839      841      840     1180     1181     1183     1182
     3830     3832     3834     3836     4789     4791     4793     4795     4788     4790     4792     4794
        1        1        1        1        0        0        0        0       20        0      512      776      836      771      769     1120     1178     1115     1113
     3828     3827     3660     3675     4787     4786     4620     4635     4634     4782     4621     4619
        1        1        1        1        0        0        0        0       20        0      513      836      837      811      771     1178     1179     1155     1115
     3824     3826     3767     3827     4783     4785     4727     4786     4782     4784     4725     4621
        1        1        1        1        0        0        0        0       20        0      514      834      830      832      835     1176     1172     1174     1177
     3819     3817     3820     3822     4778     4776     4779     4781     4777     4769     4775     4780
        1        1        1        1        0        0        0        0       20        0      515      830      831      833      832     1172     1173     1175     1174
     3811     3813     3815     3817     4770     4772     4774     4776     4769     4771     4773     4775
        1        1        1        1        0        0        0        0       20        0      516      824      829      827      826     1166     1171     1169     1168
     3807     3809     3802     3797     4766     4768     4761     4756     4755     4767     4762     4757
        1        1        1        1        0        0        0        0       20        0      517      826      827      828      825     1168     1169     1170     1167
     3802     3804     3806     3799     4761     4763     4765     4758     4757     4762     4764     4759
        1        1        1        1        0        0        0        0       20        0      518      823      824      826      825     1165     1166     1168     1167
     3795     3797     3799     3801     4754     4756     4758     4760     4753     4755     4757     4759
        1        1        1        1        0        0        0        0       20        0      519      784      787      822      821     1128     1131     1164     1163
     3705     3789     3791     3793     4665     4748     4750     4752     4656     4664     4749     4751
        1        1        1        1        0        0        0        0       20        0      520      819      815      817      820     1162     1159       32       31
     3785     3783     3786     3788     4745     4743     2006     4747     4744     4736     4742     4746
        1        1        1        1        0        0        0        0       20        0      521      815      816      818      817     1159     1160     1161       32
     3777     3779     3781     3783     4737     4739     4741     4743     4736     4738     4740     4742
        1        1        1        1        0        0        0        0       20        0      522      777      806      814      812     1121     1150     1158     1156
     3753     3773     3775     3768     4713     4733     4735     4728     4638     4712     4734     4729
        1        1        1        1        0        0        0        0       20        0      523      777      812      813      778     1121     1156     1157     1122
     3768     3770     3772     3679     4728     4730     4732     4639     4638     4729     4731     4640
        1        1        1        1        0        0        0        0       20        0      524      785      770      771      811     1129     1114     1115     1155
     3698     3662     3767     3764     4658     4622     4727     4724     4659     4623     4621     4725
        1        1        1        1        0        0        0        0       20        0      525      810      786      785      811     1154     1130     1129     1155
     3763     3701     3764     3766     4723     4661     4724     4726     4722     4662     4659     4725
        1        1        1        1        0        0        0        0       20        0      526      807      808      765      809     1151     1152     1109     1153
     3756     3758     3759     3761     4716     4718     4719     4721     4715     4717     4609     4720
        1        1        1        1        0        0        0        0       20        0      527      806      777      774      783     1150     1121     1118     1127
     3753     3677     3695     3754     4713     4637     4655     4714     4712     4638     4630     4654
        1        1        1        1        0        0        0        0       20        0      528      782      780      804      799     1126     1124     1148     1143
     3692     3751     3750     3745     4652     4711     4710     4705     4650     4644     4706     4689
        1        1        1        1        0        0        0        0       20        0      529      804      805      795      799     1148     1149     1139     1143
     3747     3749     3730     3750     4707     4709     4690     4710     4706     4708     4681     4689
        1        1        1        1        0        0        0        0       20        0      530      799      798      803      782     1143     1142     1147     1126
     3728     3742     3744     3745     4688     4702     4704     4705     4689     4687     4703     4650
        1        1        1        1        0        0        0        0       20        0      531      767      763      801      793     1111     1107     1145     1137
     3654     3741     3740     3735     4614     4701     4700     4695     4615     4607     4696     4676
        1        1        1        1        0        0        0        0       20        0      532      801      802      789      793     1145     1146     1133     1137
     3737     3739     3717     3740     4697     4699     4677     4700     4696     4698     4668     4676
        1        1        1        1        0        0        0        0       20        0      533      793      792      800      767     1137     1136     1144     1111
     3715     3732     3734     3735     4675     4692     4694     4695     4676     4674     4693     4615
        1        1        1        1        0        0        0        0       20        0      534      798      799      795      794     1142     1143     1139     1138
     3728     3730     3720     3731     4688     4690     4680     4691     4687     4689     4681     4679
        1        1        1        1        0        0        0        0       20        0      535      794      795      797      796     1138     1139     1141     1140
     3720     3722     3724     3726     4680     4682     4684     4686     4679     4681     4683     4685
        1        1        1        1        0        0        0        0       20        0      536      792      793      789      788     1136     1137     1133     1132
     3715     3717     3707     3718     4675     4677     4667     4678     4674     4676     4668     4666
        1        1        1        1        0        0        0        0       20        0      537      788      789      791      790     1132     1133     1135     1134
     3707     3709     3711     3713     4667     4669     4671     4673     4666     4668     4670     4672
        1        1        1        1        0        0        0        0       20        0      538      785      786      787      784     1129     1130     1131     1128
     3701     3703     3705     3700     4661     4663     4665     4660     4659     4662     4664     4656
        1        1        1        1        0        0        0        0       20        0      539      784      781      770      785     1128     1125     1114     1129
     3697     3687     3698     3700     4657     4647     4658     4660     4656     4648     4623     4659
        1        1        1        1        0        0        0        0       20        0      540      773      783      774      769     1117     1127     1118     1113
     3693     3695     3676     3669     4653     4655     4636     4629     4628     4654     4630     4619
        1        1        1        1        0        0        0        0       20        0      541      782      773      772      780     1126     1117     1116     1124
     3691     3667     3685     3692     4651     4627     4645     4652     4650     4628     4626     4644
        1        1        1        1        0        0        0        0       20        0      542      770      781      779      768     1114     1125     1123     1112
     3687     3689     3686     3664     4647     4649     4646     4624     4623     4648     4642     4617
        1        1        1        1        0        0        0        0       20        0      543      779      780      772      768     1123     1124     1116     1112
     3683     3685     3665     3686     4643     4645     4625     4646     4642     4644     4626     4617
        1        1        1        1        0        0        0        0       20        0      544      774      777      778      775     1118     1121     1122     1119
     3677     3679     3681     3671     4637     4639     4641     4631     4630     4638     4640     4632
        1        1        1        1        0        0        0        0       20        0      545      774      775      776      769     1118     1119     1120     1113
     3671     3673     3675     3676     4631     4633     4635     4636     4630     4632     4634     4619
        1        1        1        1        0        0        0        0       20        0      546      768      772      773      769     1112     1116     1117     1113
     3665     3667     3669     3658     4625     4627     4629     4618     4617     4626     4628     4619
        1        1        1        1        0        0        0        0       20        0      547      768      769      771      770     1112     1113     1115     1114
     3658     3660     3662     3664     4618     4620     4622     4624     4617     4619     4621     4623
        1        1        1        1        0        0        0        0       20        0      548      763      767      765      761     1107     1111     1109     1105
     3654     3656     3653     3648     4614     4616     4613     4608     4607     4615     4609     4601
        1        1        1        1        0        0        0        0       20        0      549      765      766      762      761     1109     1110     1106     1105
     3650     3652     3642     3653     4610     4612     4602     4613     4609     4611     4603     4601
        1        1        1        1        0        0        0        0       20        0      550      761      762      764      763     1105     1106     1108     1107
     3642     3644     3646     3648     4602     4604     4606     4608     4601     4603     4605     4607
        1        1        1        1        0        0        0        0       20        0      551      162      760      146      144      805     1104      797      795
     3640     3639     2324     2363     4600     4599     3722     3749     3748     4597     3723     3721
        1        1        1        1        0        0        0        0       20        0      552      760      758      748      146     1104     1103     1098      797
     3637     3635     3603     3639     4598     4596     4574     4599     4597     4594     4575     3723
        1        1        1        1        0        0        0        0       20        0      553      758      756      750      748     1103     1102     1099     1098
     3633     3631     3613     3635     4595     4593     4580     4596     4594     4591     4577     4575
        1        1        1        1        0        0        0        0       20        0      554      756      754      233      750     1102     1101      840     1099
     3629     3627     3609     3631     4592     4590     4578     4593     4591     4588     3835     4577
        1        1        1        1        0        0        0        0       20        0      555      754       80       78      233     1101      764      762      840
     3625     2208     2510     3627     4589     3644     3846     4590     4588     3645     3643     3835
        1        1        1        1        0        0        0        0       20        0      556      156      752      134      132      802     1100      791      789
     3623     3622     2304     2349     4587     4586     3709     3739     3738     4584     3710     3708
        1        1        1        1        0        0        0        0       20        0      557      752      195      196      134     1100      821      822      791
     3620     2426     2626     3622     4585     3791     3917     4586     4584     3792     3790     3710
        1        1        1        1        0        0        0        0       20        0      558      118      158      746      164      783      803     1097      806
     3618     3617     3599     2371     4583     4582     4572     3754     3694     3743     4569     3752
        1        1        1        1        0        0        0        0       20        0      559      158      149      744      746      803      798     1096     1097
     2354     3615     3595     3617     3742     4581     4570     4582     3743     3727     4566     4569
        1        1        1        1        0        0        0        0       20        0      560      149      143      742      744      798      794     1095     1096
     2338     3601     3590     3615     3731     4573     4567     4581     3727     3719     4563     4566
        1        1        1        1        0        0        0        0       20        0      561      748      750      262      264     1098     1099      855      856
     3613     3611     2562     3606     4580     4579     3878     4576     4575     4577     3872     3877
        1        1        1        1        0        0        0        0       20        0      562      750      233      234      262     1099      840      841      855
     3609     2490     2553     3611     4578     3834     3873     4579     4577     3835     3833     3872
        1        1        1        1        0        0        0        0       20        0      563      146      748      264      145      797     1098      856      796
     3603     3606     2559     2327     4574     4576     3876     3724     3723     4575     3877     3725
        1        1        1        1        0        0        0        0       20        0      564      742      143      145      740     1095      794      796     1094
     3601     2330     3578     3585     4573     3726     4560     4564     4563     3719     3725     4559
        1        1        1        1        0        0        0        0       20        0      565      164      746      426      180      806     1097      937      814
     3599     3597     3118     2400     4572     4571     4221     3773     3752     4569     4089     3774
        1        1        1        1        0        0        0        0       20        0      566      746      744      425      426     1097     1096      936      937
     3595     3592     2904     3597     4570     4568     4090     4571     4569     4566     4091     4089
        1        1        1        1        0        0        0        0       20        0      567      744      742      429      425     1096     1095      938      936
     3590     3587     2909     3592     4567     4565     4093     4568     4566     4563     4094     4091
        1        1        1        1        0        0        0        0       20        0      568      742      740      430      429     1095     1094      939      938
     3585     3582     2912     3587     4564     4562     4095     4565     4563     4559     4096     4094
        1        1        1        1        0        0        0        0       20        0      569      740      276      300      430     1094      862      874      939
     3580     2646     3133     3582     4561     3929     4231     4562     4559     3892     3928     4096
        1        1        1        1        0        0        0        0       20        0      570      740      145      261      276     1094      796      854      862
     3578     2557     2586     3580     4560     3875     3893     4561     4559     3725     3870     3892
        1        1        1        1        0        0        0        0       20        0      571      170      152      492      488      809      800      970      968
     3575     3574     3053     3045     4558     4557     4181     4176     3760     3733     4182     4177
        1        1        1        1        0        0        0        0       20        0      572      152      137      496      492      800      792      972      970
     2340     3129     3061     3574     3732     4228     4186     4557     3733     3714     4187     4182
        1        1        1        1        0        0        0        0       20        0      573      196      126      125      294      822      787      786      871
     2423     2295     2640     2628     3789     3703     3925     3918     3790     3704     3702     3919
        1        1        1        1        0        0        0        0       20        0      574      714      738      516      712     1081     1093      982     1080
     3572     3571     3512     3518     4556     4555     4513     4516     1953     4553     4215     4512
        1        1        1        1        0        0        0        0       20        0      575      738      736      512      516     1093     1092      980      982
     3569     3567     3110     3571     4554     4552     4216     4555     4553     4550     4210     4215
        1        1        1        1        0        0        0        0       20        0      576      736      734      344      512     1092     1091      896      980
     3565     3563     3102     3567     4551     4549     4211     4552     4550     4547     3985     4210
        1        1        1        1        0        0        0        0       20        0      577      734      187      188      344     1091      817      818      896
     3561     2411     2737     3563     4548     3781     3986     4549     4547     3782     3780     3985
        1        1        1        1        0        0        0        0       20        0      578      331      732      340      332      889     1090      894      890
     3559     3558     2724     2708     4546     4545     3978     3968     3967     4543     3979     3969
        1        1        1        1        0        0        0        0       20        0      579      732      730      325      340     1090     1089      885      894
     3556     3554     2729     3558     4544     4542     3981     4545     4543     4540     3958     3979
        1        1        1        1        0        0        0        0       20        0      580      730      728      326      325     1089     1088      886      885
     3552     3550     2695     3554     4541     4539     3959     4542     4540     4537     3960     3958
        1        1        1        1        0        0        0        0       20        0      581      728      348      347      326     1088      898      897      886
     3548     2742     3307     3550     4538     3989     4360     4539     4537     3990     3988     3960
        1        1        1        1        0        0        0        0       20        0      582      351      726      358      352      899     1087      903      900
     3546     3545     2764     2751     4536     4535     4003     3995     3994     4533     4004     3996
        1        1        1        1        0        0        0        0       20        0      583      726      724      362      358     1087     1086      905      903
     3543     3541     2772     3545     4534     4532     4008     4535     4533     4530     4009     4004
        1        1        1        1        0        0        0        0       20        0      584      724      722      366      362     1086     1085      907      905
     3539     3537     2780     3541     4531     4529     4013     4532     4530     4527     4014     4009
        1        1        1        1        0        0        0        0       20        0      585      722      720      370      366     1085     1084      909      907
     3535     3533     2788     3537     4528     4526     4018     4529     4527     1947     4019     4014
        1        1        1        1        0        0        0        0       20        0      586      720      378      373      370     1084      913      910      909
     3531     2804     2799     3533     4525     4028     4025     4526     1947     4029     4021     4019
        1        1        1        1        0        0        0        0       20        0      587      720      718      319      378     1084     1083      883      913
     3529     3528     2812     3531     4524     4523     4033     4525     1947     4521     3953     4029
        1        1        1        1        0        0        0        0       20        0      588      718      716      320      319     1083     1082      884      883
     3526     3524     2687     3528     4522     4520     3954     4523     4521     4518     3955     3953
        1        1        1        1        0        0        0        0       20        0      589      716      714      315      320     1082     1081      881      884
     3522     3520     2690     3524     4519     4517     3956     4520     4518     1953     3948     3955
        1        1        1        1        0        0        0        0       20        0      590      714      712      311      315     1081     1080      879      881
     3518     3516     2679     3520     4516     4515     3949     4517     1953     4512     3943     3948
        1        1        1        1        0        0        0        0       20        0      591      712      580      312      311     1080     1014      880      879
     3514     3243     2671     3516     4514     4313     3944     4515     4512     4314     3945     3943
        1        1        1        1        0        0        0        0       20        0      592      712      516      515      580     1080      982      981     1014
     3512     3107     3249     3514     4513     4214     4317     4514     4512     4215     4213     4314
        1        1        1        1        0        0        0        0       20        0      593      178      710      103      108      813     1079      775      778
     3509     3508     2264     2398     4511     4510     3681     3772     3771     4508     3672     3680
        1        1        1        1        0        0        0        0       20        0      594      710      708      104      103     1079     1078      776      775
     3506     3504     2251     3508     4509     4507     3673     4510     4508     4505     3674     3672
        1        1        1        1        0        0        0        0       20        0      595      708      706      225      104     1078     1077      836      776
     3502     3500     2481     3504     4506     4504     3828     4507     4505     4502     3823     3674
        1        1        1        1        0        0        0        0       20        0      596      706      704      226      225     1077     1076      837      836
     3498     3496     2474     3500     4503     4501     3824     4504     4502     4499     3825     3823
        1        1        1        1        0        0        0        0       20        0      597      704      702      508      226     1076     1075      978      837
     3494     3492     3114     3496     4500     4498     4218     4501     4499     4496     4205     3825
        1        1        1        1        0        0        0        0       20        0      598      702      700      506      508     1075     1074      977      978
     3490     3488     3094     3492     4497     4495     4206     4498     4496     4493     4202     4205
        1        1        1        1        0        0        0        0       20        0      599      700      698      504      506     1074     1073      976      977
     3486     3484     3089     3488     4494     4492     4203     4495     4493     4490     4199     4202
        1        1        1        1        0        0        0        0       20        0      600      698      696      502      504     1073     1072      975      976
     3482     3480     3084     3484     4491     4489     4200     4492     4490     4487     4196     4199
        1        1        1        1        0        0        0        0       20        0      601      696      694      500      502     1072     1071      974      975
     3478     3476     3079     3480     4488     4486     4197     4489     4487     4484     4193     4196
        1        1        1        1        0        0        0        0       20        0      602      694      692      498      500     1071     1070      973      974
     3474     3472     3074     3476     4485     4483     4194     4486     4484     4481     4189     4193
        1        1        1        1        0        0        0        0       20        0      603      692      690      495      498     1070     1069      971      973
     3470     3468     3067     3472     4482     4480     4190     4483     4481     4478     4184     4189
        1        1        1        1        0        0        0        0       20        0      604      690      688      491      495     1069     1068      969      971
     3466     3464     3059     3468     4479     4477     4185     4480     4478     4475     4179     4184
        1        1        1        1        0        0        0        0       20        0      605      688      686      487      491     1068     1067      967      969
     3462     3460     3051     3464     4476     4474     4180     4477     4475     4472     4174     4179
        1        1        1        1        0        0        0        0       20        0      606      686      684      484      487     1067     1066      966      967
     3458     3456     3043     3460     4473     4471     4175     4474     4472     4469     4171     4174
        1        1        1        1        0        0        0        0       20        0      607      684      682      482      484     1066     1065      965      966
     3454     3452     3038     3456     4470     4468     4172     4471     4469     4466     4168     4171
        1        1        1        1        0        0        0        0       20        0      608      682      680      480      482     1065     1064      964      965
     3450     3448     3033     3452     4467     4465     4169     4468     4466     2057     4165     4168
        1        1        1        1        0        0        0        0       20        0      609      680      678      478      480     1064     1063      963      964
     3446     3445     3028     3448     4464     4463     4166     4465     2057     4461     4162     4165
        1        1        1        1        0        0        0        0       20        0      610      678      676      476      478     1063     1062      962      963
     3443     3441     3023     3445     4462     4460     4163     4463     4461     4458     4159     4162
        1        1        1        1        0        0        0        0       20        0      611      676      674      474      476     1062     1061      961      962
     3439     3437     3018     3441     4459     4457     4160     4460     4458     4455     4156     4159
        1        1        1        1        0        0        0        0       20        0      612      674      672      472      474     1061     1060      960      961
     3435     3433     3013     3437     4456     4454     4157     4457     4455     4452     4153     4156
        1        1        1        1        0        0        0        0       20        0      613      672      670      470      472     1060     1059      959      960
     3431     3429     3008     3433     4453     4451     4154     4454     4452     4449     4150     4153
        1        1        1        1        0        0        0        0       20        0      614      670      668      468      470     1059     1058      958      959
     3427     3425     3003     3429     4450     4448     4151     4451     4449     4446     4147     4150
        1        1        1        1        0        0        0        0       20        0      615      668      666      466      468     1058     1057      957      958
     3423     3421     2998     3425     4447     4445     4148     4448     4446     4443     4144     4147
        1        1        1        1        0        0        0        0       20        0      616      666      664      464      466     1057     1056      956      957
     3419     3417     2993     3421     4444     4442     4145     4445     4443     4440     4141     4144
        1        1        1        1        0        0        0        0       20        0      617      664      662      462      464     1056     1055      955      956
     3415     3413     2988     3417     4441     4439     4142     4442     4440     4437     4138     4141
        1        1        1        1        0        0        0        0       20        0      618      662      660      460      462     1055     1054      954      955
     3411     3409     2983     3413     4438     4436     4139     4439     4437     4434     4134     4138
        1        1        1        1        0        0        0        0       20        0      619      660      658      457      460     1054     1053      952      954
     3407     3405     2976     3409     4435     4433     4135     4436     4434     4431     4129     4134
        1        1        1        1        0        0        0        0       20        0      620      658      656      453      457     1053     1052      950      952
     3403     3401     2968     3405     4432     4430     4130     4433     4431     4428     4124     4129
        1        1        1        1        0        0        0        0       20        0      621      656      654      449      453     1052     1051      948      950
     3399     3397     2960     3401     4429     4427     4125     4430     4428     4425     4119     4124
        1        1        1        1        0        0        0        0       20        0      622      654      652      445      449     1051     1050      946      948
     3395     3393     2952     3397     4426     4424     4120     4427     4425     4422     4114     4119
        1        1        1        1        0        0        0        0       20        0      623      652      650      441      445     1050     1049      944      946
     3391     3389     2944     3393     4423     4421     4115     4424     4422     4419     4109     4114
        1        1        1        1        0        0        0        0       20        0      624      650      648      417      441     1049     1048      932      944
     3387     3385     2936     3389     4420     4418     4110     4421     4419     4416     4080     4109
        1        1        1        1        0        0        0        0       20        0      625      648      646      413      417     1048     1047      930      932
     3383     3381     2890     3385     4417     4415     4081     4418     4416     4413     4075     4080
        1        1        1        1        0        0        0        0       20        0      626      646      644      409      413     1047     1046      928      930
     3379     3377     2882     3381     4414     4412     4076     4415     4413     4410     4070     4075
        1        1        1        1        0        0        0        0       20        0      627      644      642      405      409     1046     1045      926      928
     3375     3373     2874     3377     4411     4409     4071     4412     4410     4407     4065     4070
        1        1        1        1        0        0        0        0       20        0      628      642      640      401      405     1045     1044      924      926
     3371     3369     2866     3373     4408     4406     4066     4409     4407     4404     4060     4065
        1        1        1        1        0        0        0        0       20        0      629      640      638      397      401     1044     1043      922      924
     3367     3365     2858     3369     4405     4403     4061     4406     4404     4401     4055     4060
        1        1        1        1        0        0        0        0       20        0      630      638      636      393      397     1043     1042      920      922
     3363     3361     2850     3365     4402     4400     4056     4403     4401     4398     4050     4055
        1        1        1        1        0        0        0        0       20        0      631      636      634      389      393     1042     1041      918      920
     3359     3357     2842     3361     4399     4397     4051     4400     4398     4395     4045     4050
        1        1        1        1        0        0        0        0       20        0      632      634      632      385      389     1041     1040      916      918
     3355     3353     2834     3357     4396     4394     4046     4397     4395     4392     4040     4045
        1        1        1        1        0        0        0        0       20        0      633      632      630      218      385     1040     1039      833      916
     3351     3349     2826     3353     4393     4391     4041     4394     4392     4389     3814     4040
        1        1        1        1        0        0        0        0       20        0      634      630      628      217      218     1039     1038      832      833
     3347     3345     2460     3349     4390     4388     3815     4391     4389     4386     3816     3814
        1        1        1        1        0        0        0        0       20        0      635      628      626      382      217     1038     1037      915      832
     3343     3341     2823     3345     4387     4385     4039     4388     4386     4383     4036     3816
        1        1        1        1        0        0        0        0       20        0      636      626      624      377      382     1037     1036      912      915
     3339     3337     2819     3341     4384     4382     4037     4385     4383     4380     4026     4036
        1        1        1        1        0        0        0        0       20        0      637      624      622      374      377     1036     1035      911      912
     3335     3333     2802     3337     4381     4379     4027     4382     4380     4377     4023     4026
        1        1        1        1        0        0        0        0       20        0      638      622      620      369      374     1035     1034      908      911
     3331     3329     2797     3333     4378     4376     4024     4379     4377     2054     4016     4023
        1        1        1        1        0        0        0        0       20        0      639      620      618      365      369     1034     1033      906      908
     3327     3326     2786     3329     4375     4374     4017     4376     2054     4372     4011     4016
        1        1        1        1        0        0        0        0       20        0      640      618      616      361      365     1033     1032      904      906
     3324     3322     2778     3326     4373     4371     4012     4374     4372     4369     4006     4011
        1        1        1        1        0        0        0        0       20        0      641      616      614      357      361     1032     1031      902      904
     3320     3318     2770     3322     4370     4368     4007     4371     4369     4366     4001     4006
        1        1        1        1        0        0        0        0       20        0      642      614      612      354      357     1031     1030      901      902
     3316     3314     2762     3318     4367     4365     4002     4368     4366     4363     3998     4001
        1        1        1        1        0        0        0        0       20        0      643      612      210      202      354     1030      829      824      901
     3312     2449     2757     3314     4364     3807     3999     4365     4363     3808     3796     3998
        1        1        1        1        0        0        0        0       20        0      644      208      610      347      203      828     1029      897      825
     3310     3309     2747     2447     4362     4361     3992     3806     3805     4358     3988     3800
        1        1        1        1        0        0        0        0       20        0      645      610      608      326      347     1029     1028      886      897
     3305     3303     3307     3309     4359     4357     4360     4361     4358     4355     3960     3988
        1        1        1        1        0        0        0        0       20        0      646      608      606      328      326     1028     1027      888      886
     3301     3299     2698     3303     4356     4354     3961     4357     4355     4352     3962     3960
        1        1        1        1        0        0        0        0       20        0      647      606      604      327      328     1027     1026      887      888
     3297     3295     2701     3299     4353     4351     3963     4354     4352     4349     3964     3962
        1        1        1        1        0        0        0        0       20        0      648      604      602      339      327     1026     1025      893      887
     3293     3291     2731     3295     4350     4348     3982     4351     4349     4346     3976     3964
        1        1        1        1        0        0        0        0       20        0      649      602      600      335      339     1025     1024      891      893
     3289     3287     2722     3291     4347     4345     3977     4348     4346     4343     3971     3976
        1        1        1        1        0        0        0        0       20        0      650      600      598      336      335     1024     1023      892      891
     3285     3283     2714     3287     4344     4342     3972     4345     4343     4340     3973     3971
        1        1        1        1        0        0        0        0       20        0      651      598      596      191      336     1023     1022      819      892
     3281     3279     2717     3283     4341     4339     3974     4342     4340     4337     3784     3973
        1        1        1        1        0        0        0        0       20        0      652      596      594      185      191     1022     1021      815      819
     3277     3275     2417     3279     4338     4336     3785     4339     4337     4334     3776     3784
        1        1        1        1        0        0        0        0       20        0      653      594      592      186      185     1021     1020      816      815
     3273     3271     2405     3275     4335     4333     3777     4336     4334     4331     3778     3776
        1        1        1        1        0        0        0        0       20        0      654      592      590      257      186     1020     1019      852      816
     3269     3267     2541     3271     4332     4330     3865     4333     4331     4328     3866     3778
        1        1        1        1        0        0        0        0       20        0      655      590      588      258      257     1019     1018      853      852
     3265     3263     2544     3267     4329     4327     3867     4330     4328     4325     3868     3866
        1        1        1        1        0        0        0        0       20        0      656      588      586      343      258     1018     1017      895      853
     3261     3259     2739     3263     4326     4324     3987     4327     4325     4322     3983     3868
        1        1        1        1        0        0        0        0       20        0      657      586      584      511      343     1017     1016      979      895
     3257     3255     3104     3259     4323     4321     4212     4324     4322     4319     4208     3983
        1        1        1        1        0        0        0        0       20        0      658      584      582      515      511     1016     1015      981      979
     3253     3251     3112     3255     4320     4318     4217     4321     4319     2063     4213     4208
        1        1        1        1        0        0        0        0       20        0      659      582      579      580      515     1015     1013     1014      981
     3247     3246     3249     3251     4316     4315     4317     4318     2063     4311     4314     4213
        1        1        1        1        0        0        0        0       20        0      660      579      576      312      580     1013     1012      880     1014
     3241     3239     3243     3246     4312     4310     4313     4315     4311     4308     3945     4314
        1        1        1        1        0        0        0        0       20        0      661      576      574      243      312     1012     1011      845      880
     3237     3235     2674     3239     4309     4307     3946     4310     4308     4305     3847     3945
        1        1        1        1        0        0        0        0       20        0      662      574      572      221      243     1011     1010      834      845
     3233     3231     2513     3235     4306     4304     3848     4307     4305     4302     3818     3847
        1        1        1        1        0        0        0        0       20        0      663      572      570      215      221     1010     1009      830      834
     3229     3227     2466     3231     4303     4301     3819     4304     4302     4299     3810     3818
        1        1        1        1        0        0        0        0       20        0      664      570      568      216      215     1009     1008      831      830
     3225     3223     2454     3227     4300     4298     3811     4301     4299     4296     3812     3810
        1        1        1        1        0        0        0        0       20        0      665      568      566      386      216     1008     1007      917      831
     3221     3219     2828     3223     4297     4295     4042     4298     4296     4293     4043     3812
        1        1        1        1        0        0        0        0       20        0      666      566      564      390      386     1007     1006      919      917
     3217     3215     2836     3219     4294     4292     4047     4295     4293     4290     4048     4043
        1        1        1        1        0        0        0        0       20        0      667      564      562      394      390     1006     1005      921      919
     3213     3211     2844     3215     4291     4289     4052     4292     4290     4287     4053     4048
        1        1        1        1        0        0        0        0       20        0      668      562      560      398      394     1005     1004      923      921
     3209     3207     2852     3211     4288     4286     4057     4289     4287     4284     4058     4053
        1        1        1        1        0        0        0        0       20        0      669      560      558      402      398     1004     1003      925      923
     3205     3203     2860     3207     4285     4283     4062     4286     4284     4281     4063     4058
        1        1        1        1        0        0        0        0       20        0      670      558      556      406      402     1003     1002      927      925
     3201     3199     2868     3203     4282     4280     4067     4283     4281     4278     4068     4063
        1        1        1        1        0        0        0        0       20        0      671      556      554      410      406     1002     1001      929      927
     3197     3195     2876     3199     4279     4277     4072     4280     4278     4275     4073     4068
        1        1        1        1        0        0        0        0       20        0      672      554      552      414      410     1001     1000      931      929
     3193     3191     2884     3195     4276     4274     4077     4277     4275     4272     4078     4073
        1        1        1        1        0        0        0        0       20        0      673      552      550      418      414     1000      999      933      931
     3189     3187     2892     3191     4273     4271     4082     4274     4272     4269     4083     4078
        1        1        1        1        0        0        0        0       20        0      674      550      548      442      418      999      998      945      933
     3185     3183     2938     3187     4270     4268     4111     4271     4269     4266     4112     4083
        1        1        1        1        0        0        0        0       20        0      675      548      546      446      442      998      997      947      945
     3181     3179     2946     3183     4267     4265     4116     4268     4266     4263     4117     4112
        1        1        1        1        0        0        0        0       20        0      676      546      544      450      446      997      996      949      947
     3177     3175     2954     3179     4264     4262     4121     4265     4263     4260     4122     4117
        1        1        1        1        0        0        0        0       20        0      677      544      542      454      450      996      995      951      949
     3173     3171     2962     3175     4261     4259     4126     4262     4260     4257     4127     4122
        1        1        1        1        0        0        0        0       20        0      678      542      540      458      454      995      994      953      951
     3169     3167     2970     3171     4258     4256     4131     4259     4257     4254     4132     4127
        1        1        1        1        0        0        0        0       20        0      679      540      538      437      458      994      993      942      953
     3165     3163     2978     3167     4255     4253     4136     4256     4254     4251     4104     4132
        1        1        1        1        0        0        0        0       20        0      680      538      536      433      437      993      992      940      942
     3161     3159     2928     3163     4252     4250     4105     4253     4251     4248     4099     4104
        1        1        1        1        0        0        0        0       20        0      681      536      534      308      433      992      991      878      940
     3157     3155     2920     3159     4249     4247     4100     4250     4248     4245     3940     4099
        1        1        1        1        0        0        0        0       20        0      682      534      532      306      308      991      990      877      878
     3153     3151     2666     3155     4246     4244     3941     4247     4245     4242     3937     3940
        1        1        1        1        0        0        0        0       20        0      683      532      530      304      306      990      989      876      877
     3149     3147     2661     3151     4243     4241     3938     4244     4242     4239     3934     3937
        1        1        1        1        0        0        0        0       20        0      684      530      528      302      304      989      988      875      876
     3145     3143     2656     3147     4240     4238     3935     4241     4239     4236     3931     3934
        1        1        1        1        0        0        0        0       20        0      685      528      526      299      302      988      987      873      875
     3141     3139     2651     3143     4237     4235     3932     4238     4236     4233     3926     3931
        1        1        1        1        0        0        0        0       20        0      686      526      524      300      299      987      986      874      873
     3137     3135     2643     3139     4234     4232     3927     4235     4233     4229     3928     3926
        1        1        1        1        0        0        0        0       20        0      687      524      522      430      300      986      985      939      874
     3131     3127     3133     3135     4230     4227     4231     4232     4229     4225     4096     3928
        1        1        1        1        0        0        0        0       20        0      688      496      137      131      292      972      792      788      870
     3129     2318     2622     3069     4228     3718     3915     4191     4187     3714     3706     3914
        1        1        1        1        0        0        0        0       20        0      689      522      520      423      430      985      984      934      939
     3125     3123     2915     3127     4226     4224     4097     4227     4225     2060     4085     4096
        1        1        1        1        0        0        0        0       20        0      690      520      518      424      423      984      983      935      934
     3121     3120     2898     3123     4223     4222     4086     4224     2060     4219     4087     4085
        1        1        1        1        0        0        0        0       20        0      691      518      180      426      424      983      814      937      935
     3116     3118     2901     3120     4220     4221     4088     4222     4219     3774     4089     4087
        1        1        1        1        0        0        0        0       20        0      692      226      508      173      174      837      978      810      811
     3114     3096     2389     2477     4218     4207     3766     3826     3825     4205     3762     3765
        1        1        1        1        0        0        0        0       20        0      693      515      516      512      511      981      982      980      979
     3107     3110     3099     3112     4214     4216     4209     4217     4213     4215     4210     4208
        1        1        1        1        0        0        0        0       20        0      694      511      512      344      343      979      980      896      895
     3099     3102     2734     3104     4209     4211     3984     4212     4208     4210     3985     3983
        1        1        1        1        0        0        0        0       20        0      695      508      506      296      173      978      977      872      810
     3094     3091     2638     3096     4206     4204     3924     4207     4205     4202     3921     3762
        1        1        1        1        0        0        0        0       20        0      696      506      504      290      296      977      976      869      872
     3089     3086     2634     3091     4203     4201     3922     4204     4202     4199     3910     3921
        1        1        1        1        0        0        0        0       20        0      697      504      502      289      290      976      975      868      869
     3084     3081     2616     3086     4200     4198     3911     4201     4199     4196     3912     3910
        1        1        1        1        0        0        0        0       20        0      698      502      500      288      289      975      974      867      868
     3079     3076     2619     3081     4197     4195     3913     4198     4196     4193     3907     3912
        1        1        1        1        0        0        0        0       20        0      699      500      498      292      288      974      973      870      867
     3074     3071     2624     3076     4194     4192     3916     4195     4193     4189     3914     3907
        1        1        1        1        0        0        0        0       20        0      700      498      495      496      292      973      971      972      870
     3067     3064     3069     3071     4190     4188     4191     4192     4189     4184     4187     3914
        1        1        1        1        0        0        0        0       20        0      701      495      491      492      496      971      969      970      972
     3059     3056     3061     3064     4185     4183     4186     4188     4184     4179     4182     4187
        1        1        1        1        0        0        0        0       20        0      702      491      487      488      492      969      967      968      970
     3051     3048     3053     3056     4180     4178     4181     4183     4179     4174     4177     4182
        1        1        1        1        0        0        0        0       20        0      703      487      484      170      488      967      966      809      968
     3043     3040     3045     3048     4175     4173     4176     4178     4174     4171     3760     4177
        1        1        1        1        0        0        0        0       20        0      704      484      482      168      170      966      965      807      809
     3038     3035     2381     3040     4172     4170     3761     4173     4171     4168     3755     3760
        1        1        1        1        0        0        0        0       20        0      705      482      480      169      168      965      964      808      807
     3033     3030     2374     3035     4169     4167     3756     4170     4168     4165     3757     3755
        1        1        1        1        0        0        0        0       20        0      706      480      478      240      169      964      963      844      808
     3028     3025     2917     3030     4166     4164     4098     4167     4165     4162     3844     3757
        1        1        1        1        0        0        0        0       20        0      707      478      476      237      240      963      962      842      844
     3023     3020     2508     3025     4163     4161     3845     4164     4162     4159     3838     3844
        1        1        1        1        0        0        0        0       20        0      708      476      474      238      237      962      961      843      842
     3018     3015     2498     3020     4160     4158     3839     4161     4159     4156     3840     3838
        1        1        1        1        0        0        0        0       20        0      709      474      472      254      238      961      960      851      843
     3013     3010     2539     3015     4157     4155     3864     4158     4156     4153     3862     3840
        1        1        1        1        0        0        0        0       20        0      710      472      470      272      254      960      959      860      851
     3008     3005     2580     3010     4154     4152     3889     4155     4153     4150     3887     3862
        1        1        1        1        0        0        0        0       20        0      711      470      468      271      272      959      958      859      860
     3003     3000     2578     3005     4151     4149     3888     4152     4150     4147     3884     3887
        1        1        1        1        0        0        0        0       20        0      712      468      466      284      271      958      957      866      859
     2998     2995     2608     3000     4148     4146     3906     4149     4147     4144     3904     3884
        1        1        1        1        0        0        0        0       20        0      713      466      464      434      284      957      956      941      866
     2993     2990     2922     2995     4145     4143     4101     4146     4144     4141     4102     3904
        1        1        1        1        0        0        0        0       20        0      714      464      462      438      434      956      955      943      941
     2988     2985     2930     2990     4142     4140     4106     4143     4141     4138     4107     4102
        1        1        1        1        0        0        0        0       20        0      715      462      460      437      438      955      954      942      943
     2983     2980     2933     2985     4139     4137     4108     4140     4138     4134     4104     4107
        1        1        1        1        0        0        0        0       20        0      716      460      457      458      437      954      952      953      942
     2976     2973     2978     2980     4135     4133     4136     4137     4134     4129     4132     4104
        1        1        1        1        0        0        0        0       20        0      717      457      453      454      458      952      950      951      953
     2968     2965     2970     2973     4130     4128     4131     4133     4129     4124     4127     4132
        1        1        1        1        0        0        0        0       20        0      718      453      449      450      454      950      948      949      951
     2960     2957     2962     2965     4125     4123     4126     4128     4124     4119     4122     4127
        1        1        1        1        0        0        0        0       20        0      719      449      445      446      450      948      946      947      949
     2952     2949     2954     2957     4120     4118     4121     4123     4119     4114     4117     4122
        1        1        1        1        0        0        0        0       20        0      720      445      441      442      446      946      944      945      947
     2944     2941     2946     2949     4115     4113     4116     4118     4114     4109     4112     4117
        1        1        1        1        0        0        0        0       20        0      721      441      417      418      442      944      932      933      945
     2936     2895     2938     2941     4110     4084     4111     4113     4109     4080     4083     4112
        1        1        1        1        0        0        0        0       20        0      722      437      433      434      438      942      940      941      943
     2928     2925     2930     2933     4105     4103     4106     4108     4104     4099     4102     4107
        1        1        1        1        0        0        0        0       20        0      723      433      308      284      434      940      878      866      941
     2920     2668     2922     2925     4100     3942     4101     4103     4099     3940     3904     4102
        1        1        1        1        0        0        0        0       20        0      724      240       84       83      169      844      766      765      808
     2505     2216     2377     2917     3843     3650     3758     4098     3844     3651     3649     3757
        1        1        1        1        0        0        0        0       20        0      725      425      429      430      423      936      938      939      934
     2909     2912     2915     2907     4093     4095     4097     4092     4091     4094     4096     4085
        1        1        1        1        0        0        0        0       20        0      726      423      424      426      425      934      935      937      936
     2898     2901     2904     2907     4086     4088     4090     4092     4085     4087     4089     4091
        1        1        1        1        0        0        0        0       20        0      727      417      413      414      418      932      930      931      933
     2890     2887     2892     2895     4081     4079     4082     4084     4080     4075     4078     4083
        1        1        1        1        0        0        0        0       20        0      728      413      409      410      414      930      928      929      931
     2882     2879     2884     2887     4076     4074     4077     4079     4075     4070     4073     4078
        1        1        1        1        0        0        0        0       20        0      729      409      405      406      410      928      926      927      929
     2874     2871     2876     2879     4071     4069     4072     4074     4070     4065     4068     4073
        1        1        1        1        0        0        0        0       20        0      730      405      401      402      406      926      924      925      927
     2866     2863     2868     2871     4066     4064     4067     4069     4065     4060     4063     4068
        1        1        1        1        0        0        0        0       20        0      731      401      397      398      402      924      922      923      925
     2858     2855     2860     2863     4061     4059     4062     4064     4060     4055     4058     4063
        1        1        1        1        0        0        0        0       20        0      732      397      393      394      398      922      920      921      923
     2850     2847     2852     2855     4056     4054     4057     4059     4055     4050     4053     4058
        1        1        1        1        0        0        0        0       20        0      733      393      389      390      394      920      918      919      921
     2842     2839     2844     2847     4051     4049     4052     4054     4050     4045     4048     4053
        1        1        1        1        0        0        0        0       20        0      734      389      385      386      390      918      916      917      919
     2834     2831     2836     2839     4046     4044     4047     4049     4045     4040     4043     4048
        1        1        1        1        0        0        0        0       20        0      735      385      218      216      386      916      833      831      917
     2826     2457     2828     2831     4041     3813     4042     4044     4040     3814     3812     4043
        1        1        1        1        0        0        0        0       20        0      736      217      382      380      222      832      915      914      835
     2823     2821     2816     2468     4039     4038     4035     3820     3816     4036     4031     3821
        1        1        1        1        0        0        0        0       20        0      737      382      377      378      380      915      912      913      914
     2819     2807     2810     2821     4037     4030     4032     4038     4036     4026     4029     4031
        1        1        1        1        0        0        0        0       20        0      738      222      380      316      244      835      914      882      846
     2816     2814     2681     2515     4035     4034     3950     3849     3821     4031     3951     3850
        1        1        1        1        0        0        0        0       20        0      739      380      378      319      316      914      913      883      882
     2810     2812     2692     2814     4032     4033     3957     4034     4031     4029     3953     3951
        1        1        1        1        0        0        0        0       20        0      740      377      374      373      378      912      911      910      913
     2802     2794     2804     2807     4027     4022     4028     4030     4026     4023     4021     4029
        1        1        1        1        0        0        0        0       20        0      741      373      374      369      370      910      911      908      909
     2794     2797     2791     2799     4022     4024     4020     4025     4021     4023     4016     4019
        1        1        1        1        0        0        0        0       20        0      742      369      365      366      370      908      906      907      909
     2786     2783     2788     2791     4017     4015     4018     4020     4016     4011     4014     4019
        1        1        1        1        0        0        0        0       20        0      743      365      361      362      366      906      904      905      907
     2778     2775     2780     2783     4012     4010     4013     4015     4011     4006     4009     4014
        1        1        1        1        0        0        0        0       20        0      744      361      357      358      362      904      902      903      905
     2770     2767     2772     2775     4007     4005     4008     4010     4006     4001     4004     4009
        1        1        1        1        0        0        0        0       20        0      745      357      354      352      358      902      901      900      903
     2762     2759     2764     2767     4002     4000     4003     4005     4001     3998     3996     4004
        1        1        1        1        0        0        0        0       20        0      746      354      202      201      352      901      824      823      900
     2757     2431     2754     2759     3999     3795     3997     4000     3998     3796     3794     3996
        1        1        1        1        0        0        0        0       20        0      747      348      351      352      201      898      899      900      823
     2748     2751     2754     2745     3993     3995     3997     3991     3990     3994     3996     3794
        1        1        1        1        0        0        0        0       20        0      748      347      348      201      203      897      898      823      825
     2742     2745     2440     2747     3989     3991     3801     3992     3988     3990     3794     3800
        1        1        1        1        0        0        0        0       20        0      749      343      344      188      258      895      896      818      853
     2734     2737     2547     2739     3984     3986     3869     3987     3983     3985     3780     3868
        1        1        1        1        0        0        0        0       20        0      750      340      325      327      339      894      885      887      893
     2729     2704     2731     2727     3981     3965     3982     3980     3979     3958     3964     3976
        1        1        1        1        0        0        0        0       20        0      751      339      335      332      340      893      891      890      894
     2722     2719     2724     2727     3977     3975     3978     3980     3976     3971     3969     3979
        1        1        1        1        0        0        0        0       20        0      752      335      336      191      332      891      892      819      890
     2714     2717     2711     2719     3972     3974     3970     3975     3971     3973     3784     3969
        1        1        1        1        0        0        0        0       20        0      753      192      331      332      191      820      889      890      819
     2705     2708     2711     2421     3966     3968     3970     3788     3787     3967     3969     3784
        1        1        1        1        0        0        0        0       20        0      754      325      326      328      327      885      886      888      887
     2695     2698     2701     2704     3959     3961     3963     3965     3958     3960     3962     3964
        1        1        1        1        0        0        0        0       20        0      755      319      320      315      316      883      884      881      882
     2687     2690     2684     2692     3954     3956     3952     3957     3953     3955     3948     3951
        1        1        1        1        0        0        0        0       20        0      756      315      311      244      316      881      879      846      882
     2679     2676     2681     2684     3949     3947     3950     3952     3948     3943     3850     3951
        1        1        1        1        0        0        0        0       20        0      757      311      312      243      244      879      880      845      846
     2671     2674     2518     2676     3944     3946     3851     3947     3943     3945     3847     3850
        1        1        1        1        0        0        0        0       20        0      758      308      306      282      284      878      877      865      866
     2666     2663     2606     2668     3941     3939     3905     3942     3940     3937     3901     3904
        1        1        1        1        0        0        0        0       20        0      759      306      304      280      282      877      876      864      865
     2661     2658     2601     2663     3938     3936     3902     3939     3937     3934     3898     3901
        1        1        1        1        0        0        0        0       20        0      760      304      302      278      280      876      875      863      864
     2656     2653     2596     2658     3935     3933     3899     3936     3934     3931     3895     3898
        1        1        1        1        0        0        0        0       20        0      761      302      299      275      278      875      873      861      863
     2651     2648     2591     2653     3932     3930     3896     3933     3931     3926     3890     3895
        1        1        1        1        0        0        0        0       20        0      762      299      300      276      275      873      874      862      861
     2643     2646     2583     2648     3927     3929     3891     3930     3926     3928     3892     3890
        1        1        1        1        0        0        0        0       20        0      763      173      296      294      125      810      872      871      786
     2638     2636     2640     2384     3924     3923     3925     3763     3762     3921     3919     3702
        1        1        1        1        0        0        0        0       20        0      764      296      290      133      294      872      869      790      871
     2634     2613     2631     2636     3922     3909     3920     3923     3921     3910     3712     3919
        1        1        1        1        0        0        0        0       20        0      765      134      196      294      133      791      822      871      790
     2626     2628     2631     2307     3917     3918     3920     3711     3710     3790     3919     3712
        1        1        1        1        0        0        0        0       20        0      766      292      131      133      288      870      788      790      867
     2622     2310     2611     2624     3915     3713     3908     3916     3914     3706     3712     3907
        1        1        1        1        0        0        0        0       20        0      767      288      133      290      289      867      790      869      868
     2611     2613     2616     2619     3908     3909     3911     3913     3907     3712     3910     3912
        1        1        1        1        0        0        0        0       20        0      768      284      282      267      271      866      865      857      859
     2606     2603     2573     2608     3905     3903     3885     3906     3904     3901     3879     3884
        1        1        1        1        0        0        0        0       20        0      769      282      280      252      267      865      864      850      857
     2601     2598     2565     2603     3902     3900     3880     3903     3901     3898     3859     3879
        1        1        1        1        0        0        0        0       20        0      770      280      278      247      252      864      863      847      850
     2596     2593     2532     2598     3899     3897     3860     3900     3898     3895     3853     3859
        1        1        1        1        0        0        0        0       20        0      771      278      275      248      247      863      861      848      847
     2591     2588     2523     2593     3896     3894     3854     3897     3895     3890     3855     3853
        1        1        1        1        0        0        0        0       20        0      772      275      276      261      248      861      862      854      848
     2583     2586     2555     2588     3891     3893     3874     3894     3890     3892     3870     3855
        1        1        1        1        0        0        0        0       20        0      773      254      272      268      251      851      860      858      849
     2580     2575     2567     2537     3889     3886     3881     3863     3862     3887     3882     3857
        1        1        1        1        0        0        0        0       20        0      774      271      267      268      272      859      857      858      860
     2573     2570     2575     2578     3885     3883     3886     3888     3884     3879     3882     3887
        1        1        1        1        0        0        0        0       20        0      775      267      252      251      268      857      850      849      858
     2565     2529     2567     2570     3880     3858     3881     3883     3879     3859     3857     3882
        1        1        1        1        0        0        0        0       20        0      776      261      145      264      262      854      796      856      855
     2557     2559     2562     2550     3875     3876     3878     3871     3870     3725     3877     3872
        1        1        1        1        0        0        0        0       20        0      777      261      262      234      248      854      855      841      848
     2550     2553     2526     2555     3871     3873     3856     3874     3870     3872     3833     3855
        1        1        1        1        0        0        0        0       20        0      778      186      257      258      188      816      852      853      818
     2541     2544     2547     2408     3865     3867     3869     3779     3778     3866     3868     3780
        1        1        1        1        0        0        0        0       20        0      779      254      251      232      238      851      849      839      843
     2537     2534     2501     2539     3863     3861     3841     3864     3862     3857     3831     3840
        1        1        1        1        0        0        0        0       20        0      780      251      252      247      232      849      850      847      839
     2529     2532     2520     2534     3858     3860     3852     3861     3857     3859     3853     3831
        1        1        1        1        0        0        0        0       20        0      781      232      247      248      234      839      847      848      841
     2520     2523     2526     2487     3852     3854     3856     3832     3831     3853     3855     3833
        1        1        1        1        0        0        0        0       20        0      782      243      221      222      244      845      834      835      846
     2513     2471     2515     2518     3848     3822     3849     3851     3847     3818     3821     3850
        1        1        1        1        0        0        0        0       20        0      783      231      233       78       84      838      840      762      766
     2493     2510     2219     2503     3836     3846     3652     3842     3829     3835     3643     3651
        1        1        1        1        0        0        0        0       20        0      784      231       84      240      237      838      766      844      842
     2503     2505     2508     2495     3842     3843     3845     3837     3829     3651     3844     3838
        1        1        1        1        0        0        0        0       20        0      785      231      237      238      232      838      842      843      839
     2495     2498     2501     2484     3837     3839     3841     3830     3829     3838     3840     3831
        1        1        1        1        0        0        0        0       20        0      786      231      232      234      233      838      839      841      840
     2484     2487     2490     2493     3830     3832     3834     3836     3829     3831     3833     3835
        1        1        1        1        0        0        0        0       20        0      787      104      225       94       92      776      836      771      769
     2481     2479     2231     2254     3828     3827     3660     3675     3674     3823     3661     3659
        1        1        1        1        0        0        0        0       20        0      788      225      226      174       94      836      837      811      771
     2474     2477     2391     2479     3824     3826     3767     3827     3823     3825     3765     3661
        1        1        1        1        0        0        0        0       20        0      789      221      215      217      222      834      830      832      835
     2466     2463     2468     2471     3819     3817     3820     3822     3818     3810     3816     3821
        1        1        1        1        0        0        0        0       20        0      790      215      216      218      217      830      831      833      832
     2454     2457     2460     2463     3811     3813     3815     3817     3810     3812     3814     3816
        1        1        1        1        0        0        0        0       20        0      791      202      210      207      204      824      829      827      826
     2449     2451     2442     2434     3807     3809     3802     3797     3796     3808     3803     3798
        1        1        1        1        0        0        0        0       20        0      792      204      207      208      203      826      827      828      825
     2442     2444     2447     2437     3802     3804     3806     3799     3798     3803     3805     3800
        1        1        1        1        0        0        0        0       20        0      793      201      202      204      203      823      824      826      825
     2431     2434     2437     2440     3795     3797     3799     3801     3794     3796     3798     3800
        1        1        1        1        0        0        0        0       20        0      794      121      126      196      195      784      787      822      821
     2298     2423     2426     2428     3705     3789     3791     3793     3696     3704     3790     3792
        1        1        1        1        0        0        0        0       20        0      795      191      185      187      192      819      815      817      820
     2417     2414     2418     2421     3785     3783     3786     3788     3784     3776     3782     3787
        1        1        1        1        0        0        0        0       20        0      796      185      186      188      187      815      816      818      817
     2405     2408     2411     2414     3777     3779     3781     3783     3776     3778     3780     3782
        1        1        1        1        0        0        0        0       20        0      797      107      164      180      177      777      806      814      812
     2369     2400     2402     2393     3753     3773     3775     3768     3678     3752     3774     3769
        1        1        1        1        0        0        0        0       20        0      798      107      177      178      108      777      812      813      778
     2393     2395     2398     2261     3768     3770     3772     3679     3678     3769     3771     3680
        1        1        1        1        0        0        0        0       20        0      799      122       93       94      174      785      770      771      811
     2287     2234     2391     2386     3698     3662     3767     3764     3699     3663     3661     3765
        1        1        1        1        0        0        0        0       20        0      800      173      125      122      174      810      786      785      811
     2384     2292     2386     2389     3763     3701     3764     3766     3762     3702     3699     3765
        1        1        1        1        0        0        0        0       20        0      801      168      169       83      170      807      808      765      809
     2374     2377     2378     2381     3756     3758     3759     3761     3755     3757     3649     3760
        1        1        1        1        0        0        0        0       20        0      802      164      107      102      118      806      777      774      783
     2369     2258     2283     2371     3753     3677     3695     3754     3752     3678     3670     3694
        1        1        1        1        0        0        0        0       20        0      803      116      112      161      150      782      780      804      799
     2279     2366     2365     2358     3692     3751     3750     3745     3690     3684     3746     3729
        1        1        1        1        0        0        0        0       20        0      804      161      162      144      150      804      805      795      799
     2360     2363     2336     2365     3747     3749     3730     3750     3746     3748     3721     3729
        1        1        1        1        0        0        0        0       20        0      805      150      149      158      116      799      798      803      782
     2333     2354     2356     2358     3728     3742     3744     3745     3729     3727     3743     3690
        1        1        1        1        0        0        0        0       20        0      806       86       79      155      138      767      763      801      793
     2223     2352     2351     2344     3654     3741     3740     3735     3655     3647     3736     3716
        1        1        1        1        0        0        0        0       20        0      807      155      156      132      138      801      802      789      793
     2346     2349     2316     2351     3737     3739     3717     3740     3736     3738     3708     3716
        1        1        1        1        0        0        0        0       20        0      808      138      137      152       86      793      792      800      767
     2313     2340     2342     2344     3715     3732     3734     3735     3716     3714     3733     3655
        1        1        1        1        0        0        0        0       20        0      809      149      150      144      143      798      799      795      794
     2333     2336     2321     2338     3728     3730     3720     3731     3727     3729     3721     3719
        1        1        1        1        0        0        0        0       20        0      810      143      144      146      145      794      795      797      796
     2321     2324     2327     2330     3720     3722     3724     3726     3719     3721     3723     3725
        1        1        1        1        0        0        0        0       20        0      811      137      138      132      131      792      793      789      788
     2313     2316     2301     2318     3715     3717     3707     3718     3714     3716     3708     3706
        1        1        1        1        0        0        0        0       20        0      812      131      132      134      133      788      789      791      790
     2301     2304     2307     2310     3707     3709     3711     3713     3706     3708     3710     3712
        1        1        1        1        0        0        0        0       20        0      813      122      125      126      121      785      786      787      784
     2292     2295     2298     2290     3701     3703     3705     3700     3699     3702     3704     3696
        1        1        1        1        0        0        0        0       20        0      814      121      114       93      122      784      781      770      785
     2285     2273     2287     2290     3697     3687     3698     3700     3696     3688     3663     3699
        1        1        1        1        0        0        0        0       20        0      815       98      118      102       92      773      783      774      769
     2280     2283     2256     2245     3693     3695     3676     3669     3668     3694     3670     3659
        1        1        1        1        0        0        0        0       20        0      816      116       98       97      112      782      773      772      780
     2277     2242     2269     2279     3691     3667     3685     3692     3690     3668     3666     3684
        1        1        1        1        0        0        0        0       20        0      817       93      114      111       91      770      781      779      768
     2273     2275     2271     2237     3687     3689     3686     3664     3663     3688     3682     3657
        1        1        1        1        0        0        0        0       20        0      818      111      112       97       91      779      780      772      768
     2266     2269     2239     2271     3683     3685     3665     3686     3682     3684     3666     3657
        1        1        1        1        0        0        0        0       20        0      819      102      107      108      103      774      777      778      775
     2258     2261     2264     2248     3677     3679     3681     3671     3670     3678     3680     3672
        1        1        1        1        0        0        0        0       20        0      820      102      103      104       92      774      775      776      769
     2248     2251     2254     2256     3671     3673     3675     3676     3670     3672     3674     3659
        1        1        1        1        0        0        0        0       20        0      821       91       97       98       92      768      772      773      769
     2239     2242     2245     2228     3665     3667     3669     3658     3657     3666     3668     3659
        1        1        1        1        0        0        0        0       20        0      822       91       92       94       93      768      769      771      770
     2228     2231     2234     2237     3658     3660     3662     3664     3657     3659     3661     3663
        1        1        1        1        0        0        0        0       20        0      823       79       86       83       77      763      767      765      761
     2223     2225     2221     2213     3654     3656     3653     3648     3647     3655     3649     3641
        1        1        1        1        0        0        0        0       20        0      824       83       84       78       77      765      766      762      761
     2216     2219     2205     2221     3650     3652     3642     3653     3649     3651     3643     3641
        1        1        1        1        0        0        0        0       20        0      825       77       78       80       79      761      762      764      763
     2205     2208     2210     2213     3642     3644     3646     3648     3641     3643     3645     3647
        1        1        1        1        0        0        0        0       20        0      826      160      759      142      140      162      760      146      144
     1956     3638     2322     2361     3640     3639     2324     2363     2362     3636     2326     2323
        1        1        1        1        0        0        0        0       20        0      827      759      757      747      142      760      758      748      146
     1957     3634     3602     3638     3637     3635     3603     3639     3636     3632     3605     2326
        1        1        1        1        0        0        0        0       20        0      828      757      755      749      747      758      756      750      748
     1958     3630     3612     3634     3633     3631     3613     3635     3632     3628     3608     3605
        1        1        1        1        0        0        0        0       20        0      829      755      753      229      749      756      754      233      750
     1959     3626     3607     3630     3629     3627     3609     3631     3628     3624     2492     3608
        1        1        1        1        0        0        0        0       20        0      830      753       76       74      229      754       80       78      233
     1960     2206     2509     3626     3625     2208     2510     3627     3624     2209     2207     2492
        1        1        1        1        0        0        0        0       20        0      831      154      751      130      128      156      752      134      132
     1964     3621     2302     2347     3623     3622     2304     2349     2348     3619     2306     2303
        1        1        1        1        0        0        0        0       20        0      832      751      193      194      130      752      195      196      134
     1965     2424     2625     3621     3620     2426     2626     3622     3619     2427     2425     2306
        1        1        1        1        0        0        0        0       20        0      833      117      157      745      163      118      158      746      164
     1988     3616     3598     2370     3618     3617     3599     2371     2282     2355     3594     2368
        1        1        1        1        0        0        0        0       20        0      834      157      147      743      745      158      149      744      746
     2353     3614     3593     3616     2354     3615     3595     3617     2355     2332     3589     3594
        1        1        1        1        0        0        0        0       20        0      835      147      139      741      743      149      143      742      744
     2337     3600     3588     3614     2338     3601     3590     3615     2332     2320     3584     3589
        1        1        1        1        0        0        0        0       20        0      836      747      749      260      263      748      750      262      264
     3612     3610     2560     3604     3613     3611     2562     3606     3605     3608     2552     2561
        1        1        1        1        0        0        0        0       20        0      837      749      229      230      260      750      233      234      262
     3607     2488     2551     3610     3609     2490     2553     3611     3608     2492     2489     2552
        1        1        1        1        0        0        0        0       20        0      838      142      747      263      141      146      748      264      145
     3602     3604     2558     2325     3603     3606     2559     2327     2326     3605     2561     2329
        1        1        1        1        0        0        0        0       20        0      839      741      139      141      739      742      143      145      740
     3600     2328     3576     3583     3601     2330     3578     3585     3584     2320     2329     3577
        1        1        1        1        0        0        0        0       20        0      840      163      745      422      179      164      746      426      180
     3598     3596     3117     2399     3599     3597     3118     2400     2368     3594     2903     2401
        1        1        1        1        0        0        0        0       20        0      841      745      743      421      422      746      744      425      426
     3593     3591     2902     3596     3595     3592     2904     3597     3594     3589     2906     2903
        1        1        1        1        0        0        0        0       20        0      842      743      741      427      421      744      742      429      425
     3588     3586     2908     3591     3590     3587     2909     3592     3589     3584     2911     2906
        1        1        1        1        0        0        0        0       20        0      843      741      739      428      427      742      740      430      429
     3583     3581     2910     3586     3585     3582     2912     3587     3584     3577     2914     2911
        1        1        1        1        0        0        0        0       20        0      844      739      274      298      428      740      276      300      430
     3579     2644     3132     3581     3580     2646     3133     3582     3577     2585     2645     2914
        1        1        1        1        0        0        0        0       20        0      845      739      141      259      274      740      145      261      276
     3576     2556     2584     3579     3578     2557     2586     3580     3577     2329     2549     2585
        1        1        1        1        0        0        0        0       20        0      846      167      151      490      486      170      152      492      488
     1984     3573     3052     3044     3575     3574     3053     3045     2380     2341     3055     3047
        1        1        1        1        0        0        0        0       20        0      847      151      135      494      490      152      137      496      492
     2339     3128     3060     3573     2340     3129     3061     3574     2341     2312     3063     3055
        1        1        1        1        0        0        0        0       20        0      848      194      124      123      293      196      126      125      294
     2422     2293     2639     2627     2423     2295     2640     2628     2425     2297     2294     2630
        1        1        1        1        0        0        0        0       20        0      849      713      737      514      711      714      738      516      712
     1995     3570     3510     3517     3572     3571     3512     3518     1954     3568     3109     3511
        1        1        1        1        0        0        0        0       20        0      850      737      735      510      514      738      736      512      516
     1994     3566     3108     3570     3569     3567     3110     3571     3568     3564     3101     3109
        1        1        1        1        0        0        0        0       20        0      851      735      733      342      510      736      734      344      512
     1993     3562     3100     3566     3565     3563     3102     3567     3564     3560     2736     3101
        1        1        1        1        0        0        0        0       20        0      852      733      183      184      342      734      187      188      344
     1992     2409     2735     3562     3561     2411     2737     3563     3560     2413     2410     2736
        1        1        1        1        0        0        0        0       20        0      853      329      731      338      330      331      732      340      332
     1999     3557     2723     2706     3559     3558     2724     2708     2707     3555     2726     2710
        1        1        1        1        0        0        0        0       20        0      854      731      729      321      338      732      730      325      340
     1998     3553     2728     3557     3556     3554     2729     3558     3555     3551     2694     2726
        1        1        1        1        0        0        0        0       20        0      855      729      727      322      321      730      728      326      325
     1997     3549     2693     3553     3552     3550     2695     3554     3551     3547     2697     2694
        1        1        1        1        0        0        0        0       20        0      856      727      346      345      322      728      348      347      326
     1996     2740     3306     3549     3548     2742     3307     3550     3547     2744     2741     2697
        1        1        1        1        0        0        0        0       20        0      857      349      725      356      350      351      726      358      352
     1773     3544     2763     2749     3546     3545     2764     2751     2750     3542     2766     2753
        1        1        1        1        0        0        0        0       20        0      858      725      723      360      356      726      724      362      358
     1772     3540     2771     3544     3543     3541     2772     3545     3542     3538     2774     2766
        1        1        1        1        0        0        0        0       20        0      859      723      721      364      360      724      722      366      362
     1771     3536     2779     3540     3539     3537     2780     3541     3538     3534     2782     2774
        1        1        1        1        0        0        0        0       20        0      860      721      719      368      364      722      720      370      366
     1770     3532     2787     3536     3535     3533     2788     3537     3534     1948     2790     2782
        1        1        1        1        0        0        0        0       20        0      861      719      376      371      368      720      378      373      370
     3530     2803     2798     3532     3531     2804     2799     3533     1948     2806     2793     2790
        1        1        1        1        0        0        0        0       20        0      862      719      717      317      376      720      718      319      378
     1769     3527     2811     3530     3529     3528     2812     3531     1948     3525     2686     2806
        1        1        1        1        0        0        0        0       20        0      863      717      715      318      317      718      716      320      319
     1768     3523     2685     3527     3526     3524     2687     3528     3525     3521     2689     2686
        1        1        1        1        0        0        0        0       20        0      864      715      713      313      318      716      714      315      320
     1767     3519     2688     3523     3522     3520     2690     3524     3521     1954     2678     2689
        1        1        1        1        0        0        0        0       20        0      865      713      711      309      313      714      712      311      315
     3517     3515     2677     3519     3518     3516     2679     3520     1954     3511     2670     2678
        1        1        1        1        0        0        0        0       20        0      866      711      578      310      309      712      580      312      311
     3513     3242     2669     3515     3514     3243     2671     3516     3511     3245     2673     2670
        1        1        1        1        0        0        0        0       20        0      867      711      514      513      578      712      516      515      580
     3510     3105     3248     3513     3512     3107     3249     3514     3511     3109     3106     3245
        1        1        1        1        0        0        0        0       20        0      868      176      709      100      106      178      710      103      108
     2026     3507     2262     2396     3509     3508     2264     2398     2397     3505     2250     2263
        1        1        1        1        0        0        0        0       20        0      869      709      707      101      100      710      708      104      103
     2025     3503     2249     3507     3506     3504     2251     3508     3505     3501     2253     2250
        1        1        1        1        0        0        0        0       20        0      870      707      705      223      101      708      706      225      104
     2024     3499     2480     3503     3502     3500     2481     3504     3501     3497     2473     2253
        1        1        1        1        0        0        0        0       20        0      871      705      703      224      223      706      704      226      225
     2023     3495     2472     3499     3498     3496     2474     3500     3497     3493     2476     2473
        1        1        1        1        0        0        0        0       20        0      872      703      701      507      224      704      702      508      226
     2022     3491     3113     3495     3494     3492     3114     3496     3493     3489     3093     2476
        1        1        1        1        0        0        0        0       20        0      873      701      699      505      507      702      700      506      508
     2021     3487     3092     3491     3490     3488     3094     3492     3489     3485     3088     3093
        1        1        1        1        0        0        0        0       20        0      874      699      697      503      505      700      698      504      506
     1856     3483     3087     3487     3486     3484     3089     3488     3485     3481     3083     3088
        1        1        1        1        0        0        0        0       20        0      875      697      695      501      503      698      696      502      504
     1855     3479     3082     3483     3482     3480     3084     3484     3481     3477     3078     3083
        1        1        1        1        0        0        0        0       20        0      876      695      693      499      501      696      694      500      502
     1854     3475     3077     3479     3478     3476     3079     3480     3477     3473     3073     3078
        1        1        1        1        0        0        0        0       20        0      877      693      691      497      499      694      692      498      500
     1853     3471     3072     3475     3474     3472     3074     3476     3473     3469     3066     3073
        1        1        1        1        0        0        0        0       20        0      878      691      689      493      497      692      690      495      498
     1852     3467     3065     3471     3470     3468     3067     3472     3469     3465     3058     3066
        1        1        1        1        0        0        0        0       20        0      879      689      687      489      493      690      688      491      495
     1851     3463     3057     3467     3466     3464     3059     3468     3465     3461     3050     3058
        1        1        1        1        0        0        0        0       20        0      880      687      685      485      489      688      686      487      491
     1850     3459     3049     3463     3462     3460     3051     3464     3461     3457     3042     3050
        1        1        1        1        0        0        0        0       20        0      881      685      683      483      485      686      684      484      487
     1849     3455     3041     3459     3458     3456     3043     3460     3457     3453     3037     3042
        1        1        1        1        0        0        0        0       20        0      882      683      681      481      483      684      682      482      484
     1848     3451     3036     3455     3454     3452     3038     3456     3453     3449     3032     3037
        1        1        1        1        0        0        0        0       20        0      883      681      679      479      481      682      680      480      482
     1847     3447     3031     3451     3450     3448     3033     3452     3449     2058     3027     3032
        1        1        1        1        0        0        0        0       20        0      884      679      677      477      479      680      678      478      480
     1817     3444     3026     3447     3446     3445     3028     3448     2058     3442     3022     3027
        1        1        1        1        0        0        0        0       20        0      885      677      675      475      477      678      676      476      478
     1818     3440     3021     3444     3443     3441     3023     3445     3442     3438     3017     3022
        1        1        1        1        0        0        0        0       20        0      886      675      673      473      475      676      674      474      476
     1819     3436     3016     3440     3439     3437     3018     3441     3438     3434     3012     3017
        1        1        1        1        0        0        0        0       20        0      887      673      671      471      473      674      672      472      474
     1820     3432     3011     3436     3435     3433     3013     3437     3434     3430     3007     3012
        1        1        1        1        0        0        0        0       20        0      888      671      669      469      471      672      670      470      472
     1821     3428     3006     3432     3431     3429     3008     3433     3430     3426     3002     3007
        1        1        1        1        0        0        0        0       20        0      889      669      667      467      469      670      668      468      470
     1822     3424     3001     3428     3427     3425     3003     3429     3426     3422     2997     3002
        1        1        1        1        0        0        0        0       20        0      890      667      665      465      467      668      666      466      468
     1823     3420     2996     3424     3423     3421     2998     3425     3422     3418     2992     2997
        1        1        1        1        0        0        0        0       20        0      891      665      663      463      465      666      664      464      466
     1824     3416     2991     3420     3419     3417     2993     3421     3418     3414     2987     2992
        1        1        1        1        0        0        0        0       20        0      892      663      661      461      463      664      662      462      464
     1825     3412     2986     3416     3415     3413     2988     3417     3414     3410     2982     2987
        1        1        1        1        0        0        0        0       20        0      893      661      659      459      461      662      660      460      462
     1826     3408     2981     3412     3411     3409     2983     3413     3410     3406     2975     2982
        1        1        1        1        0        0        0        0       20        0      894      659      657      455      459      660      658      457      460
     1827     3404     2974     3408     3407     3405     2976     3409     3406     3402     2967     2975
        1        1        1        1        0        0        0        0       20        0      895      657      655      451      455      658      656      453      457
     1828     3400     2966     3404     3403     3401     2968     3405     3402     3398     2959     2967
        1        1        1        1        0        0        0        0       20        0      896      655      653      447      451      656      654      449      453
     1829     3396     2958     3400     3399     3397     2960     3401     3398     3394     2951     2959
        1        1        1        1        0        0        0        0       20        0      897      653      651      443      447      654      652      445      449
     1830     3392     2950     3396     3395     3393     2952     3397     3394     3390     2943     2951
        1        1        1        1        0        0        0        0       20        0      898      651      649      439      443      652      650      441      445
     1831     3388     2942     3392     3391     3389     2944     3393     3390     3386     2935     2943
        1        1        1        1        0        0        0        0       20        0      899      649      647      415      439      650      648      417      441
     1832     3384     2934     3388     3387     3385     2936     3389     3386     3382     2889     2935
        1        1        1        1        0        0        0        0       20        0      900      647      645      411      415      648      646      413      417
     1833     3380     2888     3384     3383     3381     2890     3385     3382     3378     2881     2889
        1        1        1        1        0        0        0        0       20        0      901      645      643      407      411      646      644      409      413
     1834     3376     2880     3380     3379     3377     2882     3381     3378     3374     2873     2881
        1        1        1        1        0        0        0        0       20        0      902      643      641      403      407      644      642      405      409
     1835     3372     2872     3376     3375     3373     2874     3377     3374     3370     2865     2873
        1        1        1        1        0        0        0        0       20        0      903      641      639      399      403      642      640      401      405
     1836     3368     2864     3372     3371     3369     2866     3373     3370     3366     2857     2865
        1        1        1        1        0        0        0        0       20        0      904      639      637      395      399      640      638      397      401
     1837     3364     2856     3368     3367     3365     2858     3369     3366     3362     2849     2857
        1        1        1        1        0        0        0        0       20        0      905      637      635      391      395      638      636      393      397
     1838     3360     2848     3364     3363     3361     2850     3365     3362     3358     2841     2849
        1        1        1        1        0        0        0        0       20        0      906      635      633      387      391      636      634      389      393
     1839     3356     2840     3360     3359     3357     2842     3361     3358     3354     2833     2841
        1        1        1        1        0        0        0        0       20        0      907      633      631      383      387      634      632      385      389
     1840     3352     2832     3356     3355     3353     2834     3357     3354     3350     2825     2833
        1        1        1        1        0        0        0        0       20        0      908      631      629      214      383      632      630      218      385
     1841     3348     2824     3352     3351     3349     2826     3353     3350     3346     2459     2825
        1        1        1        1        0        0        0        0       20        0      909      629      627      213      214      630      628      217      218
     1842     3344     2458     3348     3347     3345     2460     3349     3346     3342     2462     2459
        1        1        1        1        0        0        0        0       20        0      910      627      625      381      213      628      626      382      217
     1843     3340     2822     3344     3343     3341     2823     3345     3342     3338     2818     2462
        1        1        1        1        0        0        0        0       20        0      911      625      623      375      381      626      624      377      382
     1844     3336     2817     3340     3339     3337     2819     3341     3338     3334     2801     2818
        1        1        1        1        0        0        0        0       20        0      912      623      621      372      375      624      622      374      377
     1845     3332     2800     3336     3335     3333     2802     3337     3334     3330     2796     2801
        1        1        1        1        0        0        0        0       20        0      913      621      619      367      372      622      620      369      374
     1846     3328     2795     3332     3331     3329     2797     3333     3330     2055     2785     2796
        1        1        1        1        0        0        0        0       20        0      914      619      617      363      367      620      618      365      369
     2052     3325     2784     3328     3327     3326     2786     3329     2055     3323     2777     2785
        1        1        1        1        0        0        0        0       20        0      915      617      615      359      363      618      616      361      365
     2051     3321     2776     3325     3324     3322     2778     3326     3323     3319     2769     2777
        1        1        1        1        0        0        0        0       20        0      916      615      613      355      359      616      614      357      361
     2050     3317     2768     3321     3320     3318     2770     3322     3319     3315     2761     2769
        1        1        1        1        0        0        0        0       20        0      917      613      611      353      355      614      612      354      357
     2049     3313     2760     3317     3316     3314     2762     3318     3315     3311     2756     2761
        1        1        1        1        0        0        0        0       20        0      918      611      209      198      353      612      210      202      354
     2048     2448     2755     3313     3312     2449     2757     3314     3311     2450     2433     2756
        1        1        1        1        0        0        0        0       20        0      919      206      609      345      199      208      610      347      203
     2045     3308     2746     2445     3310     3309     2747     2447     2446     3304     2741     2439
        1        1        1        1        0        0        0        0       20        0      920      609      607      322      345      610      608      326      347
     2044     3302     3306     3308     3305     3303     3307     3309     3304     3300     2697     2741
        1        1        1        1        0        0        0        0       20        0      921      607      605      324      322      608      606      328      326
     2043     3298     2696     3302     3301     3299     2698     3303     3300     3296     2700     2697
        1        1        1        1        0        0        0        0       20        0      922      605      603      323      324      606      604      327      328
     2042     3294     2699     3298     3297     3295     2701     3299     3296     3292     2703     2700
        1        1        1        1        0        0        0        0       20        0      923      603      601      337      323      604      602      339      327
     1940     3290     2730     3294     3293     3291     2731     3295     3292     3288     2721     2703
        1        1        1        1        0        0        0        0       20        0      924      601      599      333      337      602      600      335      339
     1939     3286     2720     3290     3289     3287     2722     3291     3288     3284     2713     2721
        1        1        1        1        0        0        0        0       20        0      925      599      597      334      333      600      598      336      335
     1938     3282     2712     3286     3285     3283     2714     3287     3284     3280     2716     2713
        1        1        1        1        0        0        0        0       20        0      926      597      595      189      334      598      596      191      336
     1937     3278     2715     3282     3281     3279     2717     3283     3280     3276     2416     2716
        1        1        1        1        0        0        0        0       20        0      927      595      593      181      189      596      594      185      191
     1936     3274     2415     3278     3277     3275     2417     3279     3276     3272     2404     2416
        1        1        1        1        0        0        0        0       20        0      928      593      591      182      181      594      592      186      185
     1935     3270     2403     3274     3273     3271     2405     3275     3272     3268     2407     2404
        1        1        1        1        0        0        0        0       20        0      929      591      589      255      182      592      590      257      186
     1934     3266     2540     3270     3269     3267     2541     3271     3268     3264     2543     2407
        1        1        1        1        0        0        0        0       20        0      930      589      587      256      255      590      588      258      257
     1933     3262     2542     3266     3265     3263     2544     3267     3264     3260     2546     2543
        1        1        1        1        0        0        0        0       20        0      931      587      585      341      256      588      586      343      258
     1932     3258     2738     3262     3261     3259     2739     3263     3260     3256     2733     2546
        1        1        1        1        0        0        0        0       20        0      932      585      583      509      341      586      584      511      343
     1931     3254     3103     3258     3257     3255     3104     3259     3256     3252     3098     2733
        1        1        1        1        0        0        0        0       20        0      933      583      581      513      509      584      582      515      511
     1930     3250     3111     3254     3253     3251     3112     3255     3252     2064     3106     3098
        1        1        1        1        0        0        0        0       20        0      934      581      577      578      513      582      579      580      515
     1900     3244     3248     3250     3247     3246     3249     3251     2064     3240     3245     3106
        1        1        1        1        0        0        0        0       20        0      935      577      575      310      578      579      576      312      580
     1901     3238     3242     3244     3241     3239     3243     3246     3240     3236     2673     3245
        1        1        1        1        0        0        0        0       20        0      936      575      573      241      310      576      574      243      312
     1902     3234     2672     3238     3237     3235     2674     3239     3236     3232     2512     2673
        1        1        1        1        0        0        0        0       20        0      937      573      571      219      241      574      572      221      243
     1903     3230     2511     3234     3233     3231     2513     3235     3232     3228     2465     2512
        1        1        1        1        0        0        0        0       20        0      938      571      569      211      219      572      570      215      221
     1904     3226     2464     3230     3229     3227     2466     3231     3228     3224     2453     2465
        1        1        1        1        0        0        0        0       20        0      939      569      567      212      211      570      568      216      215
     1905     3222     2452     3226     3225     3223     2454     3227     3224     3220     2456     2453
        1        1        1        1        0        0        0        0       20        0      940      567      565      384      212      568      566      386      216
     1906     3218     2827     3222     3221     3219     2828     3223     3220     3216     2830     2456
        1        1        1        1        0        0        0        0       20        0      941      565      563      388      384      566      564      390      386
     1907     3214     2835     3218     3217     3215     2836     3219     3216     3212     2838     2830
        1        1        1        1        0        0        0        0       20        0      942      563      561      392      388      564      562      394      390
     1908     3210     2843     3214     3213     3211     2844     3215     3212     3208     2846     2838
        1        1        1        1        0        0        0        0       20        0      943      561      559      396      392      562      560      398      394
     1909     3206     2851     3210     3209     3207     2852     3211     3208     3204     2854     2846
        1        1        1        1        0        0        0        0       20        0      944      559      557      400      396      560      558      402      398
     1910     3202     2859     3206     3205     3203     2860     3207     3204     3200     2862     2854
        1        1        1        1        0        0        0        0       20        0      945      557      555      404      400      558      556      406      402
     1911     3198     2867     3202     3201     3199     2868     3203     3200     3196     2870     2862
        1        1        1        1        0        0        0        0       20        0      946      555      553      408      404      556      554      410      406
     1912     3194     2875     3198     3197     3195     2876     3199     3196     3192     2878     2870
        1        1        1        1        0        0        0        0       20        0      947      553      551      412      408      554      552      414      410
     1913     3190     2883     3194     3193     3191     2884     3195     3192     3188     2886     2878
        1        1        1        1        0        0        0        0       20        0      948      551      549      416      412      552      550      418      414
     1914     3186     2891     3190     3189     3187     2892     3191     3188     3184     2894     2886
        1        1        1        1        0        0        0        0       20        0      949      549      547      440      416      550      548      442      418
     1915     3182     2937     3186     3185     3183     2938     3187     3184     3180     2940     2894
        1        1        1        1        0        0        0        0       20        0      950      547      545      444      440      548      546      446      442
     1916     3178     2945     3182     3181     3179     2946     3183     3180     3176     2948     2940
        1        1        1        1        0        0        0        0       20        0      951      545      543      448      444      546      544      450      446
     1917     3174     2953     3178     3177     3175     2954     3179     3176     3172     2956     2948
        1        1        1        1        0        0        0        0       20        0      952      543      541      452      448      544      542      454      450
     1918     3170     2961     3174     3173     3171     2962     3175     3172     3168     2964     2956
        1        1        1        1        0        0        0        0       20        0      953      541      539      456      452      542      540      458      454
     1919     3166     2969     3170     3169     3167     2970     3171     3168     3164     2972     2964
        1        1        1        1        0        0        0        0       20        0      954      539      537      435      456      540      538      437      458
     1920     3162     2977     3166     3165     3163     2978     3167     3164     3160     2927     2972
        1        1        1        1        0        0        0        0       20        0      955      537      535      431      435      538      536      433      437
     1921     3158     2926     3162     3161     3159     2928     3163     3160     3156     2919     2927
        1        1        1        1        0        0        0        0       20        0      956      535      533      307      431      536      534      308      433
     1922     3154     2918     3158     3157     3155     2920     3159     3156     3152     2665     2919
        1        1        1        1        0        0        0        0       20        0      957      533      531      305      307      534      532      306      308
     1923     3150     2664     3154     3153     3151     2666     3155     3152     3148     2660     2665
        1        1        1        1        0        0        0        0       20        0      958      531      529      303      305      532      530      304      306
     1924     3146     2659     3150     3149     3147     2661     3151     3148     3144     2655     2660
        1        1        1        1        0        0        0        0       20        0      959      529      527      301      303      530      528      302      304
     1925     3142     2654     3146     3145     3143     2656     3147     3144     3140     2650     2655
        1        1        1        1        0        0        0        0       20        0      960      527      525      297      301      528      526      299      302
     1926     3138     2649     3142     3141     3139     2651     3143     3140     3136     2642     2650
        1        1        1        1        0        0        0        0       20        0      961      525      523      298      297      526      524      300      299
     1927     3134     2641     3138     3137     3135     2643     3139     3136     3130     2645     2642
        1        1        1        1        0        0        0        0       20        0      962      523      521      428      298      524      522      430      300
     1928     3126     3132     3134     3131     3127     3133     3135     3130     3124     2914     2645
        1        1        1        1        0        0        0        0       20        0      963      494      135      127      291      496      137      131      292
     3128     2317     2620     3068     3129     2318     2622     3069     3063     2312     2300     2621
        1        1        1        1        0        0        0        0       20        0      964      521      519      419      428      522      520      423      430
     1929     3122     2913     3126     3125     3123     2915     3127     3124     2061     2897     2914
        1        1        1        1        0        0        0        0       20        0      965      519      517      420      419      520      518      424      423
     2030     3119     2896     3122     3121     3120     2898     3123     2061     3115     2900     2897
        1        1        1        1        0        0        0        0       20        0      966      517      179      422      420      518      180      426      424
     2029     3117     2899     3119     3116     3118     2901     3120     3115     2401     2903     2900
        1        1        1        1        0        0        0        0       20        0      967      224      507      171      172      226      508      173      174
     3113     3095     2387     2475     3114     3096     2389     2477     2476     3093     2383     2388
        1        1        1        1        0        0        0        0       20        0      968      513      514      510      509      515      516      512      511
     3105     3108     3097     3111     3107     3110     3099     3112     3106     3109     3101     3098
        1        1        1        1        0        0        0        0       20        0      969      509      510      342      341      511      512      344      343
     3097     3100     2732     3103     3099     3102     2734     3104     3098     3101     2736     2733
        1        1        1        1        0        0        0        0       20        0      970      507      505      295      171      508      506      296      173
     3092     3090     2637     3095     3094     3091     2638     3096     3093     3088     2633     2383
        1        1        1        1        0        0        0        0       20        0      971      505      503      287      295      506      504      290      296
     3087     3085     2632     3090     3089     3086     2634     3091     3088     3083     2615     2633
        1        1        1        1        0        0        0        0       20        0      972      503      501      286      287      504      502      289      290
     3082     3080     2614     3085     3084     3081     2616     3086     3083     3078     2618     2615
        1        1        1        1        0        0        0        0       20        0      973      501      499      285      286      502      500      288      289
     3077     3075     2617     3080     3079     3076     2619     3081     3078     3073     2610     2618
        1        1        1        1        0        0        0        0       20        0      974      499      497      291      285      500      498      292      288
     3072     3070     2623     3075     3074     3071     2624     3076     3073     3066     2621     2610
        1        1        1        1        0        0        0        0       20        0      975      497      493      494      291      498      495      496      292
     3065     3062     3068     3070     3067     3064     3069     3071     3066     3058     3063     2621
        1        1        1        1        0        0        0        0       20        0      976      493      489      490      494      495      491      492      496
     3057     3054     3060     3062     3059     3056     3061     3064     3058     3050     3055     3063
        1        1        1        1        0        0        0        0       20        0      977      489      485      486      490      491      487      488      492
     3049     3046     3052     3054     3051     3048     3053     3056     3050     3042     3047     3055
        1        1        1        1        0        0        0        0       20        0      978      485      483      167      486      487      484      170      488
     3041     3039     3044     3046     3043     3040     3045     3048     3042     3037     2380     3047
        1        1        1        1        0        0        0        0       20        0      979      483      481      165      167      484      482      168      170
     3036     3034     2379     3039     3038     3035     2381     3040     3037     3032     2373     2380
        1        1        1        1        0        0        0        0       20        0      980      481      479      166      165      482      480      169      168
     3031     3029     2372     3034     3033     3030     2374     3035     3032     3027     2376     2373
        1        1        1        1        0        0        0        0       20        0      981      479      477      239      166      480      478      240      169
     3026     3024     2916     3029     3028     3025     2917     3030     3027     3022     2507     2376
        1        1        1        1        0        0        0        0       20        0      982      477      475      235      239      478      476      237      240
     3021     3019     2506     3024     3023     3020     2508     3025     3022     3017     2497     2507
        1        1        1        1        0        0        0        0       20        0      983      475      473      236      235      476      474      238      237
     3016     3014     2496     3019     3018     3015     2498     3020     3017     3012     2500     2497
        1        1        1        1        0        0        0        0       20        0      984      473      471      253      236      474      472      254      238
     3011     3009     2538     3014     3013     3010     2539     3015     3012     3007     2536     2500
        1        1        1        1        0        0        0        0       20        0      985      471      469      270      253      472      470      272      254
     3006     3004     2579     3009     3008     3005     2580     3010     3007     3002     2577     2536
        1        1        1        1        0        0        0        0       20        0      986      469      467      269      270      470      468      271      272
     3001     2999     2576     3004     3003     3000     2578     3005     3002     2997     2572     2577
        1        1        1        1        0        0        0        0       20        0      987      467      465      283      269      468      466      284      271
     2996     2994     2607     2999     2998     2995     2608     3000     2997     2992     2605     2572
        1        1        1        1        0        0        0        0       20        0      988      465      463      432      283      466      464      434      284
     2991     2989     2921     2994     2993     2990     2922     2995     2992     2987     2924     2605
        1        1        1        1        0        0        0        0       20        0      989      463      461      436      432      464      462      438      434
     2986     2984     2929     2989     2988     2985     2930     2990     2987     2982     2932     2924
        1        1        1        1        0        0        0        0       20        0      990      461      459      435      436      462      460      437      438
     2981     2979     2931     2984     2983     2980     2933     2985     2982     2975     2927     2932
        1        1        1        1        0        0        0        0       20        0      991      459      455      456      435      460      457      458      437
     2974     2971     2977     2979     2976     2973     2978     2980     2975     2967     2972     2927
        1        1        1        1        0        0        0        0       20        0      992      455      451      452      456      457      453      454      458
     2966     2963     2969     2971     2968     2965     2970     2973     2967     2959     2964     2972
        1        1        1        1        0        0        0        0       20        0      993      451      447      448      452      453      449      450      454
     2958     2955     2961     2963     2960     2957     2962     2965     2959     2951     2956     2964
        1        1        1        1        0        0        0        0       20        0      994      447      443      444      448      449      445      446      450
     2950     2947     2953     2955     2952     2949     2954     2957     2951     2943     2948     2956
        1        1        1        1        0        0        0        0       20        0      995      443      439      440      444      445      441      442      446
     2942     2939     2945     2947     2944     2941     2946     2949     2943     2935     2940     2948
        1        1        1        1        0        0        0        0       20        0      996      439      415      416      440      441      417      418      442
     2934     2893     2937     2939     2936     2895     2938     2941     2935     2889     2894     2940
        1        1        1        1        0        0        0        0       20        0      997      435      431      432      436      437      433      434      438
     2926     2923     2929     2931     2928     2925     2930     2933     2927     2919     2924     2932
        1        1        1        1        0        0        0        0       20        0      998      431      307      283      432      433      308      284      434
     2918     2667     2921     2923     2920     2668     2922     2925     2919     2665     2605     2924
        1        1        1        1        0        0        0        0       20        0      999      239       82       81      166      240       84       83      169
     2504     2214     2375     2916     2505     2216     2377     2917     2507     2218     2215     2376
        1        1        1        1        0        0        0        0       20        0     1000      421      427      428      419      425      429      430      423
     2908     2910     2913     2905     2909     2912     2915     2907     2906     2911     2914     2897
        1        1        1        1        0        0        0        0       20        0     1001      419      420      422      421      423      424      426      425
     2896     2899     2902     2905     2898     2901     2904     2907     2897     2900     2903     2906
        1        1        1        1        0        0        0        0       20        0     1002      415      411      412      416      417      413      414      418
     2888     2885     2891     2893     2890     2887     2892     2895     2889     2881     2886     2894
        1        1        1        1        0        0        0        0       20        0     1003      411      407      408      412      413      409      410      414
     2880     2877     2883     2885     2882     2879     2884     2887     2881     2873     2878     2886
        1        1        1        1        0        0        0        0       20        0     1004      407      403      404      408      409      405      406      410
     2872     2869     2875     2877     2874     2871     2876     2879     2873     2865     2870     2878
        1        1        1        1        0        0        0        0       20        0     1005      403      399      400      404      405      401      402      406
     2864     2861     2867     2869     2866     2863     2868     2871     2865     2857     2862     2870
        1        1        1        1        0        0        0        0       20        0     1006      399      395      396      400      401      397      398      402
     2856     2853     2859     2861     2858     2855     2860     2863     2857     2849     2854     2862
        1        1        1        1        0        0        0        0       20        0     1007      395      391      392      396      397      393      394      398
     2848     2845     2851     2853     2850     2847     2852     2855     2849     2841     2846     2854
        1        1        1        1        0        0        0        0       20        0     1008      391      387      388      392      393      389      390      394
     2840     2837     2843     2845     2842     2839     2844     2847     2841     2833     2838     2846
        1        1        1        1        0        0        0        0       20        0     1009      387      383      384      388      389      385      386      390
     2832     2829     2835     2837     2834     2831     2836     2839     2833     2825     2830     2838
        1        1        1        1        0        0        0        0       20        0     1010      383      214      212      384      385      218      216      386
     2824     2455     2827     2829     2826     2457     2828     2831     2825     2459     2456     2830
        1        1        1        1        0        0        0        0       20        0     1011      213      381      379      220      217      382      380      222
     2822     2820     2815     2467     2823     2821     2816     2468     2462     2818     2809     2470
        1        1        1        1        0        0        0        0       20        0     1012      381      375      376      379      382      377      378      380
     2817     2805     2808     2820     2819     2807     2810     2821     2818     2801     2806     2809
        1        1        1        1        0        0        0        0       20        0     1013      220      379      314      242      222      380      316      244
     2815     2813     2680     2514     2816     2814     2681     2515     2470     2809     2683     2517
        1        1        1        1        0        0        0        0       20        0     1014      379      376      317      314      380      378      319      316
     2808     2811     2691     2813     2810     2812     2692     2814     2809     2806     2686     2683
        1        1        1        1        0        0        0        0       20        0     1015      375      372      371      376      377      374      373      378
     2800     2792     2803     2805     2802     2794     2804     2807     2801     2796     2793     2806
        1        1        1        1        0        0        0        0       20        0     1016      371      372      367      368      373      374      369      370
     2792     2795     2789     2798     2794     2797     2791     2799     2793     2796     2785     2790
        1        1        1        1        0        0        0        0       20        0     1017      367      363      364      368      369      365      366      370
     2784     2781     2787     2789     2786     2783     2788     2791     2785     2777     2782     2790
        1        1        1        1        0        0        0        0       20        0     1018      363      359      360      364      365      361      362      366
     2776     2773     2779     2781     2778     2775     2780     2783     2777     2769     2774     2782
        1        1        1        1        0        0        0        0       20        0     1019      359      355      356      360      361      357      358      362
     2768     2765     2771     2773     2770     2767     2772     2775     2769     2761     2766     2774
        1        1        1        1        0        0        0        0       20        0     1020      355      353      350      356      357      354      352      358
     2760     2758     2763     2765     2762     2759     2764     2767     2761     2756     2753     2766
        1        1        1        1        0        0        0        0       20        0     1021      353      198      197      350      354      202      201      352
     2755     2429     2752     2758     2757     2431     2754     2759     2756     2433     2430     2753
        1        1        1        1        0        0        0        0       20        0     1022      346      349      350      197      348      351      352      201
     1774     2749     2752     2743     2748     2751     2754     2745     2744     2750     2753     2430
        1        1        1        1        0        0        0        0       20        0     1023      345      346      197      199      347      348      201      203
     2740     2743     2438     2746     2742     2745     2440     2747     2741     2744     2430     2439
        1        1        1        1        0        0        0        0       20        0     1024      341      342      184      256      343      344      188      258
     2732     2735     2545     2738     2734     2737     2547     2739     2733     2736     2410     2546
        1        1        1        1        0        0        0        0       20        0     1025      338      321      323      337      340      325      327      339
     2728     2702     2730     2725     2729     2704     2731     2727     2726     2694     2703     2721
        1        1        1        1        0        0        0        0       20        0     1026      337      333      330      338      339      335      332      340
     2720     2718     2723     2725     2722     2719     2724     2727     2721     2713     2710     2726
        1        1        1        1        0        0        0        0       20        0     1027      333      334      189      330      335      336      191      332
     2712     2715     2709     2718     2714     2717     2711     2719     2713     2716     2416     2710
        1        1        1        1        0        0        0        0       20        0     1028      190      329      330      189      192      331      332      191
     2000     2706     2709     2419     2705     2708     2711     2421     2420     2707     2710     2416
        1        1        1        1        0        0        0        0       20        0     1029      321      322      324      323      325      326      328      327
     2693     2696     2699     2702     2695     2698     2701     2704     2694     2697     2700     2703
        1        1        1        1        0        0        0        0       20        0     1030      317      318      313      314      319      320      315      316
     2685     2688     2682     2691     2687     2690     2684     2692     2686     2689     2678     2683
        1        1        1        1        0        0        0        0       20        0     1031      313      309      242      314      315      311      244      316
     2677     2675     2680     2682     2679     2676     2681     2684     2678     2670     2517     2683
        1        1        1        1        0        0        0        0       20        0     1032      309      310      241      242      311      312      243      244
     2669     2672     2516     2675     2671     2674     2518     2676     2670     2673     2512     2517
        1        1        1        1        0        0        0        0       20        0     1033      307      305      281      283      308      306      282      284
     2664     2662     2604     2667     2666     2663     2606     2668     2665     2660     2600     2605
        1        1        1        1        0        0        0        0       20        0     1034      305      303      279      281      306      304      280      282
     2659     2657     2599     2662     2661     2658     2601     2663     2660     2655     2595     2600
        1        1        1        1        0        0        0        0       20        0     1035      303      301      277      279      304      302      278      280
     2654     2652     2594     2657     2656     2653     2596     2658     2655     2650     2590     2595
        1        1        1        1        0        0        0        0       20        0     1036      301      297      273      277      302      299      275      278
     2649     2647     2589     2652     2651     2648     2591     2653     2650     2642     2582     2590
        1        1        1        1        0        0        0        0       20        0     1037      297      298      274      273      299      300      276      275
     2641     2644     2581     2647     2643     2646     2583     2648     2642     2645     2585     2582
        1        1        1        1        0        0        0        0       20        0     1038      171      295      293      123      173      296      294      125
     2637     2635     2639     2382     2638     2636     2640     2384     2383     2633     2630     2294
        1        1        1        1        0        0        0        0       20        0     1039      295      287      129      293      296      290      133      294
     2632     2612     2629     2635     2634     2613     2631     2636     2633     2615     2309     2630
        1        1        1        1        0        0        0        0       20        0     1040      130      194      293      129      134      196      294      133
     2625     2627     2629     2305     2626     2628     2631     2307     2306     2425     2630     2309
        1        1        1        1        0        0        0        0       20        0     1041      291      127      129      285      292      131      133      288
     2620     2308     2609     2623     2622     2310     2611     2624     2621     2300     2309     2610
        1        1        1        1        0        0        0        0       20        0     1042      285      129      287      286      288      133      290      289
     2609     2612     2614     2617     2611     2613     2616     2619     2610     2309     2615     2618
        1        1        1        1        0        0        0        0       20        0     1043      283      281      265      269      284      282      267      271
     2604     2602     2571     2607     2606     2603     2573     2608     2605     2600     2564     2572
        1        1        1        1        0        0        0        0       20        0     1044      281      279      250      265      282      280      252      267
     2599     2597     2563     2602     2601     2598     2565     2603     2600     2595     2531     2564
        1        1        1        1        0        0        0        0       20        0     1045      279      277      245      250      280      278      247      252
     2594     2592     2530     2597     2596     2593     2532     2598     2595     2590     2522     2531
        1        1        1        1        0        0        0        0       20        0     1046      277      273      246      245      278      275      248      247
     2589     2587     2521     2592     2591     2588     2523     2593     2590     2582     2525     2522
        1        1        1        1        0        0        0        0       20        0     1047      273      274      259      246      275      276      261      248
     2581     2584     2554     2587     2583     2586     2555     2588     2582     2585     2549     2525
        1        1        1        1        0        0        0        0       20        0     1048      253      270      266      249      254      272      268      251
     2579     2574     2566     2535     2580     2575     2567     2537     2536     2577     2569     2528
        1        1        1        1        0        0        0        0       20        0     1049      269      265      266      270      271      267      268      272
     2571     2568     2574     2576     2573     2570     2575     2578     2572     2564     2569     2577
        1        1        1        1        0        0        0        0       20        0     1050      265      250      249      266      267      252      251      268
     2563     2527     2566     2568     2565     2529     2567     2570     2564     2531     2528     2569
        1        1        1        1        0        0        0        0       20        0     1051      259      141      263      260      261      145      264      262
     2556     2558     2560     2548     2557     2559     2562     2550     2549     2329     2561     2552
        1        1        1        1        0        0        0        0       20        0     1052      259      260      230      246      261      262      234      248
     2548     2551     2524     2554     2550     2553     2526     2555     2549     2552     2489     2525
        1        1        1        1        0        0        0        0       20        0     1053      182      255      256      184      186      257      258      188
     2540     2542     2545     2406     2541     2544     2547     2408     2407     2543     2546     2410
        1        1        1        1        0        0        0        0       20        0     1054      253      249      228      236      254      251      232      238
     2535     2533     2499     2538     2537     2534     2501     2539     2536     2528     2486     2500
        1        1        1        1        0        0        0        0       20        0     1055      249      250      245      228      251      252      247      232
     2527     2530     2519     2533     2529     2532     2520     2534     2528     2531     2522     2486
        1        1        1        1        0        0        0        0       20        0     1056      228      245      246      230      232      247      248      234
     2519     2521     2524     2485     2520     2523     2526     2487     2486     2522     2525     2489
        1        1        1        1        0        0        0        0       20        0     1057      241      219      220      242      243      221      222      244
     2511     2469     2514     2516     2513     2471     2515     2518     2512     2465     2470     2517
        1        1        1        1        0        0        0        0       20        0     1058      227      229       74       82      231      233       78       84
     2491     2509     2217     2502     2493     2510     2219     2503     2483     2492     2207     2218
        1        1        1        1        0        0        0        0       20        0     1059      227       82      239      235      231       84      240      237
     2502     2504     2506     2494     2503     2505     2508     2495     2483     2218     2507     2497
        1        1        1        1        0        0        0        0       20        0     1060      227      235      236      228      231      237      238      232
     2494     2496     2499     2482     2495     2498     2501     2484     2483     2497     2500     2486
        1        1        1        1        0        0        0        0       20        0     1061      227      228      230      229      231      232      234      233
     2482     2485     2488     2491     2484     2487     2490     2493     2483     2486     2489     2492
        1        1        1        1        0        0        0        0       20        0     1062      101      223       90       88      104      225       94       92
     2480     2478     2229     2252     2481     2479     2231     2254     2253     2473     2233     2230
        1        1        1        1        0        0        0        0       20        0     1063      223      224      172       90      225      226      174       94
     2472     2475     2390     2478     2474     2477     2391     2479     2473     2476     2388     2233
        1        1        1        1        0        0        0        0       20        0     1064      219      211      213      220      221      215      217      222
     2464     2461     2467     2469     2466     2463     2468     2471     2465     2453     2462     2470
        1        1        1        1        0        0        0        0       20        0     1065      211      212      214      213      215      216      218      217
     2452     2455     2458     2461     2454     2457     2460     2463     2453     2456     2459     2462
        1        1        1        1        0        0        0        0       20        0     1066      198      209      205      200      202      210      207      204
     2448     2047     2441     2432     2449     2451     2442     2434     2433     2450     2443     2436
        1        1        1        1        0        0        0        0       20        0     1067      200      205      206      199      204      207      208      203
     2441     2046     2445     2435     2442     2444     2447     2437     2436     2443     2446     2439
        1        1        1        1        0        0        0        0       20        0     1068      197      198      200      199      201      202      204      203
     2429     2432     2435     2438     2431     2434     2437     2440     2430     2433     2436     2439
        1        1        1        1        0        0        0        0       20        0     1069      119      124      194      193      121      126      196      195
     2296     2422     2424     1966     2298     2423     2426     2428     2284     2297     2425     2427
        1        1        1        1        0        0        0        0       20        0     1070      189      181      183      190      191      185      187      192
     2415     2412     1991     2419     2417     2414     2418     2421     2416     2404     2413     2420
        1        1        1        1        0        0        0        0       20        0     1071      181      182      184      183      185      186      188      187
     2403     2406     2409     2412     2405     2408     2411     2414     2404     2407     2410     2413
        1        1        1        1        0        0        0        0       20        0     1072      105      163      179      175      107      164      180      177
     2367     2399     2028     2392     2369     2400     2402     2393     2260     2368     2401     2394
        1        1        1        1        0        0        0        0       20        0     1073      105      175      176      106      107      177      178      108
     2392     2027     2396     2259     2393     2395     2398     2261     2260     2394     2397     2263
        1        1        1        1        0        0        0        0       20        0     1074      120       89       90      172      122       93       94      174
     2286     2232     2390     2385     2287     2234     2391     2386     2289     2236     2233     2388
        1        1        1        1        0        0        0        0       20        0     1075      171      123      120      172      173      125      122      174
     2382     2291     2385     2387     2384     2292     2386     2389     2383     2294     2289     2388
        1        1        1        1        0        0        0        0       20        0     1076      165      166       81      167      168      169       83      170
     2372     2375     1983     2379     2374     2377     2378     2381     2373     2376     2215     2380
        1        1        1        1        0        0        0        0       20        0     1077      163      105       99      117      164      107      102      118
     2367     2257     2281     2370     2369     2258     2283     2371     2368     2260     2247     2282
        1        1        1        1        0        0        0        0       20        0     1078      115      110      159      148      116      112      161      150
     2278     1760     2364     2357     2279     2366     2365     2358     2276     2268     2359     2335
        1        1        1        1        0        0        0        0       20        0     1079      159      160      140      148      161      162      144      150
     1955     2361     2334     2364     2360     2363     2336     2365     2359     2362     2323     2335
        1        1        1        1        0        0        0        0       20        0     1080      148      147      157      115      150      149      158      116
     2331     2353     1989     2357     2333     2354     2356     2358     2335     2332     2355     2276
        1        1        1        1        0        0        0        0       20        0     1081       85       75      153      136       86       79      155      138
     2222     1962     2350     2343     2223     2352     2351     2344     2224     2212     2345     2315
        1        1        1        1        0        0        0        0       20        0     1082      153      154      128      136      155      156      132      138
     1963     2347     2314     2350     2346     2349     2316     2351     2345     2348     2303     2315
        1        1        1        1        0        0        0        0       20        0     1083      136      135      151       85      138      137      152       86
     2311     2339     2065     2343     2313     2340     2342     2344     2315     2312     2341     2224
        1        1        1        1        0        0        0        0       20        0     1084      147      148      140      139      149      150      144      143
     2331     2334     2319     2337     2333     2336     2321     2338     2332     2335     2323     2320
        1        1        1        1        0        0        0        0       20        0     1085      139      140      142      141      143      144      146      145
     2319     2322     2325     2328     2321     2324     2327     2330     2320     2323     2326     2329
        1        1        1        1        0        0        0        0       20        0     1086      135      136      128      127      137      138      132      131
     2311     2314     2299     2317     2313     2316     2301     2318     2312     2315     2303     2300
        1        1        1        1        0        0        0        0       20        0     1087      127      128      130      129      131      132      134      133
     2299     2302     2305     2308     2301     2304     2307     2310     2300     2303     2306     2309
        1        1        1        1        0        0        0        0       20        0     1088      120      123      124      119      122      125      126      121
     2291     2293     2296     2288     2292     2295     2298     2290     2289     2294     2297     2284
        1        1        1        1        0        0        0        0       20        0     1089      119      113       89      120      121      114       93      122
     1757     2272     2286     2288     2285     2273     2287     2290     2284     2274     2236     2289
        1        1        1        1        0        0        0        0       20        0     1090       96      117       99       88       98      118      102       92
     2066     2281     2255     2243     2280     2283     2256     2245     2244     2282     2247     2230
        1        1        1        1        0        0        0        0       20        0     1091      115       96       95      110      116       98       97      112
     1990     2240     2267     2278     2277     2242     2269     2279     2276     2244     2241     2268
        1        1        1        1        0        0        0        0       20        0     1092       89      113      109       87       93      114      111       91
     2272     1758     2270     2235     2273     2275     2271     2237     2236     2274     2265     2227
        1        1        1        1        0        0        0        0       20        0     1093      109      110       95       87      111      112       97       91
     1759     2267     2238     2270     2266     2269     2239     2271     2265     2268     2241     2227
        1        1        1        1        0        0        0        0       20        0     1094       99      105      106      100      102      107      108      103
     2257     2259     2262     2246     2258     2261     2264     2248     2247     2260     2263     2250
        1        1        1        1        0        0        0        0       20        0     1095       99      100      101       88      102      103      104       92
     2246     2249     2252     2255     2248     2251     2254     2256     2247     2250     2253     2230
        1        1        1        1        0        0        0        0       20        0     1096       87       95       96       88       91       97       98       92
     2238     2240     2243     2226     2239     2242     2245     2228     2227     2241     2244     2230
        1        1        1        1        0        0        0        0       20        0     1097       87       88       90       89       91       92       94       93
     2226     2229     2232     2235     2228     2231     2234     2237     2227     2230     2233     2236
        1        1        1        1        0        0        0        0       20        0     1098       75       85       81       73       79       86       83       77
     2222     1982     2220     2211     2223     2225     2221     2213     2212     2224     2215     2204
        1        1        1        1        0        0        0        0       20        0     1099       81       82       74       73       83       84       78       77
     2214     2217     2203     2220     2216     2219     2205     2221     2215     2218     2207     2204
        1        1        1        1        0        0        0        0       20        0     1100       73       74       76       75       77       78       80       79
     2203     2206     1961     2211     2205     2208     2210     2213     2204     2207     2209     2212
        1        1        1        1        0        0        0        0       20        0     1101       52       71       37       51       56       72       40       55
     1942     2200     2078     2166     2202     2201     2068     2168     2167     2198     2145     2170
        1        1        1        1        0        0        0        0       20        0     1102       71       69       39       37       72       70       42       40
     1943     2196     2144     2200     2199     2197     2146     2201     2198     2194     2148     2145
        1        1        1        1        0        0        0        0       20        0     1103       69       67       38       39       70       68       41       42
     1944     2192     2147     2196     2195     2193     2149     2197     2194     2190     2151     2148
        1        1        1        1        0        0        0        0       20        0     1104       67       19       20       38       68       21       22       41
     1945     2117     2150     2192     2191     2119     2152     2193     2190     2113     2118     2151
        1        1        1        1        0        0        0        0       20        0     1105       35       65       43       26       36       66       46       30
     2008     2187     2153     2140     2189     2188     2154     2142     2141     2185     2156     2126
        1        1        1        1        0        0        0        0       20        0     1106       65       63       45       43       66       64       48       46
     2009     2183     2155     2187     2186     2184     2157     2188     2185     2181     2159     2156
        1        1        1        1        0        0        0        0       20        0     1107       63       61       44       45       64       62       47       48
     2010     2179     2158     2183     2182     2180     2160     2184     2181     2177     2161     2159
        1        1        1        1        0        0        0        0       20        0     1108       61       57       58       44       62       59       60       47
     1949     2174     2080     2179     2178     2176     2070     2180     2177     2172     2175     2161
        1        1        1        1        0        0        0        0       20        0     1109       57       49       51       58       59       53       55       60
     1950     2169     2077     2174     2173     2171     2067     2176     2172     2162     2170     2175
        1        1        1        1        0        0        0        0       20        0     1110       49       50       52       51       53       54       56       55
     1951     1941     2166     2169     2163     2165     2168     2171     2162     2164     2167     2170
        1        1        1        1        0        0        0        0       20        0     1111       26       43       45       44       30       46       48       47
     2153     2155     2158     2079     2154     2157     2160     2069     2126     2156     2159     2161
        1        1        1        1        0        0        0        0       20        0     1112       20       37       39       38       22       40       42       41
     2081     2144     2147     2150     2071     2146     2149     2152     2118     2145     2148     2151
        1        1        1        1        0        0        0        0       20        0     1113       31       23        3       10       33       27        7       12
     2137     2130     2099     2005     2138     2131     2101     2143     2132     2121     2093     2100
        1        1        1        1        0        0        0        0       20        0     1114       32       35       26       24       34       36       30       28
     2007     2140     2123     2134     2139     2142     2125     2136     2135     2141     2126     2124
        1        1        1        1        0        0        0        0       20        0     1115       31       32       24       23       33       34       28       27
     2006     2134     2120     2137     2133     2136     2122     2138     2132     2135     2124     2121
        1        1        1        1        0        0        0        0       20        0     1116       23       25        1        3       27       29        5        7
     2127     2075     2092     2130     2129     2073     2094     2131     2121     2128     2084     2093
        1        1        1        1        0        0        0        0       20        0     1117       23       24       26       25       27       28       30       29
     2120     2123     2076     2127     2122     2125     2074     2129     2121     2124     2126     2128
        1        1        1        1        0        0        0        0       20        0     1118        1       20       16        2        5       22       18        6
     2082     2115     2108     2083     2072     2116     2109     2085     2084     2118     2111     2087
        1        1        1        1        0        0        0        0       20        0     1119       19       15       16       20       21       17       18       22
     2001     2110     2115     2117     2114     2112     2116     2119     2113     2106     2111     2118
        1        1        1        1        0        0        0        0       20        0     1120       15       13        2       16       17       14        6       18
     2002     2102     2108     2110     2107     2103     2109     2112     2106     2104     2087     2111
        1        1        1        1        0        0        0        0       20        0     1121        2       13        9        4        6       14       11        8
     2102     2003     2095     2086     2103     2105     2096     2088     2087     2104     2097     2090
        1        1        1        1        0        0        0        0       20        0     1122        4        9       10        3        8       11       12        7
     2095     2004     2099     2089     2096     2098     2101     2091     2090     2097     2100     2093
        1        1        1        1        0        0        0        0       20        0     1123        1        2        4        3        5        6        8        7
     2083     2086     2089     2092     2085     2088     2091     2094     2084     2087     2090     2093
-1
!Material Id = {B476BFD1-F8B4-4B83-84C7-0EBF13B0BBB1}
/wb,elem,end               !  done creating elements
/com,*********** Send User Defined Coordinate System(s) ***********
csys,0
toffst,459.67,  ! Temperature offset from absolute zero
/com,*********** Set Reference Temperature ***********
tref,71.6
/wb,mat,start              !  starting to send materials
/com,*********** Send Materials ***********
MP,EX,1,1450.37737714118,	! slinch s^-2 in^-1
MP,NUXY,1,0.33,
MP,UVID,1,a36ba11b-0bb7-4387-91d5-99b51a34c6ab

/wb,mat,end                !  done sending materials
!************************* Model Summary ********************
!SYS\Bike Crank 2 rev 2011 x.375,	Al 6061 T6,	matid,	1
!************************* End Model Summary ********************
! get the diagonal of the bounding box. Needed later for other things
*get,_xmin,node,,mnloc,x
*get,_ymin,node,,mnloc,y
*get,_zmin,node,,mnloc,z
*get,_xmax,node,,mxloc,x
*get,_ymax,node,,mxloc,y
*get,_zmax,node,,mxloc,z
_ASMDIAG=(_xmax-_xmin)*(_xmax-_xmin)+(_ymax-_ymin)*(_ymax-_ymin)+(_zmax-_zmin)*(_zmax-_zmin)
_ASMDIAG=SQRT(_ASMDIAG)
/wb,contact,start          !  starting to send contact
/wb,contact,end            !  done creating contacts
/golist
/wb,load,start             !  starting to send loads
/com,*********** Fixed Supports ***********
CMBLOCK,_FIXEDSU,NODE,      336
(8i10)
        75        76        79        80        81        83        85        86
        96        98       109       110       111       112       113       114
       115       116       117       118       119       121       151       152
       153       154       155       156       157       158       159       160
       161       162       167       170       193       195       751       752
       753       754       755       756       757       758       759       760
       763       764       765       767       773       779       780       781
       782       783       784       800       801       802       803       804
       805       809       821      1100      1101      1102      1103      1104
      1107      1108      1109      1111      1117      1123      1124      1125
      1126      1127      1128      1144      1145      1146      1147      1148
      1149      1153      1163      1426      1427      1428      1429      1430
      1433      1434      1435      1437      1443      1449      1450      1451
      1452      1453      1454      1470      1471      1472      1473      1474
      1475      1479      1489      1752      1753      1754      1755      1756
      1757      1758      1759      1760      1761      1762      1763      1764
      1765      1766      1955      1956      1957      1958      1959      1960
      1961      1962      1963      1964      1965      1966      1967      1968
      1969      1970      1971      1972      1973      1974      1975      1976
      1977      1978      1979      1980      1981      1982      1983      1984
      1985      1986      1987      1988      1989      1990      2065      2066
      2209      2210      2212      2215      2224      2225      2244      2265
      2266      2268      2274      2275      2276      2277      2280      2282
      2284      2285      2341      2342      2345      2346      2348      2352
      2355      2356      2359      2360      2362      2366      2378      2380
      2427      2428      3575      3618      3619      3620      3623      3624
      3625      3628      3629      3632      3633      3636      3637      3640
      3645      3646      3647      3649      3655      3656      3668      3682
      3683      3684      3688      3689      3690      3691      3693      3694
      3696      3697      3733      3734      3736      3737      3738      3741
      3743      3744      3746      3747      3748      3751      3759      3760
      3792      3793      4558      4583      4584      4585      4587      4588
      4589      4591      4592      4594      4595      4597      4598      4600
      4605      4606      4607      4609      4615      4616      4628      4642
      4643      4644      4648      4649      4650      4651      4653      4654
      4656      4657      4693      4694      4696      4697      4698      4701
      4703      4704      4706      4707      4708      4711      4719      4720
      4751      4752      5500      5525      5526      5527      5529      5530
      5531      5533      5534      5536      5537      5539      5540      5542
      5547      5548      5550      5556      5568      5582      5583      5587
      5588      5590      5592      5628      5630      5631      5635      5637
      5638      5648      5675      6333      6335      6337      6339      6341

cmsel,s,_FIXEDSU
d,all,all
nsel,all
/com,*********** Define Force Using Surface Effect Elements ***********
local,12,0,0.,0.,0.,0.,0.,0.
csys,0
et,2,154
mat,2
eblock,10,,,8
(15i9)
     2286        2        2        2       12       20       22        5        1     2118     2072     2084     2082
     2287        2        2        2       12       37       40       22       20     2145     2071     2118     2081
     2288        2        2        2       12       44       47       60       58     2161     2070     2175     2080
     2289        2        2        2       12       26       30       47       44     2126     2069     2161     2079
     2290        2        2        2       12       25       29       30       26     2128     2074     2126     2076
     2291        2        2        2       12        1        5       29       25     2084     2073     2128     2075
     2292        2        2        2       12       51       55       40       37     2170     2068     2145     2078
     2293        2        2        2       12       58       60       55       51     2175     2067     2170     2077
-1
esel,s,type,,2
keyop,2,2,1                ! Apply load in local coordinate system
keyop,2,7,1                ! Use original area so load is constant in large deformation
esel,all
/gst,on,on
fini
*get,_numnode,node,0,count
*get,_numelem,elem,0,count
*get, _MAXELEMNUM, elem, 0, NUM, MAX
*get, _MAXNODENUM, node, 0, NUM, MAX
*get, _MAXELEMTYPE, etyp, 0, NUM, MAX
*get, _MAXREALCONST, rcon, 0, NUM, MAX
/go
/wb,load,end               !  done creating loads
/com,--- Number of total nodes = %_numnode%
/com,--- Number of contact elements = 8
/com,--- Number of spring elements = 0
/com,--- Number of bearing elements = 0
/com,--- Number of solid elements = 1123
/com,--- Number of condensed parts = 0
/com,--- Number of total elements = %_numelem%
*get,_wallbsol,active,,time,wall
/com,****************************************************************************
/com,*************************    SOLUTION       ********************************
/com,****************************************************************************
/solu
antype,0                   ! static analysis
_thickRatio=  1     ! Ratio of thick parts in the model
eqsl,pcg,1e-8,,,,,,1
cntr,print,1               ! print out contact info and also make no initial contact an error
cncheck,dmp		!	Enable program controlled contact splitting for distributed memory parallel run
dmpoption,emat,no             ! Don't combine emat file for DANSYS
dmpoption,esav,no             ! Don't combine esav file for DANSYS
nldiag,cont,iter           ! print out contact info each equilibrium iteration
rescontrol,,none                 ! Do not keep any restart files
/com,****************************************************
/com,******************* SOLVE FOR LS 1 OF 1 ****************
esel,s,type,,2
nsle
sfe,all,1,pres,1,0.
sfe,all,2,pres,1,509.490903795875
sfe,all,3,pres,1,0.
nsel,all
esel,all
/nopr
/gopr
nsub,1,1,1
time,1.
outres,erase
outres,all,none
outres,nsol,all,
outres,rsol,all
outres,eangl,all
outres,etmp,all
outres,veng,all
outres,strs,all,
outres,bkstr,all,
outres,epel,all,
outres,eppl,all,
outres,cont,all,
outres,nldat,all,
stabilize,off                   ! Stabilization turned OFF by user
! *********** WB SOLVE COMMAND ***********
! check interactive state
*get,ANSINTER_,active,,int
*if,ANSINTER_,ne,0,then
/eof
*endif
solve
/com *************** Write FE CONNECTORS ********* 
CEWRITE,file,ce,,INTE
/com,****************************************************
/com,*************** FINISHED SOLVE FOR LS 1 *************
*get,_wallasol,active,,time,wall
/nopr
*get,_numnode,node,0,count
*get,_numelem,elem,0,count
*get, _MAXELEMNUM, elem, 0, NUM, MAX
*get, _MAXNODENUM, node, 0, NUM, MAX,,,INTERNAL
*get, _MAXELEMTYPE, etyp, 0, NUM, MAX
*get, _MAXREALCONST, rcon, 0, NUM, MAX
*get,_NSOLTHREADS,active,0,ntfs
*get,_NSOLPROCESSES,active,0,npfs
/gopr
*get,_PCGITER,active,,solu,cgiter
/post1
xmlo,ENCODING,ISO-8859-1
xmlo,parm
/xml,parm,xml
fini
/gopr
*get,_walldone,active,,time,wall
_preptime=(_wallbsol-_wallstrt)*3600
_solvtime=(_wallasol-_wallbsol)*3600
_posttime=(_walldone-_wallasol)*3600
_totaltim=(_walldone-_wallstrt)*3600
*get,_dlbratio,active,0,solu,dlbr
*get,_combtime,active,0,solu,comb
*get,_ssmode,active,0,solu,ssmm
*get,_ndofs,active,0,solu,ndof
*get,_sol_end_time,active,0,set,time
*if,_sol_end_time,eq,1.000000,then
/fclean				!clean distributed files
*endif
/com,--- Total number of nodes = %_numnode%
/com,--- Total number of elements = %_numelem%
/com,--- Element load balance ratio = %_dlbratio%
/com,--- Time to combine distributed files = %_combtime%
/com,--- Sparse memory mode = %_ssmode%
/com,--- Number of DOF = %_ndofs%
/wb,file,end               ! done with WB generated input
