Checking model setup.....Please wait                                                                                                                                                                                                                            
Generating External Faces ...... please wait                                                                                                                                                                                                                    
Initializing.....Please wait                                                                                                                                                                                                                                    
Finished model setup.....                                                                                                                                                                                                                                       
Initializing workers....                                                                                                                                                                                                                                        
Cycle:        0, Time:  0.000E+00s, Progress:   0.00%, Time Inc.: 1.590E-06s @ element    1261 in Part SYS\wall Est. Clock Time Remaining: -         

Parallel model running on the following machines;

-----------------------------------------------------------------------
|    MACHINE NAME                  |     MASTER     |    WORKER(S)    |
-----------------------------------------------------------------------
|    ELVIS                         |        1       |        4        |
-----------------------------------------------------------------------

Cycle:        1, Time:  1.749E-06s, Progress:   0.01%, Time Inc.: 1.749E-06s @ element    1261 in Part SYS\wall Est. Clock Time Remaining: -         
Cycle:        2, Time:  3.673E-06s, Progress:   0.02%, Time Inc.: 1.924E-06s @ element    1261 in Part SYS\wall Est. Clock Time Remaining: 2.8 mins  
Cycle:        3, Time:  5.790E-06s, Progress:   0.03%, Time Inc.: 2.117E-06s @ element    1261 in Part SYS\wall Est. Clock Time Remaining: 2.3 mins  
Cycle:        4, Time:  8.118E-06s, Progress:   0.04%, Time Inc.: 2.328E-06s @ element    1261 in Part SYS\wall Est. Clock Time Remaining: 1.7 mins  
Cycle:        5, Time:  1.068E-05s, Progress:   0.05%, Time Inc.: 2.561E-06s @ element    1261 in Part SYS\wall Est. Clock Time Remaining: 82s       
Cycle:        6, Time:  1.350E-05s, Progress:   0.07%, Time Inc.: 2.817E-06s @ element    1261 in Part SYS\wall Est. Clock Time Remaining: 68s       
Cycle:        7, Time:  1.660E-05s, Progress:   0.08%, Time Inc.: 3.099E-06s @ element    1261 in Part SYS\wall Est. Clock Time Remaining: 57s       
Cycle:        8, Time:  1.978E-05s, Progress:   0.10%, Time Inc.: 3.181E-06s @ element    1261 in Part SYS\wall Est. Clock Time Remaining: 50s       
Cycle:        9, Time:  2.296E-05s, Progress:   0.11%, Time Inc.: 3.181E-06s @ element    1261 in Part SYS\wall Est. Clock Time Remaining: 45s       
Cycle:       10, Time:  2.614E-05s, Progress:   0.13%, Time Inc.: 3.181E-06s @ element    1261 in Part SYS\wall Est. Clock Time Remaining: 40s       
Cycle:       11, Time:  2.932E-05s, Progress:   0.15%, Time Inc.: 3.181E-06s @ element    1261 in Part SYS\wall Est. Clock Time Remaining: 37s       
Cycle:       12, Time:  3.250E-05s, Progress:   0.16%, Time Inc.: 3.181E-06s @ element    1261 in Part SYS\wall Est. Clock Time Remaining: 35s       
Cycle:       13, Time:  3.568E-05s, Progress:   0.18%, Time Inc.: 3.181E-06s @ element    1261 in Part SYS\wall Est. Clock Time Remaining: 33s       
Cycle:       14, Time:  3.886E-05s, Progress:   0.19%, Time Inc.: 3.181E-06s @ element    1261 in Part SYS\wall Est. Clock Time Remaining: 31s       
Cycle:       15, Time:  4.204E-05s, Progress:   0.21%, Time Inc.: 3.181E-06s @ element    1261 in Part SYS\wall Est. Clock Time Remaining: 29s       
Cycle:       16, Time:  4.522E-05s, Progress:   0.23%, Time Inc.: 3.181E-06s @ element    1261 in Part SYS\wall Est. Clock Time Remaining: 29s       
Cycle:       17, Time:  4.840E-05s, Progress:   0.24%, Time Inc.: 3.181E-06s @ element    1261 in Part SYS\wall Est. Clock Time Remaining: 28s       
Cycle:       18, Time:  5.158E-05s, Progress:   0.26%, Time Inc.: 3.181E-06s @ element    1261 in Part SYS\wall Est. Clock Time Remaining: 27s       
Cycle:       19, Time:  5.476E-05s, Progress:   0.27%, Time Inc.: 3.181E-06s @ element    1261 in Part SYS\wall Est. Clock Time Remaining: 26s       
Cycle:       20, Time:  5.794E-05s, Progress:   0.29%, Time Inc.: 3.181E-06s @ element    1261 in Part SYS\wall Est. Clock Time Remaining: 25s       
Cycle:       21, Time:  6.112E-05s, Progress:   0.31%, Time Inc.: 3.181E-06s @ element    1261 in Part SYS\wall Est. Clock Time Remaining: 24s       
Cycle:       22, Time:  6.430E-05s, Progress:   0.32%, Time Inc.: 3.181E-06s @ element    1261 in Part SYS\wall Est. Clock Time Remaining: 23s       
Cycle:       23, Time:  6.748E-05s, Progress:   0.34%, Time Inc.: 3.181E-06s @ element    1261 in Part SYS\wall Est. Clock Time Remaining: 23s       
Cycle:       24, Time:  7.066E-05s, Progress:   0.35%, Time Inc.: 3.181E-06s @ element    1261 in Part SYS\wall Est. Clock Time Remaining: 23s       
Cycle:       25, Time:  7.385E-05s, Progress:   0.37%, Time Inc.: 3.181E-06s @ element    1261 in Part SYS\wall Est. Clock Time Remaining: 22s       
Cycle:       26, Time:  7.703E-05s, Progress:   0.39%, Time Inc.: 3.181E-06s @ element    1261 in Part SYS\wall Est. Clock Time Remaining: 22s       
Cycle:       27, Time:  8.021E-05s, Progress:   0.40%, Time Inc.: 3.181E-06s @ element    1261 in Part SYS\wall Est. Clock Time Remaining: 22s       
Cycle:       28, Time:  8.339E-05s, Progress:   0.42%, Time Inc.: 3.181E-06s @ element    1261 in Part SYS\wall Est. Clock Time Remaining: 21s       
Cycle:       29, Time:  8.657E-05s, Progress:   0.43%, Time Inc.: 3.181E-06s @ element    1261 in Part SYS\wall Est. Clock Time Remaining: 21s       
Cycle:       30, Time:  8.975E-05s, Progress:   0.45%, Time Inc.: 3.181E-06s @ element    1261 in Part SYS\wall Est. Clock Time Remaining: 20s       
Cycle:       31, Time:  9.293E-05s, Progress:   0.46%, Time Inc.: 3.181E-06s @ element    1261 in Part SYS\wall Est. Clock Time Remaining: 21s       
Cycle:       32, Time:  9.611E-05s, Progress:   0.48%, Time Inc.: 3.181E-06s @ element    1261 in Part SYS\wall Est. Clock Time Remaining: 20s       
Cycle:       33, Time:  9.929E-05s, Progress:   0.50%, Time Inc.: 3.181E-06s @ element    1261 in Part SYS\wall Est. Clock Time Remaining: 20s       
Cycle:       34, Time:  1.025E-04s, Progress:   0.51%, Time Inc.: 3.181E-06s @ element    1261 in Part SYS\wall Est. Clock Time Remaining: 20s       
Cycle:       35, Time:  1.057E-04s, Progress:   0.53%, Time Inc.: 3.181E-06s @ element    1261 in Part SYS\wall Est. Clock Time Remaining: 20s       
Cycle:       36, Time:  1.088E-04s, Progress:   0.54%, Time Inc.: 3.181E-06s @ element    1261 in Part SYS\wall Est. Clock Time Remaining: 19s       
Cycle:       37, Time:  1.120E-04s, Progress:   0.56%, Time Inc.: 3.181E-06s @ element    1261 in Part SYS\wall Est. Clock Time Remaining: 19s       
Cycle:       38, Time:  1.152E-04s, Progress:   0.58%, Time Inc.: 3.181E-06s @ element    1261 in Part SYS\wall Est. Clock Time Remaining: 19s       
Cycle:       39, Time:  1.184E-04s, Progress:   0.59%, Time Inc.: 3.181E-06s @ element    1261 in Part SYS\wall Est. Clock Time Remaining: 19s       
Cycle:       40, Time:  1.216E-04s, Progress:   0.61%, Time Inc.: 3.181E-06s @ element    1261 in Part SYS\wall Est. Clock Time Remaining: 19s       
Cycle:       41, Time:  1.247E-04s, Progress:   0.62%, Time Inc.: 3.181E-06s @ element    1261 in Part SYS\wall Est. Clock Time Remaining: 19s       
Cycle:       42, Time:  1.279E-04s, Progress:   0.64%, Time Inc.: 3.181E-06s @ element    1261 in Part SYS\wall Est. Clock Time Remaining: 18s       
Cycle:       43, Time:  1.311E-04s, Progress:   0.66%, Time Inc.: 3.181E-06s @ element    1261 in Part SYS\wall Est. Clock Time Remaining: 18s       
Cycle:       44, Time:  1.343E-04s, Progress:   0.67%, Time Inc.: 3.181E-06s @ element    1261 in Part SYS\wall Est. Clock Time Remaining: 18s       
Cycle:       45, Time:  1.375E-04s, Progress:   0.69%, Time Inc.: 3.181E-06s @ element    1261 in Part SYS\wall Est. Clock Time Remaining: 18s       
Cycle:       46, Time:  1.406E-04s, Progress:   0.70%, Time Inc.: 3.181E-06s @ element    1261 in Part SYS\wall Est. Clock Time Remaining: 18s       
Cycle:       47, Time:  1.438E-04s, Progress:   0.72%, Time Inc.: 3.181E-06s @ element    1261 in Part SYS\wall Est. Clock Time Remaining: 18s       
Cycle:       48, Time:  1.470E-04s, Progress:   0.73%, Time Inc.: 3.181E-06s @ element    1261 in Part SYS\wall Est. Clock Time Remaining: 18s       
Cycle:       49, Time:  1.502E-04s, Progress:   0.75%, Time Inc.: 3.181E-06s @ element    1261 in Part SYS\wall Est. Clock Time Remaining: 18s       
Cycle:       50, Time:  1.534E-04s, Progress:   0.77%, Time Inc.: 3.181E-06s @ element    1261 in Part SYS\wall Est. Clock Time Remaining: 17s       
Cycle:       51, Time:  1.565E-04s, Progress:   0.78%, Time Inc.: 3.181E-06s @ element    1261 in Part SYS\wall Est. Clock Time Remaining: 17s       
Cycle:       52, Time:  1.597E-04s, Progress:   0.80%, Time Inc.: 3.181E-06s @ element    1261 in Part SYS\wall Est. Clock Time Remaining: 17s       
Cycle:       53, Time:  1.629E-04s, Progress:   0.81%, Time Inc.: 3.181E-06s @ element    1261 in Part SYS\wall Est. Clock Time Remaining: 17s       
Cycle:       54, Time:  1.661E-04s, Progress:   0.83%, Time Inc.: 3.181E-06s @ element    1261 in Part SYS\wall Est. Clock Time Remaining: 17s       
Cycle:       55, Time:  1.693E-04s, Progress:   0.85%, Time Inc.: 3.181E-06s @ element    1261 in Part SYS\wall Est. Clock Time Remaining: 17s       
Cycle:       56, Time:  1.724E-04s, Progress:   0.86%, Time Inc.: 3.181E-06s @ element    1261 in Part SYS\wall Est. Clock Time Remaining: 17s       
Cycle:       57, Time:  1.756E-04s, Progress:   0.88%, Time Inc.: 3.181E-06s @ element    1261 in Part SYS\wall Est. Clock Time Remaining: 17s       
Cycle:       58, Time:  1.788E-04s, Progress:   0.89%, Time Inc.: 3.181E-06s @ element    1261 in Part SYS\wall Est. Clock Time Remaining: 17s       
Cycle:       59, Time:  1.820E-04s, Progress:   0.91%, Time Inc.: 3.181E-06s @ element    1261 in Part SYS\wall Est. Clock Time Remaining: 17s       
Cycle:       60, Time:  1.852E-04s, Progress:   0.93%, Time Inc.: 3.181E-06s @ element    1261 in Part SYS\wall Est. Clock Time Remaining: 17s       
Cycle:       61, Time:  1.883E-04s, Progress:   0.94%, Time Inc.: 3.181E-06s @ element    1261 in Part SYS\wall Est. Clock Time Remaining: 16s       
Cycle:       62, Time:  1.915E-04s, Progress:   0.96%, Time Inc.: 3.181E-06s @ element    1261 in Part SYS\wall Est. Clock Time Remaining: 16s       
Cycle:       63, Time:  1.947E-04s, Progress:   0.97%, Time Inc.: 3.181E-06s @ element    1261 in Part SYS\wall Est. Clock Time Remaining: 16s       
Cycle:       64, Time:  1.979E-04s, Progress:   0.99%, Time Inc.: 3.181E-06s @ element    1261 in Part SYS\wall Est. Clock Time Remaining: 16s       
Cycle:       65, Time:  2.011E-04s, Progress:   1.01%, Time Inc.: 3.181E-06s @ element    1261 in Part SYS\wall Est. Clock Time Remaining: 16s       
Cycle:       66, Time:  2.042E-04s, Progress:   1.02%, Time Inc.: 3.181E-06s @ element    1261 in Part SYS\wall Est. Clock Time Remaining: 16s       
Cycle:       67, Time:  2.074E-04s, Progress:   1.04%, Time Inc.: 3.181E-06s @ element    1261 in Part SYS\wall Est. Clock Time Remaining: 16s       
Cycle:       68, Time:  2.106E-04s, Progress:   1.05%, Time Inc.: 3.181E-06s @ element    1261 in Part SYS\wall Est. Clock Time Remaining: 16s       
Cycle:       69, Time:  2.138E-04s, Progress:   1.07%, Time Inc.: 3.181E-06s @ element    1261 in Part SYS\wall Est. Clock Time Remaining: 16s       
Cycle:       70, Time:  2.170E-04s, Progress:   1.08%, Time Inc.: 3.181E-06s @ element    1261 in Part SYS\wall Est. Clock Time Remaining: 16s       
Cycle:       71, Time:  2.201E-04s, Progress:   1.10%, Time Inc.: 3.181E-06s @ element    1261 in Part SYS\wall Est. Clock Time Remaining: 16s       
Cycle:       72, Time:  2.233E-04s, Progress:   1.12%, Time Inc.: 3.181E-06s @ element    1261 in Part SYS\wall Est. Clock Time Remaining: 16s       
Cycle:       73, Time:  2.265E-04s, Progress:   1.13%, Time Inc.: 3.181E-06s @ element    1261 in Part SYS\wall Est. Clock Time Remaining: 16s       
Cycle:       74, Time:  2.297E-04s, Progress:   1.15%, Time Inc.: 3.181E-06s @ element    1261 in Part SYS\wall Est. Clock Time Remaining: 16s       
Cycle:       75, Time:  2.329E-04s, Progress:   1.16%, Time Inc.: 3.181E-06s @ element    1261 in Part SYS\wall Est. Clock Time Remaining: 16s       
Cycle:       76, Time:  2.361E-04s, Progress:   1.18%, Time Inc.: 3.181E-06s @ element    1261 in Part SYS\wall Est. Clock Time Remaining: 16s       
Cycle:       77, Time:  2.392E-04s, Progress:   1.20%, Time Inc.: 3.181E-06s @ element    1261 in Part SYS\wall Est. Clock Time Remaining: 16s       
Cycle:       78, Time:  2.424E-04s, Progress:   1.21%, Time Inc.: 3.181E-06s @ element    1261 in Part SYS\wall Est. Clock Time Remaining: 16s       
Cycle:       79, Time:  2.456E-04s, Progress:   1.23%, Time Inc.: 3.181E-06s @ element    1261 in Part SYS\wall Est. Clock Time Remaining: 16s       
Cycle:       80, Time:  2.488E-04s, Progress:   1.24%, Time Inc.: 3.181E-06s @ element    1261 in Part SYS\wall Est. Clock Time Remaining: 16s       
Cycle:       81, Time:  2.520E-04s, Progress:   1.26%, Time Inc.: 3.181E-06s @ element    1261 in Part SYS\wall Est. Clock Time Remaining: 16s       
Cycle:       82, Time:  2.551E-04s, Progress:   1.28%, Time Inc.: 3.181E-06s @ element    1261 in Part SYS\wall Est. Clock Time Remaining: 16s       
Cycle:       83, Time:  2.583E-04s, Progress:   1.29%, Time Inc.: 3.181E-06s @ element    1261 in Part SYS\wall Est. Clock Time Remaining: 15s       
Cycle:       84, Time:  2.615E-04s, Progress:   1.31%, Time Inc.: 3.181E-06s @ element    1261 in Part SYS\wall Est. Clock Time Remaining: 15s       
Cycle:       85, Time:  2.647E-04s, Progress:   1.32%, Time Inc.: 3.181E-06s @ element    1261 in Part SYS\wall Est. Clock Time Remaining: 15s       
Cycle:       86, Time:  2.679E-04s, Progress:   1.34%, Time Inc.: 3.181E-06s @ element    1261 in Part SYS\wall Est. Clock Time Remaining: 15s       
Cycle:       87, Time:  2.710E-04s, Progress:   1.36%, Time Inc.: 3.181E-06s @ element    1261 in Part SYS\wall Est. Clock Time Remaining: 15s       
Cycle:       88, Time:  2.742E-04s, Progress:   1.37%, Time Inc.: 3.181E-06s @ element    1261 in Part SYS\wall Est. Clock Time Remaining: 15s       
Cycle:       89, Time:  2.774E-04s, Progress:   1.39%, Time Inc.: 3.181E-06s @ element    1261 in Part SYS\wall Est. Clock Time Remaining: 15s       
Cycle:       90, Time:  2.806E-04s, Progress:   1.40%, Time Inc.: 3.181E-06s @ element    1261 in Part SYS\wall Est. Clock Time Remaining: 15s       
Cycle:       91, Time:  2.838E-04s, Progress:   1.42%, Time Inc.: 3.181E-06s @ element    1261 in Part SYS\wall Est. Clock Time Remaining: 15s       
Cycle:       92, Time:  2.869E-04s, Progress:   1.43%, Time Inc.: 3.181E-06s @ element    1261 in Part SYS\wall Est. Clock Time Remaining: 15s       
Cycle:       93, Time:  2.901E-04s, Progress:   1.45%, Time Inc.: 3.181E-06s @ element    1261 in Part SYS\wall Est. Clock Time Remaining: 15s       
Cycle:       94, Time:  2.933E-04s, Progress:   1.47%, Time Inc.: 3.181E-06s @ element    1261 in Part SYS\wall Est. Clock Time Remaining: 15s       
Cycle:       95, Time:  2.965E-04s, Progress:   1.48%, Time Inc.: 3.181E-06s @ element    1261 in Part SYS\wall Est. Clock Time Remaining: 15s       
Cycle:       96, Time:  2.997E-04s, Progress:   1.50%, Time Inc.: 3.181E-06s @ element    1261 in Part SYS\wall Est. Clock Time Remaining: 15s       
Cycle:       97, Time:  3.028E-04s, Progress:   1.51%, Time Inc.: 3.181E-06s @ element    1261 in Part SYS\wall Est. Clock Time Remaining: 15s       
Cycle:       98, Time:  3.060E-04s, Progress:   1.53%, Time Inc.: 3.181E-06s @ element    1261 in Part SYS\wall Est. Clock Time Remaining: 15s       
Cycle:       99, Time:  3.092E-04s, Progress:   1.55%, Time Inc.: 3.181E-06s @ element    1261 in Part SYS\wall Est. Clock Time Remaining: 15s       
Cycle:      100, Time:  3.124E-04s, Progress:   1.56%, Time Inc.: 3.181E-06s @ element    1261 in Part SYS\wall Est. Clock Time Remaining: 15s       
Cycle:      101, Time:  3.156E-04s, Progress:   1.58%, Time Inc.: 3.181E-06s @ element    1261 in Part SYS\wall Est. Clock Time Remaining: 15s       
Cycle:      102, Time:  3.187E-04s, Progress:   1.59%, Time Inc.: 3.181E-06s @ element    1261 in Part SYS\wall Est. Clock Time Remaining: 15s       
Cycle:      103, Time:  3.219E-04s, Progress:   1.61%, Time Inc.: 3.181E-06s @ element    1261 in Part SYS\wall Est. Clock Time Remaining: 15s       
Cycle:      104, Time:  3.251E-04s, Progress:   1.63%, Time Inc.: 3.181E-06s @ element    1261 in Part SYS\wall Est. Clock Time Remaining: 15s       
Cycle:      105, Time:  3.283E-04s, Progress:   1.64%, Time Inc.: 3.181E-06s @ element    1261 in Part SYS\wall Est. Clock Time Remaining: 15s       
Cycle:      106, Time:  3.315E-04s, Progress:   1.66%, Time Inc.: 3.181E-06s @ element    1261 in Part SYS\wall Est. Clock Time Remaining: 15s       
Cycle:      107, Time:  3.346E-04s, Progress:   1.67%, Time Inc.: 3.181E-06s @ element    1261 in Part SYS\wall Est. Clock Time Remaining: 15s       
Cycle:      108, Time:  3.378E-04s, Progress:   1.69%, Time Inc.: 3.181E-06s @ element    1261 in Part SYS\wall Est. Clock Time Remaining: 15s       
Cycle:      109, Time:  3.410E-04s, Progress:   1.71%, Time Inc.: 3.181E-06s @ element    1261 in Part SYS\wall Est. Clock Time Remaining: 15s       
Cycle:      110, Time:  3.442E-04s, Progress:   1.72%, Time Inc.: 3.181E-06s @ element    1261 in Part SYS\wall Est. Clock Time Remaining: 15s       
Cycle:      111, Time:  3.474E-04s, Progress:   1.74%, Time Inc.: 3.181E-06s @ element    1261 in Part SYS\wall Est. Clock Time Remaining: 15s       
Cycle:      112, Time:  3.505E-04s, Progress:   1.75%, Time Inc.: 3.181E-06s @ element    1261 in Part SYS\wall Est. Clock Time Remaining: 15s       
Cycle:      113, Time:  3.537E-04s, Progress:   1.77%, Time Inc.: 3.181E-06s @ element    1261 in Part SYS\wall Est. Clock Time Remaining: 15s       
Cycle:      114, Time:  3.569E-04s, Progress:   1.78%, Time Inc.: 3.181E-06s @ element    1261 in Part SYS\wall Est. Clock Time Remaining: 15s       
Cycle:      115, Time:  3.601E-04s, Progress:   1.80%, Time Inc.: 3.181E-06s @ element    1261 in Part SYS\wall Est. Clock Time Remaining: 15s       
Cycle:      116, Time:  3.633E-04s, Progress:   1.82%, Time Inc.: 3.181E-06s @ element    1261 in Part SYS\wall Est. Clock Time Remaining: 15s       
Cycle:      117, Time:  3.665E-04s, Progress:   1.83%, Time Inc.: 3.181E-06s @ element    1261 in Part SYS\wall Est. Clock Time Remaining: 15s       
Cycle:      118, Time:  3.696E-04s, Progress:   1.85%, Time Inc.: 3.181E-06s @ element    1261 in Part SYS\wall Est. Clock Time Remaining: 14s       
Cycle:      119, Time:  3.728E-04s, Progress:   1.86%, Time Inc.: 3.181E-06s @ element    1261 in Part SYS\wall Est. Clock Time Remaining: 14s       
Cycle:      120, Time:  3.760E-04s, Progress:   1.88%, Time Inc.: 3.181E-06s @ element    1261 in Part SYS\wall Est. Clock Time Remaining: 14s       
Cycle:      121, Time:  3.792E-04s, Progress:   1.90%, Time Inc.: 3.181E-06s @ element    1261 in Part SYS\wall Est. Clock Time Remaining: 14s       
Cycle:      122, Time:  3.824E-04s, Progress:   1.91%, Time Inc.: 3.181E-06s @ element    1261 in Part SYS\wall Est. Clock Time Remaining: 14s       
Cycle:      123, Time:  3.855E-04s, Progress:   1.93%, Time Inc.: 3.181E-06s @ element    1261 in Part SYS\wall Est. Clock Time Remaining: 14s       
Cycle:      124, Time:  3.887E-04s, Progress:   1.94%, Time Inc.: 3.181E-06s @ element    1261 in Part SYS\wall Est. Clock Time Remaining: 14s       
Cycle:      125, Time:  3.919E-04s, Progress:   1.96%, Time Inc.: 3.181E-06s @ element    1261 in Part SYS\wall Est. Clock Time Remaining: 14s       
Cycle:      126, Time:  3.951E-04s, Progress:   1.98%, Time Inc.: 3.181E-06s @ element    1261 in Part SYS\wall Est. Clock Time Remaining: 14s       
Cycle:      127, Time:  3.983E-04s, Progress:   1.99%, Time Inc.: 3.181E-06s @ element    1261 in Part SYS\wall Est. Clock Time Remaining: 14s       
Cycle:      128, Time:  4.014E-04s, Progress:   2.01%, Time Inc.: 3.181E-06s @ element    1261 in Part SYS\wall Est. Clock Time Remaining: 14s       
Cycle:      129, Time:  4.046E-04s, Progress:   2.02%, Time Inc.: 3.181E-06s @ element    1261 in Part SYS\wall Est. Clock Time Remaining: 14s       
Cycle:      130, Time:  4.078E-04s, Progress:   2.04%, Time Inc.: 3.181E-06s @ element    1261 in Part SYS\wall Est. Clock Time Remaining: 14s       
Cycle:      131, Time:  4.110E-04s, Progress:   2.05%, Time Inc.: 3.181E-06s @ element    1261 in Part SYS\wall Est. Clock Time Remaining: 14s       
Cycle:      132, Time:  4.142E-04s, Progress:   2.07%, Time Inc.: 3.181E-06s @ element    1261 in Part SYS\wall Est. Clock Time Remaining: 14s       
Cycle:      133, Time:  4.173E-04s, Progress:   2.09%, Time Inc.: 3.181E-06s @ element    1261 in Part SYS\wall Est. Clock Time Remaining: 14s       
Cycle:      134, Time:  4.205E-04s, Progress:   2.10%, Time Inc.: 3.181E-06s @ element    1261 in Part SYS\wall Est. Clock Time Remaining: 14s       
Cycle:      135, Time:  4.237E-04s, Progress:   2.12%, Time Inc.: 3.181E-06s @ element    1261 in Part SYS\wall Est. Clock Time Remaining: 14s       
Cycle:      136, Time:  4.269E-04s, Progress:   2.13%, Time Inc.: 3.181E-06s @ element    1261 in Part SYS\wall Est. Clock Time Remaining: 14s       
Cycle:      137, Time:  4.301E-04s, Progress:   2.15%, Time Inc.: 3.181E-06s @ element    1261 in Part SYS\wall Est. Clock Time Remaining: 14s       
Cycle:      138, Time:  4.332E-04s, Progress:   2.17%, Time Inc.: 3.181E-06s @ element    1261 in Part SYS\wall Est. Clock Time Remaining: 14s       
Cycle:      139, Time:  4.364E-04s, Progress:   2.18%, Time Inc.: 3.181E-06s @ element    1261 in Part SYS\wall Est. Clock Time Remaining: 14s       
Cycle:      140, Time:  4.396E-04s, Progress:   2.20%, Time Inc.: 3.181E-06s @ element    1261 in Part SYS\wall Est. Clock Time Remaining: 14s       
Cycle:      141, Time:  4.428E-04s, Progress:   2.21%, Time Inc.: 3.181E-06s @ element    1261 in Part SYS\wall Est. Clock Time Remaining: 14s       
Cycle:      142, Time:  4.460E-04s, Progress:   2.23%, Time Inc.: 3.181E-06s @ element    1261 in Part SYS\wall Est. Clock Time Remaining: 14s       
Cycle:      143, Time:  4.491E-04s, Progress:   2.25%, Time Inc.: 3.181E-06s @ element    1261 in Part SYS\wall Est. Clock Time Remaining: 14s       
Cycle:      144, Time:  4.523E-04s, Progress:   2.26%, Time Inc.: 3.181E-06s @ element    1261 in Part SYS\wall Est. Clock Time Remaining: 14s       
Cycle:      145, Time:  4.555E-04s, Progress:   2.28%, Time Inc.: 3.181E-06s @ element    1261 in Part SYS\wall Est. Clock Time Remaining: 14s       
Cycle:      146, Time:  4.587E-04s, Progress:   2.29%, Time Inc.: 3.181E-06s @ element    1261 in Part SYS\wall Est. Clock Time Remaining: 14s       
Cycle:      147, Time:  4.619E-04s, Progress:   2.31%, Time Inc.: 3.181E-06s @ element    1261 in Part SYS\wall Est. Clock Time Remaining: 14s       
Cycle:      148, Time:  4.650E-04s, Progress:   2.33%, Time Inc.: 3.181E-06s @ element    1261 in Part SYS\wall Est. Clock Time Remaining: 14s       
Cycle:      149, Time:  4.682E-04s, Progress:   2.34%, Time Inc.: 3.181E-06s @ element    1261 in Part SYS\wall Est. Clock Time Remaining: 14s       
Cycle:      150, Time:  4.714E-04s, Progress:   2.36%, Time Inc.: 3.181E-06s @ element    1261 in Part SYS\wall Est. Clock Time Remaining: 14s       
Cycle:      151, Time:  4.746E-04s, Progress:   2.37%, Time Inc.: 3.181E-06s @ element    1261 in Part SYS\wall Est. Clock Time Remaining: 14s       
Cycle:      152, Time:  4.778E-04s, Progress:   2.39%, Time Inc.: 3.181E-06s @ element    1261 in Part SYS\wall Est. Clock Time Remaining: 14s       
Cycle:      153, Time:  4.810E-04s, Progress:   2.40%, Time Inc.: 3.181E-06s @ element    1261 in Part SYS\wall Est. Clock Time Remaining: 14s       
Cycle:      154, Time:  4.841E-04s, Progress:   2.42%, Time Inc.: 3.181E-06s @ element    1261 in Part SYS\wall Est. Clock Time Remaining: 14s       
Cycle:      155, Time:  4.873E-04s, Progress:   2.44%, Time Inc.: 3.181E-06s @ element    1261 in Part SYS\wall Est. Clock Time Remaining: 14s       
Cycle:      156, Time:  4.905E-04s, Progress:   2.45%, Time Inc.: 3.181E-06s @ element    1261 in Part SYS\wall Est. Clock Time Remaining: 14s       
Cycle:      157, Time:  4.937E-04s, Progress:   2.47%, Time Inc.: 3.181E-06s @ element    1261 in Part SYS\wall Est. Clock Time Remaining: 14s       
Cycle:      158, Time:  4.969E-04s, Progress:   2.48%, Time Inc.: 3.181E-06s @ element    1261 in Part SYS\wall Est. Clock Time Remaining: 14s       
Cycle:      159, Time:  5.000E-04s, Progress:   2.50%, Time Inc.: 3.181E-06s @ element    1261 in Part SYS\wall Est. Clock Time Remaining: 14s       
Cycle:      160, Time:  5.032E-04s, Progress:   2.52%, Time Inc.: 3.181E-06s @ element    1261 in Part SYS\wall Est. Clock Time Remaining: 14s       
Cycle:      161, Time:  5.064E-04s, Progress:   2.53%, Time Inc.: 3.181E-06s @ element    1261 in Part SYS\wall Est. Clock Time Remaining: 14s       
Cycle:      162, Time:  5.096E-04s, Progress:   2.55%, Time Inc.: 3.181E-06s @ element    1261 in Part SYS\wall Est. Clock Time Remaining: 14s       
Cycle:      163, Time:  5.128E-04s, Progress:   2.56%, Time Inc.: 3.181E-06s @ element    1261 in Part SYS\wall Est. Clock Time Remaining: 14s       
Cycle:      164, Time:  5.159E-04s, Progress:   2.58%, Time Inc.: 3.181E-06s @ element    1261 in Part SYS\wall Est. Clock Time Remaining: 14s       
Cycle:      165, Time:  5.191E-04s, Progress:   2.60%, Time Inc.: 3.181E-06s @ element    1261 in Part SYS\wall Est. Clock Time Remaining: 14s       
Cycle:      166, Time:  5.223E-04s, Progress:   2.61%, Time Inc.: 3.181E-06s @ element    1261 in Part SYS\wall Est. Clock Time Remaining: 14s       
Cycle:      167, Time:  5.255E-04s, Progress:   2.63%, Time Inc.: 3.181E-06s @ element    1261 in Part SYS\wall Est. Clock Time Remaining: 14s       
Cycle:      168, Time:  5.287E-04s, Progress:   2.64%, Time Inc.: 3.181E-06s @ element    1261 in Part SYS\wall Est. Clock Time Remaining: 14s       
Cycle:      169, Time:  5.318E-04s, Progress:   2.66%, Time Inc.: 3.181E-06s @ element    1261 in Part SYS\wall Est. Clock Time Remaining: 14s       
Cycle:      170, Time:  5.350E-04s, Progress:   2.68%, Time Inc.: 3.181E-06s @ element    1261 in Part SYS\wall Est. Clock Time Remaining: 14s       
Cycle:      171, Time:  5.382E-04s, Progress:   2.69%, Time Inc.: 3.181E-06s @ element    1261 in Part SYS\wall Est. Clock Time Remaining: 14s       
Cycle:      172, Time:  5.414E-04s, Progress:   2.71%, Time Inc.: 3.181E-06s @ element    1261 in Part SYS\wall Est. Clock Time Remaining: 14s       
Cycle:      173, Time:  5.446E-04s, Progress:   2.72%, Time Inc.: 3.181E-06s @ element    1261 in Part SYS\wall Est. Clock Time Remaining: 14s       
Cycle:      174, Time:  5.477E-04s, Progress:   2.74%, Time Inc.: 3.181E-06s @ element    1261 in Part SYS\wall Est. Clock Time Remaining: 14s       
Cycle:      175, Time:  5.509E-04s, Progress:   2.75%, Time Inc.: 3.181E-06s @ element    1261 in Part SYS\wall Est. Clock Time Remaining: 14s       
Cycle:      176, Time:  5.541E-04s, Progress:   2.77%, Time Inc.: 3.181E-06s @ element    1261 in Part SYS\wall Est. Clock Time Remaining: 14s       
Cycle:      177, Time:  5.573E-04s, Progress:   2.79%, Time Inc.: 3.181E-06s @ element    1261 in Part SYS\wall Est. Clock Time Remaining: 14s       
Cycle:      178, Time:  5.605E-04s, Progress:   2.80%, Time Inc.: 3.181E-06s @ element    1261 in Part SYS\wall Est. Clock Time Remaining: 14s       
Cycle:      179, Time:  5.636E-04s, Progress:   2.82%, Time Inc.: 3.181E-06s @ element    1261 in Part SYS\wall Est. Clock Time Remaining: 14s       
Cycle:      180, Time:  5.668E-04s, Progress:   2.83%, Time Inc.: 3.181E-06s @ element    1261 in Part SYS\wall Est. Clock Time Remaining: 14s       
Cycle:      181, Time:  5.700E-04s, Progress:   2.85%, Time Inc.: 3.181E-06s @ element    1261 in Part SYS\wall Est. Clock Time Remaining: 14s       
Cycle:      182, Time:  5.732E-04s, Progress:   2.87%, Time Inc.: 3.181E-06s @ element    1261 in Part SYS\wall Est. Clock Time Remaining: 13s       
Cycle:      183, Time:  5.764E-04s, Progress:   2.88%, Time Inc.: 3.181E-06s @ element    1261 in Part SYS\wall Est. Clock Time Remaining: 13s       
Cycle:      184, Time:  5.795E-04s, Progress:   2.90%, Time Inc.: 3.181E-06s @ element    1261 in Part SYS\wall Est. Clock Time Remaining: 13s       
Cycle:      185, Time:  5.827E-04s, Progress:   2.91%, Time Inc.: 3.181E-06s @ element    1261 in Part SYS\wall Est. Clock Time Remaining: 13s       
Cycle:      186, Time:  5.859E-04s, Progress:   2.93%, Time Inc.: 3.181E-06s @ element    1261 in Part SYS\wall Est. Clock Time Remaining: 13s       
Cycle:      187, Time:  5.891E-04s, Progress:   2.95%, Time Inc.: 3.181E-06s @ element    1261 in Part SYS\wall Est. Clock Time Remaining: 13s       
Cycle:      188, Time:  5.923E-04s, Progress:   2.96%, Time Inc.: 3.181E-06s @ element    1261 in Part SYS\wall Est. Clock Time Remaining: 13s       
Cycle:      189, Time:  5.954E-04s, Progress:   2.98%, Time Inc.: 3.181E-06s @ element    1261 in Part SYS\wall Est. Clock Time Remaining: 13s       
Cycle:      190, Time:  5.986E-04s, Progress:   2.99%, Time Inc.: 3.181E-06s @ element    1261 in Part SYS\wall Est. Clock Time Remaining: 13s       
Cycle:      191, Time:  6.018E-04s, Progress:   3.01%, Time Inc.: 3.181E-06s @ element    1261 in Part SYS\wall Est. Clock Time Remaining: 13s       
Cycle:      192, Time:  6.050E-04s, Progress:   3.02%, Time Inc.: 3.181E-06s @ element    1261 in Part SYS\wall Est. Clock Time Remaining: 13s       
Cycle:      193, Time:  6.082E-04s, Progress:   3.04%, Time Inc.: 3.181E-06s @ element    1261 in Part SYS\wall Est. Clock Time Remaining: 13s       
Cycle:      194, Time:  6.114E-04s, Progress:   3.06%, Time Inc.: 3.181E-06s @ element    1261 in Part SYS\wall Est. Clock Time Remaining: 13s       
Cycle:      195, Time:  6.145E-04s, Progress:   3.07%, Time Inc.: 3.181E-06s @ element    1261 in Part SYS\wall Est. Clock Time Remaining: 13s       
Cycle:      196, Time:  6.177E-04s, Progress:   3.09%, Time Inc.: 3.181E-06s @ element    1261 in Part SYS\wall Est. Clock Time Remaining: 13s       
Cycle:      197, Time:  6.209E-04s, Progress:   3.10%, Time Inc.: 3.181E-06s @ element    1261 in Part SYS\wall Est. Clock Time Remaining: 13s       
Cycle:      198, Time:  6.241E-04s, Progress:   3.12%, Time Inc.: 3.181E-06s @ element    1261 in Part SYS\wall Est. Clock Time Remaining: 13s       
Cycle:      199, Time:  6.273E-04s, Progress:   3.14%, Time Inc.: 3.181E-06s @ element    1261 in Part SYS\wall Est. Clock Time Remaining: 13s       
Cycle:      200, Time:  6.304E-04s, Progress:   3.15%, Time Inc.: 3.181E-06s @ element    1261 in Part SYS\wall Est. Clock Time Remaining: 13s       
Cycle:      201, Time:  6.336E-04s, Progress:   3.17%, Time Inc.: 3.181E-06s @ element    1261 in Part SYS\wall Est. Clock Time Remaining: 13s       
Cycle:      202, Time:  6.368E-04s, Progress:   3.18%, Time Inc.: 3.181E-06s @ element    1261 in Part SYS\wall Est. Clock Time Remaining: 13s       
Cycle:      203, Time:  6.400E-04s, Progress:   3.20%, Time Inc.: 3.181E-06s @ element    1261 in Part SYS\wall Est. Clock Time Remaining: 13s       
Cycle:      204, Time:  6.432E-04s, Progress:   3.22%, Time Inc.: 3.181E-06s @ element    1261 in Part SYS\wall Est. Clock Time Remaining: 13s       
Cycle:      205, Time:  6.463E-04s, Progress:   3.23%, Time Inc.: 3.181E-06s @ element    1261 in Part SYS\wall Est. Clock Time Remaining: 13s       
Cycle:      206, Time:  6.495E-04s, Progress:   3.25%, Time Inc.: 3.181E-06s @ element    1261 in Part SYS\wall Est. Clock Time Remaining: 13s       
Cycle:      207, Time:  6.527E-04s, Progress:   3.26%, Time Inc.: 3.181E-06s @ element    1261 in Part SYS\wall Est. Clock Time Remaining: 13s       
Cycle:      208, Time:  6.559E-04s, Progress:   3.28%, Time Inc.: 3.181E-06s @ element    1261 in Part SYS\wall Est. Clock Time Remaining: 13s       
Cycle:      209, Time:  6.591E-04s, Progress:   3.30%, Time Inc.: 3.181E-06s @ element    1261 in Part SYS\wall Est. Clock Time Remaining: 13s       
Cycle:      210, Time:  6.622E-04s, Progress:   3.31%, Time Inc.: 3.181E-06s @ element    1261 in Part SYS\wall Est. Clock Time Remaining: 13s       
Cycle:      211, Time:  6.654E-04s, Progress:   3.33%, Time Inc.: 3.181E-06s @ element    1261 in Part SYS\wall Est. Clock Time Remaining: 13s       
Cycle:      212, Time:  6.686E-04s, Progress:   3.34%, Time Inc.: 3.181E-06s @ element    1261 in Part SYS\wall Est. Clock Time Remaining: 13s       
Cycle:      213, Time:  6.718E-04s, Progress:   3.36%, Time Inc.: 3.181E-06s @ element    1261 in Part SYS\wall Est. Clock Time Remaining: 13s       
Cycle:      214, Time:  6.750E-04s, Progress:   3.37%, Time Inc.: 3.181E-06s @ element    1261 in Part SYS\wall Est. Clock Time Remaining: 13s       
Cycle:      215, Time:  6.781E-04s, Progress:   3.39%, Time Inc.: 3.181E-06s @ element    1261 in Part SYS\wall Est. Clock Time Remaining: 13s       
Cycle:      216, Time:  6.813E-04s, Progress:   3.41%, Time Inc.: 3.181E-06s @ element    1261 in Part SYS\wall Est. Clock Time Remaining: 13s       
Cycle:      217, Time:  6.845E-04s, Progress:   3.42%, Time Inc.: 3.181E-06s @ element    1261 in Part SYS\wall Est. Clock Time Remaining: 13s       
Cycle:      218, Time:  6.877E-04s, Progress:   3.44%, Time Inc.: 3.181E-06s @ element    1261 in Part SYS\wall Est. Clock Time Remaining: 13s       
Cycle:      219, Time:  6.909E-04s, Progress:   3.45%, Time Inc.: 3.181E-06s @ element    1261 in Part SYS\wall Est. Clock Time Remaining: 13s       
Cycle:      220, Time:  6.940E-04s, Progress:   3.47%, Time Inc.: 3.181E-06s @ element    1261 in Part SYS\wall Est. Clock Time Remaining: 13s       
Cycle:      221, Time:  6.972E-04s, Progress:   3.49%, Time Inc.: 3.181E-06s @ element    1261 in Part SYS\wall Est. Clock Time Remaining: 13s       
Cycle:      222, Time:  7.004E-04s, Progress:   3.50%, Time Inc.: 3.181E-06s @ element    1261 in Part SYS\wall Est. Clock Time Remaining: 13s       
Cycle:      223, Time:  7.036E-04s, Progress:   3.52%, Time Inc.: 3.181E-06s @ element    1261 in Part SYS\wall Est. Clock Time Remaining: 13s       
Cycle:      224, Time:  7.068E-04s, Progress:   3.53%, Time Inc.: 3.181E-06s @ element    1261 in Part SYS\wall Est. Clock Time Remaining: 13s       
Cycle:      225, Time:  7.099E-04s, Progress:   3.55%, Time Inc.: 3.181E-06s @ element    1261 in Part SYS\wall Est. Clock Time Remaining: 13s       
Cycle:      226, Time:  7.131E-04s, Progress:   3.57%, Time Inc.: 3.181E-06s @ element    1261 in Part SYS\wall Est. Clock Time Remaining: 13s       
Cycle:      227, Time:  7.163E-04s, Progress:   3.58%, Time Inc.: 3.181E-06s @ element    1261 in Part SYS\wall Est. Clock Time Remaining: 13s       
Cycle:      228, Time:  7.195E-04s, Progress:   3.60%, Time Inc.: 3.181E-06s @ element    1261 in Part SYS\wall Est. Clock Time Remaining: 13s       
Cycle:      229, Time:  7.227E-04s, Progress:   3.61%, Time Inc.: 3.181E-06s @ element    1261 in Part SYS\wall Est. Clock Time Remaining: 13s       
Cycle:      230, Time:  7.259E-04s, Progress:   3.63%, Time Inc.: 3.181E-06s @ element    1261 in Part SYS\wall Est. Clock Time Remaining: 13s       
Cycle:      231, Time:  7.290E-04s, Progress:   3.65%, Time Inc.: 3.181E-06s @ element    1261 in Part SYS\wall Est. Clock Time Remaining: 13s       
Cycle:      232, Time:  7.322E-04s, Progress:   3.66%, Time Inc.: 3.181E-06s @ element    1261 in Part SYS\wall Est. Clock Time Remaining: 13s       
Cycle:      233, Time:  7.354E-04s, Progress:   3.68%, Time Inc.: 3.181E-06s @ element    1261 in Part SYS\wall Est. Clock Time Remaining: 13s       
Cycle:      234, Time:  7.386E-04s, Progress:   3.69%, Time Inc.: 3.181E-06s @ element    1261 in Part SYS\wall Est. Clock Time Remaining: 13s       
Cycle:      235, Time:  7.418E-04s, Progress:   3.71%, Time Inc.: 3.181E-06s @ element    1261 in Part SYS\wall Est. Clock Time Remaining: 13s       
Cycle:      236, Time:  7.449E-04s, Progress:   3.72%, Time Inc.: 3.181E-06s @ element    1261 in Part SYS\wall Est. Clock Time Remaining: 13s       
Cycle:      237, Time:  7.481E-04s, Progress:   3.74%, Time Inc.: 3.181E-06s @ element    1261 in Part SYS\wall Est. Clock Time Remaining: 13s       
Cycle:      238, Time:  7.513E-04s, Progress:   3.76%, Time Inc.: 3.181E-06s @ element    1261 in Part SYS\wall Est. Clock Time Remaining: 13s       
Cycle:      239, Time:  7.545E-04s, Progress:   3.77%, Time Inc.: 3.181E-06s @ element    1261 in Part SYS\wall Est. Clock Time Remaining: 13s       
Cycle:      240, Time:  7.577E-04s, Progress:   3.79%, Time Inc.: 3.181E-06s @ element    1261 in Part SYS\wall Est. Clock Time Remaining: 13s       
Cycle:      241, Time:  7.608E-04s, Progress:   3.80%, Time Inc.: 3.181E-06s @ element    1261 in Part SYS\wall Est. Clock Time Remaining: 13s       
Cycle:      242, Time:  7.640E-04s, Progress:   3.82%, Time Inc.: 3.181E-06s @ element    1261 in Part SYS\wall Est. Clock Time Remaining: 13s       
Cycle:      243, Time:  7.672E-04s, Progress:   3.84%, Time Inc.: 3.181E-06s @ element    1261 in Part SYS\wall Est. Clock Time Remaining: 13s       
Cycle:      244, Time:  7.704E-04s, Progress:   3.85%, Time Inc.: 3.181E-06s @ element    1261 in Part SYS\wall Est. Clock Time Remaining: 13s       
Cycle:      245, Time:  7.736E-04s, Progress:   3.87%, Time Inc.: 3.181E-06s @ element    1261 in Part SYS\wall Est. Clock Time Remaining: 13s       
Cycle:      246, Time:  7.767E-04s, Progress:   3.88%, Time Inc.: 3.181E-06s @ element    1261 in Part SYS\wall Est. Clock Time Remaining: 13s       
Cycle:      247, Time:  7.799E-04s, Progress:   3.90%, Time Inc.: 3.181E-06s @ element    1261 in Part SYS\wall Est. Clock Time Remaining: 13s       
Cycle:      248, Time:  7.831E-04s, Progress:   3.92%, Time Inc.: 3.181E-06s @ element    1261 in Part SYS\wall Est. Clock Time Remaining: 13s       
Cycle:      249, Time:  7.863E-04s, Progress:   3.93%, Time Inc.: 3.181E-06s @ element    1261 in Part SYS\wall Est. Clock Time Remaining: 13s       
Cycle:      250, Time:  7.895E-04s, Progress:   3.95%, Time Inc.: 3.181E-06s @ element    1261 in Part SYS\wall Est. Clock Time Remaining: 13s       
Cycle:      251, Time:  7.926E-04s, Progress:   3.96%, Time Inc.: 3.181E-06s @ element    1261 in Part SYS\wall Est. Clock Time Remaining: 13s       
Cycle:      252, Time:  7.958E-04s, Progress:   3.98%, Time Inc.: 3.181E-06s @ element    1261 in Part SYS\wall Est. Clock Time Remaining: 13s       
Cycle:      253, Time:  7.990E-04s, Progress:   4.00%, Time Inc.: 3.181E-06s @ element    1261 in Part SYS\wall Est. Clock Time Remaining: 13s       
Cycle:      254, Time:  8.022E-04s, Progress:   4.01%, Time Inc.: 3.181E-06s @ element    1261 in Part SYS\wall Est. Clock Time Remaining: 13s       
Cycle:      255, Time:  8.054E-04s, Progress:   4.03%, Time Inc.: 3.181E-06s @ element    1261 in Part SYS\wall Est. Clock Time Remaining: 13s       
Cycle:      256, Time:  8.085E-04s, Progress:   4.04%, Time Inc.: 3.181E-06s @ element    1261 in Part SYS\wall Est. Clock Time Remaining: 13s       
Cycle:      257, Time:  8.117E-04s, Progress:   4.06%, Time Inc.: 3.181E-06s @ element    1261 in Part SYS\wall Est. Clock Time Remaining: 13s       
Cycle:      258, Time:  8.149E-04s, Progress:   4.07%, Time Inc.: 3.181E-06s @ element    1261 in Part SYS\wall Est. Clock Time Remaining: 13s       
Cycle:      259, Time:  8.181E-04s, Progress:   4.09%, Time Inc.: 3.181E-06s @ element    1261 in Part SYS\wall Est. Clock Time Remaining: 13s       
Cycle:      260, Time:  8.213E-04s, Progress:   4.11%, Time Inc.: 3.181E-06s @ element    1261 in Part SYS\wall Est. Clock Time Remaining: 13s       
Cycle:      261, Time:  8.244E-04s, Progress:   4.12%, Time Inc.: 3.181E-06s @ element    1261 in Part SYS\wall Est. Clock Time Remaining: 13s       
Cycle:      262, Time:  8.276E-04s, Progress:   4.14%, Time Inc.: 3.181E-06s @ element    1261 in Part SYS\wall Est. Clock Time Remaining: 13s       
Cycle:      263, Time:  8.308E-04s, Progress:   4.15%, Time Inc.: 3.181E-06s @ element    1261 in Part SYS\wall Est. Clock Time Remaining: 13s       
Cycle:      264, Time:  8.340E-04s, Progress:   4.17%, Time Inc.: 3.181E-06s @ element    1261 in Part SYS\wall Est. Clock Time Remaining: 13s       
Cycle:      265, Time:  8.372E-04s, Progress:   4.19%, Time Inc.: 3.181E-06s @ element    1261 in Part SYS\wall Est. Clock Time Remaining: 13s       
Cycle:      266, Time:  8.403E-04s, Progress:   4.20%, Time Inc.: 3.181E-06s @ element    1261 in Part SYS\wall Est. Clock Time Remaining: 13s       
Cycle:      267, Time:  8.435E-04s, Progress:   4.22%, Time Inc.: 3.181E-06s @ element    1261 in Part SYS\wall Est. Clock Time Remaining: 13s       
Cycle:      268, Time:  8.467E-04s, Progress:   4.23%, Time Inc.: 3.181E-06s @ element    1261 in Part SYS\wall Est. Clock Time Remaining: 13s       
Cycle:      269, Time:  8.499E-04s, Progress:   4.25%, Time Inc.: 3.181E-06s @ element    1261 in Part SYS\wall Est. Clock Time Remaining: 13s       
Cycle:      270, Time:  8.531E-04s, Progress:   4.27%, Time Inc.: 3.181E-06s @ element    1261 in Part SYS\wall Est. Clock Time Remaining: 13s       
Cycle:      271, Time:  8.563E-04s, Progress:   4.28%, Time Inc.: 3.181E-06s @ element    1261 in Part SYS\wall Est. Clock Time Remaining: 13s       
Cycle:      272, Time:  8.594E-04s, Progress:   4.30%, Time Inc.: 3.181E-06s @ element    1261 in Part SYS\wall Est. Clock Time Remaining: 13s       
Cycle:      273, Time:  8.626E-04s, Progress:   4.31%, Time Inc.: 3.181E-06s @ element    1261 in Part SYS\wall Est. Clock Time Remaining: 13s       
Cycle:      274, Time:  8.658E-04s, Progress:   4.33%, Time Inc.: 3.181E-06s @ element    1261 in Part SYS\wall Est. Clock Time Remaining: 13s       
Cycle:      275, Time:  8.690E-04s, Progress:   4.34%, Time Inc.: 3.181E-06s @ element    1261 in Part SYS\wall Est. Clock Time Remaining: 13s       
Cycle:      276, Time:  8.722E-04s, Progress:   4.36%, Time Inc.: 3.181E-06s @ element    1261 in Part SYS\wall Est. Clock Time Remaining: 13s       
Cycle:      277, Time:  8.753E-04s, Progress:   4.38%, Time Inc.: 3.181E-06s @ element    1261 in Part SYS\wall Est. Clock Time Remaining: 13s       
Cycle:      278, Time:  8.785E-04s, Progress:   4.39%, Time Inc.: 3.181E-06s @ element    1261 in Part SYS\wall Est. Clock Time Remaining: 13s       
Cycle:      279, Time:  8.817E-04s, Progress:   4.41%, Time Inc.: 3.181E-06s @ element    1261 in Part SYS\wall Est. Clock Time Remaining: 13s       
Cycle:      280, Time:  8.849E-04s, Progress:   4.42%, Time Inc.: 3.181E-06s @ element    1261 in Part SYS\wall Est. Clock Time Remaining: 13s       
Cycle:      281, Time:  8.881E-04s, Progress:   4.44%, Time Inc.: 3.181E-06s @ element    1261 in Part SYS\wall Est. Clock Time Remaining: 13s       
Cycle:      282, Time:  8.912E-04s, Progress:   4.46%, Time Inc.: 3.181E-06s @ element    1261 in Part SYS\wall Est. Clock Time Remaining: 13s       
Cycle:      283, Time:  8.944E-04s, Progress:   4.47%, Time Inc.: 3.181E-06s @ element    1261 in Part SYS\wall Est. Clock Time Remaining: 13s       
Cycle:      284, Time:  8.976E-04s, Progress:   4.49%, Time Inc.: 3.181E-06s @ element    1261 in Part SYS\wall Est. Clock Time Remaining: 13s       
Cycle:      285, Time:  9.008E-04s, Progress:   4.50%, Time Inc.: 3.181E-06s @ element    1261 in Part SYS\wall Est. Clock Time Remaining: 13s       
Cycle:      286, Time:  9.040E-04s, Progress:   4.52%, Time Inc.: 3.181E-06s @ element    1261 in Part SYS\wall Est. Clock Time Remaining: 13s       
Cycle:      287, Time:  9.071E-04s, Progress:   4.54%, Time Inc.: 3.181E-06s @ element    1261 in Part SYS\wall Est. Clock Time Remaining: 13s       
Cycle:      288, Time:  9.103E-04s, Progress:   4.55%, Time Inc.: 3.181E-06s @ element    1261 in Part SYS\wall Est. Clock Time Remaining: 13s       
Cycle:      289, Time:  9.135E-04s, Progress:   4.57%, Time Inc.: 3.181E-06s @ element    1261 in Part SYS\wall Est. Clock Time Remaining: 13s       
Cycle:      290, Time:  9.167E-04s, Progress:   4.58%, Time Inc.: 3.181E-06s @ element    1261 in Part SYS\wall Est. Clock Time Remaining: 13s       
Cycle:      291, Time:  9.199E-04s, Progress:   4.60%, Time Inc.: 3.181E-06s @ element    1261 in Part SYS\wall Est. Clock Time Remaining: 13s       
Cycle:      292, Time:  9.230E-04s, Progress:   4.62%, Time Inc.: 3.181E-06s @ element    1261 in Part SYS\wall Est. Clock Time Remaining: 13s       
Cycle:      293, Time:  9.262E-04s, Progress:   4.63%, Time Inc.: 3.181E-06s @ element    1261 in Part SYS\wall Est. Clock Time Remaining: 13s       
Cycle:      294, Time:  9.294E-04s, Progress:   4.65%, Time Inc.: 3.181E-06s @ element    1261 in Part SYS\wall Est. Clock Time Remaining: 13s       
Cycle:      295, Time:  9.326E-04s, Progress:   4.66%, Time Inc.: 3.181E-06s @ element    1261 in Part SYS\wall Est. Clock Time Remaining: 13s       
Cycle:      296, Time:  9.358E-04s, Progress:   4.68%, Time Inc.: 3.181E-06s @ element    1261 in Part SYS\wall Est. Clock Time Remaining: 13s       
Cycle:      297, Time:  9.389E-04s, Progress:   4.69%, Time Inc.: 3.181E-06s @ element    1261 in Part SYS\wall Est. Clock Time Remaining: 13s       
Cycle:      298, Time:  9.421E-04s, Progress:   4.71%, Time Inc.: 3.181E-06s @ element    1261 in Part SYS\wall Est. Clock Time Remaining: 13s       
Cycle:      299, Time:  9.453E-04s, Progress:   4.73%, Time Inc.: 3.181E-06s @ element    1261 in Part SYS\wall Est. Clock Time Remaining: 13s       
Cycle:      300, Time:  9.485E-04s, Progress:   4.74%, Time Inc.: 3.181E-06s @ element    1261 in Part SYS\wall Est. Clock Time Remaining: 13s       
Cycle:      301, Time:  9.517E-04s, Progress:   4.76%, Time Inc.: 3.181E-06s @ element    1261 in Part SYS\wall Est. Clock Time Remaining: 13s       
Cycle:      302, Time:  9.548E-04s, Progress:   4.77%, Time Inc.: 3.181E-06s @ element    1261 in Part SYS\wall Est. Clock Time Remaining: 13s       
Cycle:      303, Time:  9.580E-04s, Progress:   4.79%, Time Inc.: 3.181E-06s @ element    1261 in Part SYS\wall Est. Clock Time Remaining: 13s       
Cycle:      304, Time:  9.612E-04s, Progress:   4.81%, Time Inc.: 3.181E-06s @ element    1261 in Part SYS\wall Est. Clock Time Remaining: 13s       
Cycle:      305, Time:  9.644E-04s, Progress:   4.82%, Time Inc.: 3.181E-06s @ element    1261 in Part SYS\wall Est. Clock Time Remaining: 13s       
Cycle:      306, Time:  9.676E-04s, Progress:   4.84%, Time Inc.: 3.181E-06s @ element    1261 in Part SYS\wall Est. Clock Time Remaining: 13s       
Cycle:      307, Time:  9.708E-04s, Progress:   4.85%, Time Inc.: 3.181E-06s @ element    1261 in Part SYS\wall Est. Clock Time Remaining: 13s       
Cycle:      308, Time:  9.739E-04s, Progress:   4.87%, Time Inc.: 3.181E-06s @ element    1261 in Part SYS\wall Est. Clock Time Remaining: 13s       
Cycle:      309, Time:  9.771E-04s, Progress:   4.89%, Time Inc.: 3.181E-06s @ element    1261 in Part SYS\wall Est. Clock Time Remaining: 13s       
Cycle:      310, Time:  9.803E-04s, Progress:   4.90%, Time Inc.: 3.181E-06s @ element    1261 in Part SYS\wall Est. Clock Time Remaining: 13s       
Cycle:      311, Time:  9.835E-04s, Progress:   4.92%, Time Inc.: 3.181E-06s @ element    1261 in Part SYS\wall Est. Clock Time Remaining: 13s       
Cycle:      312, Time:  9.867E-04s, Progress:   4.93%, Time Inc.: 3.181E-06s @ element    1261 in Part SYS\wall Est. Clock Time Remaining: 13s       
Cycle:      313, Time:  9.898E-04s, Progress:   4.95%, Time Inc.: 3.181E-06s @ element    1261 in Part SYS\wall Est. Clock Time Remaining: 13s       
Cycle:      314, Time:  9.930E-04s, Progress:   4.97%, Time Inc.: 3.181E-06s @ element    1261 in Part SYS\wall Est. Clock Time Remaining: 13s       
Cycle:      315, Time:  9.962E-04s, Progress:   4.98%, Time Inc.: 3.181E-06s @ element    1261 in Part SYS\wall Est. Clock Time Remaining: 13s       
Cycle:      316, Time:  9.994E-04s, Progress:   5.00%, Time Inc.: 3.181E-06s @ element    1261 in Part SYS\wall Est. Clock Time Remaining: 13s       
Cycle:      317, Time:  1.003E-03s, Progress:   5.01%, Time Inc.: 3.181E-06s @ element    1261 in Part SYS\wall Est. Clock Time Remaining: 13s       
Cycle:      318, Time:  1.006E-03s, Progress:   5.03%, Time Inc.: 3.181E-06s @ element    1046 in Part SYS\wall Est. Clock Time Remaining: 13s       
Cycle:      319, Time:  1.009E-03s, Progress:   5.04%, Time Inc.: 3.180E-06s @ element    1124 in Part SYS\wall Est. Clock Time Remaining: 13s       
Cycle:      320, Time:  1.012E-03s, Progress:   5.06%, Time Inc.: 3.180E-06s @ element     116 in Part SYS\wall Est. Clock Time Remaining: 13s       
Cycle:      321, Time:  1.015E-03s, Progress:   5.08%, Time Inc.: 3.180E-06s @ element    1126 in Part SYS\wall Est. Clock Time Remaining: 13s       
Cycle:      322, Time:  1.018E-03s, Progress:   5.09%, Time Inc.: 3.180E-06s @ element     146 in Part SYS\wall Est. Clock Time Remaining: 13s       
Cycle:      323, Time:  1.022E-03s, Progress:   5.11%, Time Inc.: 3.180E-06s @ element     146 in Part SYS\wall Est. Clock Time Remaining: 13s       
Cycle:      324, Time:  1.025E-03s, Progress:   5.12%, Time Inc.: 3.179E-06s @ element     146 in Part SYS\wall Est. Clock Time Remaining: 13s       
Cycle:      325, Time:  1.028E-03s, Progress:   5.14%, Time Inc.: 3.179E-06s @ element     146 in Part SYS\wall Est. Clock Time Remaining: 13s       
Cycle:      326, Time:  1.031E-03s, Progress:   5.16%, Time Inc.: 3.179E-06s @ element     146 in Part SYS\wall Est. Clock Time Remaining: 13s       
Cycle:      327, Time:  1.034E-03s, Progress:   5.17%, Time Inc.: 3.179E-06s @ element      80 in Part SYS\wall Est. Clock Time Remaining: 13s       
Cycle:      328, Time:  1.038E-03s, Progress:   5.19%, Time Inc.: 3.179E-06s @ element      80 in Part SYS\wall Est. Clock Time Remaining: 13s       
Cycle:      329, Time:  1.041E-03s, Progress:   5.20%, Time Inc.: 3.179E-06s @ element      80 in Part SYS\wall Est. Clock Time Remaining: 13s       
Cycle:      330, Time:  1.044E-03s, Progress:   5.22%, Time Inc.: 3.179E-06s @ element      80 in Part SYS\wall Est. Clock Time Remaining: 13s       
Cycle:      331, Time:  1.047E-03s, Progress:   5.24%, Time Inc.: 3.179E-06s @ element     116 in Part SYS\wall Est. Clock Time Remaining: 13s       
Cycle:      332, Time:  1.050E-03s, Progress:   5.25%, Time Inc.: 3.179E-06s @ element     116 in Part SYS\wall Est. Clock Time Remaining: 13s       
Cycle:      333, Time:  1.053E-03s, Progress:   5.27%, Time Inc.: 3.179E-06s @ element     116 in Part SYS\wall Est. Clock Time Remaining: 13s       
Cycle:      334, Time:  1.057E-03s, Progress:   5.28%, Time Inc.: 3.179E-06s @ element     116 in Part SYS\wall Est. Clock Time Remaining: 13s       
Cycle:      335, Time:  1.060E-03s, Progress:   5.30%, Time Inc.: 3.179E-06s @ element     116 in Part SYS\wall Est. Clock Time Remaining: 13s       
Cycle:      336, Time:  1.063E-03s, Progress:   5.31%, Time Inc.: 3.179E-06s @ element     120 in Part SYS\wall Est. Clock Time Remaining: 13s       
Cycle:      337, Time:  1.066E-03s, Progress:   5.33%, Time Inc.: 3.179E-06s @ element      46 in Part SYS\wall Est. Clock Time Remaining: 13s       
Cycle:      338, Time:  1.069E-03s, Progress:   5.35%, Time Inc.: 3.179E-06s @ element      46 in Part SYS\wall Est. Clock Time Remaining: 13s       
Cycle:      339, Time:  1.073E-03s, Progress:   5.36%, Time Inc.: 3.179E-06s @ element      48 in Part SYS\wall Est. Clock Time Remaining: 13s       
Cycle:      340, Time:  1.076E-03s, Progress:   5.38%, Time Inc.: 3.179E-06s @ element      48 in Part SYS\wall Est. Clock Time Remaining: 13s       
Cycle:      341, Time:  1.079E-03s, Progress:   5.39%, Time Inc.: 3.179E-06s @ element    1233 in Part SYS\wall Est. Clock Time Remaining: 13s       
Cycle:      342, Time:  1.082E-03s, Progress:   5.41%, Time Inc.: 3.179E-06s @ element    1233 in Part SYS\wall Est. Clock Time Remaining: 13s       
Cycle:      343, Time:  1.085E-03s, Progress:   5.43%, Time Inc.: 3.179E-06s @ element    1233 in Part SYS\wall Est. Clock Time Remaining: 13s       
Cycle:      344, Time:  1.088E-03s, Progress:   5.44%, Time Inc.: 3.179E-06s @ element    1233 in Part SYS\wall Est. Clock Time Remaining: 13s       
Cycle:      345, Time:  1.092E-03s, Progress:   5.46%, Time Inc.: 3.179E-06s @ element    1235 in Part SYS\wall Est. Clock Time Remaining: 13s       
Cycle:      346, Time:  1.095E-03s, Progress:   5.47%, Time Inc.: 3.179E-06s @ element    1235 in Part SYS\wall Est. Clock Time Remaining: 13s       
Cycle:      347, Time:  1.098E-03s, Progress:   5.49%, Time Inc.: 3.179E-06s @ element    1235 in Part SYS\wall Est. Clock Time Remaining: 13s       
Cycle:      348, Time:  1.101E-03s, Progress:   5.51%, Time Inc.: 3.179E-06s @ element      74 in Part SYS\wall Est. Clock Time Remaining: 13s       
Cycle:      349, Time:  1.104E-03s, Progress:   5.52%, Time Inc.: 3.179E-06s @ element      74 in Part SYS\wall Est. Clock Time Remaining: 13s       
Cycle:      350, Time:  1.107E-03s, Progress:   5.54%, Time Inc.: 3.179E-06s @ element      74 in Part SYS\wall Est. Clock Time Remaining: 13s       
Cycle:      351, Time:  1.111E-03s, Progress:   5.55%, Time Inc.: 3.179E-06s @ element      74 in Part SYS\wall Est. Clock Time Remaining: 13s       
Cycle:      352, Time:  1.114E-03s, Progress:   5.57%, Time Inc.: 3.179E-06s @ element      74 in Part SYS\wall Est. Clock Time Remaining: 13s       
Cycle:      353, Time:  1.117E-03s, Progress:   5.59%, Time Inc.: 3.179E-06s @ element      74 in Part SYS\wall Est. Clock Time Remaining: 13s       
Cycle:      354, Time:  1.120E-03s, Progress:   5.60%, Time Inc.: 3.179E-06s @ element      74 in Part SYS\wall Est. Clock Time Remaining: 13s       
Cycle:      355, Time:  1.123E-03s, Progress:   5.62%, Time Inc.: 3.179E-06s @ element      74 in Part SYS\wall Est. Clock Time Remaining: 13s       
Cycle:      356, Time:  1.127E-03s, Progress:   5.63%, Time Inc.: 3.179E-06s @ element      74 in Part SYS\wall Est. Clock Time Remaining: 13s       
Cycle:      357, Time:  1.130E-03s, Progress:   5.65%, Time Inc.: 3.179E-06s @ element      74 in Part SYS\wall Est. Clock Time Remaining: 13s       
Cycle:      358, Time:  1.133E-03s, Progress:   5.66%, Time Inc.: 3.179E-06s @ element      74 in Part SYS\wall Est. Clock Time Remaining: 13s       
Cycle:      359, Time:  1.136E-03s, Progress:   5.68%, Time Inc.: 3.179E-06s @ element      74 in Part SYS\wall Est. Clock Time Remaining: 13s       
Cycle:      360, Time:  1.139E-03s, Progress:   5.70%, Time Inc.: 3.179E-06s @ element      74 in Part SYS\wall Est. Clock Time Remaining: 13s       
Cycle:      361, Time:  1.142E-03s, Progress:   5.71%, Time Inc.: 3.179E-06s @ element      74 in Part SYS\wall Est. Clock Time Remaining: 13s       
Cycle:      362, Time:  1.146E-03s, Progress:   5.73%, Time Inc.: 3.179E-06s @ element      74 in Part SYS\wall Est. Clock Time Remaining: 13s       
Cycle:      363, Time:  1.149E-03s, Progress:   5.74%, Time Inc.: 3.179E-06s @ element      74 in Part SYS\wall Est. Clock Time Remaining: 13s       
Cycle:      364, Time:  1.152E-03s, Progress:   5.76%, Time Inc.: 3.179E-06s @ element      74 in Part SYS\wall Est. Clock Time Remaining: 13s       
Cycle:      365, Time:  1.155E-03s, Progress:   5.78%, Time Inc.: 3.179E-06s @ element      74 in Part SYS\wall Est. Clock Time Remaining: 13s       
Cycle:      366, Time:  1.158E-03s, Progress:   5.79%, Time Inc.: 3.179E-06s @ element      74 in Part SYS\wall Est. Clock Time Remaining: 13s       
Cycle:      367, Time:  1.162E-03s, Progress:   5.81%, Time Inc.: 3.179E-06s @ element    1120 in Part SYS\wall Est. Clock Time Remaining: 13s       
Cycle:      368, Time:  1.165E-03s, Progress:   5.82%, Time Inc.: 3.179E-06s @ element    1120 in Part SYS\wall Est. Clock Time Remaining: 13s       
Cycle:      369, Time:  1.168E-03s, Progress:   5.84%, Time Inc.: 3.179E-06s @ element    1120 in Part SYS\wall Est. Clock Time Remaining: 13s       
Cycle:      370, Time:  1.171E-03s, Progress:   5.86%, Time Inc.: 3.179E-06s @ element    1120 in Part SYS\wall Est. Clock Time Remaining: 13s       
Cycle:      371, Time:  1.174E-03s, Progress:   5.87%, Time Inc.: 3.179E-06s @ element    1120 in Part SYS\wall Est. Clock Time Remaining: 13s       
Cycle:      372, Time:  1.177E-03s, Progress:   5.89%, Time Inc.: 3.179E-06s @ element    1120 in Part SYS\wall Est. Clock Time Remaining: 13s       
Cycle:      373, Time:  1.181E-03s, Progress:   5.90%, Time Inc.: 3.179E-06s @ element    1120 in Part SYS\wall Est. Clock Time Remaining: 13s       
Cycle:      374, Time:  1.184E-03s, Progress:   5.92%, Time Inc.: 3.179E-06s @ element    1120 in Part SYS\wall Est. Clock Time Remaining: 13s       
Cycle:      375, Time:  1.187E-03s, Progress:   5.93%, Time Inc.: 3.179E-06s @ element    1120 in Part SYS\wall Est. Clock Time Remaining: 13s       
Cycle:      376, Time:  1.190E-03s, Progress:   5.95%, Time Inc.: 3.179E-06s @ element    1120 in Part SYS\wall Est. Clock Time Remaining: 13s       
Cycle:      377, Time:  1.193E-03s, Progress:   5.97%, Time Inc.: 3.179E-06s @ element    1082 in Part SYS\wall Est. Clock Time Remaining: 13s       
Cycle:      378, Time:  1.196E-03s, Progress:   5.98%, Time Inc.: 3.179E-06s @ element    1082 in Part SYS\wall Est. Clock Time Remaining: 13s       
Cycle:      379, Time:  1.200E-03s, Progress:   6.00%, Time Inc.: 3.179E-06s @ element    1082 in Part SYS\wall Est. Clock Time Remaining: 13s       
Cycle:      380, Time:  1.203E-03s, Progress:   6.01%, Time Inc.: 3.179E-06s @ element    1082 in Part SYS\wall Est. Clock Time Remaining: 13s       
Cycle:      381, Time:  1.206E-03s, Progress:   6.03%, Time Inc.: 3.179E-06s @ element    1082 in Part SYS\wall Est. Clock Time Remaining: 13s       
Cycle:      382, Time:  1.209E-03s, Progress:   6.05%, Time Inc.: 3.179E-06s @ element    1120 in Part SYS\wall Est. Clock Time Remaining: 13s       
Cycle:      383, Time:  1.212E-03s, Progress:   6.06%, Time Inc.: 3.179E-06s @ element    1120 in Part SYS\wall Est. Clock Time Remaining: 13s       
Cycle:      384, Time:  1.216E-03s, Progress:   6.08%, Time Inc.: 3.179E-06s @ element    1082 in Part SYS\wall Est. Clock Time Remaining: 13s       
Cycle:      385, Time:  1.219E-03s, Progress:   6.09%, Time Inc.: 3.179E-06s @ element    1082 in Part SYS\wall Est. Clock Time Remaining: 13s       
Cycle:      386, Time:  1.222E-03s, Progress:   6.11%, Time Inc.: 3.179E-06s @ element    1082 in Part SYS\wall Est. Clock Time Remaining: 13s       
Cycle:      387, Time:  1.225E-03s, Progress:   6.13%, Time Inc.: 3.179E-06s @ element    1082 in Part SYS\wall Est. Clock Time Remaining: 13s       
Cycle:      388, Time:  1.228E-03s, Progress:   6.14%, Time Inc.: 3.179E-06s @ element    1082 in Part SYS\wall Est. Clock Time Remaining: 13s       
Cycle:      389, Time:  1.231E-03s, Progress:   6.16%, Time Inc.: 3.179E-06s @ element    1082 in Part SYS\wall Est. Clock Time Remaining: 13s       
Cycle:      390, Time:  1.235E-03s, Progress:   6.17%, Time Inc.: 3.179E-06s @ element    1082 in Part SYS\wall Est. Clock Time Remaining: 13s       
Cycle:      391, Time:  1.238E-03s, Progress:   6.19%, Time Inc.: 3.179E-06s @ element    1082 in Part SYS\wall Est. Clock Time Remaining: 13s       
Cycle:      392, Time:  1.241E-03s, Progress:   6.21%, Time Inc.: 3.179E-06s @ element    1082 in Part SYS\wall Est. Clock Time Remaining: 13s       
Cycle:      393, Time:  1.244E-03s, Progress:   6.22%, Time Inc.: 3.179E-06s @ element    1082 in Part SYS\wall Est. Clock Time Remaining: 13s       
Cycle:      394, Time:  1.247E-03s, Progress:   6.24%, Time Inc.: 3.179E-06s @ element    1082 in Part SYS\wall Est. Clock Time Remaining: 13s       
Cycle:      395, Time:  1.251E-03s, Progress:   6.25%, Time Inc.: 3.179E-06s @ element    1082 in Part SYS\wall Est. Clock Time Remaining: 13s       
Cycle:      396, Time:  1.254E-03s, Progress:   6.27%, Time Inc.: 3.179E-06s @ element    1082 in Part SYS\wall Est. Clock Time Remaining: 13s       
Cycle:      397, Time:  1.257E-03s, Progress:   6.28%, Time Inc.: 3.179E-06s @ element    1082 in Part SYS\wall Est. Clock Time Remaining: 13s       
Cycle:      398, Time:  1.260E-03s, Progress:   6.30%, Time Inc.: 3.179E-06s @ element    1082 in Part SYS\wall Est. Clock Time Remaining: 13s       
Cycle:      399, Time:  1.263E-03s, Progress:   6.32%, Time Inc.: 3.179E-06s @ element    1082 in Part SYS\wall Est. Clock Time Remaining: 13s       
Cycle:      400, Time:  1.266E-03s, Progress:   6.33%, Time Inc.: 3.179E-06s @ element    1082 in Part SYS\wall Est. Clock Time Remaining: 13s       
Cycle:      401, Time:  1.270E-03s, Progress:   6.35%, Time Inc.: 3.179E-06s @ element    1016 in Part SYS\wall Est. Clock Time Remaining: 13s       
Cycle:      402, Time:  1.273E-03s, Progress:   6.36%, Time Inc.: 3.179E-06s @ element    1016 in Part SYS\wall Est. Clock Time Remaining: 13s       
Cycle:      403, Time:  1.276E-03s, Progress:   6.38%, Time Inc.: 3.179E-06s @ element    1016 in Part SYS\wall Est. Clock Time Remaining: 13s       
Cycle:      404, Time:  1.279E-03s, Progress:   6.40%, Time Inc.: 3.180E-06s @ element    1016 in Part SYS\wall Est. Clock Time Remaining: 13s       
Cycle:      405, Time:  1.282E-03s, Progress:   6.41%, Time Inc.: 3.180E-06s @ element    1016 in Part SYS\wall Est. Clock Time Remaining: 13s       
Cycle:      406, Time:  1.286E-03s, Progress:   6.43%, Time Inc.: 3.180E-06s @ element    1242 in Part SYS\wall Est. Clock Time Remaining: 13s       
Cycle:      407, Time:  1.289E-03s, Progress:   6.44%, Time Inc.: 3.180E-06s @ element      54 in Part SYS\wall Est. Clock Time Remaining: 13s       
Cycle:      408, Time:  1.292E-03s, Progress:   6.46%, Time Inc.: 3.180E-06s @ element    1082 in Part SYS\wall Est. Clock Time Remaining: 13s       
Cycle:      409, Time:  1.295E-03s, Progress:   6.48%, Time Inc.: 3.180E-06s @ element    1082 in Part SYS\wall Est. Clock Time Remaining: 13s       
Cycle:      410, Time:  1.298E-03s, Progress:   6.49%, Time Inc.: 3.180E-06s @ element     194 in Part SYS\wall Est. Clock Time Remaining: 13s       
Cycle:      411, Time:  1.301E-03s, Progress:   6.51%, Time Inc.: 3.180E-06s @ element     194 in Part SYS\wall Est. Clock Time Remaining: 13s       
Cycle:      412, Time:  1.305E-03s, Progress:   6.52%, Time Inc.: 3.179E-06s @ element     194 in Part SYS\wall Est. Clock Time Remaining: 13s       
Cycle:      413, Time:  1.308E-03s, Progress:   6.54%, Time Inc.: 3.179E-06s @ element     194 in Part SYS\wall Est. Clock Time Remaining: 13s       
Cycle:      414, Time:  1.311E-03s, Progress:   6.55%, Time Inc.: 3.180E-06s @ element     194 in Part SYS\wall Est. Clock Time Remaining: 13s       
Cycle:      415, Time:  1.314E-03s, Progress:   6.57%, Time Inc.: 3.180E-06s @ element    1092 in Part SYS\wall Est. Clock Time Remaining: 13s       
Cycle:      416, Time:  1.317E-03s, Progress:   6.59%, Time Inc.: 3.180E-06s @ element      54 in Part SYS\wall Est. Clock Time Remaining: 13s       
Cycle:      417, Time:  1.320E-03s, Progress:   6.60%, Time Inc.: 3.180E-06s @ element     128 in Part SYS\wall Est. Clock Time Remaining: 13s       
Cycle:      418, Time:  1.324E-03s, Progress:   6.62%, Time Inc.: 3.180E-06s @ element     164 in Part SYS\wall Est. Clock Time Remaining: 13s       
Cycle:      419, Time:  1.327E-03s, Progress:   6.63%, Time Inc.: 3.180E-06s @ element    1018 in Part SYS\wall Est. Clock Time Remaining: 13s       
Cycle:      420, Time:  1.330E-03s, Progress:   6.65%, Time Inc.: 3.180E-06s @ element    1018 in Part SYS\wall Est. Clock Time Remaining: 13s       
Cycle:      421, Time:  1.333E-03s, Progress:   6.67%, Time Inc.: 3.180E-06s @ element     262 in Part SYS\wall Est. Clock Time Remaining: 13s       
Cycle:      422, Time:  1.336E-03s, Progress:   6.68%, Time Inc.: 3.180E-06s @ element     982 in Part SYS\wall Est. Clock Time Remaining: 13s       
Cycle:      423, Time:  1.340E-03s, Progress:   6.70%, Time Inc.: 3.180E-06s @ element     296 in Part SYS\wall Est. Clock Time Remaining: 13s       
Cycle:      424, Time:  1.343E-03s, Progress:   6.71%, Time Inc.: 3.180E-06s @ element     296 in Part SYS\wall Est. Clock Time Remaining: 13s       
Cycle:      425, Time:  1.346E-03s, Progress:   6.73%, Time Inc.: 3.180E-06s @ element     296 in Part SYS\wall Est. Clock Time Remaining: 13s       
Cycle:      426, Time:  1.349E-03s, Progress:   6.75%, Time Inc.: 3.180E-06s @ element     296 in Part SYS\wall Est. Clock Time Remaining: 13s       
Cycle:      427, Time:  1.352E-03s, Progress:   6.76%, Time Inc.: 3.180E-06s @ element    1009 in Part SYS\wall Est. Clock Time Remaining: 13s       
Cycle:      428, Time:  1.355E-03s, Progress:   6.78%, Time Inc.: 3.180E-06s @ element    1010 in Part SYS\wall Est. Clock Time Remaining: 13s       
Cycle:      429, Time:  1.359E-03s, Progress:   6.79%, Time Inc.: 3.180E-06s @ element    1010 in Part SYS\wall Est. Clock Time Remaining: 13s       
Cycle:      430, Time:  1.362E-03s, Progress:   6.81%, Time Inc.: 3.180E-06s @ element    1010 in Part SYS\wall Est. Clock Time Remaining: 13s       
Cycle:      431, Time:  1.365E-03s, Progress:   6.83%, Time Inc.: 3.180E-06s @ element    1010 in Part SYS\wall Est. Clock Time Remaining: 13s       
Cycle:      432, Time:  1.368E-03s, Progress:   6.84%, Time Inc.: 3.180E-06s @ element    1010 in Part SYS\wall Est. Clock Time Remaining: 13s       
Cycle:      433, Time:  1.371E-03s, Progress:   6.86%, Time Inc.: 3.180E-06s @ element    1010 in Part SYS\wall Est. Clock Time Remaining: 13s       
Cycle:      434, Time:  1.375E-03s, Progress:   6.87%, Time Inc.: 3.180E-06s @ element    1024 in Part SYS\wall Est. Clock Time Remaining: 13s       
Cycle:      435, Time:  1.378E-03s, Progress:   6.89%, Time Inc.: 3.180E-06s @ element    1060 in Part SYS\wall Est. Clock Time Remaining: 13s       
Cycle:      436, Time:  1.381E-03s, Progress:   6.90%, Time Inc.: 3.180E-06s @ element    1060 in Part SYS\wall Est. Clock Time Remaining: 13s       
Cycle:      437, Time:  1.384E-03s, Progress:   6.92%, Time Inc.: 3.180E-06s @ element    1286 in Part SYS\wall Est. Clock Time Remaining: 13s       
Cycle:      438, Time:  1.387E-03s, Progress:   6.94%, Time Inc.: 3.180E-06s @ element    1286 in Part SYS\wall Est. Clock Time Remaining: 13s       
Cycle:      439, Time:  1.390E-03s, Progress:   6.95%, Time Inc.: 3.180E-06s @ element    1286 in Part SYS\wall Est. Clock Time Remaining: 13s       
Cycle:      440, Time:  1.394E-03s, Progress:   6.97%, Time Inc.: 3.180E-06s @ element    1286 in Part SYS\wall Est. Clock Time Remaining: 13s       
Cycle:      441, Time:  1.397E-03s, Progress:   6.98%, Time Inc.: 3.180E-06s @ element     913 in Part SYS\wall Est. Clock Time Remaining: 13s       
Cycle:      442, Time:  1.400E-03s, Progress:   7.00%, Time Inc.: 3.180E-06s @ element     913 in Part SYS\wall Est. Clock Time Remaining: 13s       
Cycle:      443, Time:  1.403E-03s, Progress:   7.02%, Time Inc.: 3.180E-06s @ element     951 in Part SYS\wall Est. Clock Time Remaining: 13s       
Cycle:      444, Time:  1.406E-03s, Progress:   7.03%, Time Inc.: 3.180E-06s @ element     951 in Part SYS\wall Est. Clock Time Remaining: 13s       
Cycle:      445, Time:  1.410E-03s, Progress:   7.05%, Time Inc.: 3.180E-06s @ element     951 in Part SYS\wall Est. Clock Time Remaining: 13s       
Cycle:      446, Time:  1.413E-03s, Progress:   7.06%, Time Inc.: 3.180E-06s @ element    1140 in Part SYS\wall Est. Clock Time Remaining: 13s       
Cycle:      447, Time:  1.416E-03s, Progress:   7.08%, Time Inc.: 3.180E-06s @ element    1140 in Part SYS\wall Est. Clock Time Remaining: 13s       
Cycle:      448, Time:  1.419E-03s, Progress:   7.10%, Time Inc.: 3.180E-06s @ element    1140 in Part SYS\wall Est. Clock Time Remaining: 13s       
Cycle:      449, Time:  1.422E-03s, Progress:   7.11%, Time Inc.: 3.180E-06s @ element    1140 in Part SYS\wall Est. Clock Time Remaining: 13s       
Cycle:      450, Time:  1.425E-03s, Progress:   7.13%, Time Inc.: 3.180E-06s @ element    1284 in Part SYS\wall Est. Clock Time Remaining: 13s       
Cycle:      451, Time:  1.429E-03s, Progress:   7.14%, Time Inc.: 3.180E-06s @ element    1284 in Part SYS\wall Est. Clock Time Remaining: 13s       
Cycle:      452, Time:  1.432E-03s, Progress:   7.16%, Time Inc.: 3.180E-06s @ element    1284 in Part SYS\wall Est. Clock Time Remaining: 13s       
Cycle:      453, Time:  1.435E-03s, Progress:   7.17%, Time Inc.: 3.180E-06s @ element    1284 in Part SYS\wall Est. Clock Time Remaining: 13s       
Cycle:      454, Time:  1.438E-03s, Progress:   7.19%, Time Inc.: 3.180E-06s @ element    1286 in Part SYS\wall Est. Clock Time Remaining: 13s       
Cycle:      455, Time:  1.441E-03s, Progress:   7.21%, Time Inc.: 3.180E-06s @ element     803 in Part SYS\wall Est. Clock Time Remaining: 13s       
Cycle:      456, Time:  1.445E-03s, Progress:   7.22%, Time Inc.: 3.180E-06s @ element    1139 in Part SYS\wall Est. Clock Time Remaining: 13s       
Cycle:      457, Time:  1.448E-03s, Progress:   7.24%, Time Inc.: 3.180E-06s @ element    1139 in Part SYS\wall Est. Clock Time Remaining: 13s       
Cycle:      458, Time:  1.451E-03s, Progress:   7.25%, Time Inc.: 3.180E-06s @ element    1139 in Part SYS\wall Est. Clock Time Remaining: 13s       
Cycle:      459, Time:  1.454E-03s, Progress:   7.27%, Time Inc.: 3.180E-06s @ element    1139 in Part SYS\wall Est. Clock Time Remaining: 13s       
Cycle:      460, Time:  1.457E-03s, Progress:   7.29%, Time Inc.: 3.180E-06s @ element    1139 in Part SYS\wall Est. Clock Time Remaining: 13s       
Cycle:      461, Time:  1.460E-03s, Progress:   7.30%, Time Inc.: 3.180E-06s @ element    1284 in Part SYS\wall Est. Clock Time Remaining: 13s       
Cycle:      462, Time:  1.464E-03s, Progress:   7.32%, Time Inc.: 3.180E-06s @ element    1284 in Part SYS\wall Est. Clock Time Remaining: 13s       
Cycle:      463, Time:  1.467E-03s, Progress:   7.33%, Time Inc.: 3.180E-06s @ element    1282 in Part SYS\wall Est. Clock Time Remaining: 13s       
Cycle:      464, Time:  1.470E-03s, Progress:   7.35%, Time Inc.: 3.180E-06s @ element    1282 in Part SYS\wall Est. Clock Time Remaining: 13s       
Cycle:      465, Time:  1.473E-03s, Progress:   7.37%, Time Inc.: 3.180E-06s @ element     768 in Part SYS\wall Est. Clock Time Remaining: 13s       
Cycle:      466, Time:  1.476E-03s, Progress:   7.38%, Time Inc.: 3.180E-06s @ element     768 in Part SYS\wall Est. Clock Time Remaining: 13s       
Cycle:      467, Time:  1.479E-03s, Progress:   7.40%, Time Inc.: 3.180E-06s @ element     768 in Part SYS\wall Est. Clock Time Remaining: 13s       
Cycle:      468, Time:  1.483E-03s, Progress:   7.41%, Time Inc.: 3.180E-06s @ element     768 in Part SYS\wall Est. Clock Time Remaining: 13s       
Cycle:      469, Time:  1.486E-03s, Progress:   7.43%, Time Inc.: 3.180E-06s @ element     768 in Part SYS\wall Est. Clock Time Remaining: 13s       
Cycle:      470, Time:  1.489E-03s, Progress:   7.45%, Time Inc.: 3.180E-06s @ element     768 in Part SYS\wall Est. Clock Time Remaining: 13s       
Cycle:      471, Time:  1.492E-03s, Progress:   7.46%, Time Inc.: 3.180E-06s @ element     766 in Part SYS\wall Est. Clock Time Remaining: 13s       
Cycle:      472, Time:  1.495E-03s, Progress:   7.48%, Time Inc.: 3.180E-06s @ element     766 in Part SYS\wall Est. Clock Time Remaining: 13s       
Cycle:      473, Time:  1.499E-03s, Progress:   7.49%, Time Inc.: 3.180E-06s @ element     802 in Part SYS\wall Est. Clock Time Remaining: 13s       
Cycle:      474, Time:  1.502E-03s, Progress:   7.51%, Time Inc.: 3.180E-06s @ element     802 in Part SYS\wall Est. Clock Time Remaining: 13s       
Cycle:      475, Time:  1.505E-03s, Progress:   7.52%, Time Inc.: 3.180E-06s @ element     802 in Part SYS\wall Est. Clock Time Remaining: 13s       
Cycle:      476, Time:  1.508E-03s, Progress:   7.54%, Time Inc.: 3.180E-06s @ element     802 in Part SYS\wall Est. Clock Time Remaining: 13s       
Cycle:      477, Time:  1.511E-03s, Progress:   7.56%, Time Inc.: 3.180E-06s @ element     802 in Part SYS\wall Est. Clock Time Remaining: 13s       
Cycle:      478, Time:  1.514E-03s, Progress:   7.57%, Time Inc.: 3.180E-06s @ element     802 in Part SYS\wall Est. Clock Time Remaining: 13s       
Cycle:      479, Time:  1.518E-03s, Progress:   7.59%, Time Inc.: 3.180E-06s @ element     802 in Part SYS\wall Est. Clock Time Remaining: 13s       
Cycle:      480, Time:  1.521E-03s, Progress:   7.60%, Time Inc.: 3.180E-06s @ element     802 in Part SYS\wall Est. Clock Time Remaining: 13s       
Cycle:      481, Time:  1.524E-03s, Progress:   7.62%, Time Inc.: 3.180E-06s @ element     802 in Part SYS\wall Est. Clock Time Remaining: 13s       
Cycle:      482, Time:  1.527E-03s, Progress:   7.64%, Time Inc.: 3.180E-06s @ element      56 in Part SYS\wall Est. Clock Time Remaining: 13s       
Cycle:      483, Time:  1.530E-03s, Progress:   7.65%, Time Inc.: 3.180E-06s @ element     878 in Part SYS\wall Est. Clock Time Remaining: 13s       
Cycle:      484, Time:  1.534E-03s, Progress:   7.67%, Time Inc.: 3.180E-06s @ element     410 in Part SYS\wall Est. Clock Time Remaining: 13s       
Cycle:      485, Time:  1.537E-03s, Progress:   7.68%, Time Inc.: 3.180E-06s @ element    1254 in Part SYS\wall Est. Clock Time Remaining: 13s       
Cycle:      486, Time:  1.540E-03s, Progress:   7.70%, Time Inc.: 3.180E-06s @ element    1254 in Part SYS\wall Est. Clock Time Remaining: 13s       
Cycle:      487, Time:  1.543E-03s, Progress:   7.72%, Time Inc.: 3.180E-06s @ element    1254 in Part SYS\wall Est. Clock Time Remaining: 13s       
Cycle:      488, Time:  1.546E-03s, Progress:   7.73%, Time Inc.: 3.180E-06s @ element     868 in Part SYS\wall Est. Clock Time Remaining: 13s       
Cycle:      489, Time:  1.549E-03s, Progress:   7.75%, Time Inc.: 3.180E-06s @ element     868 in Part SYS\wall Est. Clock Time Remaining: 13s       
Cycle:      490, Time:  1.553E-03s, Progress:   7.76%, Time Inc.: 3.180E-06s @ element     460 in Part SYS\wall Est. Clock Time Remaining: 13s       
Cycle:      491, Time:  1.556E-03s, Progress:   7.78%, Time Inc.: 3.180E-06s @ element     460 in Part SYS\wall Est. Clock Time Remaining: 13s       
Cycle:      492, Time:  1.559E-03s, Progress:   7.79%, Time Inc.: 3.180E-06s @ element     460 in Part SYS\wall Est. Clock Time Remaining: 13s       
Cycle:      493, Time:  1.562E-03s, Progress:   7.81%, Time Inc.: 3.180E-06s @ element     460 in Part SYS\wall Est. Clock Time Remaining: 13s       
Cycle:      494, Time:  1.565E-03s, Progress:   7.83%, Time Inc.: 3.180E-06s @ element     856 in Part SYS\wall Est. Clock Time Remaining: 13s       
Cycle:      495, Time:  1.569E-03s, Progress:   7.84%, Time Inc.: 3.180E-06s @ element     856 in Part SYS\wall Est. Clock Time Remaining: 13s       
Cycle:      496, Time:  1.572E-03s, Progress:   7.86%, Time Inc.: 3.180E-06s @ element     462 in Part SYS\wall Est. Clock Time Remaining: 13s       
Cycle:      497, Time:  1.575E-03s, Progress:   7.87%, Time Inc.: 3.180E-06s @ element     462 in Part SYS\wall Est. Clock Time Remaining: 13s       
Cycle:      498, Time:  1.578E-03s, Progress:   7.89%, Time Inc.: 3.180E-06s @ element     462 in Part SYS\wall Est. Clock Time Remaining: 13s       
Cycle:      499, Time:  1.581E-03s, Progress:   7.91%, Time Inc.: 3.180E-06s @ element     462 in Part SYS\wall Est. Clock Time Remaining: 13s       
Cycle:      500, Time:  1.584E-03s, Progress:   7.92%, Time Inc.: 3.180E-06s @ element     464 in Part SYS\wall Est. Clock Time Remaining: 13s       
Cycle:      501, Time:  1.588E-03s, Progress:   7.94%, Time Inc.: 3.180E-06s @ element     466 in Part SYS\wall Est. Clock Time Remaining: 13s       
Cycle:      502, Time:  1.591E-03s, Progress:   7.95%, Time Inc.: 3.180E-06s @ element     466 in Part SYS\wall Est. Clock Time Remaining: 13s       
Cycle:      503, Time:  1.594E-03s, Progress:   7.97%, Time Inc.: 3.180E-06s @ element     466 in Part SYS\wall Est. Clock Time Remaining: 13s       
Cycle:      504, Time:  1.597E-03s, Progress:   7.99%, Time Inc.: 3.180E-06s @ element     430 in Part SYS\wall Est. Clock Time Remaining: 13s       
Cycle:      505, Time:  1.600E-03s, Progress:   8.00%, Time Inc.: 3.180E-06s @ element     430 in Part SYS\wall Est. Clock Time Remaining: 13s       
Cycle:      506, Time:  1.603E-03s, Progress:   8.02%, Time Inc.: 3.180E-06s @ element     430 in Part SYS\wall Est. Clock Time Remaining: 13s       
Cycle:      507, Time:  1.607E-03s, Progress:   8.03%, Time Inc.: 3.180E-06s @ element     430 in Part SYS\wall Est. Clock Time Remaining: 13s       
Cycle:      508, Time:  1.610E-03s, Progress:   8.05%, Time Inc.: 3.180E-06s @ element     430 in Part SYS\wall Est. Clock Time Remaining: 13s       
Cycle:      509, Time:  1.613E-03s, Progress:   8.07%, Time Inc.: 3.180E-06s @ element     429 in Part SYS\wall Est. Clock Time Remaining: 13s       
Cycle:      510, Time:  1.616E-03s, Progress:   8.08%, Time Inc.: 3.180E-06s @ element     429 in Part SYS\wall Est. Clock Time Remaining: 13s       
Cycle:      511, Time:  1.619E-03s, Progress:   8.10%, Time Inc.: 3.180E-06s @ element     429 in Part SYS\wall Est. Clock Time Remaining: 13s       
Cycle:      512, Time:  1.623E-03s, Progress:   8.11%, Time Inc.: 3.180E-06s @ element     429 in Part SYS\wall Est. Clock Time Remaining: 13s       
Cycle:      513, Time:  1.626E-03s, Progress:   8.13%, Time Inc.: 3.180E-06s @ element     429 in Part SYS\wall Est. Clock Time Remaining: 13s       
Cycle:      514, Time:  1.629E-03s, Progress:   8.14%, Time Inc.: 3.179E-06s @ element     429 in Part SYS\wall Est. Clock Time Remaining: 13s       
Cycle:      515, Time:  1.632E-03s, Progress:   8.16%, Time Inc.: 3.179E-06s @ element     429 in Part SYS\wall Est. Clock Time Remaining: 13s       
Cycle:      516, Time:  1.635E-03s, Progress:   8.18%, Time Inc.: 3.179E-06s @ element     429 in Part SYS\wall Est. Clock Time Remaining: 13s       
Cycle:      517, Time:  1.638E-03s, Progress:   8.19%, Time Inc.: 3.179E-06s @ element     429 in Part SYS\wall Est. Clock Time Remaining: 13s       
Cycle:      518, Time:  1.642E-03s, Progress:   8.21%, Time Inc.: 3.179E-06s @ element     429 in Part SYS\wall Est. Clock Time Remaining: 13s       
Cycle:      519, Time:  1.645E-03s, Progress:   8.22%, Time Inc.: 3.179E-06s @ element     429 in Part SYS\wall Est. Clock Time Remaining: 13s       
Cycle:      520, Time:  1.648E-03s, Progress:   8.24%, Time Inc.: 3.179E-06s @ element     898 in Part SYS\wall Est. Clock Time Remaining: 13s       
Cycle:      521, Time:  1.651E-03s, Progress:   8.26%, Time Inc.: 3.179E-06s @ element     898 in Part SYS\wall Est. Clock Time Remaining: 13s       
Cycle:      522, Time:  1.654E-03s, Progress:   8.27%, Time Inc.: 3.179E-06s @ element     430 in Part SYS\wall Est. Clock Time Remaining: 13s       
Cycle:      523, Time:  1.658E-03s, Progress:   8.29%, Time Inc.: 3.179E-06s @ element     430 in Part SYS\wall Est. Clock Time Remaining: 13s       
Cycle:      524, Time:  1.661E-03s, Progress:   8.30%, Time Inc.: 3.179E-06s @ element     430 in Part SYS\wall Est. Clock Time Remaining: 13s       
Cycle:      525, Time:  1.664E-03s, Progress:   8.32%, Time Inc.: 3.179E-06s @ element     430 in Part SYS\wall Est. Clock Time Remaining: 13s       
Cycle:      526, Time:  1.667E-03s, Progress:   8.34%, Time Inc.: 3.179E-06s @ element     430 in Part SYS\wall Est. Clock Time Remaining: 13s       
Cycle:      527, Time:  1.670E-03s, Progress:   8.35%, Time Inc.: 3.179E-06s @ element     898 in Part SYS\wall Est. Clock Time Remaining: 13s       
Cycle:      528, Time:  1.673E-03s, Progress:   8.37%, Time Inc.: 3.179E-06s @ element     898 in Part SYS\wall Est. Clock Time Remaining: 13s       
Cycle:      529, Time:  1.677E-03s, Progress:   8.38%, Time Inc.: 3.179E-06s @ element     393 in Part SYS\wall Est. Clock Time Remaining: 13s       
Cycle:      530, Time:  1.680E-03s, Progress:   8.40%, Time Inc.: 3.179E-06s @ element     393 in Part SYS\wall Est. Clock Time Remaining: 13s       
Cycle:      531, Time:  1.683E-03s, Progress:   8.41%, Time Inc.: 3.179E-06s @ element     393 in Part SYS\wall Est. Clock Time Remaining: 13s       
Cycle:      532, Time:  1.686E-03s, Progress:   8.43%, Time Inc.: 3.179E-06s @ element     933 in Part SYS\wall Est. Clock Time Remaining: 13s       
Cycle:      533, Time:  1.689E-03s, Progress:   8.45%, Time Inc.: 3.179E-06s @ element     933 in Part SYS\wall Est. Clock Time Remaining: 13s       
Cycle:      534, Time:  1.693E-03s, Progress:   8.46%, Time Inc.: 3.179E-06s @ element     933 in Part SYS\wall Est. Clock Time Remaining: 13s       
Cycle:      535, Time:  1.696E-03s, Progress:   8.48%, Time Inc.: 3.179E-06s @ element     897 in Part SYS\wall Est. Clock Time Remaining: 13s       
Cycle:      536, Time:  1.699E-03s, Progress:   8.49%, Time Inc.: 3.179E-06s @ element     897 in Part SYS\wall Est. Clock Time Remaining: 13s       
Cycle:      537, Time:  1.702E-03s, Progress:   8.51%, Time Inc.: 3.179E-06s @ element     897 in Part SYS\wall Est. Clock Time Remaining: 13s       
Cycle:      538, Time:  1.705E-03s, Progress:   8.53%, Time Inc.: 3.179E-06s @ element     897 in Part SYS\wall Est. Clock Time Remaining: 13s       
Cycle:      539, Time:  1.708E-03s, Progress:   8.54%, Time Inc.: 3.179E-06s @ element     394 in Part SYS\wall Est. Clock Time Remaining: 13s       
Cycle:      540, Time:  1.712E-03s, Progress:   8.56%, Time Inc.: 3.179E-06s @ element     394 in Part SYS\wall Est. Clock Time Remaining: 13s       
Cycle:      541, Time:  1.715E-03s, Progress:   8.57%, Time Inc.: 3.179E-06s @ element     394 in Part SYS\wall Est. Clock Time Remaining: 13s       
Cycle:      542, Time:  1.718E-03s, Progress:   8.59%, Time Inc.: 3.179E-06s @ element     929 in Part SYS\wall Est. Clock Time Remaining: 13s       
Cycle:      543, Time:  1.721E-03s, Progress:   8.61%, Time Inc.: 3.179E-06s @ element     929 in Part SYS\wall Est. Clock Time Remaining: 13s       
Cycle:      544, Time:  1.724E-03s, Progress:   8.62%, Time Inc.: 3.179E-06s @ element     933 in Part SYS\wall Est. Clock Time Remaining: 13s       
Cycle:      545, Time:  1.727E-03s, Progress:   8.64%, Time Inc.: 3.179E-06s @ element     933 in Part SYS\wall Est. Clock Time Remaining: 13s       
Cycle:      546, Time:  1.731E-03s, Progress:   8.65%, Time Inc.: 3.179E-06s @ element     933 in Part SYS\wall Est. Clock Time Remaining: 13s       
Cycle:      547, Time:  1.734E-03s, Progress:   8.67%, Time Inc.: 3.179E-06s @ element     933 in Part SYS\wall Est. Clock Time Remaining: 13s       
Cycle:      548, Time:  1.737E-03s, Progress:   8.69%, Time Inc.: 3.179E-06s @ element     933 in Part SYS\wall Est. Clock Time Remaining: 13s       
Cycle:      549, Time:  1.740E-03s, Progress:   8.70%, Time Inc.: 3.179E-06s @ element     393 in Part SYS\wall Est. Clock Time Remaining: 13s       
Cycle:      550, Time:  1.743E-03s, Progress:   8.72%, Time Inc.: 3.179E-06s @ element     393 in Part SYS\wall Est. Clock Time Remaining: 13s       
Cycle:      551, Time:  1.747E-03s, Progress:   8.73%, Time Inc.: 3.179E-06s @ element     393 in Part SYS\wall Est. Clock Time Remaining: 13s       
Cycle:      552, Time:  1.750E-03s, Progress:   8.75%, Time Inc.: 3.179E-06s @ element     393 in Part SYS\wall Est. Clock Time Remaining: 13s       
Cycle:      553, Time:  1.753E-03s, Progress:   8.76%, Time Inc.: 3.179E-06s @ element     393 in Part SYS\wall Est. Clock Time Remaining: 13s       
Cycle:      554, Time:  1.756E-03s, Progress:   8.78%, Time Inc.: 3.179E-06s @ element     393 in Part SYS\wall Est. Clock Time Remaining: 13s       
Cycle:      555, Time:  1.759E-03s, Progress:   8.80%, Time Inc.: 3.179E-06s @ element     934 in Part SYS\wall Est. Clock Time Remaining: 13s       
Cycle:      556, Time:  1.762E-03s, Progress:   8.81%, Time Inc.: 3.179E-06s @ element     934 in Part SYS\wall Est. Clock Time Remaining: 13s       
Cycle:      557, Time:  1.766E-03s, Progress:   8.83%, Time Inc.: 3.179E-06s @ element     934 in Part SYS\wall Est. Clock Time Remaining: 13s       
Cycle:      558, Time:  1.769E-03s, Progress:   8.84%, Time Inc.: 3.179E-06s @ element     934 in Part SYS\wall Est. Clock Time Remaining: 13s       
Cycle:      559, Time:  1.772E-03s, Progress:   8.86%, Time Inc.: 3.179E-06s @ element     934 in Part SYS\wall Est. Clock Time Remaining: 13s       
Cycle:      560, Time:  1.775E-03s, Progress:   8.88%, Time Inc.: 3.179E-06s @ element     934 in Part SYS\wall Est. Clock Time Remaining: 13s       
Cycle:      561, Time:  1.778E-03s, Progress:   8.89%, Time Inc.: 3.179E-06s @ element     934 in Part SYS\wall Est. Clock Time Remaining: 13s       
Cycle:      562, Time:  1.782E-03s, Progress:   8.91%, Time Inc.: 3.179E-06s @ element     969 in Part SYS\wall Est. Clock Time Remaining: 13s       
Cycle:      563, Time:  1.785E-03s, Progress:   8.92%, Time Inc.: 3.179E-06s @ element     969 in Part SYS\wall Est. Clock Time Remaining: 13s       
Cycle:      564, Time:  1.788E-03s, Progress:   8.94%, Time Inc.: 3.179E-06s @ element     969 in Part SYS\wall Est. Clock Time Remaining: 13s       
Cycle:      565, Time:  1.791E-03s, Progress:   8.96%, Time Inc.: 3.179E-06s @ element     969 in Part SYS\wall Est. Clock Time Remaining: 13s       
Cycle:      566, Time:  1.794E-03s, Progress:   8.97%, Time Inc.: 3.179E-06s @ element     969 in Part SYS\wall Est. Clock Time Remaining: 13s       
Cycle:      567, Time:  1.797E-03s, Progress:   8.99%, Time Inc.: 3.179E-06s @ element     969 in Part SYS\wall Est. Clock Time Remaining: 13s       
Cycle:      568, Time:  1.801E-03s, Progress:   9.00%, Time Inc.: 3.179E-06s @ element     969 in Part SYS\wall Est. Clock Time Remaining: 13s       
Cycle:      569, Time:  1.804E-03s, Progress:   9.02%, Time Inc.: 3.179E-06s @ element     969 in Part SYS\wall Est. Clock Time Remaining: 13s       
Cycle:      570, Time:  1.807E-03s, Progress:   9.03%, Time Inc.: 3.179E-06s @ element     357 in Part SYS\wall Est. Clock Time Remaining: 13s       
Cycle:      571, Time:  1.810E-03s, Progress:   9.05%, Time Inc.: 3.180E-06s @ element     357 in Part SYS\wall Est. Clock Time Remaining: 13s       
Cycle:      572, Time:  1.813E-03s, Progress:   9.07%, Time Inc.: 3.180E-06s @ element     357 in Part SYS\wall Est. Clock Time Remaining: 13s       
Cycle:      573, Time:  1.817E-03s, Progress:   9.08%, Time Inc.: 3.180E-06s @ element     357 in Part SYS\wall Est. Clock Time Remaining: 13s       
Cycle:      574, Time:  1.820E-03s, Progress:   9.10%, Time Inc.: 3.180E-06s @ element     929 in Part SYS\wall Est. Clock Time Remaining: 13s       
Cycle:      575, Time:  1.823E-03s, Progress:   9.11%, Time Inc.: 3.180E-06s @ element     929 in Part SYS\wall Est. Clock Time Remaining: 13s       
Cycle:      576, Time:  1.826E-03s, Progress:   9.13%, Time Inc.: 3.180E-06s @ element     929 in Part SYS\wall Est. Clock Time Remaining: 13s       
Cycle:      577, Time:  1.829E-03s, Progress:   9.15%, Time Inc.: 3.180E-06s @ element     929 in Part SYS\wall Est. Clock Time Remaining: 13s       
Cycle:      578, Time:  1.832E-03s, Progress:   9.16%, Time Inc.: 3.180E-06s @ element     929 in Part SYS\wall Est. Clock Time Remaining: 13s       
Cycle:      579, Time:  1.836E-03s, Progress:   9.18%, Time Inc.: 3.180E-06s @ element     927 in Part SYS\wall Est. Clock Time Remaining: 13s       
Cycle:      580, Time:  1.839E-03s, Progress:   9.19%, Time Inc.: 3.180E-06s @ element     927 in Part SYS\wall Est. Clock Time Remaining: 13s       
Cycle:      581, Time:  1.842E-03s, Progress:   9.21%, Time Inc.: 3.180E-06s @ element     957 in Part SYS\wall Est. Clock Time Remaining: 13s       
Cycle:      582, Time:  1.845E-03s, Progress:   9.23%, Time Inc.: 3.180E-06s @ element     959 in Part SYS\wall Est. Clock Time Remaining: 13s       
Cycle:      583, Time:  1.848E-03s, Progress:   9.24%, Time Inc.: 3.180E-06s @ element     959 in Part SYS\wall Est. Clock Time Remaining: 13s       
Cycle:      584, Time:  1.851E-03s, Progress:   9.26%, Time Inc.: 3.180E-06s @ element     925 in Part SYS\wall Est. Clock Time Remaining: 13s       
Cycle:      585, Time:  1.855E-03s, Progress:   9.27%, Time Inc.: 3.180E-06s @ element     925 in Part SYS\wall Est. Clock Time Remaining: 13s       
Cycle:      586, Time:  1.858E-03s, Progress:   9.29%, Time Inc.: 3.180E-06s @ element     925 in Part SYS\wall Est. Clock Time Remaining: 13s       
Cycle:      587, Time:  1.861E-03s, Progress:   9.31%, Time Inc.: 3.180E-06s @ element     422 in Part SYS\wall Est. Clock Time Remaining: 13s       
Cycle:      588, Time:  1.864E-03s, Progress:   9.32%, Time Inc.: 3.180E-06s @ element     422 in Part SYS\wall Est. Clock Time Remaining: 13s       
Cycle:      589, Time:  1.867E-03s, Progress:   9.34%, Time Inc.: 3.180E-06s @ element     422 in Part SYS\wall Est. Clock Time Remaining: 13s       
Cycle:      590, Time:  1.871E-03s, Progress:   9.35%, Time Inc.: 3.180E-06s @ element     424 in Part SYS\wall Est. Clock Time Remaining: 13s       
Cycle:      591, Time:  1.874E-03s, Progress:   9.37%, Time Inc.: 3.180E-06s @ element     422 in Part SYS\wall Est. Clock Time Remaining: 13s       
Cycle:      592, Time:  1.877E-03s, Progress:   9.38%, Time Inc.: 3.180E-06s @ element     386 in Part SYS\wall Est. Clock Time Remaining: 13s       
Cycle:      593, Time:  1.880E-03s, Progress:   9.40%, Time Inc.: 3.180E-06s @ element     386 in Part SYS\wall Est. Clock Time Remaining: 13s       
Cycle:      594, Time:  1.883E-03s, Progress:   9.42%, Time Inc.: 3.180E-06s @ element     386 in Part SYS\wall Est. Clock Time Remaining: 13s       
Cycle:      595, Time:  1.886E-03s, Progress:   9.43%, Time Inc.: 3.180E-06s @ element     386 in Part SYS\wall Est. Clock Time Remaining: 13s       
Cycle:      596, Time:  1.890E-03s, Progress:   9.45%, Time Inc.: 3.180E-06s @ element     386 in Part SYS\wall Est. Clock Time Remaining: 13s       
Cycle:      597, Time:  1.893E-03s, Progress:   9.46%, Time Inc.: 3.180E-06s @ element     350 in Part SYS\wall Est. Clock Time Remaining: 13s       
Cycle:      598, Time:  1.896E-03s, Progress:   9.48%, Time Inc.: 3.180E-06s @ element     350 in Part SYS\wall Est. Clock Time Remaining: 13s       
Cycle:      599, Time:  1.899E-03s, Progress:   9.50%, Time Inc.: 3.180E-06s @ element     350 in Part SYS\wall Est. Clock Time Remaining: 13s       
Cycle:      600, Time:  1.902E-03s, Progress:   9.51%, Time Inc.: 3.180E-06s @ element     280 in Part SYS\wall Est. Clock Time Remaining: 13s       
Cycle:      601, Time:  1.906E-03s, Progress:   9.53%, Time Inc.: 3.180E-06s @ element     280 in Part SYS\wall Est. Clock Time Remaining: 13s       
Cycle:      602, Time:  1.909E-03s, Progress:   9.54%, Time Inc.: 3.180E-06s @ element     280 in Part SYS\wall Est. Clock Time Remaining: 13s       
Cycle:      603, Time:  1.912E-03s, Progress:   9.56%, Time Inc.: 3.180E-06s @ element     280 in Part SYS\wall Est. Clock Time Remaining: 13s       
Cycle:      604, Time:  1.915E-03s, Progress:   9.58%, Time Inc.: 3.180E-06s @ element     280 in Part SYS\wall Est. Clock Time Remaining: 13s       
Cycle:      605, Time:  1.918E-03s, Progress:   9.59%, Time Inc.: 3.180E-06s @ element     280 in Part SYS\wall Est. Clock Time Remaining: 13s       
Cycle:      606, Time:  1.921E-03s, Progress:   9.61%, Time Inc.: 3.180E-06s @ element    1036 in Part SYS\wall Est. Clock Time Remaining: 13s       
Cycle:      607, Time:  1.925E-03s, Progress:   9.62%, Time Inc.: 3.180E-06s @ element    1036 in Part SYS\wall Est. Clock Time Remaining: 13s       
Cycle:      608, Time:  1.928E-03s, Progress:   9.64%, Time Inc.: 3.180E-06s @ element    1034 in Part SYS\wall Est. Clock Time Remaining: 13s       
Cycle:      609, Time:  1.931E-03s, Progress:   9.65%, Time Inc.: 3.180E-06s @ element    1106 in Part SYS\wall Est. Clock Time Remaining: 13s       
Cycle:      610, Time:  1.934E-03s, Progress:   9.67%, Time Inc.: 3.180E-06s @ element    1140 in Part SYS\wall Est. Clock Time Remaining: 13s       
Cycle:      611, Time:  1.937E-03s, Progress:   9.69%, Time Inc.: 3.180E-06s @ element    1140 in Part SYS\wall Est. Clock Time Remaining: 13s       
Cycle:      612, Time:  1.941E-03s, Progress:   9.70%, Time Inc.: 3.180E-06s @ element    1140 in Part SYS\wall Est. Clock Time Remaining: 13s       
Cycle:      613, Time:  1.944E-03s, Progress:   9.72%, Time Inc.: 3.180E-06s @ element    1140 in Part SYS\wall Est. Clock Time Remaining: 13s       
Cycle:      614, Time:  1.947E-03s, Progress:   9.73%, Time Inc.: 3.180E-06s @ element    1140 in Part SYS\wall Est. Clock Time Remaining: 13s       
Cycle:      615, Time:  1.950E-03s, Progress:   9.75%, Time Inc.: 3.180E-06s @ element    1140 in Part SYS\wall Est. Clock Time Remaining: 13s       
Cycle:      616, Time:  1.953E-03s, Progress:   9.77%, Time Inc.: 3.180E-06s @ element    1140 in Part SYS\wall Est. Clock Time Remaining: 13s       
Cycle:      617, Time:  1.956E-03s, Progress:   9.78%, Time Inc.: 3.180E-06s @ element    1140 in Part SYS\wall Est. Clock Time Remaining: 13s       
Cycle:      618, Time:  1.960E-03s, Progress:   9.80%, Time Inc.: 3.180E-06s @ element    1140 in Part SYS\wall Est. Clock Time Remaining: 13s       
Cycle:      619, Time:  1.963E-03s, Progress:   9.81%, Time Inc.: 3.180E-06s @ element    1142 in Part SYS\wall Est. Clock Time Remaining: 13s       
Cycle:      620, Time:  1.966E-03s, Progress:   9.83%, Time Inc.: 3.180E-06s @ element    1144 in Part SYS\wall Est. Clock Time Remaining: 13s       
Cycle:      621, Time:  1.969E-03s, Progress:   9.85%, Time Inc.: 3.180E-06s @ element      59 in Part SYS\wall Est. Clock Time Remaining: 13s       
Cycle:      622, Time:  1.972E-03s, Progress:   9.86%, Time Inc.: 3.180E-06s @ element      59 in Part SYS\wall Est. Clock Time Remaining: 13s       
Cycle:      623, Time:  1.975E-03s, Progress:   9.88%, Time Inc.: 3.180E-06s @ element     167 in Part SYS\wall Est. Clock Time Remaining: 13s       
Cycle:      624, Time:  1.979E-03s, Progress:   9.89%, Time Inc.: 3.180E-06s @ element     167 in Part SYS\wall Est. Clock Time Remaining: 13s       
Cycle:      625, Time:  1.982E-03s, Progress:   9.91%, Time Inc.: 3.180E-06s @ element     167 in Part SYS\wall Est. Clock Time Remaining: 13s       
Cycle:      626, Time:  1.985E-03s, Progress:   9.93%, Time Inc.: 3.180E-06s @ element     129 in Part SYS\wall Est. Clock Time Remaining: 13s       
Cycle:      627, Time:  1.988E-03s, Progress:   9.94%, Time Inc.: 3.180E-06s @ element     129 in Part SYS\wall Est. Clock Time Remaining: 13s       
Cycle:      628, Time:  1.991E-03s, Progress:   9.96%, Time Inc.: 3.180E-06s @ element     129 in Part SYS\wall Est. Clock Time Remaining: 13s       
Cycle:      629, Time:  1.995E-03s, Progress:   9.97%, Time Inc.: 3.180E-06s @ element    1171 in Part SYS\wall Est. Clock Time Remaining: 13s       
Cycle:      630, Time:  1.998E-03s, Progress:   9.99%, Time Inc.: 3.180E-06s @ element    1171 in Part SYS\wall Est. Clock Time Remaining: 13s       
Cycle:      631, Time:  2.001E-03s, Progress:  10.00%, Time Inc.: 3.180E-06s @ element    1171 in Part SYS\wall Est. Clock Time Remaining: 13s       
Cycle:      632, Time:  2.004E-03s, Progress:  10.02%, Time Inc.: 3.180E-06s @ element    1171 in Part SYS\wall Est. Clock Time Remaining: 13s       
Cycle:      633, Time:  2.007E-03s, Progress:  10.04%, Time Inc.: 3.180E-06s @ element      55 in Part SYS\wall Est. Clock Time Remaining: 13s       
Cycle:      634, Time:  2.010E-03s, Progress:  10.05%, Time Inc.: 3.180E-06s @ element    1243 in Part SYS\wall Est. Clock Time Remaining: 13s       
Cycle:      635, Time:  2.014E-03s, Progress:  10.07%, Time Inc.: 3.180E-06s @ element    1243 in Part SYS\wall Est. Clock Time Remaining: 13s       
Cycle:      636, Time:  2.017E-03s, Progress:  10.08%, Time Inc.: 3.180E-06s @ element    1249 in Part SYS\wall Est. Clock Time Remaining: 13s       
Cycle:      637, Time:  2.020E-03s, Progress:  10.10%, Time Inc.: 3.180E-06s @ element    1249 in Part SYS\wall Est. Clock Time Remaining: 13s       
Cycle:      638, Time:  2.023E-03s, Progress:  10.12%, Time Inc.: 3.180E-06s @ element    1249 in Part SYS\wall Est. Clock Time Remaining: 13s       
Cycle:      639, Time:  2.026E-03s, Progress:  10.13%, Time Inc.: 3.180E-06s @ element    1249 in Part SYS\wall Est. Clock Time Remaining: 13s       
Cycle:      640, Time:  2.030E-03s, Progress:  10.15%, Time Inc.: 3.180E-06s @ element    1249 in Part SYS\wall Est. Clock Time Remaining: 13s       
Cycle:      641, Time:  2.033E-03s, Progress:  10.16%, Time Inc.: 3.180E-06s @ element    1249 in Part SYS\wall Est. Clock Time Remaining: 13s       
Cycle:      642, Time:  2.036E-03s, Progress:  10.18%, Time Inc.: 3.180E-06s @ element    1249 in Part SYS\wall Est. Clock Time Remaining: 13s       
Cycle:      643, Time:  2.039E-03s, Progress:  10.20%, Time Inc.: 3.180E-06s @ element    1249 in Part SYS\wall Est. Clock Time Remaining: 13s       
Cycle:      644, Time:  2.042E-03s, Progress:  10.21%, Time Inc.: 3.180E-06s @ element      63 in Part SYS\wall Est. Clock Time Remaining: 13s       
Cycle:      645, Time:  2.045E-03s, Progress:  10.23%, Time Inc.: 3.180E-06s @ element    1251 in Part SYS\wall Est. Clock Time Remaining: 13s       
Cycle:      646, Time:  2.049E-03s, Progress:  10.24%, Time Inc.: 3.180E-06s @ element    1251 in Part SYS\wall Est. Clock Time Remaining: 13s       
Cycle:      647, Time:  2.052E-03s, Progress:  10.26%, Time Inc.: 3.180E-06s @ element    1269 in Part SYS\wall Est. Clock Time Remaining: 13s       
Cycle:      648, Time:  2.055E-03s, Progress:  10.27%, Time Inc.: 3.180E-06s @ element    1269 in Part SYS\wall Est. Clock Time Remaining: 13s       
Cycle:      649, Time:  2.058E-03s, Progress:  10.29%, Time Inc.: 3.180E-06s @ element    1269 in Part SYS\wall Est. Clock Time Remaining: 13s       
Cycle:      650, Time:  2.061E-03s, Progress:  10.31%, Time Inc.: 3.180E-06s @ element    1269 in Part SYS\wall Est. Clock Time Remaining: 13s       
Cycle:      651, Time:  2.065E-03s, Progress:  10.32%, Time Inc.: 3.180E-06s @ element    1204 in Part SYS\wall Est. Clock Time Remaining: 13s       
Cycle:      652, Time:  2.068E-03s, Progress:  10.34%, Time Inc.: 3.180E-06s @ element    1204 in Part SYS\wall Est. Clock Time Remaining: 13s       
Cycle:      653, Time:  2.071E-03s, Progress:  10.35%, Time Inc.: 3.180E-06s @ element    1204 in Part SYS\wall Est. Clock Time Remaining: 13s       
Cycle:      654, Time:  2.074E-03s, Progress:  10.37%, Time Inc.: 3.180E-06s @ element      43 in Part SYS\wall Est. Clock Time Remaining: 13s       
Cycle:      655, Time:  2.077E-03s, Progress:  10.39%, Time Inc.: 3.180E-06s @ element      43 in Part SYS\wall Est. Clock Time Remaining: 13s       
Cycle:      656, Time:  2.080E-03s, Progress:  10.40%, Time Inc.: 3.180E-06s @ element      43 in Part SYS\wall Est. Clock Time Remaining: 13s       
Cycle:      657, Time:  2.084E-03s, Progress:  10.42%, Time Inc.: 3.180E-06s @ element    1239 in Part SYS\wall Est. Clock Time Remaining: 13s       
Cycle:      658, Time:  2.087E-03s, Progress:  10.43%, Time Inc.: 3.180E-06s @ element    1239 in Part SYS\wall Est. Clock Time Remaining: 13s       
Cycle:      659, Time:  2.090E-03s, Progress:  10.45%, Time Inc.: 3.180E-06s @ element    1239 in Part SYS\wall Est. Clock Time Remaining: 13s       
Cycle:      660, Time:  2.093E-03s, Progress:  10.47%, Time Inc.: 3.180E-06s @ element      85 in Part SYS\wall Est. Clock Time Remaining: 13s       
Cycle:      661, Time:  2.096E-03s, Progress:  10.48%, Time Inc.: 3.180E-06s @ element      85 in Part SYS\wall Est. Clock Time Remaining: 13s       
Cycle:      662, Time:  2.100E-03s, Progress:  10.50%, Time Inc.: 3.180E-06s @ element      85 in Part SYS\wall Est. Clock Time Remaining: 13s       
Cycle:      663, Time:  2.103E-03s, Progress:  10.51%, Time Inc.: 3.180E-06s @ element      85 in Part SYS\wall Est. Clock Time Remaining: 13s       
Cycle:      664, Time:  2.106E-03s, Progress:  10.53%, Time Inc.: 3.180E-06s @ element      51 in Part SYS\wall Est. Clock Time Remaining: 13s       
Cycle:      665, Time:  2.109E-03s, Progress:  10.55%, Time Inc.: 3.180E-06s @ element     109 in Part SYS\wall Est. Clock Time Remaining: 13s       
Cycle:      666, Time:  2.112E-03s, Progress:  10.56%, Time Inc.: 3.180E-06s @ element     109 in Part SYS\wall Est. Clock Time Remaining: 13s       
Cycle:      667, Time:  2.115E-03s, Progress:  10.58%, Time Inc.: 3.180E-06s @ element     109 in Part SYS\wall Est. Clock Time Remaining: 13s       
Cycle:      668, Time:  2.119E-03s, Progress:  10.59%, Time Inc.: 3.180E-06s @ element      43 in Part SYS\wall Est. Clock Time Remaining: 13s       
Cycle:      669, Time:  2.122E-03s, Progress:  10.61%, Time Inc.: 3.180E-06s @ element      43 in Part SYS\wall Est. Clock Time Remaining: 13s       
Cycle:      670, Time:  2.125E-03s, Progress:  10.62%, Time Inc.: 3.180E-06s @ element     109 in Part SYS\wall Est. Clock Time Remaining: 13s       
Cycle:      671, Time:  2.128E-03s, Progress:  10.64%, Time Inc.: 3.180E-06s @ element     109 in Part SYS\wall Est. Clock Time Remaining: 13s       
Cycle:      672, Time:  2.131E-03s, Progress:  10.66%, Time Inc.: 3.180E-06s @ element    1155 in Part SYS\wall Est. Clock Time Remaining: 13s       
Cycle:      673, Time:  2.134E-03s, Progress:  10.67%, Time Inc.: 3.180E-06s @ element    1155 in Part SYS\wall Est. Clock Time Remaining: 13s       
Cycle:      674, Time:  2.138E-03s, Progress:  10.69%, Time Inc.: 3.180E-06s @ element    1155 in Part SYS\wall Est. Clock Time Remaining: 13s       
Cycle:      675, Time:  2.141E-03s, Progress:  10.70%, Time Inc.: 3.180E-06s @ element     147 in Part SYS\wall Est. Clock Time Remaining: 13s       
Cycle:      676, Time:  2.144E-03s, Progress:  10.72%, Time Inc.: 3.180E-06s @ element     147 in Part SYS\wall Est. Clock Time Remaining: 13s       
Cycle:      677, Time:  2.147E-03s, Progress:  10.74%, Time Inc.: 3.180E-06s @ element     147 in Part SYS\wall Est. Clock Time Remaining: 13s       
Cycle:      678, Time:  2.150E-03s, Progress:  10.75%, Time Inc.: 3.180E-06s @ element    1121 in Part SYS\wall Est. Clock Time Remaining: 13s       
Cycle:      679, Time:  2.154E-03s, Progress:  10.77%, Time Inc.: 3.180E-06s @ element      43 in Part SYS\wall Est. Clock Time Remaining: 13s       
Cycle:      680, Time:  2.157E-03s, Progress:  10.78%, Time Inc.: 3.180E-06s @ element      43 in Part SYS\wall Est. Clock Time Remaining: 13s       
Cycle:      681, Time:  2.160E-03s, Progress:  10.80%, Time Inc.: 3.180E-06s @ element      81 in Part SYS\wall Est. Clock Time Remaining: 13s       
Cycle:      682, Time:  2.163E-03s, Progress:  10.82%, Time Inc.: 3.180E-06s @ element      81 in Part SYS\wall Est. Clock Time Remaining: 13s       
Cycle:      683, Time:  2.166E-03s, Progress:  10.83%, Time Inc.: 3.180E-06s @ element      81 in Part SYS\wall Est. Clock Time Remaining: 13s       
Cycle:      684, Time:  2.169E-03s, Progress:  10.85%, Time Inc.: 3.180E-06s @ element      81 in Part SYS\wall Est. Clock Time Remaining: 13s       
Cycle:      685, Time:  2.173E-03s, Progress:  10.86%, Time Inc.: 3.180E-06s @ element      81 in Part SYS\wall Est. Clock Time Remaining: 13s       
Cycle:      686, Time:  2.176E-03s, Progress:  10.88%, Time Inc.: 3.180E-06s @ element      81 in Part SYS\wall Est. Clock Time Remaining: 13s       
Cycle:      687, Time:  2.179E-03s, Progress:  10.89%, Time Inc.: 3.180E-06s @ element      81 in Part SYS\wall Est. Clock Time Remaining: 13s       
Cycle:      688, Time:  2.182E-03s, Progress:  10.91%, Time Inc.: 3.180E-06s @ element      81 in Part SYS\wall Est. Clock Time Remaining: 13s       
Cycle:      689, Time:  2.185E-03s, Progress:  10.93%, Time Inc.: 3.180E-06s @ element      81 in Part SYS\wall Est. Clock Time Remaining: 13s       
Cycle:      690, Time:  2.189E-03s, Progress:  10.94%, Time Inc.: 3.180E-06s @ element    1269 in Part SYS\wall Est. Clock Time Remaining: 13s       
Cycle:      691, Time:  2.192E-03s, Progress:  10.96%, Time Inc.: 3.180E-06s @ element    1269 in Part SYS\wall Est. Clock Time Remaining: 13s       
Cycle:      692, Time:  2.195E-03s, Progress:  10.97%, Time Inc.: 3.180E-06s @ element    1269 in Part SYS\wall Est. Clock Time Remaining: 13s       
Cycle:      693, Time:  2.198E-03s, Progress:  10.99%, Time Inc.: 3.180E-06s @ element    1269 in Part SYS\wall Est. Clock Time Remaining: 13s       
Cycle:      694, Time:  2.201E-03s, Progress:  11.01%, Time Inc.: 3.180E-06s @ element    1269 in Part SYS\wall Est. Clock Time Remaining: 13s       
Cycle:      695, Time:  2.204E-03s, Progress:  11.02%, Time Inc.: 3.180E-06s @ element    1269 in Part SYS\wall Est. Clock Time Remaining: 13s       
Cycle:      696, Time:  2.208E-03s, Progress:  11.04%, Time Inc.: 3.180E-06s @ element    1269 in Part SYS\wall Est. Clock Time Remaining: 13s       
Cycle:      697, Time:  2.211E-03s, Progress:  11.05%, Time Inc.: 3.180E-06s @ element    1269 in Part SYS\wall Est. Clock Time Remaining: 13s       
Cycle:      698, Time:  2.214E-03s, Progress:  11.07%, Time Inc.: 3.180E-06s @ element    1269 in Part SYS\wall Est. Clock Time Remaining: 13s       
Cycle:      699, Time:  2.217E-03s, Progress:  11.09%, Time Inc.: 3.180E-06s @ element    1269 in Part SYS\wall Est. Clock Time Remaining: 13s       
Cycle:      700, Time:  2.220E-03s, Progress:  11.10%, Time Inc.: 3.180E-06s @ element    1269 in Part SYS\wall Est. Clock Time Remaining: 13s       
Cycle:      701, Time:  2.224E-03s, Progress:  11.12%, Time Inc.: 3.180E-06s @ element    1269 in Part SYS\wall Est. Clock Time Remaining: 13s       
Cycle:      702, Time:  2.227E-03s, Progress:  11.13%, Time Inc.: 3.180E-06s @ element    1269 in Part SYS\wall Est. Clock Time Remaining: 13s       
Cycle:      703, Time:  2.230E-03s, Progress:  11.15%, Time Inc.: 3.180E-06s @ element    1269 in Part SYS\wall Est. Clock Time Remaining: 13s       
Cycle:      704, Time:  2.233E-03s, Progress:  11.17%, Time Inc.: 3.180E-06s @ element    1269 in Part SYS\wall Est. Clock Time Remaining: 13s       
Cycle:      705, Time:  2.236E-03s, Progress:  11.18%, Time Inc.: 3.180E-06s @ element    1235 in Part SYS\wall Est. Clock Time Remaining: 13s       
Cycle:      706, Time:  2.239E-03s, Progress:  11.20%, Time Inc.: 3.180E-06s @ element    1235 in Part SYS\wall Est. Clock Time Remaining: 13s       
Cycle:      707, Time:  2.243E-03s, Progress:  11.21%, Time Inc.: 3.180E-06s @ element    1235 in Part SYS\wall Est. Clock Time Remaining: 13s       
Cycle:      708, Time:  2.246E-03s, Progress:  11.23%, Time Inc.: 3.180E-06s @ element    1235 in Part SYS\wall Est. Clock Time Remaining: 13s       
Cycle:      709, Time:  2.249E-03s, Progress:  11.24%, Time Inc.: 3.180E-06s @ element    1235 in Part SYS\wall Est. Clock Time Remaining: 13s       
Cycle:      710, Time:  2.252E-03s, Progress:  11.26%, Time Inc.: 3.180E-06s @ element    1235 in Part SYS\wall Est. Clock Time Remaining: 13s       
Cycle:      711, Time:  2.255E-03s, Progress:  11.28%, Time Inc.: 3.180E-06s @ element    1235 in Part SYS\wall Est. Clock Time Remaining: 13s       
Cycle:      712, Time:  2.258E-03s, Progress:  11.29%, Time Inc.: 3.180E-06s @ element    1235 in Part SYS\wall Est. Clock Time Remaining: 13s       
Cycle:      713, Time:  2.262E-03s, Progress:  11.31%, Time Inc.: 3.180E-06s @ element      47 in Part SYS\wall Est. Clock Time Remaining: 13s       
Cycle:      714, Time:  2.265E-03s, Progress:  11.32%, Time Inc.: 3.180E-06s @ element    1269 in Part SYS\wall Est. Clock Time Remaining: 13s       
Cycle:      715, Time:  2.268E-03s, Progress:  11.34%, Time Inc.: 3.180E-06s @ element    1269 in Part SYS\wall Est. Clock Time Remaining: 13s       
Cycle:      716, Time:  2.271E-03s, Progress:  11.36%, Time Inc.: 3.180E-06s @ element    1269 in Part SYS\wall Est. Clock Time Remaining: 13s       
Cycle:      717, Time:  2.274E-03s, Progress:  11.37%, Time Inc.: 3.180E-06s @ element    1269 in Part SYS\wall Est. Clock Time Remaining: 13s       
Cycle:      718, Time:  2.278E-03s, Progress:  11.39%, Time Inc.: 3.180E-06s @ element    1269 in Part SYS\wall Est. Clock Time Remaining: 13s       
Cycle:      719, Time:  2.281E-03s, Progress:  11.40%, Time Inc.: 3.180E-06s @ element    1269 in Part SYS\wall Est. Clock Time Remaining: 13s       
Cycle:      720, Time:  2.284E-03s, Progress:  11.42%, Time Inc.: 3.180E-06s @ element    1269 in Part SYS\wall Est. Clock Time Remaining: 13s       
Cycle:      721, Time:  2.287E-03s, Progress:  11.44%, Time Inc.: 3.180E-06s @ element    1269 in Part SYS\wall Est. Clock Time Remaining: 13s       
Cycle:      722, Time:  2.290E-03s, Progress:  11.45%, Time Inc.: 3.180E-06s @ element    1269 in Part SYS\wall Est. Clock Time Remaining: 13s       
Cycle:      723, Time:  2.293E-03s, Progress:  11.47%, Time Inc.: 3.180E-06s @ element    1269 in Part SYS\wall Est. Clock Time Remaining: 13s       
Cycle:      724, Time:  2.297E-03s, Progress:  11.48%, Time Inc.: 3.180E-06s @ element    1269 in Part SYS\wall Est. Clock Time Remaining: 13s       
Cycle:      725, Time:  2.300E-03s, Progress:  11.50%, Time Inc.: 3.180E-06s @ element    1269 in Part SYS\wall Est. Clock Time Remaining: 13s       
Cycle:      726, Time:  2.303E-03s, Progress:  11.52%, Time Inc.: 3.180E-06s @ element    1269 in Part SYS\wall Est. Clock Time Remaining: 13s       
Cycle:      727, Time:  2.306E-03s, Progress:  11.53%, Time Inc.: 3.180E-06s @ element      27 in Part SYS\wall Est. Clock Time Remaining: 13s       
Cycle:      728, Time:  2.309E-03s, Progress:  11.55%, Time Inc.: 3.180E-06s @ element      27 in Part SYS\wall Est. Clock Time Remaining: 13s       
Cycle:      729, Time:  2.313E-03s, Progress:  11.56%, Time Inc.: 3.180E-06s @ element      63 in Part SYS\wall Est. Clock Time Remaining: 13s       
Cycle:      730, Time:  2.316E-03s, Progress:  11.58%, Time Inc.: 3.180E-06s @ element      63 in Part SYS\wall Est. Clock Time Remaining: 13s       
Cycle:      731, Time:  2.319E-03s, Progress:  11.59%, Time Inc.: 3.180E-06s @ element      63 in Part SYS\wall Est. Clock Time Remaining: 13s       
Cycle:      732, Time:  2.322E-03s, Progress:  11.61%, Time Inc.: 3.180E-06s @ element      63 in Part SYS\wall Est. Clock Time Remaining: 13s       
Cycle:      733, Time:  2.325E-03s, Progress:  11.63%, Time Inc.: 3.180E-06s @ element     250 in Part SYS\wall Est. Clock Time Remaining: 13s       
Cycle:      734, Time:  2.328E-03s, Progress:  11.64%, Time Inc.: 3.180E-06s @ element     250 in Part SYS\wall Est. Clock Time Remaining: 13s       
Cycle:      735, Time:  2.332E-03s, Progress:  11.66%, Time Inc.: 3.180E-06s @ element     286 in Part SYS\wall Est. Clock Time Remaining: 13s       
Cycle:      736, Time:  2.335E-03s, Progress:  11.67%, Time Inc.: 3.180E-06s @ element     286 in Part SYS\wall Est. Clock Time Remaining: 13s       
Cycle:      737, Time:  2.338E-03s, Progress:  11.69%, Time Inc.: 3.180E-06s @ element     286 in Part SYS\wall Est. Clock Time Remaining: 13s       
Cycle:      738, Time:  2.341E-03s, Progress:  11.71%, Time Inc.: 3.180E-06s @ element     286 in Part SYS\wall Est. Clock Time Remaining: 13s       
Cycle:      739, Time:  2.344E-03s, Progress:  11.72%, Time Inc.: 3.180E-06s @ element     286 in Part SYS\wall Est. Clock Time Remaining: 13s       
Cycle:      740, Time:  2.348E-03s, Progress:  11.74%, Time Inc.: 3.180E-06s @ element    1041 in Part SYS\wall Est. Clock Time Remaining: 13s       
Cycle:      741, Time:  2.351E-03s, Progress:  11.75%, Time Inc.: 3.180E-06s @ element    1041 in Part SYS\wall Est. Clock Time Remaining: 13s       
Cycle:      742, Time:  2.354E-03s, Progress:  11.77%, Time Inc.: 3.180E-06s @ element     285 in Part SYS\wall Est. Clock Time Remaining: 13s       
Cycle:      743, Time:  2.357E-03s, Progress:  11.79%, Time Inc.: 3.180E-06s @ element     285 in Part SYS\wall Est. Clock Time Remaining: 13s       
Cycle:      744, Time:  2.360E-03s, Progress:  11.80%, Time Inc.: 3.180E-06s @ element    1077 in Part SYS\wall Est. Clock Time Remaining: 13s       
Cycle:      745, Time:  2.363E-03s, Progress:  11.82%, Time Inc.: 3.180E-06s @ element    1077 in Part SYS\wall Est. Clock Time Remaining: 13s       
Cycle:      746, Time:  2.367E-03s, Progress:  11.83%, Time Inc.: 3.180E-06s @ element    1077 in Part SYS\wall Est. Clock Time Remaining: 13s       
Cycle:      747, Time:  2.370E-03s, Progress:  11.85%, Time Inc.: 3.180E-06s @ element    1075 in Part SYS\wall Est. Clock Time Remaining: 13s       
Cycle:      748, Time:  2.373E-03s, Progress:  11.86%, Time Inc.: 3.180E-06s @ element    1075 in Part SYS\wall Est. Clock Time Remaining: 13s       
Cycle:      749, Time:  2.376E-03s, Progress:  11.88%, Time Inc.: 3.180E-06s @ element    1075 in Part SYS\wall Est. Clock Time Remaining: 13s       
Cycle:      750, Time:  2.379E-03s, Progress:  11.90%, Time Inc.: 3.180E-06s @ element     247 in Part SYS\wall Est. Clock Time Remaining: 13s       
Cycle:      751, Time:  2.383E-03s, Progress:  11.91%, Time Inc.: 3.180E-06s @ element     247 in Part SYS\wall Est. Clock Time Remaining: 13s       
Cycle:      752, Time:  2.386E-03s, Progress:  11.93%, Time Inc.: 3.180E-06s @ element    1077 in Part SYS\wall Est. Clock Time Remaining: 13s       
Cycle:      753, Time:  2.389E-03s, Progress:  11.94%, Time Inc.: 3.180E-06s @ element    1077 in Part SYS\wall Est. Clock Time Remaining: 13s       
Cycle:      754, Time:  2.392E-03s, Progress:  11.96%, Time Inc.: 3.180E-06s @ element    1077 in Part SYS\wall Est. Clock Time Remaining: 13s       
Cycle:      755, Time:  2.395E-03s, Progress:  11.98%, Time Inc.: 3.180E-06s @ element    1077 in Part SYS\wall Est. Clock Time Remaining: 13s       
Cycle:      756, Time:  2.398E-03s, Progress:  11.99%, Time Inc.: 3.180E-06s @ element    1077 in Part SYS\wall Est. Clock Time Remaining: 13s       
Cycle:      757, Time:  2.402E-03s, Progress:  12.01%, Time Inc.: 3.180E-06s @ element     249 in Part SYS\wall Est. Clock Time Remaining: 13s       
Cycle:      758, Time:  2.405E-03s, Progress:  12.02%, Time Inc.: 3.180E-06s @ element     285 in Part SYS\wall Est. Clock Time Remaining: 13s       
Cycle:      759, Time:  2.408E-03s, Progress:  12.04%, Time Inc.: 3.180E-06s @ element     285 in Part SYS\wall Est. Clock Time Remaining: 13s       
Cycle:      760, Time:  2.411E-03s, Progress:  12.06%, Time Inc.: 3.180E-06s @ element     285 in Part SYS\wall Est. Clock Time Remaining: 13s       
Cycle:      761, Time:  2.414E-03s, Progress:  12.07%, Time Inc.: 3.180E-06s @ element     285 in Part SYS\wall Est. Clock Time Remaining: 13s       
Cycle:      762, Time:  2.417E-03s, Progress:  12.09%, Time Inc.: 3.180E-06s @ element     285 in Part SYS\wall Est. Clock Time Remaining: 13s       
Cycle:      763, Time:  2.421E-03s, Progress:  12.10%, Time Inc.: 3.180E-06s @ element     285 in Part SYS\wall Est. Clock Time Remaining: 13s       
Cycle:      764, Time:  2.424E-03s, Progress:  12.12%, Time Inc.: 3.180E-06s @ element     285 in Part SYS\wall Est. Clock Time Remaining: 13s       
Cycle:      765, Time:  2.427E-03s, Progress:  12.14%, Time Inc.: 3.180E-06s @ element     285 in Part SYS\wall Est. Clock Time Remaining: 13s       
Cycle:      766, Time:  2.430E-03s, Progress:  12.15%, Time Inc.: 3.180E-06s @ element     285 in Part SYS\wall Est. Clock Time Remaining: 13s       
Cycle:      767, Time:  2.433E-03s, Progress:  12.17%, Time Inc.: 3.180E-06s @ element     285 in Part SYS\wall Est. Clock Time Remaining: 13s       
Cycle:      768, Time:  2.437E-03s, Progress:  12.18%, Time Inc.: 3.180E-06s @ element     285 in Part SYS\wall Est. Clock Time Remaining: 13s       
Cycle:      769, Time:  2.440E-03s, Progress:  12.20%, Time Inc.: 3.180E-06s @ element     285 in Part SYS\wall Est. Clock Time Remaining: 13s       
Cycle:      770, Time:  2.443E-03s, Progress:  12.21%, Time Inc.: 3.180E-06s @ element     285 in Part SYS\wall Est. Clock Time Remaining: 13s       
Cycle:      771, Time:  2.446E-03s, Progress:  12.23%, Time Inc.: 3.180E-06s @ element     281 in Part SYS\wall Est. Clock Time Remaining: 13s       
Cycle:      772, Time:  2.449E-03s, Progress:  12.25%, Time Inc.: 3.180E-06s @ element     283 in Part SYS\wall Est. Clock Time Remaining: 13s       
Cycle:      773, Time:  2.452E-03s, Progress:  12.26%, Time Inc.: 3.180E-06s @ element     285 in Part SYS\wall Est. Clock Time Remaining: 13s       
Cycle:      774, Time:  2.456E-03s, Progress:  12.28%, Time Inc.: 3.180E-06s @ element     249 in Part SYS\wall Est. Clock Time Remaining: 13s       
Cycle:      775, Time:  2.459E-03s, Progress:  12.29%, Time Inc.: 3.180E-06s @ element     249 in Part SYS\wall Est. Clock Time Remaining: 13s       
Cycle:      776, Time:  2.462E-03s, Progress:  12.31%, Time Inc.: 3.180E-06s @ element     249 in Part SYS\wall Est. Clock Time Remaining: 13s       
Cycle:      777, Time:  2.465E-03s, Progress:  12.33%, Time Inc.: 3.180E-06s @ element     249 in Part SYS\wall Est. Clock Time Remaining: 13s       
Cycle:      778, Time:  2.468E-03s, Progress:  12.34%, Time Inc.: 3.180E-06s @ element     249 in Part SYS\wall Est. Clock Time Remaining: 13s       
Cycle:      779, Time:  2.472E-03s, Progress:  12.36%, Time Inc.: 3.180E-06s @ element     249 in Part SYS\wall Est. Clock Time Remaining: 13s       
Cycle:      780, Time:  2.475E-03s, Progress:  12.37%, Time Inc.: 3.180E-06s @ element     249 in Part SYS\wall Est. Clock Time Remaining: 13s       
Cycle:      781, Time:  2.478E-03s, Progress:  12.39%, Time Inc.: 3.180E-06s @ element     285 in Part SYS\wall Est. Clock Time Remaining: 13s       
Cycle:      782, Time:  2.481E-03s, Progress:  12.41%, Time Inc.: 3.180E-06s @ element     285 in Part SYS\wall Est. Clock Time Remaining: 13s       
Cycle:      783, Time:  2.484E-03s, Progress:  12.42%, Time Inc.: 3.180E-06s @ element     285 in Part SYS\wall Est. Clock Time Remaining: 13s       
Cycle:      784, Time:  2.487E-03s, Progress:  12.44%, Time Inc.: 3.180E-06s @ element     205 in Part SYS\wall Est. Clock Time Remaining: 13s       
Cycle:      785, Time:  2.491E-03s, Progress:  12.45%, Time Inc.: 3.180E-06s @ element    1105 in Part SYS\wall Est. Clock Time Remaining: 13s       
Cycle:      786, Time:  2.494E-03s, Progress:  12.47%, Time Inc.: 3.180E-06s @ element    1141 in Part SYS\wall Est. Clock Time Remaining: 13s       
Cycle:      787, Time:  2.497E-03s, Progress:  12.48%, Time Inc.: 3.180E-06s @ element    1139 in Part SYS\wall Est. Clock Time Remaining: 13s       
Cycle:      788, Time:  2.500E-03s, Progress:  12.50%, Time Inc.: 3.180E-06s @ element    1175 in Part SYS\wall Est. Clock Time Remaining: 13s       
Cycle:      789, Time:  2.503E-03s, Progress:  12.52%, Time Inc.: 3.180E-06s @ element    1175 in Part SYS\wall Est. Clock Time Remaining: 13s       
Cycle:      790, Time:  2.507E-03s, Progress:  12.53%, Time Inc.: 3.180E-06s @ element    1175 in Part SYS\wall Est. Clock Time Remaining: 13s       
Cycle:      791, Time:  2.510E-03s, Progress:  12.55%, Time Inc.: 3.180E-06s @ element    1175 in Part SYS\wall Est. Clock Time Remaining: 13s       
Cycle:      792, Time:  2.513E-03s, Progress:  12.56%, Time Inc.: 3.180E-06s @ element    1245 in Part SYS\wall Est. Clock Time Remaining: 13s       
Cycle:      793, Time:  2.516E-03s, Progress:  12.58%, Time Inc.: 3.180E-06s @ element    1245 in Part SYS\wall Est. Clock Time Remaining: 13s       
Cycle:      794, Time:  2.519E-03s, Progress:  12.60%, Time Inc.: 3.180E-06s @ element    1245 in Part SYS\wall Est. Clock Time Remaining: 13s       
Cycle:      795, Time:  2.522E-03s, Progress:  12.61%, Time Inc.: 3.180E-06s @ element    1129 in Part SYS\wall Est. Clock Time Remaining: 13s       
Cycle:      796, Time:  2.526E-03s, Progress:  12.63%, Time Inc.: 3.180E-06s @ element     157 in Part SYS\wall Est. Clock Time Remaining: 13s       
Cycle:      797, Time:  2.529E-03s, Progress:  12.64%, Time Inc.: 3.180E-06s @ element     157 in Part SYS\wall Est. Clock Time Remaining: 13s       
Cycle:      798, Time:  2.532E-03s, Progress:  12.66%, Time Inc.: 3.180E-06s @ element     157 in Part SYS\wall Est. Clock Time Remaining: 13s       
Cycle:      799, Time:  2.535E-03s, Progress:  12.68%, Time Inc.: 3.180E-06s @ element     157 in Part SYS\wall Est. Clock Time Remaining: 13s       
Cycle:      800, Time:  2.538E-03s, Progress:  12.69%, Time Inc.: 3.180E-06s @ element     157 in Part SYS\wall Est. Clock Time Remaining: 13s       
Cycle:      801, Time:  2.541E-03s, Progress:  12.71%, Time Inc.: 3.180E-06s @ element     157 in Part SYS\wall Est. Clock Time Remaining: 13s       
Cycle:      802, Time:  2.545E-03s, Progress:  12.72%, Time Inc.: 3.180E-06s @ element    1095 in Part SYS\wall Est. Clock Time Remaining: 13s       
Cycle:      803, Time:  2.548E-03s, Progress:  12.74%, Time Inc.: 3.180E-06s @ element      57 in Part SYS\wall Est. Clock Time Remaining: 13s       
Cycle:      804, Time:  2.551E-03s, Progress:  12.76%, Time Inc.: 3.180E-06s @ element     165 in Part SYS\wall Est. Clock Time Remaining: 13s       
Cycle:      805, Time:  2.554E-03s, Progress:  12.77%, Time Inc.: 3.180E-06s @ element     165 in Part SYS\wall Est. Clock Time Remaining: 13s       
Cycle:      806, Time:  2.557E-03s, Progress:  12.79%, Time Inc.: 3.180E-06s @ element     165 in Part SYS\wall Est. Clock Time Remaining: 13s       
Cycle:      807, Time:  2.561E-03s, Progress:  12.80%, Time Inc.: 3.180E-06s @ element     165 in Part SYS\wall Est. Clock Time Remaining: 13s       
Cycle:      808, Time:  2.564E-03s, Progress:  12.82%, Time Inc.: 3.180E-06s @ element     165 in Part SYS\wall Est. Clock Time Remaining: 13s       
Cycle:      809, Time:  2.567E-03s, Progress:  12.83%, Time Inc.: 3.180E-06s @ element      50 in Part SYS\wall Est. Clock Time Remaining: 13s       
Cycle:      810, Time:  2.570E-03s, Progress:  12.85%, Time Inc.: 3.180E-06s @ element      50 in Part SYS\wall Est. Clock Time Remaining: 13s       
Cycle:      811, Time:  2.573E-03s, Progress:  12.87%, Time Inc.: 3.180E-06s @ element      50 in Part SYS\wall Est. Clock Time Remaining: 13s       
Cycle:      812, Time:  2.576E-03s, Progress:  12.88%, Time Inc.: 3.180E-06s @ element      50 in Part SYS\wall Est. Clock Time Remaining: 13s       
Cycle:      813, Time:  2.580E-03s, Progress:  12.90%, Time Inc.: 3.180E-06s @ element    1240 in Part SYS\wall Est. Clock Time Remaining: 13s       
Cycle:      814, Time:  2.583E-03s, Progress:  12.91%, Time Inc.: 3.180E-06s @ element    1118 in Part SYS\wall Est. Clock Time Remaining: 13s       
Cycle:      815, Time:  2.586E-03s, Progress:  12.93%, Time Inc.: 3.180E-06s @ element      53 in Part SYS\wall Est. Clock Time Remaining: 13s       
Cycle:      816, Time:  2.589E-03s, Progress:  12.95%, Time Inc.: 3.180E-06s @ element      53 in Part SYS\wall Est. Clock Time Remaining: 13s       
Cycle:      817, Time:  2.592E-03s, Progress:  12.96%, Time Inc.: 3.180E-06s @ element      53 in Part SYS\wall Est. Clock Time Remaining: 13s       
Cycle:      818, Time:  2.596E-03s, Progress:  12.98%, Time Inc.: 3.180E-06s @ element    1237 in Part SYS\wall Est. Clock Time Remaining: 13s       
Cycle:      819, Time:  2.599E-03s, Progress:  12.99%, Time Inc.: 3.180E-06s @ element    1237 in Part SYS\wall Est. Clock Time Remaining: 13s       
Cycle:      820, Time:  2.602E-03s, Progress:  13.01%, Time Inc.: 3.180E-06s @ element    1237 in Part SYS\wall Est. Clock Time Remaining: 13s       
Cycle:      821, Time:  2.605E-03s, Progress:  13.03%, Time Inc.: 3.180E-06s @ element    1237 in Part SYS\wall Est. Clock Time Remaining: 13s       
Cycle:      822, Time:  2.608E-03s, Progress:  13.04%, Time Inc.: 3.180E-06s @ element    1237 in Part SYS\wall Est. Clock Time Remaining: 13s       
Cycle:      823, Time:  2.611E-03s, Progress:  13.06%, Time Inc.: 3.180E-06s @ element    1237 in Part SYS\wall Est. Clock Time Remaining: 13s       
Cycle:      824, Time:  2.615E-03s, Progress:  13.07%, Time Inc.: 3.180E-06s @ element    1237 in Part SYS\wall Est. Clock Time Remaining: 13s       
Cycle:      825, Time:  2.618E-03s, Progress:  13.09%, Time Inc.: 3.180E-06s @ element    1241 in Part SYS\wall Est. Clock Time Remaining: 13s       
Cycle:      826, Time:  2.621E-03s, Progress:  13.10%, Time Inc.: 3.180E-06s @ element    1241 in Part SYS\wall Est. Clock Time Remaining: 12s       
Cycle:      827, Time:  2.624E-03s, Progress:  13.12%, Time Inc.: 3.180E-06s @ element    1241 in Part SYS\wall Est. Clock Time Remaining: 13s       
Cycle:      828, Time:  2.627E-03s, Progress:  13.14%, Time Inc.: 3.180E-06s @ element    1241 in Part SYS\wall Est. Clock Time Remaining: 13s       
Cycle:      829, Time:  2.631E-03s, Progress:  13.15%, Time Inc.: 3.180E-06s @ element      54 in Part SYS\wall Est. Clock Time Remaining: 13s       
Cycle:      830, Time:  2.634E-03s, Progress:  13.17%, Time Inc.: 3.180E-06s @ element      54 in Part SYS\wall Est. Clock Time Remaining: 13s       
Cycle:      831, Time:  2.637E-03s, Progress:  13.18%, Time Inc.: 3.180E-06s @ element      54 in Part SYS\wall Est. Clock Time Remaining: 13s       
Cycle:      832, Time:  2.640E-03s, Progress:  13.20%, Time Inc.: 3.180E-06s @ element      54 in Part SYS\wall Est. Clock Time Remaining: 13s       
Cycle:      833, Time:  2.643E-03s, Progress:  13.22%, Time Inc.: 3.180E-06s @ element    1237 in Part SYS\wall Est. Clock Time Remaining: 13s       
Cycle:      834, Time:  2.646E-03s, Progress:  13.23%, Time Inc.: 3.180E-06s @ element    1237 in Part SYS\wall Est. Clock Time Remaining: 13s       
Cycle:      835, Time:  2.650E-03s, Progress:  13.25%, Time Inc.: 3.180E-06s @ element    1237 in Part SYS\wall Est. Clock Time Remaining: 13s       
Cycle:      836, Time:  2.653E-03s, Progress:  13.26%, Time Inc.: 3.180E-06s @ element    1237 in Part SYS\wall Est. Clock Time Remaining: 13s       
Cycle:      837, Time:  2.656E-03s, Progress:  13.28%, Time Inc.: 3.180E-06s @ element    1237 in Part SYS\wall Est. Clock Time Remaining: 13s       
Cycle:      838, Time:  2.659E-03s, Progress:  13.30%, Time Inc.: 3.180E-06s @ element    1239 in Part SYS\wall Est. Clock Time Remaining: 13s       
Cycle:      839, Time:  2.662E-03s, Progress:  13.31%, Time Inc.: 3.180E-06s @ element    1239 in Part SYS\wall Est. Clock Time Remaining: 13s       
Cycle:      840, Time:  2.665E-03s, Progress:  13.33%, Time Inc.: 3.180E-06s @ element    1239 in Part SYS\wall Est. Clock Time Remaining: 13s       
Cycle:      841, Time:  2.669E-03s, Progress:  13.34%, Time Inc.: 3.180E-06s @ element    1239 in Part SYS\wall Est. Clock Time Remaining: 13s       
Cycle:      842, Time:  2.672E-03s, Progress:  13.36%, Time Inc.: 3.180E-06s @ element    1239 in Part SYS\wall Est. Clock Time Remaining: 13s       
Cycle:      843, Time:  2.675E-03s, Progress:  13.38%, Time Inc.: 3.180E-06s @ element      51 in Part SYS\wall Est. Clock Time Remaining: 12s       
Cycle:      844, Time:  2.678E-03s, Progress:  13.39%, Time Inc.: 3.180E-06s @ element      51 in Part SYS\wall Est. Clock Time Remaining: 12s       
Cycle:      845, Time:  2.681E-03s, Progress:  13.41%, Time Inc.: 3.180E-06s @ element      51 in Part SYS\wall Est. Clock Time Remaining: 12s       
Cycle:      846, Time:  2.685E-03s, Progress:  13.42%, Time Inc.: 3.180E-06s @ element      50 in Part SYS\wall Est. Clock Time Remaining: 12s       
Cycle:      847, Time:  2.688E-03s, Progress:  13.44%, Time Inc.: 3.180E-06s @ element      50 in Part SYS\wall Est. Clock Time Remaining: 12s       
Cycle:      848, Time:  2.691E-03s, Progress:  13.45%, Time Inc.: 3.180E-06s @ element      50 in Part SYS\wall Est. Clock Time Remaining: 12s       
Cycle:      849, Time:  2.694E-03s, Progress:  13.47%, Time Inc.: 3.180E-06s @ element      48 in Part SYS\wall Est. Clock Time Remaining: 12s       
Cycle:      850, Time:  2.697E-03s, Progress:  13.49%, Time Inc.: 3.180E-06s @ element      48 in Part SYS\wall Est. Clock Time Remaining: 12s       
Cycle:      851, Time:  2.700E-03s, Progress:  13.50%, Time Inc.: 3.179E-06s @ element      48 in Part SYS\wall Est. Clock Time Remaining: 12s       
Cycle:      852, Time:  2.704E-03s, Progress:  13.52%, Time Inc.: 3.179E-06s @ element      50 in Part SYS\wall Est. Clock Time Remaining: 12s       
Cycle:      853, Time:  2.707E-03s, Progress:  13.53%, Time Inc.: 3.180E-06s @ element      50 in Part SYS\wall Est. Clock Time Remaining: 12s       
Cycle:      854, Time:  2.710E-03s, Progress:  13.55%, Time Inc.: 3.180E-06s @ element      50 in Part SYS\wall Est. Clock Time Remaining: 12s       
Cycle:      855, Time:  2.713E-03s, Progress:  13.57%, Time Inc.: 3.180E-06s @ element      50 in Part SYS\wall Est. Clock Time Remaining: 12s       
Cycle:      856, Time:  2.716E-03s, Progress:  13.58%, Time Inc.: 3.179E-06s @ element    1238 in Part SYS\wall Est. Clock Time Remaining: 12s       
Cycle:      857, Time:  2.720E-03s, Progress:  13.60%, Time Inc.: 3.179E-06s @ element    1238 in Part SYS\wall Est. Clock Time Remaining: 12s       
Cycle:      858, Time:  2.723E-03s, Progress:  13.61%, Time Inc.: 3.179E-06s @ element    1238 in Part SYS\wall Est. Clock Time Remaining: 12s       
Cycle:      859, Time:  2.726E-03s, Progress:  13.63%, Time Inc.: 3.179E-06s @ element    1238 in Part SYS\wall Est. Clock Time Remaining: 12s       
Cycle:      860, Time:  2.729E-03s, Progress:  13.65%, Time Inc.: 3.179E-06s @ element    1238 in Part SYS\wall Est. Clock Time Remaining: 12s       
Cycle:      861, Time:  2.732E-03s, Progress:  13.66%, Time Inc.: 3.179E-06s @ element    1238 in Part SYS\wall Est. Clock Time Remaining: 12s       
Cycle:      862, Time:  2.735E-03s, Progress:  13.68%, Time Inc.: 3.179E-06s @ element    1238 in Part SYS\wall Est. Clock Time Remaining: 12s       
Cycle:      863, Time:  2.739E-03s, Progress:  13.69%, Time Inc.: 3.180E-06s @ element    1238 in Part SYS\wall Est. Clock Time Remaining: 12s       
Cycle:      864, Time:  2.742E-03s, Progress:  13.71%, Time Inc.: 3.180E-06s @ element    1238 in Part SYS\wall Est. Clock Time Remaining: 12s       
Cycle:      865, Time:  2.745E-03s, Progress:  13.72%, Time Inc.: 3.180E-06s @ element    1238 in Part SYS\wall Est. Clock Time Remaining: 12s       
Cycle:      866, Time:  2.748E-03s, Progress:  13.74%, Time Inc.: 3.180E-06s @ element    1238 in Part SYS\wall Est. Clock Time Remaining: 12s       
Cycle:      867, Time:  2.751E-03s, Progress:  13.76%, Time Inc.: 3.180E-06s @ element    1238 in Part SYS\wall Est. Clock Time Remaining: 12s       
Cycle:      868, Time:  2.755E-03s, Progress:  13.77%, Time Inc.: 3.180E-06s @ element    1238 in Part SYS\wall Est. Clock Time Remaining: 12s       
Cycle:      869, Time:  2.758E-03s, Progress:  13.79%, Time Inc.: 3.180E-06s @ element      48 in Part SYS\wall Est. Clock Time Remaining: 12s       
Cycle:      870, Time:  2.761E-03s, Progress:  13.80%, Time Inc.: 3.180E-06s @ element      48 in Part SYS\wall Est. Clock Time Remaining: 12s       
Cycle:      871, Time:  2.764E-03s, Progress:  13.82%, Time Inc.: 3.180E-06s @ element      48 in Part SYS\wall Est. Clock Time Remaining: 12s       
Cycle:      872, Time:  2.767E-03s, Progress:  13.84%, Time Inc.: 3.180E-06s @ element      48 in Part SYS\wall Est. Clock Time Remaining: 12s       
Cycle:      873, Time:  2.770E-03s, Progress:  13.85%, Time Inc.: 3.180E-06s @ element      48 in Part SYS\wall Est. Clock Time Remaining: 12s       
Cycle:      874, Time:  2.774E-03s, Progress:  13.87%, Time Inc.: 3.180E-06s @ element      48 in Part SYS\wall Est. Clock Time Remaining: 12s       
Cycle:      875, Time:  2.777E-03s, Progress:  13.88%, Time Inc.: 3.180E-06s @ element      48 in Part SYS\wall Est. Clock Time Remaining: 12s       
Cycle:      876, Time:  2.780E-03s, Progress:  13.90%, Time Inc.: 3.180E-06s @ element      48 in Part SYS\wall Est. Clock Time Remaining: 12s       
Cycle:      877, Time:  2.783E-03s, Progress:  13.92%, Time Inc.: 3.180E-06s @ element    1238 in Part SYS\wall Est. Clock Time Remaining: 12s       
Cycle:      878, Time:  2.786E-03s, Progress:  13.93%, Time Inc.: 3.180E-06s @ element    1238 in Part SYS\wall Est. Clock Time Remaining: 12s       
Cycle:      879, Time:  2.789E-03s, Progress:  13.95%, Time Inc.: 3.180E-06s @ element    1238 in Part SYS\wall Est. Clock Time Remaining: 12s       
Cycle:      880, Time:  2.793E-03s, Progress:  13.96%, Time Inc.: 3.180E-06s @ element      48 in Part SYS\wall Est. Clock Time Remaining: 12s       
Cycle:      881, Time:  2.796E-03s, Progress:  13.98%, Time Inc.: 3.180E-06s @ element      48 in Part SYS\wall Est. Clock Time Remaining: 12s       
Cycle:      882, Time:  2.799E-03s, Progress:  14.00%, Time Inc.: 3.180E-06s @ element      48 in Part SYS\wall Est. Clock Time Remaining: 12s       
Cycle:      883, Time:  2.802E-03s, Progress:  14.01%, Time Inc.: 3.180E-06s @ element      48 in Part SYS\wall Est. Clock Time Remaining: 12s       
Cycle:      884, Time:  2.805E-03s, Progress:  14.03%, Time Inc.: 3.180E-06s @ element      48 in Part SYS\wall Est. Clock Time Remaining: 12s       
Cycle:      885, Time:  2.809E-03s, Progress:  14.04%, Time Inc.: 3.180E-06s @ element      50 in Part SYS\wall Est. Clock Time Remaining: 12s       
Cycle:      886, Time:  2.812E-03s, Progress:  14.06%, Time Inc.: 3.180E-06s @ element    1126 in Part SYS\wall Est. Clock Time Remaining: 12s       
Cycle:      887, Time:  2.815E-03s, Progress:  14.07%, Time Inc.: 3.180E-06s @ element     255 in Part SYS\wall Est. Clock Time Remaining: 12s       
Cycle:      888, Time:  2.818E-03s, Progress:  14.09%, Time Inc.: 3.180E-06s @ element     255 in Part SYS\wall Est. Clock Time Remaining: 12s       
Cycle:      889, Time:  2.821E-03s, Progress:  14.11%, Time Inc.: 3.180E-06s @ element     255 in Part SYS\wall Est. Clock Time Remaining: 12s       
Cycle:      890, Time:  2.824E-03s, Progress:  14.12%, Time Inc.: 3.180E-06s @ element     255 in Part SYS\wall Est. Clock Time Remaining: 12s       
Cycle:      891, Time:  2.828E-03s, Progress:  14.14%, Time Inc.: 3.180E-06s @ element     255 in Part SYS\wall Est. Clock Time Remaining: 12s       
Cycle:      892, Time:  2.831E-03s, Progress:  14.15%, Time Inc.: 3.180E-06s @ element     255 in Part SYS\wall Est. Clock Time Remaining: 12s       
Cycle:      893, Time:  2.834E-03s, Progress:  14.17%, Time Inc.: 3.180E-06s @ element     255 in Part SYS\wall Est. Clock Time Remaining: 12s       
Cycle:      894, Time:  2.837E-03s, Progress:  14.19%, Time Inc.: 3.180E-06s @ element     327 in Part SYS\wall Est. Clock Time Remaining: 12s       
Cycle:      895, Time:  2.840E-03s, Progress:  14.20%, Time Inc.: 3.180E-06s @ element     327 in Part SYS\wall Est. Clock Time Remaining: 12s       
Cycle:      896, Time:  2.844E-03s, Progress:  14.22%, Time Inc.: 3.180E-06s @ element     327 in Part SYS\wall Est. Clock Time Remaining: 12s       
Cycle:      897, Time:  2.847E-03s, Progress:  14.23%, Time Inc.: 3.180E-06s @ element     327 in Part SYS\wall Est. Clock Time Remaining: 12s       
Cycle:      898, Time:  2.850E-03s, Progress:  14.25%, Time Inc.: 3.180E-06s @ element     327 in Part SYS\wall Est. Clock Time Remaining: 12s       
Cycle:      899, Time:  2.853E-03s, Progress:  14.27%, Time Inc.: 3.180E-06s @ element     327 in Part SYS\wall Est. Clock Time Remaining: 12s       
Cycle:      900, Time:  2.856E-03s, Progress:  14.28%, Time Inc.: 3.180E-06s @ element     327 in Part SYS\wall Est. Clock Time Remaining: 12s       
Cycle:      901, Time:  2.859E-03s, Progress:  14.30%, Time Inc.: 3.180E-06s @ element     327 in Part SYS\wall Est. Clock Time Remaining: 12s       
Cycle:      902, Time:  2.863E-03s, Progress:  14.31%, Time Inc.: 3.180E-06s @ element     327 in Part SYS\wall Est. Clock Time Remaining: 12s       
Cycle:      903, Time:  2.866E-03s, Progress:  14.33%, Time Inc.: 3.180E-06s @ element     327 in Part SYS\wall Est. Clock Time Remaining: 12s       
Cycle:      904, Time:  2.869E-03s, Progress:  14.34%, Time Inc.: 3.180E-06s @ element     327 in Part SYS\wall Est. Clock Time Remaining: 12s       
Cycle:      905, Time:  2.872E-03s, Progress:  14.36%, Time Inc.: 3.180E-06s @ element     327 in Part SYS\wall Est. Clock Time Remaining: 12s       
Cycle:      906, Time:  2.875E-03s, Progress:  14.38%, Time Inc.: 3.180E-06s @ element     327 in Part SYS\wall Est. Clock Time Remaining: 12s       
Cycle:      907, Time:  2.879E-03s, Progress:  14.39%, Time Inc.: 3.180E-06s @ element     327 in Part SYS\wall Est. Clock Time Remaining: 12s       
Cycle:      908, Time:  2.882E-03s, Progress:  14.41%, Time Inc.: 3.180E-06s @ element     327 in Part SYS\wall Est. Clock Time Remaining: 12s       
Cycle:      909, Time:  2.885E-03s, Progress:  14.42%, Time Inc.: 3.180E-06s @ element     327 in Part SYS\wall Est. Clock Time Remaining: 12s       
Cycle:      910, Time:  2.888E-03s, Progress:  14.44%, Time Inc.: 3.180E-06s @ element     327 in Part SYS\wall Est. Clock Time Remaining: 12s       
Cycle:      911, Time:  2.891E-03s, Progress:  14.46%, Time Inc.: 3.180E-06s @ element     255 in Part SYS\wall Est. Clock Time Remaining: 12s       
Cycle:      912, Time:  2.894E-03s, Progress:  14.47%, Time Inc.: 3.180E-06s @ element     255 in Part SYS\wall Est. Clock Time Remaining: 12s       
Cycle:      913, Time:  2.898E-03s, Progress:  14.49%, Time Inc.: 3.180E-06s @ element     255 in Part SYS\wall Est. Clock Time Remaining: 12s       
Cycle:      914, Time:  2.901E-03s, Progress:  14.50%, Time Inc.: 3.180E-06s @ element     255 in Part SYS\wall Est. Clock Time Remaining: 12s       
Cycle:      915, Time:  2.904E-03s, Progress:  14.52%, Time Inc.: 3.180E-06s @ element     328 in Part SYS\wall Est. Clock Time Remaining: 12s       
Cycle:      916, Time:  2.907E-03s, Progress:  14.54%, Time Inc.: 3.180E-06s @ element     328 in Part SYS\wall Est. Clock Time Remaining: 12s       
Cycle:      917, Time:  2.910E-03s, Progress:  14.55%, Time Inc.: 3.180E-06s @ element     328 in Part SYS\wall Est. Clock Time Remaining: 12s       
Cycle:      918, Time:  2.914E-03s, Progress:  14.57%, Time Inc.: 3.180E-06s @ element     904 in Part SYS\wall Est. Clock Time Remaining: 12s       
Cycle:      919, Time:  2.917E-03s, Progress:  14.58%, Time Inc.: 3.180E-06s @ element     904 in Part SYS\wall Est. Clock Time Remaining: 12s       
Cycle:      920, Time:  2.920E-03s, Progress:  14.60%, Time Inc.: 3.180E-06s @ element     366 in Part SYS\wall Est. Clock Time Remaining: 12s       
Cycle:      921, Time:  2.923E-03s, Progress:  14.62%, Time Inc.: 3.180E-06s @ element     366 in Part SYS\wall Est. Clock Time Remaining: 12s       
Cycle:      922, Time:  2.926E-03s, Progress:  14.63%, Time Inc.: 3.180E-06s @ element     327 in Part SYS\wall Est. Clock Time Remaining: 12s       
Cycle:      923, Time:  2.929E-03s, Progress:  14.65%, Time Inc.: 3.180E-06s @ element     327 in Part SYS\wall Est. Clock Time Remaining: 12s       
Cycle:      924, Time:  2.933E-03s, Progress:  14.66%, Time Inc.: 3.180E-06s @ element     327 in Part SYS\wall Est. Clock Time Remaining: 12s       
Cycle:      925, Time:  2.936E-03s, Progress:  14.68%, Time Inc.: 3.180E-06s @ element     327 in Part SYS\wall Est. Clock Time Remaining: 12s       
Cycle:      926, Time:  2.939E-03s, Progress:  14.69%, Time Inc.: 3.180E-06s @ element     327 in Part SYS\wall Est. Clock Time Remaining: 12s       
Cycle:      927, Time:  2.942E-03s, Progress:  14.71%, Time Inc.: 3.180E-06s @ element     327 in Part SYS\wall Est. Clock Time Remaining: 12s       
Cycle:      928, Time:  2.945E-03s, Progress:  14.73%, Time Inc.: 3.180E-06s @ element     327 in Part SYS\wall Est. Clock Time Remaining: 12s       
Cycle:      929, Time:  2.948E-03s, Progress:  14.74%, Time Inc.: 3.180E-06s @ element     327 in Part SYS\wall Est. Clock Time Remaining: 12s       
Cycle:      930, Time:  2.952E-03s, Progress:  14.76%, Time Inc.: 3.180E-06s @ element     327 in Part SYS\wall Est. Clock Time Remaining: 12s       
Cycle:      931, Time:  2.955E-03s, Progress:  14.77%, Time Inc.: 3.180E-06s @ element     327 in Part SYS\wall Est. Clock Time Remaining: 12s       
Cycle:      932, Time:  2.958E-03s, Progress:  14.79%, Time Inc.: 3.180E-06s @ element     327 in Part SYS\wall Est. Clock Time Remaining: 12s       
Cycle:      933, Time:  2.961E-03s, Progress:  14.81%, Time Inc.: 3.180E-06s @ element     327 in Part SYS\wall Est. Clock Time Remaining: 12s       
Cycle:      934, Time:  2.964E-03s, Progress:  14.82%, Time Inc.: 3.180E-06s @ element     332 in Part SYS\wall Est. Clock Time Remaining: 12s       
Cycle:      935, Time:  2.968E-03s, Progress:  14.84%, Time Inc.: 3.180E-06s @ element     332 in Part SYS\wall Est. Clock Time Remaining: 12s       
Cycle:      936, Time:  2.971E-03s, Progress:  14.85%, Time Inc.: 3.180E-06s @ element     982 in Part SYS\wall Est. Clock Time Remaining: 12s       
Cycle:      937, Time:  2.974E-03s, Progress:  14.87%, Time Inc.: 3.180E-06s @ element     982 in Part SYS\wall Est. Clock Time Remaining: 12s       
Cycle:      938, Time:  2.977E-03s, Progress:  14.89%, Time Inc.: 3.180E-06s @ element     982 in Part SYS\wall Est. Clock Time Remaining: 12s       
Cycle:      939, Time:  2.980E-03s, Progress:  14.90%, Time Inc.: 3.180E-06s @ element     982 in Part SYS\wall Est. Clock Time Remaining: 12s       
Cycle:      940, Time:  2.983E-03s, Progress:  14.92%, Time Inc.: 3.180E-06s @ element     982 in Part SYS\wall Est. Clock Time Remaining: 12s       
Cycle:      941, Time:  2.987E-03s, Progress:  14.93%, Time Inc.: 3.180E-06s @ element     298 in Part SYS\wall Est. Clock Time Remaining: 12s       
Cycle:      942, Time:  2.990E-03s, Progress:  14.95%, Time Inc.: 3.180E-06s @ element     298 in Part SYS\wall Est. Clock Time Remaining: 12s       
Cycle:      943, Time:  2.993E-03s, Progress:  14.96%, Time Inc.: 3.180E-06s @ element     298 in Part SYS\wall Est. Clock Time Remaining: 12s       
Cycle:      944, Time:  2.996E-03s, Progress:  14.98%, Time Inc.: 3.180E-06s @ element     298 in Part SYS\wall Est. Clock Time Remaining: 12s       
Cycle:      945, Time:  2.999E-03s, Progress:  15.00%, Time Inc.: 3.180E-06s @ element     298 in Part SYS\wall Est. Clock Time Remaining: 12s       
Cycle:      946, Time:  3.003E-03s, Progress:  15.01%, Time Inc.: 3.180E-06s @ element     298 in Part SYS\wall Est. Clock Time Remaining: 12s       
Cycle:      947, Time:  3.006E-03s, Progress:  15.03%, Time Inc.: 3.180E-06s @ element     910 in Part SYS\wall Est. Clock Time Remaining: 13s       
Cycle:      948, Time:  3.009E-03s, Progress:  15.04%, Time Inc.: 3.180E-06s @ element     910 in Part SYS\wall Est. Clock Time Remaining: 13s       
Cycle:      949, Time:  3.012E-03s, Progress:  15.06%, Time Inc.: 3.180E-06s @ element     910 in Part SYS\wall Est. Clock Time Remaining: 13s       
Cycle:      950, Time:  3.015E-03s, Progress:  15.08%, Time Inc.: 3.180E-06s @ element     910 in Part SYS\wall Est. Clock Time Remaining: 13s       
Cycle:      951, Time:  3.018E-03s, Progress:  15.09%, Time Inc.: 3.180E-06s @ element     910 in Part SYS\wall Est. Clock Time Remaining: 13s       
Cycle:      952, Time:  3.022E-03s, Progress:  15.11%, Time Inc.: 3.180E-06s @ element     914 in Part SYS\wall Est. Clock Time Remaining: 13s       
Cycle:      953, Time:  3.025E-03s, Progress:  15.12%, Time Inc.: 3.180E-06s @ element     914 in Part SYS\wall Est. Clock Time Remaining: 13s       
Cycle:      954, Time:  3.028E-03s, Progress:  15.14%, Time Inc.: 3.180E-06s @ element     914 in Part SYS\wall Est. Clock Time Remaining: 13s       
Cycle:      955, Time:  3.031E-03s, Progress:  15.16%, Time Inc.: 3.180E-06s @ element     876 in Part SYS\wall Est. Clock Time Remaining: 13s       
Cycle:      956, Time:  3.034E-03s, Progress:  15.17%, Time Inc.: 3.180E-06s @ element     876 in Part SYS\wall Est. Clock Time Remaining: 13s       
Cycle:      957, Time:  3.038E-03s, Progress:  15.19%, Time Inc.: 3.180E-06s @ element     852 in Part SYS\wall Est. Clock Time Remaining: 13s       
Cycle:      958, Time:  3.041E-03s, Progress:  15.20%, Time Inc.: 3.180E-06s @ element     852 in Part SYS\wall Est. Clock Time Remaining: 13s       
Cycle:      959, Time:  3.044E-03s, Progress:  15.22%, Time Inc.: 3.180E-06s @ element     852 in Part SYS\wall Est. Clock Time Remaining: 13s       
Cycle:      960, Time:  3.047E-03s, Progress:  15.24%, Time Inc.: 3.180E-06s @ element     852 in Part SYS\wall Est. Clock Time Remaining: 13s       
Cycle:      961, Time:  3.050E-03s, Progress:  15.25%, Time Inc.: 3.180E-06s @ element     852 in Part SYS\wall Est. Clock Time Remaining: 13s       
Cycle:      962, Time:  3.053E-03s, Progress:  15.27%, Time Inc.: 3.180E-06s @ element     852 in Part SYS\wall Est. Clock Time Remaining: 13s       
Cycle:      963, Time:  3.057E-03s, Progress:  15.28%, Time Inc.: 3.180E-06s @ element     850 in Part SYS\wall Est. Clock Time Remaining: 13s       
Cycle:      964, Time:  3.060E-03s, Progress:  15.30%, Time Inc.: 3.180E-06s @ element     850 in Part SYS\wall Est. Clock Time Remaining: 13s       
Cycle:      965, Time:  3.063E-03s, Progress:  15.31%, Time Inc.: 3.180E-06s @ element     850 in Part SYS\wall Est. Clock Time Remaining: 13s       
Cycle:      966, Time:  3.066E-03s, Progress:  15.33%, Time Inc.: 3.180E-06s @ element     850 in Part SYS\wall Est. Clock Time Remaining: 13s       
Cycle:      967, Time:  3.069E-03s, Progress:  15.35%, Time Inc.: 3.180E-06s @ element     854 in Part SYS\wall Est. Clock Time Remaining: 13s       
Cycle:      968, Time:  3.072E-03s, Progress:  15.36%, Time Inc.: 3.180E-06s @ element     854 in Part SYS\wall Est. Clock Time Remaining: 13s       
Cycle:      969, Time:  3.076E-03s, Progress:  15.38%, Time Inc.: 3.180E-06s @ element     854 in Part SYS\wall Est. Clock Time Remaining: 13s       
Cycle:      970, Time:  3.079E-03s, Progress:  15.39%, Time Inc.: 3.180E-06s @ element     852 in Part SYS\wall Est. Clock Time Remaining: 13s       
Cycle:      971, Time:  3.082E-03s, Progress:  15.41%, Time Inc.: 3.180E-06s @ element     852 in Part SYS\wall Est. Clock Time Remaining: 13s       
Cycle:      972, Time:  3.085E-03s, Progress:  15.43%, Time Inc.: 3.180E-06s @ element     854 in Part SYS\wall Est. Clock Time Remaining: 13s       
Cycle:      973, Time:  3.088E-03s, Progress:  15.44%, Time Inc.: 3.180E-06s @ element     854 in Part SYS\wall Est. Clock Time Remaining: 13s       
Cycle:      974, Time:  3.092E-03s, Progress:  15.46%, Time Inc.: 3.180E-06s @ element     854 in Part SYS\wall Est. Clock Time Remaining: 13s       
Cycle:      975, Time:  3.095E-03s, Progress:  15.47%, Time Inc.: 3.180E-06s @ element     466 in Part SYS\wall Est. Clock Time Remaining: 13s       
Cycle:      976, Time:  3.098E-03s, Progress:  15.49%, Time Inc.: 3.180E-06s @ element     466 in Part SYS\wall Est. Clock Time Remaining: 13s       
Cycle:      977, Time:  3.101E-03s, Progress:  15.51%, Time Inc.: 3.180E-06s @ element     466 in Part SYS\wall Est. Clock Time Remaining: 13s       
Cycle:      978, Time:  3.104E-03s, Progress:  15.52%, Time Inc.: 3.180E-06s @ element     462 in Part SYS\wall Est. Clock Time Remaining: 13s       
Cycle:      979, Time:  3.107E-03s, Progress:  15.54%, Time Inc.: 3.180E-06s @ element     462 in Part SYS\wall Est. Clock Time Remaining: 13s       
Cycle:      980, Time:  3.111E-03s, Progress:  15.55%, Time Inc.: 3.180E-06s @ element     462 in Part SYS\wall Est. Clock Time Remaining: 13s       
Cycle:      981, Time:  3.114E-03s, Progress:  15.57%, Time Inc.: 3.180E-06s @ element     462 in Part SYS\wall Est. Clock Time Remaining: 13s       
Cycle:      982, Time:  3.117E-03s, Progress:  15.59%, Time Inc.: 3.180E-06s @ element     462 in Part SYS\wall Est. Clock Time Remaining: 13s       
Cycle:      983, Time:  3.120E-03s, Progress:  15.60%, Time Inc.: 3.180E-06s @ element     462 in Part SYS\wall Est. Clock Time Remaining: 13s       
Cycle:      984, Time:  3.123E-03s, Progress:  15.62%, Time Inc.: 3.180E-06s @ element     462 in Part SYS\wall Est. Clock Time Remaining: 13s       
Cycle:      985, Time:  3.127E-03s, Progress:  15.63%, Time Inc.: 3.180E-06s @ element     462 in Part SYS\wall Est. Clock Time Remaining: 13s       
Cycle:      986, Time:  3.130E-03s, Progress:  15.65%, Time Inc.: 3.180E-06s @ element     462 in Part SYS\wall Est. Clock Time Remaining: 13s       
Cycle:      987, Time:  3.133E-03s, Progress:  15.66%, Time Inc.: 3.180E-06s @ element     462 in Part SYS\wall Est. Clock Time Remaining: 13s       
Cycle:      988, Time:  3.136E-03s, Progress:  15.68%, Time Inc.: 3.180E-06s @ element     466 in Part SYS\wall Est. Clock Time Remaining: 13s       
Cycle:      989, Time:  3.139E-03s, Progress:  15.70%, Time Inc.: 3.180E-06s @ element     466 in Part SYS\wall Est. Clock Time Remaining: 13s       
Cycle:      990, Time:  3.142E-03s, Progress:  15.71%, Time Inc.: 3.180E-06s @ element     466 in Part SYS\wall Est. Clock Time Remaining: 13s       
Cycle:      991, Time:  3.146E-03s, Progress:  15.73%, Time Inc.: 3.180E-06s @ element     466 in Part SYS\wall Est. Clock Time Remaining: 13s       
Cycle:      992, Time:  3.149E-03s, Progress:  15.74%, Time Inc.: 3.180E-06s @ element     466 in Part SYS\wall Est. Clock Time Remaining: 13s       
Cycle:      993, Time:  3.152E-03s, Progress:  15.76%, Time Inc.: 3.180E-06s @ element     466 in Part SYS\wall Est. Clock Time Remaining: 13s       
Cycle:      994, Time:  3.155E-03s, Progress:  15.78%, Time Inc.: 3.180E-06s @ element     462 in Part SYS\wall Est. Clock Time Remaining: 13s       
Cycle:      995, Time:  3.158E-03s, Progress:  15.79%, Time Inc.: 3.180E-06s @ element     462 in Part SYS\wall Est. Clock Time Remaining: 13s       
Cycle:      996, Time:  3.162E-03s, Progress:  15.81%, Time Inc.: 3.180E-06s @ element     462 in Part SYS\wall Est. Clock Time Remaining: 13s       
Cycle:      997, Time:  3.165E-03s, Progress:  15.82%, Time Inc.: 3.180E-06s @ element     858 in Part SYS\wall Est. Clock Time Remaining: 13s       
Cycle:      998, Time:  3.168E-03s, Progress:  15.84%, Time Inc.: 3.180E-06s @ element     858 in Part SYS\wall Est. Clock Time Remaining: 13s       
Cycle:      999, Time:  3.171E-03s, Progress:  15.86%, Time Inc.: 3.180E-06s @ element     858 in Part SYS\wall Est. Clock Time Remaining: 13s       
Cycle:     1000, Time:  3.174E-03s, Progress:  15.87%, Time Inc.: 3.180E-06s @ element     858 in Part SYS\wall Est. Clock Time Remaining: 13s       
Cycle:     1001, Time:  3.177E-03s, Progress:  15.89%, Time Inc.: 3.180E-06s @ element     858 in Part SYS\wall Est. Clock Time Remaining: 13s       
Cycle:     1002, Time:  3.181E-03s, Progress:  15.90%, Time Inc.: 3.180E-06s @ element     858 in Part SYS\wall Est. Clock Time Remaining: 13s       
Cycle:     1003, Time:  3.184E-03s, Progress:  15.92%, Time Inc.: 3.180E-06s @ element     858 in Part SYS\wall Est. Clock Time Remaining: 13s       
Cycle:     1004, Time:  3.187E-03s, Progress:  15.93%, Time Inc.: 3.180E-06s @ element     858 in Part SYS\wall Est. Clock Time Remaining: 13s       
Cycle:     1005, Time:  3.190E-03s, Progress:  15.95%, Time Inc.: 3.180E-06s @ element     858 in Part SYS\wall Est. Clock Time Remaining: 13s       
Cycle:     1006, Time:  3.193E-03s, Progress:  15.97%, Time Inc.: 3.180E-06s @ element     858 in Part SYS\wall Est. Clock Time Remaining: 13s       
Cycle:     1007, Time:  3.197E-03s, Progress:  15.98%, Time Inc.: 3.180E-06s @ element     858 in Part SYS\wall Est. Clock Time Remaining: 13s       
Cycle:     1008, Time:  3.200E-03s, Progress:  16.00%, Time Inc.: 3.180E-06s @ element     858 in Part SYS\wall Est. Clock Time Remaining: 13s       
Cycle:     1009, Time:  3.203E-03s, Progress:  16.01%, Time Inc.: 3.180E-06s @ element     858 in Part SYS\wall Est. Clock Time Remaining: 13s       
Cycle:     1010, Time:  3.206E-03s, Progress:  16.03%, Time Inc.: 3.180E-06s @ element     858 in Part SYS\wall Est. Clock Time Remaining: 13s       
Cycle:     1011, Time:  3.209E-03s, Progress:  16.05%, Time Inc.: 3.180E-06s @ element     856 in Part SYS\wall Est. Clock Time Remaining: 13s       
Cycle:     1012, Time:  3.212E-03s, Progress:  16.06%, Time Inc.: 3.180E-06s @ element     856 in Part SYS\wall Est. Clock Time Remaining: 13s       
Cycle:     1013, Time:  3.216E-03s, Progress:  16.08%, Time Inc.: 3.180E-06s @ element     856 in Part SYS\wall Est. Clock Time Remaining: 13s       
Cycle:     1014, Time:  3.219E-03s, Progress:  16.09%, Time Inc.: 3.180E-06s @ element     858 in Part SYS\wall Est. Clock Time Remaining: 13s       
Cycle:     1015, Time:  3.222E-03s, Progress:  16.11%, Time Inc.: 3.180E-06s @ element     462 in Part SYS\wall Est. Clock Time Remaining: 13s       
Cycle:     1016, Time:  3.225E-03s, Progress:  16.13%, Time Inc.: 3.180E-06s @ element     462 in Part SYS\wall Est. Clock Time Remaining: 13s       
Cycle:     1017, Time:  3.228E-03s, Progress:  16.14%, Time Inc.: 3.180E-06s @ element     462 in Part SYS\wall Est. Clock Time Remaining: 13s       
Cycle:     1018, Time:  3.231E-03s, Progress:  16.16%, Time Inc.: 3.180E-06s @ element     462 in Part SYS\wall Est. Clock Time Remaining: 13s       
Cycle:     1019, Time:  3.235E-03s, Progress:  16.17%, Time Inc.: 3.180E-06s @ element     462 in Part SYS\wall Est. Clock Time Remaining: 13s       
Cycle:     1020, Time:  3.238E-03s, Progress:  16.19%, Time Inc.: 3.180E-06s @ element     462 in Part SYS\wall Est. Clock Time Remaining: 13s       
Cycle:     1021, Time:  3.241E-03s, Progress:  16.21%, Time Inc.: 3.180E-06s @ element     462 in Part SYS\wall Est. Clock Time Remaining: 13s       
Cycle:     1022, Time:  3.244E-03s, Progress:  16.22%, Time Inc.: 3.180E-06s @ element     462 in Part SYS\wall Est. Clock Time Remaining: 13s       
Cycle:     1023, Time:  3.247E-03s, Progress:  16.24%, Time Inc.: 3.180E-06s @ element     897 in Part SYS\wall Est. Clock Time Remaining: 13s       
Cycle:     1024, Time:  3.251E-03s, Progress:  16.25%, Time Inc.: 3.180E-06s @ element     897 in Part SYS\wall Est. Clock Time Remaining: 13s       
Cycle:     1025, Time:  3.254E-03s, Progress:  16.27%, Time Inc.: 3.180E-06s @ element     897 in Part SYS\wall Est. Clock Time Remaining: 13s       
Cycle:     1026, Time:  3.257E-03s, Progress:  16.28%, Time Inc.: 3.180E-06s @ element     897 in Part SYS\wall Est. Clock Time Remaining: 13s       
Cycle:     1027, Time:  3.260E-03s, Progress:  16.30%, Time Inc.: 3.180E-06s @ element     897 in Part SYS\wall Est. Clock Time Remaining: 13s       
Cycle:     1028, Time:  3.263E-03s, Progress:  16.32%, Time Inc.: 3.180E-06s @ element     897 in Part SYS\wall Est. Clock Time Remaining: 13s       
Cycle:     1029, Time:  3.266E-03s, Progress:  16.33%, Time Inc.: 3.180E-06s @ element     897 in Part SYS\wall Est. Clock Time Remaining: 13s       
Cycle:     1030, Time:  3.270E-03s, Progress:  16.35%, Time Inc.: 3.180E-06s @ element     897 in Part SYS\wall Est. Clock Time Remaining: 13s       
Cycle:     1031, Time:  3.273E-03s, Progress:  16.36%, Time Inc.: 3.180E-06s @ element     897 in Part SYS\wall Est. Clock Time Remaining: 13s       
Cycle:     1032, Time:  3.276E-03s, Progress:  16.38%, Time Inc.: 3.180E-06s @ element     393 in Part SYS\wall Est. Clock Time Remaining: 13s       
Cycle:     1033, Time:  3.279E-03s, Progress:  16.40%, Time Inc.: 3.180E-06s @ element     393 in Part SYS\wall Est. Clock Time Remaining: 13s       
Cycle:     1034, Time:  3.282E-03s, Progress:  16.41%, Time Inc.: 3.180E-06s @ element     393 in Part SYS\wall Est. Clock Time Remaining: 13s       
Cycle:     1035, Time:  3.286E-03s, Progress:  16.43%, Time Inc.: 3.180E-06s @ element     393 in Part SYS\wall Est. Clock Time Remaining: 13s       
Cycle:     1036, Time:  3.289E-03s, Progress:  16.44%, Time Inc.: 3.180E-06s @ element     393 in Part SYS\wall Est. Clock Time Remaining: 13s       
Cycle:     1037, Time:  3.292E-03s, Progress:  16.46%, Time Inc.: 3.180E-06s @ element     393 in Part SYS\wall Est. Clock Time Remaining: 13s       
Cycle:     1038, Time:  3.295E-03s, Progress:  16.48%, Time Inc.: 3.180E-06s @ element     393 in Part SYS\wall Est. Clock Time Remaining: 13s       
Cycle:     1039, Time:  3.298E-03s, Progress:  16.49%, Time Inc.: 3.180E-06s @ element     969 in Part SYS\wall Est. Clock Time Remaining: 13s       
Cycle:     1040, Time:  3.301E-03s, Progress:  16.51%, Time Inc.: 3.180E-06s @ element     969 in Part SYS\wall Est. Clock Time Remaining: 13s       
Cycle:     1041, Time:  3.305E-03s, Progress:  16.52%, Time Inc.: 3.180E-06s @ element     969 in Part SYS\wall Est. Clock Time Remaining: 13s       
Cycle:     1042, Time:  3.308E-03s, Progress:  16.54%, Time Inc.: 3.180E-06s @ element     969 in Part SYS\wall Est. Clock Time Remaining: 13s       
Cycle:     1043, Time:  3.311E-03s, Progress:  16.55%, Time Inc.: 3.180E-06s @ element     969 in Part SYS\wall Est. Clock Time Remaining: 13s       
Cycle:     1044, Time:  3.314E-03s, Progress:  16.57%, Time Inc.: 3.180E-06s @ element     969 in Part SYS\wall Est. Clock Time Remaining: 13s       
Cycle:     1045, Time:  3.317E-03s, Progress:  16.59%, Time Inc.: 3.180E-06s @ element    1041 in Part SYS\wall Est. Clock Time Remaining: 13s       
Cycle:     1046, Time:  3.321E-03s, Progress:  16.60%, Time Inc.: 3.180E-06s @ element    1041 in Part SYS\wall Est. Clock Time Remaining: 13s       
Cycle:     1047, Time:  3.324E-03s, Progress:  16.62%, Time Inc.: 3.180E-06s @ element    1041 in Part SYS\wall Est. Clock Time Remaining: 13s       
Cycle:     1048, Time:  3.327E-03s, Progress:  16.63%, Time Inc.: 3.180E-06s @ element    1041 in Part SYS\wall Est. Clock Time Remaining: 13s       
Cycle:     1049, Time:  3.330E-03s, Progress:  16.65%, Time Inc.: 3.180E-06s @ element    1041 in Part SYS\wall Est. Clock Time Remaining: 13s       
Cycle:     1050, Time:  3.333E-03s, Progress:  16.67%, Time Inc.: 3.180E-06s @ element    1041 in Part SYS\wall Est. Clock Time Remaining: 13s       
Cycle:     1051, Time:  3.336E-03s, Progress:  16.68%, Time Inc.: 3.180E-06s @ element    1041 in Part SYS\wall Est. Clock Time Remaining: 13s       
Cycle:     1052, Time:  3.340E-03s, Progress:  16.70%, Time Inc.: 3.180E-06s @ element    1041 in Part SYS\wall Est. Clock Time Remaining: 13s       
Cycle:     1053, Time:  3.343E-03s, Progress:  16.71%, Time Inc.: 3.180E-06s @ element    1041 in Part SYS\wall Est. Clock Time Remaining: 13s       
Cycle:     1054, Time:  3.346E-03s, Progress:  16.73%, Time Inc.: 3.180E-06s @ element    1077 in Part SYS\wall Est. Clock Time Remaining: 13s       
Cycle:     1055, Time:  3.349E-03s, Progress:  16.75%, Time Inc.: 3.180E-06s @ element    1077 in Part SYS\wall Est. Clock Time Remaining: 13s       
Cycle:     1056, Time:  3.352E-03s, Progress:  16.76%, Time Inc.: 3.180E-06s @ element    1077 in Part SYS\wall Est. Clock Time Remaining: 13s       
Cycle:     1057, Time:  3.356E-03s, Progress:  16.78%, Time Inc.: 3.180E-06s @ element    1077 in Part SYS\wall Est. Clock Time Remaining: 13s       
Cycle:     1058, Time:  3.359E-03s, Progress:  16.79%, Time Inc.: 3.180E-06s @ element    1077 in Part SYS\wall Est. Clock Time Remaining: 13s       
Cycle:     1059, Time:  3.362E-03s, Progress:  16.81%, Time Inc.: 3.180E-06s @ element    1077 in Part SYS\wall Est. Clock Time Remaining: 13s       
Cycle:     1060, Time:  3.365E-03s, Progress:  16.83%, Time Inc.: 3.180E-06s @ element     249 in Part SYS\wall Est. Clock Time Remaining: 13s       
Cycle:     1061, Time:  3.368E-03s, Progress:  16.84%, Time Inc.: 3.180E-06s @ element     249 in Part SYS\wall Est. Clock Time Remaining: 13s       
Cycle:     1062, Time:  3.371E-03s, Progress:  16.86%, Time Inc.: 3.180E-06s @ element     249 in Part SYS\wall Est. Clock Time Remaining: 13s       
Cycle:     1063, Time:  3.375E-03s, Progress:  16.87%, Time Inc.: 3.180E-06s @ element     249 in Part SYS\wall Est. Clock Time Remaining: 13s       
Cycle:     1064, Time:  3.378E-03s, Progress:  16.89%, Time Inc.: 3.180E-06s @ element     249 in Part SYS\wall Est. Clock Time Remaining: 13s       
Cycle:     1065, Time:  3.381E-03s, Progress:  16.90%, Time Inc.: 3.180E-06s @ element     249 in Part SYS\wall Est. Clock Time Remaining: 13s       
Cycle:     1066, Time:  3.384E-03s, Progress:  16.92%, Time Inc.: 3.180E-06s @ element     249 in Part SYS\wall Est. Clock Time Remaining: 13s       
Cycle:     1067, Time:  3.387E-03s, Progress:  16.94%, Time Inc.: 3.180E-06s @ element     249 in Part SYS\wall Est. Clock Time Remaining: 13s       
Cycle:     1068, Time:  3.390E-03s, Progress:  16.95%, Time Inc.: 3.180E-06s @ element     249 in Part SYS\wall Est. Clock Time Remaining: 13s       
Cycle:     1069, Time:  3.394E-03s, Progress:  16.97%, Time Inc.: 3.180E-06s @ element     249 in Part SYS\wall Est. Clock Time Remaining: 13s       
Cycle:     1070, Time:  3.397E-03s, Progress:  16.98%, Time Inc.: 3.180E-06s @ element     249 in Part SYS\wall Est. Clock Time Remaining: 13s       
Cycle:     1071, Time:  3.400E-03s, Progress:  17.00%, Time Inc.: 3.180E-06s @ element     249 in Part SYS\wall Est. Clock Time Remaining: 13s       
Cycle:     1072, Time:  3.403E-03s, Progress:  17.02%, Time Inc.: 3.180E-06s @ element     249 in Part SYS\wall Est. Clock Time Remaining: 13s       
Cycle:     1073, Time:  3.406E-03s, Progress:  17.03%, Time Inc.: 3.180E-06s @ element     249 in Part SYS\wall Est. Clock Time Remaining: 13s       
Cycle:     1074, Time:  3.410E-03s, Progress:  17.05%, Time Inc.: 3.180E-06s @ element     249 in Part SYS\wall Est. Clock Time Remaining: 13s       
Cycle:     1075, Time:  3.413E-03s, Progress:  17.06%, Time Inc.: 3.180E-06s @ element     249 in Part SYS\wall Est. Clock Time Remaining: 13s       
Cycle:     1076, Time:  3.416E-03s, Progress:  17.08%, Time Inc.: 3.180E-06s @ element     249 in Part SYS\wall Est. Clock Time Remaining: 13s       
Cycle:     1077, Time:  3.419E-03s, Progress:  17.10%, Time Inc.: 3.180E-06s @ element     213 in Part SYS\wall Est. Clock Time Remaining: 13s       
Cycle:     1078, Time:  3.422E-03s, Progress:  17.11%, Time Inc.: 3.180E-06s @ element     213 in Part SYS\wall Est. Clock Time Remaining: 13s       
Cycle:     1079, Time:  3.425E-03s, Progress:  17.13%, Time Inc.: 3.180E-06s @ element     213 in Part SYS\wall Est. Clock Time Remaining: 13s       
Cycle:     1080, Time:  3.429E-03s, Progress:  17.14%, Time Inc.: 3.180E-06s @ element     213 in Part SYS\wall Est. Clock Time Remaining: 13s       
Cycle:     1081, Time:  3.432E-03s, Progress:  17.16%, Time Inc.: 3.180E-06s @ element     177 in Part SYS\wall Est. Clock Time Remaining: 13s       
Cycle:     1082, Time:  3.435E-03s, Progress:  17.18%, Time Inc.: 3.180E-06s @ element     177 in Part SYS\wall Est. Clock Time Remaining: 13s       
Cycle:     1083, Time:  3.438E-03s, Progress:  17.19%, Time Inc.: 3.180E-06s @ element     177 in Part SYS\wall Est. Clock Time Remaining: 13s       
Cycle:     1084, Time:  3.441E-03s, Progress:  17.21%, Time Inc.: 3.180E-06s @ element     177 in Part SYS\wall Est. Clock Time Remaining: 13s       
Cycle:     1085, Time:  3.445E-03s, Progress:  17.22%, Time Inc.: 3.180E-06s @ element     177 in Part SYS\wall Est. Clock Time Remaining: 13s       
Cycle:     1086, Time:  3.448E-03s, Progress:  17.24%, Time Inc.: 3.180E-06s @ element     177 in Part SYS\wall Est. Clock Time Remaining: 13s       
Cycle:     1087, Time:  3.451E-03s, Progress:  17.25%, Time Inc.: 3.180E-06s @ element     177 in Part SYS\wall Est. Clock Time Remaining: 13s       
Cycle:     1088, Time:  3.454E-03s, Progress:  17.27%, Time Inc.: 3.180E-06s @ element     177 in Part SYS\wall Est. Clock Time Remaining: 13s       
Cycle:     1089, Time:  3.457E-03s, Progress:  17.29%, Time Inc.: 3.180E-06s @ element     177 in Part SYS\wall Est. Clock Time Remaining: 13s       
Cycle:     1090, Time:  3.460E-03s, Progress:  17.30%, Time Inc.: 3.180E-06s @ element     177 in Part SYS\wall Est. Clock Time Remaining: 13s       
Cycle:     1091, Time:  3.464E-03s, Progress:  17.32%, Time Inc.: 3.180E-06s @ element     177 in Part SYS\wall Est. Clock Time Remaining: 13s       
Cycle:     1092, Time:  3.467E-03s, Progress:  17.33%, Time Inc.: 3.180E-06s @ element     177 in Part SYS\wall Est. Clock Time Remaining: 13s       
Cycle:     1093, Time:  3.470E-03s, Progress:  17.35%, Time Inc.: 3.180E-06s @ element     177 in Part SYS\wall Est. Clock Time Remaining: 13s       
Cycle:     1094, Time:  3.473E-03s, Progress:  17.37%, Time Inc.: 3.180E-06s @ element     177 in Part SYS\wall Est. Clock Time Remaining: 13s       
Cycle:     1095, Time:  3.476E-03s, Progress:  17.38%, Time Inc.: 3.180E-06s @ element      61 in Part SYS\wall Est. Clock Time Remaining: 13s       
Cycle:     1096, Time:  3.480E-03s, Progress:  17.40%, Time Inc.: 3.180E-06s @ element      61 in Part SYS\wall Est. Clock Time Remaining: 13s       
Cycle:     1097, Time:  3.483E-03s, Progress:  17.41%, Time Inc.: 3.180E-06s @ element      61 in Part SYS\wall Est. Clock Time Remaining: 13s       
Cycle:     1098, Time:  3.486E-03s, Progress:  17.43%, Time Inc.: 3.180E-06s @ element      61 in Part SYS\wall Est. Clock Time Remaining: 13s       
Cycle:     1099, Time:  3.489E-03s, Progress:  17.45%, Time Inc.: 3.180E-06s @ element      61 in Part SYS\wall Est. Clock Time Remaining: 13s       
Cycle:     1100, Time:  3.492E-03s, Progress:  17.46%, Time Inc.: 3.180E-06s @ element      61 in Part SYS\wall Est. Clock Time Remaining: 13s       
Cycle:     1101, Time:  3.495E-03s, Progress:  17.48%, Time Inc.: 3.180E-06s @ element    1249 in Part SYS\wall Est. Clock Time Remaining: 13s       
Cycle:     1102, Time:  3.499E-03s, Progress:  17.49%, Time Inc.: 3.180E-06s @ element    1249 in Part SYS\wall Est. Clock Time Remaining: 13s       
Cycle:     1103, Time:  3.502E-03s, Progress:  17.51%, Time Inc.: 3.180E-06s @ element    1249 in Part SYS\wall Est. Clock Time Remaining: 13s       
Cycle:     1104, Time:  3.505E-03s, Progress:  17.52%, Time Inc.: 3.180E-06s @ element    1249 in Part SYS\wall Est. Clock Time Remaining: 13s       
Cycle:     1105, Time:  3.508E-03s, Progress:  17.54%, Time Inc.: 3.180E-06s @ element     865 in Part SYS\wall Est. Clock Time Remaining: 13s       
Cycle:     1106, Time:  3.511E-03s, Progress:  17.56%, Time Inc.: 3.180E-06s @ element     865 in Part SYS\wall Est. Clock Time Remaining: 13s       
Cycle:     1107, Time:  3.515E-03s, Progress:  17.57%, Time Inc.: 3.180E-06s @ element     865 in Part SYS\wall Est. Clock Time Remaining: 13s       
Cycle:     1108, Time:  3.518E-03s, Progress:  17.59%, Time Inc.: 3.180E-06s @ element     865 in Part SYS\wall Est. Clock Time Remaining: 13s       
Cycle:     1109, Time:  3.521E-03s, Progress:  17.60%, Time Inc.: 3.180E-06s @ element     865 in Part SYS\wall Est. Clock Time Remaining: 13s       
Cycle:     1110, Time:  3.524E-03s, Progress:  17.62%, Time Inc.: 3.180E-06s @ element     865 in Part SYS\wall Est. Clock Time Remaining: 13s       
Cycle:     1111, Time:  3.527E-03s, Progress:  17.64%, Time Inc.: 3.180E-06s @ element     865 in Part SYS\wall Est. Clock Time Remaining: 13s       
Cycle:     1112, Time:  3.530E-03s, Progress:  17.65%, Time Inc.: 3.180E-06s @ element     865 in Part SYS\wall Est. Clock Time Remaining: 13s       
Cycle:     1113, Time:  3.534E-03s, Progress:  17.67%, Time Inc.: 3.180E-06s @ element     865 in Part SYS\wall Est. Clock Time Remaining: 13s       
Cycle:     1114, Time:  3.537E-03s, Progress:  17.68%, Time Inc.: 3.180E-06s @ element     875 in Part SYS\wall Est. Clock Time Remaining: 13s       
Cycle:     1115, Time:  3.540E-03s, Progress:  17.70%, Time Inc.: 3.180E-06s @ element     875 in Part SYS\wall Est. Clock Time Remaining: 13s       
Cycle:     1116, Time:  3.543E-03s, Progress:  17.72%, Time Inc.: 3.180E-06s @ element     875 in Part SYS\wall Est. Clock Time Remaining: 13s       
Cycle:     1117, Time:  3.546E-03s, Progress:  17.73%, Time Inc.: 3.180E-06s @ element     875 in Part SYS\wall Est. Clock Time Remaining: 13s       
Cycle:     1118, Time:  3.549E-03s, Progress:  17.75%, Time Inc.: 3.180E-06s @ element     875 in Part SYS\wall Est. Clock Time Remaining: 13s       
Cycle:     1119, Time:  3.553E-03s, Progress:  17.76%, Time Inc.: 3.180E-06s @ element     875 in Part SYS\wall Est. Clock Time Remaining: 13s       
Cycle:     1120, Time:  3.556E-03s, Progress:  17.78%, Time Inc.: 3.180E-06s @ element     875 in Part SYS\wall Est. Clock Time Remaining: 13s       
Cycle:     1121, Time:  3.559E-03s, Progress:  17.80%, Time Inc.: 3.180E-06s @ element     875 in Part SYS\wall Est. Clock Time Remaining: 13s       
Cycle:     1122, Time:  3.562E-03s, Progress:  17.81%, Time Inc.: 3.180E-06s @ element     841 in Part SYS\wall Est. Clock Time Remaining: 13s       
Cycle:     1123, Time:  3.565E-03s, Progress:  17.83%, Time Inc.: 3.180E-06s @ element     913 in Part SYS\wall Est. Clock Time Remaining: 13s       
Cycle:     1124, Time:  3.569E-03s, Progress:  17.84%, Time Inc.: 3.180E-06s @ element     875 in Part SYS\wall Est. Clock Time Remaining: 13s       
Cycle:     1125, Time:  3.572E-03s, Progress:  17.86%, Time Inc.: 3.180E-06s @ element     875 in Part SYS\wall Est. Clock Time Remaining: 13s       
Cycle:     1126, Time:  3.575E-03s, Progress:  17.87%, Time Inc.: 3.180E-06s @ element     411 in Part SYS\wall Est. Clock Time Remaining: 13s       
Cycle:     1127, Time:  3.578E-03s, Progress:  17.89%, Time Inc.: 3.180E-06s @ element     411 in Part SYS\wall Est. Clock Time Remaining: 12s       
Cycle:     1128, Time:  3.581E-03s, Progress:  17.91%, Time Inc.: 3.180E-06s @ element     411 in Part SYS\wall Est. Clock Time Remaining: 12s       
Cycle:     1129, Time:  3.584E-03s, Progress:  17.92%, Time Inc.: 3.180E-06s @ element     411 in Part SYS\wall Est. Clock Time Remaining: 12s       
Cycle:     1130, Time:  3.588E-03s, Progress:  17.94%, Time Inc.: 3.180E-06s @ element     377 in Part SYS\wall Est. Clock Time Remaining: 12s       
Cycle:     1131, Time:  3.591E-03s, Progress:  17.95%, Time Inc.: 3.180E-06s @ element     377 in Part SYS\wall Est. Clock Time Remaining: 12s       
Cycle:     1132, Time:  3.594E-03s, Progress:  17.97%, Time Inc.: 3.180E-06s @ element     865 in Part SYS\wall Est. Clock Time Remaining: 12s       
Cycle:     1133, Time:  3.597E-03s, Progress:  17.99%, Time Inc.: 3.180E-06s @ element     865 in Part SYS\wall Est. Clock Time Remaining: 12s       
Cycle:     1134, Time:  3.600E-03s, Progress:  18.00%, Time Inc.: 3.180E-06s @ element     865 in Part SYS\wall Est. Clock Time Remaining: 12s       
Cycle:     1135, Time:  3.604E-03s, Progress:  18.02%, Time Inc.: 3.180E-06s @ element     865 in Part SYS\wall Est. Clock Time Remaining: 12s       
Cycle:     1136, Time:  3.607E-03s, Progress:  18.03%, Time Inc.: 3.180E-06s @ element     865 in Part SYS\wall Est. Clock Time Remaining: 12s       
Cycle:     1137, Time:  3.610E-03s, Progress:  18.05%, Time Inc.: 3.180E-06s @ element     407 in Part SYS\wall Est. Clock Time Remaining: 12s       
Cycle:     1138, Time:  3.613E-03s, Progress:  18.07%, Time Inc.: 3.180E-06s @ element     407 in Part SYS\wall Est. Clock Time Remaining: 12s       
Cycle:     1139, Time:  3.616E-03s, Progress:  18.08%, Time Inc.: 3.180E-06s @ element     407 in Part SYS\wall Est. Clock Time Remaining: 12s       
Cycle:     1140, Time:  3.619E-03s, Progress:  18.10%, Time Inc.: 3.180E-06s @ element     407 in Part SYS\wall Est. Clock Time Remaining: 12s       
Cycle:     1141, Time:  3.623E-03s, Progress:  18.11%, Time Inc.: 3.180E-06s @ element     469 in Part SYS\wall Est. Clock Time Remaining: 12s       
Cycle:     1142, Time:  3.626E-03s, Progress:  18.13%, Time Inc.: 3.180E-06s @ element     469 in Part SYS\wall Est. Clock Time Remaining: 12s       
Cycle:     1143, Time:  3.629E-03s, Progress:  18.14%, Time Inc.: 3.180E-06s @ element     469 in Part SYS\wall Est. Clock Time Remaining: 12s       
Cycle:     1144, Time:  3.632E-03s, Progress:  18.16%, Time Inc.: 3.180E-06s @ element     469 in Part SYS\wall Est. Clock Time Remaining: 12s       
Cycle:     1145, Time:  3.635E-03s, Progress:  18.18%, Time Inc.: 3.180E-06s @ element    1001 in Part SYS\wall Est. Clock Time Remaining: 12s       
Cycle:     1146, Time:  3.639E-03s, Progress:  18.19%, Time Inc.: 3.180E-06s @ element    1001 in Part SYS\wall Est. Clock Time Remaining: 12s       
Cycle:     1147, Time:  3.642E-03s, Progress:  18.21%, Time Inc.: 3.180E-06s @ element    1001 in Part SYS\wall Est. Clock Time Remaining: 12s       
Cycle:     1148, Time:  3.645E-03s, Progress:  18.22%, Time Inc.: 3.180E-06s @ element    1001 in Part SYS\wall Est. Clock Time Remaining: 12s       
Cycle:     1149, Time:  3.648E-03s, Progress:  18.24%, Time Inc.: 3.180E-06s @ element    1001 in Part SYS\wall Est. Clock Time Remaining: 12s       
Cycle:     1150, Time:  3.651E-03s, Progress:  18.26%, Time Inc.: 3.180E-06s @ element    1001 in Part SYS\wall Est. Clock Time Remaining: 12s       
Cycle:     1151, Time:  3.654E-03s, Progress:  18.27%, Time Inc.: 3.180E-06s @ element    1001 in Part SYS\wall Est. Clock Time Remaining: 12s       
Cycle:     1152, Time:  3.658E-03s, Progress:  18.29%, Time Inc.: 3.180E-06s @ element    1001 in Part SYS\wall Est. Clock Time Remaining: 12s       
Cycle:     1153, Time:  3.661E-03s, Progress:  18.30%, Time Inc.: 3.180E-06s @ element    1001 in Part SYS\wall Est. Clock Time Remaining: 12s       
Cycle:     1154, Time:  3.664E-03s, Progress:  18.32%, Time Inc.: 3.180E-06s @ element    1001 in Part SYS\wall Est. Clock Time Remaining: 12s       
Cycle:     1155, Time:  3.667E-03s, Progress:  18.34%, Time Inc.: 3.180E-06s @ element    1001 in Part SYS\wall Est. Clock Time Remaining: 12s       
Cycle:     1156, Time:  3.670E-03s, Progress:  18.35%, Time Inc.: 3.180E-06s @ element    1005 in Part SYS\wall Est. Clock Time Remaining: 12s       
Cycle:     1157, Time:  3.674E-03s, Progress:  18.37%, Time Inc.: 3.180E-06s @ element    1005 in Part SYS\wall Est. Clock Time Remaining: 12s       
Cycle:     1158, Time:  3.677E-03s, Progress:  18.38%, Time Inc.: 3.180E-06s @ element    1005 in Part SYS\wall Est. Clock Time Remaining: 12s       
Cycle:     1159, Time:  3.680E-03s, Progress:  18.40%, Time Inc.: 3.180E-06s @ element    1039 in Part SYS\wall Est. Clock Time Remaining: 12s       
Cycle:     1160, Time:  3.683E-03s, Progress:  18.42%, Time Inc.: 3.180E-06s @ element    1039 in Part SYS\wall Est. Clock Time Remaining: 12s       
Cycle:     1161, Time:  3.686E-03s, Progress:  18.43%, Time Inc.: 3.180E-06s @ element    1001 in Part SYS\wall Est. Clock Time Remaining: 12s       
Cycle:     1162, Time:  3.689E-03s, Progress:  18.45%, Time Inc.: 3.180E-06s @ element    1001 in Part SYS\wall Est. Clock Time Remaining: 12s       
Cycle:     1163, Time:  3.693E-03s, Progress:  18.46%, Time Inc.: 3.180E-06s @ element    1001 in Part SYS\wall Est. Clock Time Remaining: 12s       
Cycle:     1164, Time:  3.696E-03s, Progress:  18.48%, Time Inc.: 3.180E-06s @ element    1001 in Part SYS\wall Est. Clock Time Remaining: 12s       
Cycle:     1165, Time:  3.699E-03s, Progress:  18.49%, Time Inc.: 3.180E-06s @ element    1001 in Part SYS\wall Est. Clock Time Remaining: 12s       
Cycle:     1166, Time:  3.702E-03s, Progress:  18.51%, Time Inc.: 3.180E-06s @ element    1001 in Part SYS\wall Est. Clock Time Remaining: 12s       
Cycle:     1167, Time:  3.705E-03s, Progress:  18.53%, Time Inc.: 3.180E-06s @ element    1001 in Part SYS\wall Est. Clock Time Remaining: 12s       
Cycle:     1168, Time:  3.708E-03s, Progress:  18.54%, Time Inc.: 3.180E-06s @ element    1001 in Part SYS\wall Est. Clock Time Remaining: 12s       
Cycle:     1169, Time:  3.712E-03s, Progress:  18.56%, Time Inc.: 3.180E-06s @ element    1001 in Part SYS\wall Est. Clock Time Remaining: 12s       
Cycle:     1170, Time:  3.715E-03s, Progress:  18.57%, Time Inc.: 3.180E-06s @ element    1001 in Part SYS\wall Est. Clock Time Remaining: 12s       
Cycle:     1171, Time:  3.718E-03s, Progress:  18.59%, Time Inc.: 3.180E-06s @ element    1001 in Part SYS\wall Est. Clock Time Remaining: 12s       
Cycle:     1172, Time:  3.721E-03s, Progress:  18.61%, Time Inc.: 3.180E-06s @ element     963 in Part SYS\wall Est. Clock Time Remaining: 12s       
Cycle:     1173, Time:  3.724E-03s, Progress:  18.62%, Time Inc.: 3.180E-06s @ element     963 in Part SYS\wall Est. Clock Time Remaining: 12s       
Cycle:     1174, Time:  3.728E-03s, Progress:  18.64%, Time Inc.: 3.180E-06s @ element     963 in Part SYS\wall Est. Clock Time Remaining: 12s       
Cycle:     1175, Time:  3.731E-03s, Progress:  18.65%, Time Inc.: 3.180E-06s @ element     963 in Part SYS\wall Est. Clock Time Remaining: 12s       
Cycle:     1176, Time:  3.734E-03s, Progress:  18.67%, Time Inc.: 3.180E-06s @ element     963 in Part SYS\wall Est. Clock Time Remaining: 12s       
Cycle:     1177, Time:  3.737E-03s, Progress:  18.69%, Time Inc.: 3.180E-06s @ element     963 in Part SYS\wall Est. Clock Time Remaining: 12s       
Cycle:     1178, Time:  3.740E-03s, Progress:  18.70%, Time Inc.: 3.180E-06s @ element     997 in Part SYS\wall Est. Clock Time Remaining: 12s       
Cycle:     1179, Time:  3.743E-03s, Progress:  18.72%, Time Inc.: 3.180E-06s @ element     279 in Part SYS\wall Est. Clock Time Remaining: 12s       
Cycle:     1180, Time:  3.747E-03s, Progress:  18.73%, Time Inc.: 3.180E-06s @ element     279 in Part SYS\wall Est. Clock Time Remaining: 12s       
Cycle:     1181, Time:  3.750E-03s, Progress:  18.75%, Time Inc.: 3.180E-06s @ element     279 in Part SYS\wall Est. Clock Time Remaining: 12s       
Cycle:     1182, Time:  3.753E-03s, Progress:  18.77%, Time Inc.: 3.180E-06s @ element     279 in Part SYS\wall Est. Clock Time Remaining: 12s       
Cycle:     1183, Time:  3.756E-03s, Progress:  18.78%, Time Inc.: 3.180E-06s @ element     279 in Part SYS\wall Est. Clock Time Remaining: 12s       
Cycle:     1184, Time:  3.759E-03s, Progress:  18.80%, Time Inc.: 3.180E-06s @ element     279 in Part SYS\wall Est. Clock Time Remaining: 12s       
Cycle:     1185, Time:  3.763E-03s, Progress:  18.81%, Time Inc.: 3.180E-06s @ element     279 in Part SYS\wall Est. Clock Time Remaining: 12s       
Cycle:     1186, Time:  3.766E-03s, Progress:  18.83%, Time Inc.: 3.180E-06s @ element     279 in Part SYS\wall Est. Clock Time Remaining: 12s       
Cycle:     1187, Time:  3.769E-03s, Progress:  18.84%, Time Inc.: 3.180E-06s @ element     243 in Part SYS\wall Est. Clock Time Remaining: 12s       
Cycle:     1188, Time:  3.772E-03s, Progress:  18.86%, Time Inc.: 3.180E-06s @ element     243 in Part SYS\wall Est. Clock Time Remaining: 12s       
Cycle:     1189, Time:  3.775E-03s, Progress:  18.88%, Time Inc.: 3.180E-06s @ element    1109 in Part SYS\wall Est. Clock Time Remaining: 12s       
Cycle:     1190, Time:  3.778E-03s, Progress:  18.89%, Time Inc.: 3.180E-06s @ element    1109 in Part SYS\wall Est. Clock Time Remaining: 12s       
Cycle:     1191, Time:  3.782E-03s, Progress:  18.91%, Time Inc.: 3.180E-06s @ element    1109 in Part SYS\wall Est. Clock Time Remaining: 12s       
Cycle:     1192, Time:  3.785E-03s, Progress:  18.92%, Time Inc.: 3.180E-06s @ element     207 in Part SYS\wall Est. Clock Time Remaining: 12s       
Cycle:     1193, Time:  3.788E-03s, Progress:  18.94%, Time Inc.: 3.180E-06s @ element     207 in Part SYS\wall Est. Clock Time Remaining: 12s       
Cycle:     1194, Time:  3.791E-03s, Progress:  18.96%, Time Inc.: 3.180E-06s @ element     207 in Part SYS\wall Est. Clock Time Remaining: 12s       
Cycle:     1195, Time:  3.794E-03s, Progress:  18.97%, Time Inc.: 3.180E-06s @ element     171 in Part SYS\wall Est. Clock Time Remaining: 12s       
Cycle:     1196, Time:  3.798E-03s, Progress:  18.99%, Time Inc.: 3.180E-06s @ element     171 in Part SYS\wall Est. Clock Time Remaining: 12s       
Cycle:     1197, Time:  3.801E-03s, Progress:  19.00%, Time Inc.: 3.180E-06s @ element     171 in Part SYS\wall Est. Clock Time Remaining: 12s       
Cycle:     1198, Time:  3.804E-03s, Progress:  19.02%, Time Inc.: 3.180E-06s @ element    1105 in Part SYS\wall Est. Clock Time Remaining: 12s       
Cycle:     1199, Time:  3.807E-03s, Progress:  19.04%, Time Inc.: 3.180E-06s @ element    1141 in Part SYS\wall Est. Clock Time Remaining: 12s       
Cycle:     1200, Time:  3.810E-03s, Progress:  19.05%, Time Inc.: 3.180E-06s @ element    1141 in Part SYS\wall Est. Clock Time Remaining: 12s       
Cycle:     1201, Time:  3.813E-03s, Progress:  19.07%, Time Inc.: 3.180E-06s @ element    1141 in Part SYS\wall Est. Clock Time Remaining: 12s       
Cycle:     1202, Time:  3.817E-03s, Progress:  19.08%, Time Inc.: 3.180E-06s @ element    1175 in Part SYS\wall Est. Clock Time Remaining: 12s       
Cycle:     1203, Time:  3.820E-03s, Progress:  19.10%, Time Inc.: 3.180E-06s @ element    1175 in Part SYS\wall Est. Clock Time Remaining: 12s       
Cycle:     1204, Time:  3.823E-03s, Progress:  19.11%, Time Inc.: 3.180E-06s @ element    1175 in Part SYS\wall Est. Clock Time Remaining: 12s       
Cycle:     1205, Time:  3.826E-03s, Progress:  19.13%, Time Inc.: 3.180E-06s @ element    1175 in Part SYS\wall Est. Clock Time Remaining: 12s       
Cycle:     1206, Time:  3.829E-03s, Progress:  19.15%, Time Inc.: 3.180E-06s @ element    1175 in Part SYS\wall Est. Clock Time Remaining: 12s       
Cycle:     1207, Time:  3.833E-03s, Progress:  19.16%, Time Inc.: 3.180E-06s @ element    1175 in Part SYS\wall Est. Clock Time Remaining: 12s       
Cycle:     1208, Time:  3.836E-03s, Progress:  19.18%, Time Inc.: 3.180E-06s @ element    1175 in Part SYS\wall Est. Clock Time Remaining: 12s       
Cycle:     1209, Time:  3.839E-03s, Progress:  19.19%, Time Inc.: 3.180E-06s @ element    1175 in Part SYS\wall Est. Clock Time Remaining: 12s       
Cycle:     1210, Time:  3.842E-03s, Progress:  19.21%, Time Inc.: 3.180E-06s @ element    1245 in Part SYS\wall Est. Clock Time Remaining: 12s       
Cycle:     1211, Time:  3.845E-03s, Progress:  19.23%, Time Inc.: 3.180E-06s @ element    1245 in Part SYS\wall Est. Clock Time Remaining: 12s       
Cycle:     1212, Time:  3.848E-03s, Progress:  19.24%, Time Inc.: 3.180E-06s @ element    1247 in Part SYS\wall Est. Clock Time Remaining: 12s       
Cycle:     1213, Time:  3.852E-03s, Progress:  19.26%, Time Inc.: 3.180E-06s @ element    1247 in Part SYS\wall Est. Clock Time Remaining: 12s       
Cycle:     1214, Time:  3.855E-03s, Progress:  19.27%, Time Inc.: 3.180E-06s @ element    1247 in Part SYS\wall Est. Clock Time Remaining: 12s       
Cycle:     1215, Time:  3.858E-03s, Progress:  19.29%, Time Inc.: 3.180E-06s @ element    1247 in Part SYS\wall Est. Clock Time Remaining: 12s       
Cycle:     1216, Time:  3.861E-03s, Progress:  19.31%, Time Inc.: 3.180E-06s @ element    1243 in Part SYS\wall Est. Clock Time Remaining: 12s       
Cycle:     1217, Time:  3.864E-03s, Progress:  19.32%, Time Inc.: 3.180E-06s @ element    1243 in Part SYS\wall Est. Clock Time Remaining: 12s       
Cycle:     1218, Time:  3.867E-03s, Progress:  19.34%, Time Inc.: 3.180E-06s @ element      55 in Part SYS\wall Est. Clock Time Remaining: 12s       
Cycle:     1219, Time:  3.871E-03s, Progress:  19.35%, Time Inc.: 3.180E-06s @ element      55 in Part SYS\wall Est. Clock Time Remaining: 12s       
Cycle:     1220, Time:  3.874E-03s, Progress:  19.37%, Time Inc.: 3.180E-06s @ element      55 in Part SYS\wall Est. Clock Time Remaining: 12s       
Cycle:     1221, Time:  3.877E-03s, Progress:  19.39%, Time Inc.: 3.180E-06s @ element      55 in Part SYS\wall Est. Clock Time Remaining: 12s       
Cycle:     1222, Time:  3.880E-03s, Progress:  19.40%, Time Inc.: 3.180E-06s @ element      55 in Part SYS\wall Est. Clock Time Remaining: 12s       
Cycle:     1223, Time:  3.883E-03s, Progress:  19.42%, Time Inc.: 3.180E-06s @ element      55 in Part SYS\wall Est. Clock Time Remaining: 12s       
Cycle:     1224, Time:  3.887E-03s, Progress:  19.43%, Time Inc.: 3.180E-06s @ element      55 in Part SYS\wall Est. Clock Time Remaining: 12s       
Cycle:     1225, Time:  3.890E-03s, Progress:  19.45%, Time Inc.: 3.180E-06s @ element      55 in Part SYS\wall Est. Clock Time Remaining: 12s       
Cycle:     1226, Time:  3.893E-03s, Progress:  19.46%, Time Inc.: 3.180E-06s @ element      55 in Part SYS\wall Est. Clock Time Remaining: 12s       
Cycle:     1227, Time:  3.896E-03s, Progress:  19.48%, Time Inc.: 3.180E-06s @ element      55 in Part SYS\wall Est. Clock Time Remaining: 12s       
Cycle:     1228, Time:  3.899E-03s, Progress:  19.50%, Time Inc.: 3.180E-06s @ element      55 in Part SYS\wall Est. Clock Time Remaining: 12s       
Cycle:     1229, Time:  3.902E-03s, Progress:  19.51%, Time Inc.: 3.180E-06s @ element      55 in Part SYS\wall Est. Clock Time Remaining: 12s       
Cycle:     1230, Time:  3.906E-03s, Progress:  19.53%, Time Inc.: 3.180E-06s @ element      55 in Part SYS\wall Est. Clock Time Remaining: 12s       
Cycle:     1231, Time:  3.909E-03s, Progress:  19.54%, Time Inc.: 3.180E-06s @ element      55 in Part SYS\wall Est. Clock Time Remaining: 12s       
Cycle:     1232, Time:  3.912E-03s, Progress:  19.56%, Time Inc.: 3.180E-06s @ element      55 in Part SYS\wall Est. Clock Time Remaining: 12s       
Cycle:     1233, Time:  3.915E-03s, Progress:  19.58%, Time Inc.: 3.180E-06s @ element      55 in Part SYS\wall Est. Clock Time Remaining: 12s       
Cycle:     1234, Time:  3.918E-03s, Progress:  19.59%, Time Inc.: 3.180E-06s @ element      55 in Part SYS\wall Est. Clock Time Remaining: 12s       
Cycle:     1235, Time:  3.922E-03s, Progress:  19.61%, Time Inc.: 3.180E-06s @ element      55 in Part SYS\wall Est. Clock Time Remaining: 12s       
Cycle:     1236, Time:  3.925E-03s, Progress:  19.62%, Time Inc.: 3.180E-06s @ element      55 in Part SYS\wall Est. Clock Time Remaining: 12s       
Cycle:     1237, Time:  3.928E-03s, Progress:  19.64%, Time Inc.: 3.180E-06s @ element      55 in Part SYS\wall Est. Clock Time Remaining: 12s       
Cycle:     1238, Time:  3.931E-03s, Progress:  19.66%, Time Inc.: 3.180E-06s @ element      55 in Part SYS\wall Est. Clock Time Remaining: 12s       
Cycle:     1239, Time:  3.934E-03s, Progress:  19.67%, Time Inc.: 3.180E-06s @ element    1239 in Part SYS\wall Est. Clock Time Remaining: 12s       
Cycle:     1240, Time:  3.937E-03s, Progress:  19.69%, Time Inc.: 3.180E-06s @ element    1239 in Part SYS\wall Est. Clock Time Remaining: 12s       
Cycle:     1241, Time:  3.941E-03s, Progress:  19.70%, Time Inc.: 3.180E-06s @ element    1239 in Part SYS\wall Est. Clock Time Remaining: 12s       
Cycle:     1242, Time:  3.944E-03s, Progress:  19.72%, Time Inc.: 3.180E-06s @ element    1239 in Part SYS\wall Est. Clock Time Remaining: 12s       
Cycle:     1243, Time:  3.947E-03s, Progress:  19.73%, Time Inc.: 3.180E-06s @ element    1239 in Part SYS\wall Est. Clock Time Remaining: 12s       
Cycle:     1244, Time:  3.950E-03s, Progress:  19.75%, Time Inc.: 3.180E-06s @ element    1239 in Part SYS\wall Est. Clock Time Remaining: 12s       
Cycle:     1245, Time:  3.953E-03s, Progress:  19.77%, Time Inc.: 3.180E-06s @ element    1239 in Part SYS\wall Est. Clock Time Remaining: 12s       
Cycle:     1246, Time:  3.957E-03s, Progress:  19.78%, Time Inc.: 3.180E-06s @ element    1243 in Part SYS\wall Est. Clock Time Remaining: 12s       
Cycle:     1247, Time:  3.960E-03s, Progress:  19.80%, Time Inc.: 3.180E-06s @ element    1243 in Part SYS\wall Est. Clock Time Remaining: 12s       
Cycle:     1248, Time:  3.963E-03s, Progress:  19.81%, Time Inc.: 3.180E-06s @ element    1243 in Part SYS\wall Est. Clock Time Remaining: 12s       
Cycle:     1249, Time:  3.966E-03s, Progress:  19.83%, Time Inc.: 3.180E-06s @ element    1243 in Part SYS\wall Est. Clock Time Remaining: 12s       
Cycle:     1250, Time:  3.969E-03s, Progress:  19.85%, Time Inc.: 3.180E-06s @ element    1243 in Part SYS\wall Est. Clock Time Remaining: 12s       
Cycle:     1251, Time:  3.972E-03s, Progress:  19.86%, Time Inc.: 3.180E-06s @ element    1243 in Part SYS\wall Est. Clock Time Remaining: 12s       
Cycle:     1252, Time:  3.976E-03s, Progress:  19.88%, Time Inc.: 3.180E-06s @ element    1243 in Part SYS\wall Est. Clock Time Remaining: 12s       
Cycle:     1253, Time:  3.979E-03s, Progress:  19.89%, Time Inc.: 3.180E-06s @ element    1243 in Part SYS\wall Est. Clock Time Remaining: 12s       
Cycle:     1254, Time:  3.982E-03s, Progress:  19.91%, Time Inc.: 3.180E-06s @ element    1243 in Part SYS\wall Est. Clock Time Remaining: 12s       
Cycle:     1255, Time:  3.985E-03s, Progress:  19.93%, Time Inc.: 3.180E-06s @ element    1243 in Part SYS\wall Est. Clock Time Remaining: 12s       
Cycle:     1256, Time:  3.988E-03s, Progress:  19.94%, Time Inc.: 3.180E-06s @ element    1243 in Part SYS\wall Est. Clock Time Remaining: 12s       
Cycle:     1257, Time:  3.991E-03s, Progress:  19.96%, Time Inc.: 3.180E-06s @ element    1243 in Part SYS\wall Est. Clock Time Remaining: 12s       
Cycle:     1258, Time:  3.995E-03s, Progress:  19.97%, Time Inc.: 3.180E-06s @ element    1239 in Part SYS\wall Est. Clock Time Remaining: 12s       
Cycle:     1259, Time:  3.998E-03s, Progress:  19.99%, Time Inc.: 3.180E-06s @ element    1239 in Part SYS\wall Est. Clock Time Remaining: 12s       
Cycle:     1260, Time:  4.001E-03s, Progress:  20.01%, Time Inc.: 3.180E-06s @ element    1239 in Part SYS\wall Est. Clock Time Remaining: 12s       
Cycle:     1261, Time:  4.004E-03s, Progress:  20.02%, Time Inc.: 3.180E-06s @ element    1239 in Part SYS\wall Est. Clock Time Remaining: 13s       
Cycle:     1262, Time:  4.007E-03s, Progress:  20.04%, Time Inc.: 3.180E-06s @ element    1241 in Part SYS\wall Est. Clock Time Remaining: 13s       
Cycle:     1263, Time:  4.011E-03s, Progress:  20.05%, Time Inc.: 3.180E-06s @ element    1239 in Part SYS\wall Est. Clock Time Remaining: 13s       
Cycle:     1264, Time:  4.014E-03s, Progress:  20.07%, Time Inc.: 3.180E-06s @ element    1239 in Part SYS\wall Est. Clock Time Remaining: 13s       
Cycle:     1265, Time:  4.017E-03s, Progress:  20.08%, Time Inc.: 3.180E-06s @ element    1239 in Part SYS\wall Est. Clock Time Remaining: 13s       
Cycle:     1266, Time:  4.020E-03s, Progress:  20.10%, Time Inc.: 3.180E-06s @ element    1239 in Part SYS\wall Est. Clock Time Remaining: 13s       
Cycle:     1267, Time:  4.023E-03s, Progress:  20.12%, Time Inc.: 3.180E-06s @ element    1239 in Part SYS\wall Est. Clock Time Remaining: 13s       
Cycle:     1268, Time:  4.026E-03s, Progress:  20.13%, Time Inc.: 3.180E-06s @ element    1239 in Part SYS\wall Est. Clock Time Remaining: 13s       
Cycle:     1269, Time:  4.030E-03s, Progress:  20.15%, Time Inc.: 3.180E-06s @ element    1239 in Part SYS\wall Est. Clock Time Remaining: 13s       
Cycle:     1270, Time:  4.033E-03s, Progress:  20.16%, Time Inc.: 3.180E-06s @ element    1239 in Part SYS\wall Est. Clock Time Remaining: 13s       
Cycle:     1271, Time:  4.036E-03s, Progress:  20.18%, Time Inc.: 3.180E-06s @ element    1239 in Part SYS\wall Est. Clock Time Remaining: 13s       
Cycle:     1272, Time:  4.039E-03s, Progress:  20.20%, Time Inc.: 3.180E-06s @ element    1239 in Part SYS\wall Est. Clock Time Remaining: 13s       
Cycle:     1273, Time:  4.042E-03s, Progress:  20.21%, Time Inc.: 3.180E-06s @ element    1235 in Part SYS\wall Est. Clock Time Remaining: 13s       
Cycle:     1274, Time:  4.046E-03s, Progress:  20.23%, Time Inc.: 3.180E-06s @ element    1235 in Part SYS\wall Est. Clock Time Remaining: 13s       
Cycle:     1275, Time:  4.049E-03s, Progress:  20.24%, Time Inc.: 3.180E-06s @ element    1235 in Part SYS\wall Est. Clock Time Remaining: 13s       
Cycle:     1276, Time:  4.052E-03s, Progress:  20.26%, Time Inc.: 3.180E-06s @ element    1235 in Part SYS\wall Est. Clock Time Remaining: 13s       
Cycle:     1277, Time:  4.055E-03s, Progress:  20.28%, Time Inc.: 3.180E-06s @ element    1235 in Part SYS\wall Est. Clock Time Remaining: 13s       
Cycle:     1278, Time:  4.058E-03s, Progress:  20.29%, Time Inc.: 3.180E-06s @ element    1235 in Part SYS\wall Est. Clock Time Remaining: 13s       
Cycle:     1279, Time:  4.061E-03s, Progress:  20.31%, Time Inc.: 3.180E-06s @ element    1235 in Part SYS\wall Est. Clock Time Remaining: 13s       
Cycle:     1280, Time:  4.065E-03s, Progress:  20.32%, Time Inc.: 3.180E-06s @ element    1235 in Part SYS\wall Est. Clock Time Remaining: 13s       
Cycle:     1281, Time:  4.068E-03s, Progress:  20.34%, Time Inc.: 3.180E-06s @ element    1235 in Part SYS\wall Est. Clock Time Remaining: 13s       
Cycle:     1282, Time:  4.071E-03s, Progress:  20.35%, Time Inc.: 3.180E-06s @ element    1235 in Part SYS\wall Est. Clock Time Remaining: 13s       
Cycle:     1283, Time:  4.074E-03s, Progress:  20.37%, Time Inc.: 3.180E-06s @ element    1235 in Part SYS\wall Est. Clock Time Remaining: 13s       
Cycle:     1284, Time:  4.077E-03s, Progress:  20.39%, Time Inc.: 3.180E-06s @ element      47 in Part SYS\wall Est. Clock Time Remaining: 13s       
Cycle:     1285, Time:  4.081E-03s, Progress:  20.40%, Time Inc.: 3.180E-06s @ element      47 in Part SYS\wall Est. Clock Time Remaining: 13s       
Cycle:     1286, Time:  4.084E-03s, Progress:  20.42%, Time Inc.: 3.180E-06s @ element    1239 in Part SYS\wall Est. Clock Time Remaining: 13s       
Cycle:     1287, Time:  4.087E-03s, Progress:  20.43%, Time Inc.: 3.180E-06s @ element     155 in Part SYS\wall Est. Clock Time Remaining: 13s       
Cycle:     1288, Time:  4.090E-03s, Progress:  20.45%, Time Inc.: 3.180E-06s @ element     155 in Part SYS\wall Est. Clock Time Remaining: 13s       
Cycle:     1289, Time:  4.093E-03s, Progress:  20.47%, Time Inc.: 3.180E-06s @ element     155 in Part SYS\wall Est. Clock Time Remaining: 13s       
Cycle:     1290, Time:  4.096E-03s, Progress:  20.48%, Time Inc.: 3.180E-06s @ element     155 in Part SYS\wall Est. Clock Time Remaining: 13s       
Cycle:     1291, Time:  4.100E-03s, Progress:  20.50%, Time Inc.: 3.180E-06s @ element     155 in Part SYS\wall Est. Clock Time Remaining: 13s       
Cycle:     1292, Time:  4.103E-03s, Progress:  20.51%, Time Inc.: 3.180E-06s @ element     155 in Part SYS\wall Est. Clock Time Remaining: 13s       
Cycle:     1293, Time:  4.106E-03s, Progress:  20.53%, Time Inc.: 3.180E-06s @ element     155 in Part SYS\wall Est. Clock Time Remaining: 13s       
Cycle:     1294, Time:  4.109E-03s, Progress:  20.55%, Time Inc.: 3.180E-06s @ element     155 in Part SYS\wall Est. Clock Time Remaining: 13s       
Cycle:     1295, Time:  4.112E-03s, Progress:  20.56%, Time Inc.: 3.180E-06s @ element     155 in Part SYS\wall Est. Clock Time Remaining: 13s       
Cycle:     1296, Time:  4.115E-03s, Progress:  20.58%, Time Inc.: 3.180E-06s @ element     155 in Part SYS\wall Est. Clock Time Remaining: 13s       
Cycle:     1297, Time:  4.119E-03s, Progress:  20.59%, Time Inc.: 3.180E-06s @ element     155 in Part SYS\wall Est. Clock Time Remaining: 13s       
Cycle:     1298, Time:  4.122E-03s, Progress:  20.61%, Time Inc.: 3.180E-06s @ element      51 in Part SYS\wall Est. Clock Time Remaining: 13s       
Cycle:     1299, Time:  4.125E-03s, Progress:  20.63%, Time Inc.: 3.180E-06s @ element      51 in Part SYS\wall Est. Clock Time Remaining: 13s       
Cycle:     1300, Time:  4.128E-03s, Progress:  20.64%, Time Inc.: 3.180E-06s @ element      51 in Part SYS\wall Est. Clock Time Remaining: 13s       
Cycle:     1301, Time:  4.131E-03s, Progress:  20.66%, Time Inc.: 3.180E-06s @ element      47 in Part SYS\wall Est. Clock Time Remaining: 13s       
Cycle:     1302, Time:  4.135E-03s, Progress:  20.67%, Time Inc.: 3.180E-06s @ element      47 in Part SYS\wall Est. Clock Time Remaining: 13s       
Cycle:     1303, Time:  4.138E-03s, Progress:  20.69%, Time Inc.: 3.180E-06s @ element      47 in Part SYS\wall Est. Clock Time Remaining: 13s       
Cycle:     1304, Time:  4.141E-03s, Progress:  20.70%, Time Inc.: 3.180E-06s @ element      47 in Part SYS\wall Est. Clock Time Remaining: 13s       
Cycle:     1305, Time:  4.144E-03s, Progress:  20.72%, Time Inc.: 3.180E-06s @ element      47 in Part SYS\wall Est. Clock Time Remaining: 13s       
Cycle:     1306, Time:  4.147E-03s, Progress:  20.74%, Time Inc.: 3.180E-06s @ element      47 in Part SYS\wall Est. Clock Time Remaining: 13s       
Cycle:     1307, Time:  4.150E-03s, Progress:  20.75%, Time Inc.: 3.180E-06s @ element      47 in Part SYS\wall Est. Clock Time Remaining: 13s       
Cycle:     1308, Time:  4.154E-03s, Progress:  20.77%, Time Inc.: 3.180E-06s @ element      47 in Part SYS\wall Est. Clock Time Remaining: 13s       
Cycle:     1309, Time:  4.157E-03s, Progress:  20.78%, Time Inc.: 3.180E-06s @ element      47 in Part SYS\wall Est. Clock Time Remaining: 13s       
Cycle:     1310, Time:  4.160E-03s, Progress:  20.80%, Time Inc.: 3.180E-06s @ element      47 in Part SYS\wall Est. Clock Time Remaining: 13s       
Cycle:     1311, Time:  4.163E-03s, Progress:  20.82%, Time Inc.: 3.180E-06s @ element    1239 in Part SYS\wall Est. Clock Time Remaining: 13s       
Cycle:     1312, Time:  4.166E-03s, Progress:  20.83%, Time Inc.: 3.180E-06s @ element    1239 in Part SYS\wall Est. Clock Time Remaining: 13s       
Cycle:     1313, Time:  4.170E-03s, Progress:  20.85%, Time Inc.: 3.180E-06s @ element    1239 in Part SYS\wall Est. Clock Time Remaining: 13s       
Cycle:     1314, Time:  4.173E-03s, Progress:  20.86%, Time Inc.: 3.180E-06s @ element    1239 in Part SYS\wall Est. Clock Time Remaining: 13s       
Cycle:     1315, Time:  4.176E-03s, Progress:  20.88%, Time Inc.: 3.180E-06s @ element    1239 in Part SYS\wall Est. Clock Time Remaining: 13s       
Cycle:     1316, Time:  4.179E-03s, Progress:  20.90%, Time Inc.: 3.180E-06s @ element    1239 in Part SYS\wall Est. Clock Time Remaining: 13s       
Cycle:     1317, Time:  4.182E-03s, Progress:  20.91%, Time Inc.: 3.180E-06s @ element    1239 in Part SYS\wall Est. Clock Time Remaining: 13s       
Cycle:     1318, Time:  4.185E-03s, Progress:  20.93%, Time Inc.: 3.180E-06s @ element     220 in Part SYS\wall Est. Clock Time Remaining: 13s       
Cycle:     1319, Time:  4.189E-03s, Progress:  20.94%, Time Inc.: 3.180E-06s @ element    1018 in Part SYS\wall Est. Clock Time Remaining: 13s       
Cycle:     1320, Time:  4.192E-03s, Progress:  20.96%, Time Inc.: 3.180E-06s @ element    1018 in Part SYS\wall Est. Clock Time Remaining: 13s       
Cycle:     1321, Time:  4.195E-03s, Progress:  20.97%, Time Inc.: 3.180E-06s @ element    1018 in Part SYS\wall Est. Clock Time Remaining: 13s       
Cycle:     1322, Time:  4.198E-03s, Progress:  20.99%, Time Inc.: 3.180E-06s @ element    1018 in Part SYS\wall Est. Clock Time Remaining: 13s       
Cycle:     1323, Time:  4.201E-03s, Progress:  21.01%, Time Inc.: 3.180E-06s @ element    1018 in Part SYS\wall Est. Clock Time Remaining: 13s       
Cycle:     1324, Time:  4.205E-03s, Progress:  21.02%, Time Inc.: 3.180E-06s @ element     976 in Part SYS\wall Est. Clock Time Remaining: 13s       
Cycle:     1325, Time:  4.208E-03s, Progress:  21.04%, Time Inc.: 3.180E-06s @ element     328 in Part SYS\wall Est. Clock Time Remaining: 13s       
Cycle:     1326, Time:  4.211E-03s, Progress:  21.05%, Time Inc.: 3.180E-06s @ element     328 in Part SYS\wall Est. Clock Time Remaining: 13s       
Cycle:     1327, Time:  4.214E-03s, Progress:  21.07%, Time Inc.: 3.180E-06s @ element     328 in Part SYS\wall Est. Clock Time Remaining: 13s       
Cycle:     1328, Time:  4.217E-03s, Progress:  21.09%, Time Inc.: 3.180E-06s @ element     328 in Part SYS\wall Est. Clock Time Remaining: 13s       
Cycle:     1329, Time:  4.220E-03s, Progress:  21.10%, Time Inc.: 3.180E-06s @ element     328 in Part SYS\wall Est. Clock Time Remaining: 13s       
Cycle:     1330, Time:  4.224E-03s, Progress:  21.12%, Time Inc.: 3.180E-06s @ element     328 in Part SYS\wall Est. Clock Time Remaining: 13s       
Cycle:     1331, Time:  4.227E-03s, Progress:  21.13%, Time Inc.: 3.180E-06s @ element     328 in Part SYS\wall Est. Clock Time Remaining: 13s       
Cycle:     1332, Time:  4.230E-03s, Progress:  21.15%, Time Inc.: 3.180E-06s @ element     328 in Part SYS\wall Est. Clock Time Remaining: 13s       
Cycle:     1333, Time:  4.233E-03s, Progress:  21.17%, Time Inc.: 3.180E-06s @ element     328 in Part SYS\wall Est. Clock Time Remaining: 13s       
Cycle:     1334, Time:  4.236E-03s, Progress:  21.18%, Time Inc.: 3.180E-06s @ element     328 in Part SYS\wall Est. Clock Time Remaining: 13s       
Cycle:     1335, Time:  4.240E-03s, Progress:  21.20%, Time Inc.: 3.180E-06s @ element     328 in Part SYS\wall Est. Clock Time Remaining: 13s       
Cycle:     1336, Time:  4.243E-03s, Progress:  21.21%, Time Inc.: 3.180E-06s @ element     328 in Part SYS\wall Est. Clock Time Remaining: 13s       
Cycle:     1337, Time:  4.246E-03s, Progress:  21.23%, Time Inc.: 3.180E-06s @ element     328 in Part SYS\wall Est. Clock Time Remaining: 13s       
Cycle:     1338, Time:  4.249E-03s, Progress:  21.25%, Time Inc.: 3.180E-06s @ element     328 in Part SYS\wall Est. Clock Time Remaining: 13s       
Cycle:     1339, Time:  4.252E-03s, Progress:  21.26%, Time Inc.: 3.180E-06s @ element     868 in Part SYS\wall Est. Clock Time Remaining: 13s       
Cycle:     1340, Time:  4.255E-03s, Progress:  21.28%, Time Inc.: 3.180E-06s @ element     868 in Part SYS\wall Est. Clock Time Remaining: 13s       
Cycle:     1341, Time:  4.259E-03s, Progress:  21.29%, Time Inc.: 3.180E-06s @ element     868 in Part SYS\wall Est. Clock Time Remaining: 13s       
Cycle:     1342, Time:  4.262E-03s, Progress:  21.31%, Time Inc.: 3.180E-06s @ element     868 in Part SYS\wall Est. Clock Time Remaining: 13s       
Cycle:     1343, Time:  4.265E-03s, Progress:  21.32%, Time Inc.: 3.180E-06s @ element     867 in Part SYS\wall Est. Clock Time Remaining: 13s       
Cycle:     1344, Time:  4.268E-03s, Progress:  21.34%, Time Inc.: 3.180E-06s @ element     867 in Part SYS\wall Est. Clock Time Remaining: 13s       
Cycle:     1345, Time:  4.271E-03s, Progress:  21.36%, Time Inc.: 3.180E-06s @ element     867 in Part SYS\wall Est. Clock Time Remaining: 13s       
Cycle:     1346, Time:  4.274E-03s, Progress:  21.37%, Time Inc.: 3.180E-06s @ element     867 in Part SYS\wall Est. Clock Time Remaining: 13s       
Cycle:     1347, Time:  4.278E-03s, Progress:  21.39%, Time Inc.: 3.180E-06s @ element     867 in Part SYS\wall Est. Clock Time Remaining: 13s       
Cycle:     1348, Time:  4.281E-03s, Progress:  21.40%, Time Inc.: 3.180E-06s @ element     867 in Part SYS\wall Est. Clock Time Remaining: 13s       
Cycle:     1349, Time:  4.284E-03s, Progress:  21.42%, Time Inc.: 3.180E-06s @ element     867 in Part SYS\wall Est. Clock Time Remaining: 13s       
Cycle:     1350, Time:  4.287E-03s, Progress:  21.44%, Time Inc.: 3.180E-06s @ element     867 in Part SYS\wall Est. Clock Time Remaining: 13s       
Cycle:     1351, Time:  4.290E-03s, Progress:  21.45%, Time Inc.: 3.180E-06s @ element     867 in Part SYS\wall Est. Clock Time Remaining: 13s       
Cycle:     1352, Time:  4.294E-03s, Progress:  21.47%, Time Inc.: 3.180E-06s @ element     867 in Part SYS\wall Est. Clock Time Remaining: 13s       
Cycle:     1353, Time:  4.297E-03s, Progress:  21.48%, Time Inc.: 3.180E-06s @ element     867 in Part SYS\wall Est. Clock Time Remaining: 13s       
Cycle:     1354, Time:  4.300E-03s, Progress:  21.50%, Time Inc.: 3.180E-06s @ element     867 in Part SYS\wall Est. Clock Time Remaining: 13s       
Cycle:     1355, Time:  4.303E-03s, Progress:  21.52%, Time Inc.: 3.180E-06s @ element     867 in Part SYS\wall Est. Clock Time Remaining: 13s       
Cycle:     1356, Time:  4.306E-03s, Progress:  21.53%, Time Inc.: 3.180E-06s @ element     867 in Part SYS\wall Est. Clock Time Remaining: 13s       
Cycle:     1357, Time:  4.309E-03s, Progress:  21.55%, Time Inc.: 3.180E-06s @ element     867 in Part SYS\wall Est. Clock Time Remaining: 13s       
Cycle:     1358, Time:  4.313E-03s, Progress:  21.56%, Time Inc.: 3.180E-06s @ element     867 in Part SYS\wall Est. Clock Time Remaining: 13s       
Cycle:     1359, Time:  4.316E-03s, Progress:  21.58%, Time Inc.: 3.180E-06s @ element     867 in Part SYS\wall Est. Clock Time Remaining: 13s       
Cycle:     1360, Time:  4.319E-03s, Progress:  21.60%, Time Inc.: 3.180E-06s @ element     867 in Part SYS\wall Est. Clock Time Remaining: 13s       
Cycle:     1361, Time:  4.322E-03s, Progress:  21.61%, Time Inc.: 3.180E-06s @ element     867 in Part SYS\wall Est. Clock Time Remaining: 13s       
Cycle:     1362, Time:  4.325E-03s, Progress:  21.63%, Time Inc.: 3.180E-06s @ element     867 in Part SYS\wall Est. Clock Time Remaining: 13s       
Cycle:     1363, Time:  4.329E-03s, Progress:  21.64%, Time Inc.: 3.180E-06s @ element     867 in Part SYS\wall Est. Clock Time Remaining: 13s       
Cycle:     1364, Time:  4.332E-03s, Progress:  21.66%, Time Inc.: 3.180E-06s @ element     867 in Part SYS\wall Est. Clock Time Remaining: 13s       
Cycle:     1365, Time:  4.335E-03s, Progress:  21.67%, Time Inc.: 3.180E-06s @ element     867 in Part SYS\wall Est. Clock Time Remaining: 13s       
Cycle:     1366, Time:  4.338E-03s, Progress:  21.69%, Time Inc.: 3.180E-06s @ element     867 in Part SYS\wall Est. Clock Time Remaining: 13s       
Cycle:     1367, Time:  4.341E-03s, Progress:  21.71%, Time Inc.: 3.180E-06s @ element     867 in Part SYS\wall Est. Clock Time Remaining: 13s       
Cycle:     1368, Time:  4.344E-03s, Progress:  21.72%, Time Inc.: 3.180E-06s @ element     867 in Part SYS\wall Est. Clock Time Remaining: 13s       
Cycle:     1369, Time:  4.348E-03s, Progress:  21.74%, Time Inc.: 3.180E-06s @ element     867 in Part SYS\wall Est. Clock Time Remaining: 13s       
Cycle:     1370, Time:  4.351E-03s, Progress:  21.75%, Time Inc.: 3.180E-06s @ element     867 in Part SYS\wall Est. Clock Time Remaining: 13s       
Cycle:     1371, Time:  4.354E-03s, Progress:  21.77%, Time Inc.: 3.180E-06s @ element     867 in Part SYS\wall Est. Clock Time Remaining: 13s       
Cycle:     1372, Time:  4.357E-03s, Progress:  21.79%, Time Inc.: 3.180E-06s @ element     867 in Part SYS\wall Est. Clock Time Remaining: 13s       
Cycle:     1373, Time:  4.360E-03s, Progress:  21.80%, Time Inc.: 3.180E-06s @ element     867 in Part SYS\wall Est. Clock Time Remaining: 13s       
Cycle:     1374, Time:  4.364E-03s, Progress:  21.82%, Time Inc.: 3.180E-06s @ element     867 in Part SYS\wall Est. Clock Time Remaining: 13s       
Cycle:     1375, Time:  4.367E-03s, Progress:  21.83%, Time Inc.: 3.180E-06s @ element     867 in Part SYS\wall Est. Clock Time Remaining: 13s       
Cycle:     1376, Time:  4.370E-03s, Progress:  21.85%, Time Inc.: 3.180E-06s @ element     867 in Part SYS\wall Est. Clock Time Remaining: 13s       
Cycle:     1377, Time:  4.373E-03s, Progress:  21.87%, Time Inc.: 3.180E-06s @ element     867 in Part SYS\wall Est. Clock Time Remaining: 13s       
Cycle:     1378, Time:  4.376E-03s, Progress:  21.88%, Time Inc.: 3.180E-06s @ element     867 in Part SYS\wall Est. Clock Time Remaining: 13s       
Cycle:     1379, Time:  4.379E-03s, Progress:  21.90%, Time Inc.: 3.180E-06s @ element     867 in Part SYS\wall Est. Clock Time Remaining: 13s       
Cycle:     1380, Time:  4.383E-03s, Progress:  21.91%, Time Inc.: 3.180E-06s @ element     867 in Part SYS\wall Est. Clock Time Remaining: 13s       
Cycle:     1381, Time:  4.386E-03s, Progress:  21.93%, Time Inc.: 3.180E-06s @ element     867 in Part SYS\wall Est. Clock Time Remaining: 13s       
Cycle:     1382, Time:  4.389E-03s, Progress:  21.94%, Time Inc.: 3.180E-06s @ element     867 in Part SYS\wall Est. Clock Time Remaining: 13s       
Cycle:     1383, Time:  4.392E-03s, Progress:  21.96%, Time Inc.: 3.180E-06s @ element     867 in Part SYS\wall Est. Clock Time Remaining: 13s       
Cycle:     1384, Time:  4.395E-03s, Progress:  21.98%, Time Inc.: 3.180E-06s @ element     867 in Part SYS\wall Est. Clock Time Remaining: 13s       
Cycle:     1385, Time:  4.399E-03s, Progress:  21.99%, Time Inc.: 3.180E-06s @ element     867 in Part SYS\wall Est. Clock Time Remaining: 13s       
Cycle:     1386, Time:  4.402E-03s, Progress:  22.01%, Time Inc.: 3.180E-06s @ element     867 in Part SYS\wall Est. Clock Time Remaining: 13s       
Cycle:     1387, Time:  4.405E-03s, Progress:  22.02%, Time Inc.: 3.180E-06s @ element     867 in Part SYS\wall Est. Clock Time Remaining: 13s       
Cycle:     1388, Time:  4.408E-03s, Progress:  22.04%, Time Inc.: 3.180E-06s @ element     867 in Part SYS\wall Est. Clock Time Remaining: 13s       
Cycle:     1389, Time:  4.411E-03s, Progress:  22.06%, Time Inc.: 3.180E-06s @ element     867 in Part SYS\wall Est. Clock Time Remaining: 13s       
Cycle:     1390, Time:  4.414E-03s, Progress:  22.07%, Time Inc.: 3.180E-06s @ element     939 in Part SYS\wall Est. Clock Time Remaining: 13s       
Cycle:     1391, Time:  4.418E-03s, Progress:  22.09%, Time Inc.: 3.180E-06s @ element     939 in Part SYS\wall Est. Clock Time Remaining: 13s       
Cycle:     1392, Time:  4.421E-03s, Progress:  22.10%, Time Inc.: 3.180E-06s @ element     939 in Part SYS\wall Est. Clock Time Remaining: 13s       
Cycle:     1393, Time:  4.424E-03s, Progress:  22.12%, Time Inc.: 3.180E-06s @ element     939 in Part SYS\wall Est. Clock Time Remaining: 13s       
Cycle:     1394, Time:  4.427E-03s, Progress:  22.14%, Time Inc.: 3.180E-06s @ element     939 in Part SYS\wall Est. Clock Time Remaining: 13s       
Cycle:     1395, Time:  4.430E-03s, Progress:  22.15%, Time Inc.: 3.180E-06s @ element     939 in Part SYS\wall Est. Clock Time Remaining: 13s       
Cycle:     1396, Time:  4.433E-03s, Progress:  22.17%, Time Inc.: 3.180E-06s @ element     939 in Part SYS\wall Est. Clock Time Remaining: 13s       
Cycle:     1397, Time:  4.437E-03s, Progress:  22.18%, Time Inc.: 3.180E-06s @ element     406 in Part SYS\wall Est. Clock Time Remaining: 13s       
Cycle:     1398, Time:  4.440E-03s, Progress:  22.20%, Time Inc.: 3.180E-06s @ element     406 in Part SYS\wall Est. Clock Time Remaining: 13s       
Cycle:     1399, Time:  4.443E-03s, Progress:  22.22%, Time Inc.: 3.180E-06s @ element     406 in Part SYS\wall Est. Clock Time Remaining: 13s       
Cycle:     1400, Time:  4.446E-03s, Progress:  22.23%, Time Inc.: 3.180E-06s @ element     406 in Part SYS\wall Est. Clock Time Remaining: 13s       
Cycle:     1401, Time:  4.449E-03s, Progress:  22.25%, Time Inc.: 3.180E-06s @ element     406 in Part SYS\wall Est. Clock Time Remaining: 13s       
Cycle:     1402, Time:  4.453E-03s, Progress:  22.26%, Time Inc.: 3.180E-06s @ element     406 in Part SYS\wall Est. Clock Time Remaining: 13s       
Cycle:     1403, Time:  4.456E-03s, Progress:  22.28%, Time Inc.: 3.180E-06s @ element     406 in Part SYS\wall Est. Clock Time Remaining: 13s       
Cycle:     1404, Time:  4.459E-03s, Progress:  22.29%, Time Inc.: 3.180E-06s @ element     408 in Part SYS\wall Est. Clock Time Remaining: 13s       
Cycle:     1405, Time:  4.462E-03s, Progress:  22.31%, Time Inc.: 3.180E-06s @ element     408 in Part SYS\wall Est. Clock Time Remaining: 13s       
Cycle:     1406, Time:  4.465E-03s, Progress:  22.33%, Time Inc.: 3.180E-06s @ element     408 in Part SYS\wall Est. Clock Time Remaining: 13s       
Cycle:     1407, Time:  4.468E-03s, Progress:  22.34%, Time Inc.: 3.180E-06s @ element     408 in Part SYS\wall Est. Clock Time Remaining: 13s       
Cycle:     1408, Time:  4.472E-03s, Progress:  22.36%, Time Inc.: 3.180E-06s @ element     408 in Part SYS\wall Est. Clock Time Remaining: 13s       
Cycle:     1409, Time:  4.475E-03s, Progress:  22.37%, Time Inc.: 3.180E-06s @ element     456 in Part SYS\wall Est. Clock Time Remaining: 13s       
Cycle:     1410, Time:  4.478E-03s, Progress:  22.39%, Time Inc.: 3.180E-06s @ element     456 in Part SYS\wall Est. Clock Time Remaining: 13s       
Cycle:     1411, Time:  4.481E-03s, Progress:  22.41%, Time Inc.: 3.180E-06s @ element     456 in Part SYS\wall Est. Clock Time Remaining: 13s       
Cycle:     1412, Time:  4.484E-03s, Progress:  22.42%, Time Inc.: 3.180E-06s @ element     458 in Part SYS\wall Est. Clock Time Remaining: 13s       
Cycle:     1413, Time:  4.488E-03s, Progress:  22.44%, Time Inc.: 3.180E-06s @ element     422 in Part SYS\wall Est. Clock Time Remaining: 13s       
Cycle:     1414, Time:  4.491E-03s, Progress:  22.45%, Time Inc.: 3.180E-06s @ element     422 in Part SYS\wall Est. Clock Time Remaining: 13s       
Cycle:     1415, Time:  4.494E-03s, Progress:  22.47%, Time Inc.: 3.180E-06s @ element     422 in Part SYS\wall Est. Clock Time Remaining: 13s       
Cycle:     1416, Time:  4.497E-03s, Progress:  22.49%, Time Inc.: 3.180E-06s @ element     460 in Part SYS\wall Est. Clock Time Remaining: 13s       
Cycle:     1417, Time:  4.500E-03s, Progress:  22.50%, Time Inc.: 3.180E-06s @ element     424 in Part SYS\wall Est. Clock Time Remaining: 13s       
Cycle:     1418, Time:  4.503E-03s, Progress:  22.52%, Time Inc.: 3.180E-06s @ element     424 in Part SYS\wall Est. Clock Time Remaining: 13s       
Cycle:     1419, Time:  4.507E-03s, Progress:  22.53%, Time Inc.: 3.180E-06s @ element     424 in Part SYS\wall Est. Clock Time Remaining: 13s       
Cycle:     1420, Time:  4.510E-03s, Progress:  22.55%, Time Inc.: 3.180E-06s @ element     892 in Part SYS\wall Est. Clock Time Remaining: 13s       
Cycle:     1421, Time:  4.513E-03s, Progress:  22.56%, Time Inc.: 3.180E-06s @ element     892 in Part SYS\wall Est. Clock Time Remaining: 13s       
Cycle:     1422, Time:  4.516E-03s, Progress:  22.58%, Time Inc.: 3.180E-06s @ element     422 in Part SYS\wall Est. Clock Time Remaining: 13s       
Cycle:     1423, Time:  4.519E-03s, Progress:  22.60%, Time Inc.: 3.180E-06s @ element     890 in Part SYS\wall Est. Clock Time Remaining: 13s       
Cycle:     1424, Time:  4.523E-03s, Progress:  22.61%, Time Inc.: 3.180E-06s @ element     890 in Part SYS\wall Est. Clock Time Remaining: 13s       
Cycle:     1425, Time:  4.526E-03s, Progress:  22.63%, Time Inc.: 3.180E-06s @ element     890 in Part SYS\wall Est. Clock Time Remaining: 13s       
Cycle:     1426, Time:  4.529E-03s, Progress:  22.64%, Time Inc.: 3.180E-06s @ element     890 in Part SYS\wall Est. Clock Time Remaining: 12s       
Cycle:     1427, Time:  4.532E-03s, Progress:  22.66%, Time Inc.: 3.180E-06s @ element     890 in Part SYS\wall Est. Clock Time Remaining: 12s       
Cycle:     1428, Time:  4.535E-03s, Progress:  22.68%, Time Inc.: 3.180E-06s @ element     892 in Part SYS\wall Est. Clock Time Remaining: 12s       
Cycle:     1429, Time:  4.538E-03s, Progress:  22.69%, Time Inc.: 3.180E-06s @ element     856 in Part SYS\wall Est. Clock Time Remaining: 12s       
Cycle:     1430, Time:  4.542E-03s, Progress:  22.71%, Time Inc.: 3.180E-06s @ element     856 in Part SYS\wall Est. Clock Time Remaining: 12s       
Cycle:     1431, Time:  4.545E-03s, Progress:  22.72%, Time Inc.: 3.180E-06s @ element     856 in Part SYS\wall Est. Clock Time Remaining: 12s       
Cycle:     1432, Time:  4.548E-03s, Progress:  22.74%, Time Inc.: 3.180E-06s @ element     856 in Part SYS\wall Est. Clock Time Remaining: 12s       
Cycle:     1433, Time:  4.551E-03s, Progress:  22.76%, Time Inc.: 3.180E-06s @ element     856 in Part SYS\wall Est. Clock Time Remaining: 12s       
Cycle:     1434, Time:  4.554E-03s, Progress:  22.77%, Time Inc.: 3.180E-06s @ element     858 in Part SYS\wall Est. Clock Time Remaining: 12s       
Cycle:     1435, Time:  4.558E-03s, Progress:  22.79%, Time Inc.: 3.180E-06s @ element     858 in Part SYS\wall Est. Clock Time Remaining: 12s       
Cycle:     1436, Time:  4.561E-03s, Progress:  22.80%, Time Inc.: 3.180E-06s @ element     858 in Part SYS\wall Est. Clock Time Remaining: 12s       
Cycle:     1437, Time:  4.564E-03s, Progress:  22.82%, Time Inc.: 3.180E-06s @ element     856 in Part SYS\wall Est. Clock Time Remaining: 12s       
Cycle:     1438, Time:  4.567E-03s, Progress:  22.84%, Time Inc.: 3.180E-06s @ element     856 in Part SYS\wall Est. Clock Time Remaining: 12s       
Cycle:     1439, Time:  4.570E-03s, Progress:  22.85%, Time Inc.: 3.180E-06s @ element     856 in Part SYS\wall Est. Clock Time Remaining: 12s       
Cycle:     1440, Time:  4.573E-03s, Progress:  22.87%, Time Inc.: 3.180E-06s @ element     856 in Part SYS\wall Est. Clock Time Remaining: 12s       
Cycle:     1441, Time:  4.577E-03s, Progress:  22.88%, Time Inc.: 3.180E-06s @ element     856 in Part SYS\wall Est. Clock Time Remaining: 12s       
Cycle:     1442, Time:  4.580E-03s, Progress:  22.90%, Time Inc.: 3.180E-06s @ element     856 in Part SYS\wall Est. Clock Time Remaining: 12s       
Cycle:     1443, Time:  4.583E-03s, Progress:  22.91%, Time Inc.: 3.180E-06s @ element     898 in Part SYS\wall Est. Clock Time Remaining: 12s       
Cycle:     1444, Time:  4.586E-03s, Progress:  22.93%, Time Inc.: 3.180E-06s @ element     898 in Part SYS\wall Est. Clock Time Remaining: 12s       
Cycle:     1445, Time:  4.589E-03s, Progress:  22.95%, Time Inc.: 3.180E-06s @ element     898 in Part SYS\wall Est. Clock Time Remaining: 12s       
Cycle:     1446, Time:  4.592E-03s, Progress:  22.96%, Time Inc.: 3.180E-06s @ element     898 in Part SYS\wall Est. Clock Time Remaining: 12s       
Cycle:     1447, Time:  4.596E-03s, Progress:  22.98%, Time Inc.: 3.180E-06s @ element     898 in Part SYS\wall Est. Clock Time Remaining: 12s       
Cycle:     1448, Time:  4.599E-03s, Progress:  22.99%, Time Inc.: 3.180E-06s @ element     898 in Part SYS\wall Est. Clock Time Remaining: 12s       
Cycle:     1449, Time:  4.602E-03s, Progress:  23.01%, Time Inc.: 3.180E-06s @ element     424 in Part SYS\wall Est. Clock Time Remaining: 12s       
Cycle:     1450, Time:  4.605E-03s, Progress:  23.03%, Time Inc.: 3.180E-06s @ element     424 in Part SYS\wall Est. Clock Time Remaining: 12s       
Cycle:     1451, Time:  4.608E-03s, Progress:  23.04%, Time Inc.: 3.180E-06s @ element     426 in Part SYS\wall Est. Clock Time Remaining: 12s       
Cycle:     1452, Time:  4.612E-03s, Progress:  23.06%, Time Inc.: 3.180E-06s @ element     426 in Part SYS\wall Est. Clock Time Remaining: 12s       
Cycle:     1453, Time:  4.615E-03s, Progress:  23.07%, Time Inc.: 3.180E-06s @ element     426 in Part SYS\wall Est. Clock Time Remaining: 12s       
Cycle:     1454, Time:  4.618E-03s, Progress:  23.09%, Time Inc.: 3.180E-06s @ element     426 in Part SYS\wall Est. Clock Time Remaining: 12s       
Cycle:     1455, Time:  4.621E-03s, Progress:  23.11%, Time Inc.: 3.180E-06s @ element     426 in Part SYS\wall Est. Clock Time Remaining: 12s       
Cycle:     1456, Time:  4.624E-03s, Progress:  23.12%, Time Inc.: 3.180E-06s @ element     426 in Part SYS\wall Est. Clock Time Remaining: 12s       
Cycle:     1457, Time:  4.627E-03s, Progress:  23.14%, Time Inc.: 3.180E-06s @ element     390 in Part SYS\wall Est. Clock Time Remaining: 12s       
Cycle:     1458, Time:  4.631E-03s, Progress:  23.15%, Time Inc.: 3.180E-06s @ element     390 in Part SYS\wall Est. Clock Time Remaining: 12s       
Cycle:     1459, Time:  4.634E-03s, Progress:  23.17%, Time Inc.: 3.180E-06s @ element     390 in Part SYS\wall Est. Clock Time Remaining: 12s       
Cycle:     1460, Time:  4.637E-03s, Progress:  23.19%, Time Inc.: 3.180E-06s @ element     394 in Part SYS\wall Est. Clock Time Remaining: 12s       
Cycle:     1461, Time:  4.640E-03s, Progress:  23.20%, Time Inc.: 3.180E-06s @ element     394 in Part SYS\wall Est. Clock Time Remaining: 12s       
Cycle:     1462, Time:  4.643E-03s, Progress:  23.22%, Time Inc.: 3.180E-06s @ element     394 in Part SYS\wall Est. Clock Time Remaining: 12s       
Cycle:     1463, Time:  4.647E-03s, Progress:  23.23%, Time Inc.: 3.180E-06s @ element     394 in Part SYS\wall Est. Clock Time Remaining: 12s       
Cycle:     1464, Time:  4.650E-03s, Progress:  23.25%, Time Inc.: 3.180E-06s @ element     394 in Part SYS\wall Est. Clock Time Remaining: 12s       
Cycle:     1465, Time:  4.653E-03s, Progress:  23.26%, Time Inc.: 3.180E-06s @ element     394 in Part SYS\wall Est. Clock Time Remaining: 12s       
Cycle:     1466, Time:  4.656E-03s, Progress:  23.28%, Time Inc.: 3.180E-06s @ element     394 in Part SYS\wall Est. Clock Time Remaining: 12s       
Cycle:     1467, Time:  4.659E-03s, Progress:  23.30%, Time Inc.: 3.180E-06s @ element     910 in Part SYS\wall Est. Clock Time Remaining: 12s       
Cycle:     1468, Time:  4.662E-03s, Progress:  23.31%, Time Inc.: 3.180E-06s @ element     910 in Part SYS\wall Est. Clock Time Remaining: 12s       
Cycle:     1469, Time:  4.666E-03s, Progress:  23.33%, Time Inc.: 3.180E-06s @ element     910 in Part SYS\wall Est. Clock Time Remaining: 12s       
Cycle:     1470, Time:  4.669E-03s, Progress:  23.34%, Time Inc.: 3.180E-06s @ element     910 in Part SYS\wall Est. Clock Time Remaining: 12s       
Cycle:     1471, Time:  4.672E-03s, Progress:  23.36%, Time Inc.: 3.180E-06s @ element     910 in Part SYS\wall Est. Clock Time Remaining: 12s       
Cycle:     1472, Time:  4.675E-03s, Progress:  23.38%, Time Inc.: 3.180E-06s @ element     910 in Part SYS\wall Est. Clock Time Remaining: 12s       
Cycle:     1473, Time:  4.678E-03s, Progress:  23.39%, Time Inc.: 3.180E-06s @ element     910 in Part SYS\wall Est. Clock Time Remaining: 12s       
Cycle:     1474, Time:  4.682E-03s, Progress:  23.41%, Time Inc.: 3.180E-06s @ element     982 in Part SYS\wall Est. Clock Time Remaining: 12s       
Cycle:     1475, Time:  4.685E-03s, Progress:  23.42%, Time Inc.: 3.180E-06s @ element     982 in Part SYS\wall Est. Clock Time Remaining: 12s       
Cycle:     1476, Time:  4.688E-03s, Progress:  23.44%, Time Inc.: 3.180E-06s @ element     982 in Part SYS\wall Est. Clock Time Remaining: 12s       
Cycle:     1477, Time:  4.691E-03s, Progress:  23.46%, Time Inc.: 3.180E-06s @ element     982 in Part SYS\wall Est. Clock Time Remaining: 12s       
Cycle:     1478, Time:  4.694E-03s, Progress:  23.47%, Time Inc.: 3.180E-06s @ element     982 in Part SYS\wall Est. Clock Time Remaining: 12s       
Cycle:     1479, Time:  4.697E-03s, Progress:  23.49%, Time Inc.: 3.180E-06s @ element     982 in Part SYS\wall Est. Clock Time Remaining: 12s       
Cycle:     1480, Time:  4.701E-03s, Progress:  23.50%, Time Inc.: 3.180E-06s @ element     982 in Part SYS\wall Est. Clock Time Remaining: 12s       
Cycle:     1481, Time:  4.704E-03s, Progress:  23.52%, Time Inc.: 3.180E-06s @ element     298 in Part SYS\wall Est. Clock Time Remaining: 12s       
Cycle:     1482, Time:  4.707E-03s, Progress:  23.53%, Time Inc.: 3.180E-06s @ element     298 in Part SYS\wall Est. Clock Time Remaining: 12s       
Cycle:     1483, Time:  4.710E-03s, Progress:  23.55%, Time Inc.: 3.180E-06s @ element     298 in Part SYS\wall Est. Clock Time Remaining: 12s       
Cycle:     1484, Time:  4.713E-03s, Progress:  23.57%, Time Inc.: 3.180E-06s @ element     298 in Part SYS\wall Est. Clock Time Remaining: 12s       
Cycle:     1485, Time:  4.717E-03s, Progress:  23.58%, Time Inc.: 3.180E-06s @ element     294 in Part SYS\wall Est. Clock Time Remaining: 12s       
Cycle:     1486, Time:  4.720E-03s, Progress:  23.60%, Time Inc.: 3.180E-06s @ element     294 in Part SYS\wall Est. Clock Time Remaining: 12s       
Cycle:     1487, Time:  4.723E-03s, Progress:  23.61%, Time Inc.: 3.180E-06s @ element     294 in Part SYS\wall Est. Clock Time Remaining: 12s       
Cycle:     1488, Time:  4.726E-03s, Progress:  23.63%, Time Inc.: 3.180E-06s @ element     294 in Part SYS\wall Est. Clock Time Remaining: 12s       
Cycle:     1489, Time:  4.729E-03s, Progress:  23.65%, Time Inc.: 3.180E-06s @ element     294 in Part SYS\wall Est. Clock Time Remaining: 12s       
Cycle:     1490, Time:  4.732E-03s, Progress:  23.66%, Time Inc.: 3.180E-06s @ element     294 in Part SYS\wall Est. Clock Time Remaining: 12s       
Cycle:     1491, Time:  4.736E-03s, Progress:  23.68%, Time Inc.: 3.180E-06s @ element     294 in Part SYS\wall Est. Clock Time Remaining: 12s       
Cycle:     1492, Time:  4.739E-03s, Progress:  23.69%, Time Inc.: 3.180E-06s @ element     294 in Part SYS\wall Est. Clock Time Remaining: 12s       
Cycle:     1493, Time:  4.742E-03s, Progress:  23.71%, Time Inc.: 3.180E-06s @ element     294 in Part SYS\wall Est. Clock Time Remaining: 12s       
Cycle:     1494, Time:  4.745E-03s, Progress:  23.73%, Time Inc.: 3.180E-06s @ element     294 in Part SYS\wall Est. Clock Time Remaining: 12s       
Cycle:     1495, Time:  4.748E-03s, Progress:  23.74%, Time Inc.: 3.180E-06s @ element     294 in Part SYS\wall Est. Clock Time Remaining: 12s       
Cycle:     1496, Time:  4.751E-03s, Progress:  23.76%, Time Inc.: 3.180E-06s @ element     294 in Part SYS\wall Est. Clock Time Remaining: 12s       
Cycle:     1497, Time:  4.755E-03s, Progress:  23.77%, Time Inc.: 3.180E-06s @ element     294 in Part SYS\wall Est. Clock Time Remaining: 12s       
Cycle:     1498, Time:  4.758E-03s, Progress:  23.79%, Time Inc.: 3.180E-06s @ element     294 in Part SYS\wall Est. Clock Time Remaining: 12s       
Cycle:     1499, Time:  4.761E-03s, Progress:  23.81%, Time Inc.: 3.180E-06s @ element     294 in Part SYS\wall Est. Clock Time Remaining: 12s       
Cycle:     1500, Time:  4.764E-03s, Progress:  23.82%, Time Inc.: 3.180E-06s @ element     294 in Part SYS\wall Est. Clock Time Remaining: 12s       
Cycle:     1501, Time:  4.767E-03s, Progress:  23.84%, Time Inc.: 3.180E-06s @ element     294 in Part SYS\wall Est. Clock Time Remaining: 12s       
Cycle:     1502, Time:  4.771E-03s, Progress:  23.85%, Time Inc.: 3.180E-06s @ element     294 in Part SYS\wall Est. Clock Time Remaining: 12s       
Cycle:     1503, Time:  4.774E-03s, Progress:  23.87%, Time Inc.: 3.180E-06s @ element     328 in Part SYS\wall Est. Clock Time Remaining: 12s       
Cycle:     1504, Time:  4.777E-03s, Progress:  23.88%, Time Inc.: 3.180E-06s @ element     328 in Part SYS\wall Est. Clock Time Remaining: 12s       
Cycle:     1505, Time:  4.780E-03s, Progress:  23.90%, Time Inc.: 3.180E-06s @ element     328 in Part SYS\wall Est. Clock Time Remaining: 12s       
Cycle:     1506, Time:  4.783E-03s, Progress:  23.92%, Time Inc.: 3.180E-06s @ element     328 in Part SYS\wall Est. Clock Time Remaining: 12s       
Cycle:     1507, Time:  4.786E-03s, Progress:  23.93%, Time Inc.: 3.180E-06s @ element     328 in Part SYS\wall Est. Clock Time Remaining: 12s       
Cycle:     1508, Time:  4.790E-03s, Progress:  23.95%, Time Inc.: 3.180E-06s @ element     328 in Part SYS\wall Est. Clock Time Remaining: 12s       
Cycle:     1509, Time:  4.793E-03s, Progress:  23.96%, Time Inc.: 3.180E-06s @ element     904 in Part SYS\wall Est. Clock Time Remaining: 12s       
Cycle:     1510, Time:  4.796E-03s, Progress:  23.98%, Time Inc.: 3.180E-06s @ element     904 in Part SYS\wall Est. Clock Time Remaining: 12s       
Cycle:     1511, Time:  4.799E-03s, Progress:  24.00%, Time Inc.: 3.180E-06s @ element    1011 in Part SYS\wall Est. Clock Time Remaining: 12s       
Cycle:     1512, Time:  4.802E-03s, Progress:  24.01%, Time Inc.: 3.180E-06s @ element    1011 in Part SYS\wall Est. Clock Time Remaining: 12s       
Cycle:     1513, Time:  4.806E-03s, Progress:  24.03%, Time Inc.: 3.180E-06s @ element    1011 in Part SYS\wall Est. Clock Time Remaining: 12s       
Cycle:     1514, Time:  4.809E-03s, Progress:  24.04%, Time Inc.: 3.180E-06s @ element    1011 in Part SYS\wall Est. Clock Time Remaining: 12s       
Cycle:     1515, Time:  4.812E-03s, Progress:  24.06%, Time Inc.: 3.180E-06s @ element    1011 in Part SYS\wall Est. Clock Time Remaining: 12s       
Cycle:     1516, Time:  4.815E-03s, Progress:  24.08%, Time Inc.: 3.180E-06s @ element    1011 in Part SYS\wall Est. Clock Time Remaining: 12s       
Cycle:     1517, Time:  4.818E-03s, Progress:  24.09%, Time Inc.: 3.180E-06s @ element    1011 in Part SYS\wall Est. Clock Time Remaining: 12s       
Cycle:     1518, Time:  4.821E-03s, Progress:  24.11%, Time Inc.: 3.180E-06s @ element    1011 in Part SYS\wall Est. Clock Time Remaining: 12s       
Cycle:     1519, Time:  4.825E-03s, Progress:  24.12%, Time Inc.: 3.180E-06s @ element    1011 in Part SYS\wall Est. Clock Time Remaining: 12s       
Cycle:     1520, Time:  4.828E-03s, Progress:  24.14%, Time Inc.: 3.180E-06s @ element    1011 in Part SYS\wall Est. Clock Time Remaining: 12s       
Cycle:     1521, Time:  4.831E-03s, Progress:  24.15%, Time Inc.: 3.180E-06s @ element    1011 in Part SYS\wall Est. Clock Time Remaining: 12s       
Cycle:     1522, Time:  4.834E-03s, Progress:  24.17%, Time Inc.: 3.180E-06s @ element    1011 in Part SYS\wall Est. Clock Time Remaining: 12s       
Cycle:     1523, Time:  4.837E-03s, Progress:  24.19%, Time Inc.: 3.180E-06s @ element     327 in Part SYS\wall Est. Clock Time Remaining: 12s       
Cycle:     1524, Time:  4.841E-03s, Progress:  24.20%, Time Inc.: 3.180E-06s @ element     327 in Part SYS\wall Est. Clock Time Remaining: 12s       
Cycle:     1525, Time:  4.844E-03s, Progress:  24.22%, Time Inc.: 3.180E-06s @ element     327 in Part SYS\wall Est. Clock Time Remaining: 12s       
Cycle:     1526, Time:  4.847E-03s, Progress:  24.23%, Time Inc.: 3.180E-06s @ element     327 in Part SYS\wall Est. Clock Time Remaining: 12s       
Cycle:     1527, Time:  4.850E-03s, Progress:  24.25%, Time Inc.: 3.180E-06s @ element     327 in Part SYS\wall Est. Clock Time Remaining: 12s       
Cycle:     1528, Time:  4.853E-03s, Progress:  24.27%, Time Inc.: 3.180E-06s @ element     327 in Part SYS\wall Est. Clock Time Remaining: 12s       
Cycle:     1529, Time:  4.856E-03s, Progress:  24.28%, Time Inc.: 3.180E-06s @ element     327 in Part SYS\wall Est. Clock Time Remaining: 12s       
Cycle:     1530, Time:  4.860E-03s, Progress:  24.30%, Time Inc.: 3.180E-06s @ element     327 in Part SYS\wall Est. Clock Time Remaining: 12s       
Cycle:     1531, Time:  4.863E-03s, Progress:  24.31%, Time Inc.: 3.180E-06s @ element     327 in Part SYS\wall Est. Clock Time Remaining: 12s       
Cycle:     1532, Time:  4.866E-03s, Progress:  24.33%, Time Inc.: 3.180E-06s @ element     327 in Part SYS\wall Est. Clock Time Remaining: 12s       
Cycle:     1533, Time:  4.869E-03s, Progress:  24.35%, Time Inc.: 3.180E-06s @ element     327 in Part SYS\wall Est. Clock Time Remaining: 12s       
Cycle:     1534, Time:  4.872E-03s, Progress:  24.36%, Time Inc.: 3.180E-06s @ element     327 in Part SYS\wall Est. Clock Time Remaining: 12s       
Cycle:     1535, Time:  4.876E-03s, Progress:  24.38%, Time Inc.: 3.180E-06s @ element     327 in Part SYS\wall Est. Clock Time Remaining: 12s       
Cycle:     1536, Time:  4.879E-03s, Progress:  24.39%, Time Inc.: 3.180E-06s @ element     327 in Part SYS\wall Est. Clock Time Remaining: 12s       
Cycle:     1537, Time:  4.882E-03s, Progress:  24.41%, Time Inc.: 3.180E-06s @ element     904 in Part SYS\wall Est. Clock Time Remaining: 12s       
Cycle:     1538, Time:  4.885E-03s, Progress:  24.43%, Time Inc.: 3.180E-06s @ element     904 in Part SYS\wall Est. Clock Time Remaining: 12s       
Cycle:     1539, Time:  4.888E-03s, Progress:  24.44%, Time Inc.: 3.180E-06s @ element     904 in Part SYS\wall Est. Clock Time Remaining: 12s       
Cycle:     1540, Time:  4.891E-03s, Progress:  24.46%, Time Inc.: 3.180E-06s @ element     904 in Part SYS\wall Est. Clock Time Remaining: 12s       
Cycle:     1541, Time:  4.895E-03s, Progress:  24.47%, Time Inc.: 3.180E-06s @ element     904 in Part SYS\wall Est. Clock Time Remaining: 12s       
Cycle:     1542, Time:  4.898E-03s, Progress:  24.49%, Time Inc.: 3.180E-06s @ element     904 in Part SYS\wall Est. Clock Time Remaining: 12s       
Cycle:     1543, Time:  4.901E-03s, Progress:  24.50%, Time Inc.: 3.180E-06s @ element     904 in Part SYS\wall Est. Clock Time Remaining: 12s       
Cycle:     1544, Time:  4.904E-03s, Progress:  24.52%, Time Inc.: 3.180E-06s @ element     904 in Part SYS\wall Est. Clock Time Remaining: 12s       
Cycle:     1545, Time:  4.907E-03s, Progress:  24.54%, Time Inc.: 3.180E-06s @ element     904 in Part SYS\wall Est. Clock Time Remaining: 12s       
Cycle:     1546, Time:  4.910E-03s, Progress:  24.55%, Time Inc.: 3.180E-06s @ element     904 in Part SYS\wall Est. Clock Time Remaining: 12s       
Cycle:     1547, Time:  4.914E-03s, Progress:  24.57%, Time Inc.: 3.180E-06s @ element     400 in Part SYS\wall Est. Clock Time Remaining: 12s       
Cycle:     1548, Time:  4.917E-03s, Progress:  24.58%, Time Inc.: 3.180E-06s @ element     400 in Part SYS\wall Est. Clock Time Remaining: 12s       
Cycle:     1549, Time:  4.920E-03s, Progress:  24.60%, Time Inc.: 3.180E-06s @ element     400 in Part SYS\wall Est. Clock Time Remaining: 12s       
Cycle:     1550, Time:  4.923E-03s, Progress:  24.62%, Time Inc.: 3.180E-06s @ element     400 in Part SYS\wall Est. Clock Time Remaining: 12s       
Cycle:     1551, Time:  4.926E-03s, Progress:  24.63%, Time Inc.: 3.180E-06s @ element     400 in Part SYS\wall Est. Clock Time Remaining: 12s       
Cycle:     1552, Time:  4.930E-03s, Progress:  24.65%, Time Inc.: 3.180E-06s @ element     400 in Part SYS\wall Est. Clock Time Remaining: 12s       
Cycle:     1553, Time:  4.933E-03s, Progress:  24.66%, Time Inc.: 3.180E-06s @ element     400 in Part SYS\wall Est. Clock Time Remaining: 12s       
Cycle:     1554, Time:  4.936E-03s, Progress:  24.68%, Time Inc.: 3.180E-06s @ element     400 in Part SYS\wall Est. Clock Time Remaining: 12s       
Cycle:     1555, Time:  4.939E-03s, Progress:  24.70%, Time Inc.: 3.180E-06s @ element     400 in Part SYS\wall Est. Clock Time Remaining: 12s       
Cycle:     1556, Time:  4.942E-03s, Progress:  24.71%, Time Inc.: 3.180E-06s @ element     400 in Part SYS\wall Est. Clock Time Remaining: 12s       
Cycle:     1557, Time:  4.945E-03s, Progress:  24.73%, Time Inc.: 3.180E-06s @ element     400 in Part SYS\wall Est. Clock Time Remaining: 12s       
Cycle:     1558, Time:  4.949E-03s, Progress:  24.74%, Time Inc.: 3.180E-06s @ element     400 in Part SYS\wall Est. Clock Time Remaining: 12s       
Cycle:     1559, Time:  4.952E-03s, Progress:  24.76%, Time Inc.: 3.180E-06s @ element     400 in Part SYS\wall Est. Clock Time Remaining: 12s       
Cycle:     1560, Time:  4.955E-03s, Progress:  24.77%, Time Inc.: 3.180E-06s @ element     400 in Part SYS\wall Est. Clock Time Remaining: 12s       
Cycle:     1561, Time:  4.958E-03s, Progress:  24.79%, Time Inc.: 3.180E-06s @ element     400 in Part SYS\wall Est. Clock Time Remaining: 12s       
Cycle:     1562, Time:  4.961E-03s, Progress:  24.81%, Time Inc.: 3.180E-06s @ element     400 in Part SYS\wall Est. Clock Time Remaining: 12s       
Cycle:     1563, Time:  4.965E-03s, Progress:  24.82%, Time Inc.: 3.180E-06s @ element     400 in Part SYS\wall Est. Clock Time Remaining: 12s       
Cycle:     1564, Time:  4.968E-03s, Progress:  24.84%, Time Inc.: 3.180E-06s @ element     400 in Part SYS\wall Est. Clock Time Remaining: 12s       
Cycle:     1565, Time:  4.971E-03s, Progress:  24.85%, Time Inc.: 3.180E-06s @ element     400 in Part SYS\wall Est. Clock Time Remaining: 12s       
Cycle:     1566, Time:  4.974E-03s, Progress:  24.87%, Time Inc.: 3.180E-06s @ element     400 in Part SYS\wall Est. Clock Time Remaining: 12s       
Cycle:     1567, Time:  4.977E-03s, Progress:  24.89%, Time Inc.: 3.180E-06s @ element     400 in Part SYS\wall Est. Clock Time Remaining: 12s       
Cycle:     1568, Time:  4.980E-03s, Progress:  24.90%, Time Inc.: 3.180E-06s @ element     400 in Part SYS\wall Est. Clock Time Remaining: 12s       
Cycle:     1569, Time:  4.984E-03s, Progress:  24.92%, Time Inc.: 3.180E-06s @ element     400 in Part SYS\wall Est. Clock Time Remaining: 12s       
Cycle:     1570, Time:  4.987E-03s, Progress:  24.93%, Time Inc.: 3.180E-06s @ element     400 in Part SYS\wall Est. Clock Time Remaining: 12s       
Cycle:     1571, Time:  4.990E-03s, Progress:  24.95%, Time Inc.: 3.180E-06s @ element     400 in Part SYS\wall Est. Clock Time Remaining: 12s       
Cycle:     1572, Time:  4.993E-03s, Progress:  24.97%, Time Inc.: 3.180E-06s @ element     400 in Part SYS\wall Est. Clock Time Remaining: 12s       
Cycle:     1573, Time:  4.996E-03s, Progress:  24.98%, Time Inc.: 3.180E-06s @ element     400 in Part SYS\wall Est. Clock Time Remaining: 12s       
Cycle:     1574, Time:  5.000E-03s, Progress:  25.00%, Time Inc.: 3.180E-06s @ element     400 in Part SYS\wall Est. Clock Time Remaining: 12s       
Cycle:     1575, Time:  5.003E-03s, Progress:  25.01%, Time Inc.: 3.180E-06s @ element     400 in Part SYS\wall Est. Clock Time Remaining: 12s       
Cycle:     1576, Time:  5.006E-03s, Progress:  25.03%, Time Inc.: 3.180E-06s @ element     400 in Part SYS\wall Est. Clock Time Remaining: 12s       
Cycle:     1577, Time:  5.009E-03s, Progress:  25.05%, Time Inc.: 3.180E-06s @ element     400 in Part SYS\wall Est. Clock Time Remaining: 12s       
Cycle:     1578, Time:  5.012E-03s, Progress:  25.06%, Time Inc.: 3.180E-06s @ element     904 in Part SYS\wall Est. Clock Time Remaining: 12s       
Cycle:     1579, Time:  5.015E-03s, Progress:  25.08%, Time Inc.: 3.180E-06s @ element     904 in Part SYS\wall Est. Clock Time Remaining: 12s       
Cycle:     1580, Time:  5.019E-03s, Progress:  25.09%, Time Inc.: 3.180E-06s @ element     904 in Part SYS\wall Est. Clock Time Remaining: 12s       
Cycle:     1581, Time:  5.022E-03s, Progress:  25.11%, Time Inc.: 3.180E-06s @ element     904 in Part SYS\wall Est. Clock Time Remaining: 12s       
Cycle:     1582, Time:  5.025E-03s, Progress:  25.12%, Time Inc.: 3.180E-06s @ element     904 in Part SYS\wall Est. Clock Time Remaining: 12s       
Cycle:     1583, Time:  5.028E-03s, Progress:  25.14%, Time Inc.: 3.180E-06s @ element     904 in Part SYS\wall Est. Clock Time Remaining: 12s       
Cycle:     1584, Time:  5.031E-03s, Progress:  25.16%, Time Inc.: 3.180E-06s @ element     904 in Part SYS\wall Est. Clock Time Remaining: 12s       
Cycle:     1585, Time:  5.034E-03s, Progress:  25.17%, Time Inc.: 3.180E-06s @ element     904 in Part SYS\wall Est. Clock Time Remaining: 12s       
Cycle:     1586, Time:  5.038E-03s, Progress:  25.19%, Time Inc.: 3.180E-06s @ element     904 in Part SYS\wall Est. Clock Time Remaining: 12s       
Cycle:     1587, Time:  5.041E-03s, Progress:  25.20%, Time Inc.: 3.180E-06s @ element     904 in Part SYS\wall Est. Clock Time Remaining: 12s       
Cycle:     1588, Time:  5.044E-03s, Progress:  25.22%, Time Inc.: 3.180E-06s @ element     328 in Part SYS\wall Est. Clock Time Remaining: 12s       
Cycle:     1589, Time:  5.047E-03s, Progress:  25.24%, Time Inc.: 3.180E-06s @ element     328 in Part SYS\wall Est. Clock Time Remaining: 12s       
Cycle:     1590, Time:  5.050E-03s, Progress:  25.25%, Time Inc.: 3.180E-06s @ element     328 in Part SYS\wall Est. Clock Time Remaining: 12s       
Cycle:     1591, Time:  5.054E-03s, Progress:  25.27%, Time Inc.: 3.180E-06s @ element     328 in Part SYS\wall Est. Clock Time Remaining: 12s       
Cycle:     1592, Time:  5.057E-03s, Progress:  25.28%, Time Inc.: 3.180E-06s @ element     328 in Part SYS\wall Est. Clock Time Remaining: 12s       
Cycle:     1593, Time:  5.060E-03s, Progress:  25.30%, Time Inc.: 3.180E-06s @ element     328 in Part SYS\wall Est. Clock Time Remaining: 12s       
Cycle:     1594, Time:  5.063E-03s, Progress:  25.32%, Time Inc.: 3.180E-06s @ element     328 in Part SYS\wall Est. Clock Time Remaining: 12s       
Cycle:     1595, Time:  5.066E-03s, Progress:  25.33%, Time Inc.: 3.180E-06s @ element     328 in Part SYS\wall Est. Clock Time Remaining: 12s       
Cycle:     1596, Time:  5.069E-03s, Progress:  25.35%, Time Inc.: 3.180E-06s @ element     328 in Part SYS\wall Est. Clock Time Remaining: 12s       
Cycle:     1597, Time:  5.073E-03s, Progress:  25.36%, Time Inc.: 3.180E-06s @ element     328 in Part SYS\wall Est. Clock Time Remaining: 12s       
Cycle:     1598, Time:  5.076E-03s, Progress:  25.38%, Time Inc.: 3.180E-06s @ element     328 in Part SYS\wall Est. Clock Time Remaining: 12s       
Cycle:     1599, Time:  5.079E-03s, Progress:  25.40%, Time Inc.: 3.180E-06s @ element     328 in Part SYS\wall Est. Clock Time Remaining: 12s       
Cycle:     1600, Time:  5.082E-03s, Progress:  25.41%, Time Inc.: 3.180E-06s @ element     328 in Part SYS\wall Est. Clock Time Remaining: 12s       
Cycle:     1601, Time:  5.085E-03s, Progress:  25.43%, Time Inc.: 3.180E-06s @ element     328 in Part SYS\wall Est. Clock Time Remaining: 12s       
Cycle:     1602, Time:  5.089E-03s, Progress:  25.44%, Time Inc.: 3.180E-06s @ element     328 in Part SYS\wall Est. Clock Time Remaining: 12s       
Cycle:     1603, Time:  5.092E-03s, Progress:  25.46%, Time Inc.: 3.180E-06s @ element     328 in Part SYS\wall Est. Clock Time Remaining: 12s       
Cycle:     1604, Time:  5.095E-03s, Progress:  25.47%, Time Inc.: 3.180E-06s @ element     242 in Part SYS\wall Est. Clock Time Remaining: 12s       
Cycle:     1605, Time:  5.098E-03s, Progress:  25.49%, Time Inc.: 3.180E-06s @ element     242 in Part SYS\wall Est. Clock Time Remaining: 12s       
Cycle:     1606, Time:  5.101E-03s, Progress:  25.51%, Time Inc.: 3.180E-06s @ element     242 in Part SYS\wall Est. Clock Time Remaining: 12s       
Cycle:     1607, Time:  5.104E-03s, Progress:  25.52%, Time Inc.: 3.180E-06s @ element     242 in Part SYS\wall Est. Clock Time Remaining: 12s       
Cycle:     1608, Time:  5.108E-03s, Progress:  25.54%, Time Inc.: 3.180E-06s @ element     242 in Part SYS\wall Est. Clock Time Remaining: 12s       
Cycle:     1609, Time:  5.111E-03s, Progress:  25.55%, Time Inc.: 3.180E-06s @ element     242 in Part SYS\wall Est. Clock Time Remaining: 12s       
Cycle:     1610, Time:  5.114E-03s, Progress:  25.57%, Time Inc.: 3.180E-06s @ element    1104 in Part SYS\wall Est. Clock Time Remaining: 12s       
Cycle:     1611, Time:  5.117E-03s, Progress:  25.59%, Time Inc.: 3.180E-06s @ element    1104 in Part SYS\wall Est. Clock Time Remaining: 12s       
Cycle:     1612, Time:  5.120E-03s, Progress:  25.60%, Time Inc.: 3.180E-06s @ element    1104 in Part SYS\wall Est. Clock Time Remaining: 12s       
Cycle:     1613, Time:  5.124E-03s, Progress:  25.62%, Time Inc.: 3.180E-06s @ element     170 in Part SYS\wall Est. Clock Time Remaining: 12s       
Cycle:     1614, Time:  5.127E-03s, Progress:  25.63%, Time Inc.: 3.180E-06s @ element     170 in Part SYS\wall Est. Clock Time Remaining: 12s       
Cycle:     1615, Time:  5.130E-03s, Progress:  25.65%, Time Inc.: 3.180E-06s @ element     170 in Part SYS\wall Est. Clock Time Remaining: 12s       
Cycle:     1616, Time:  5.133E-03s, Progress:  25.67%, Time Inc.: 3.180E-06s @ element     170 in Part SYS\wall Est. Clock Time Remaining: 12s       
Cycle:     1617, Time:  5.136E-03s, Progress:  25.68%, Time Inc.: 3.180E-06s @ element     170 in Part SYS\wall Est. Clock Time Remaining: 12s       
Cycle:     1618, Time:  5.139E-03s, Progress:  25.70%, Time Inc.: 3.180E-06s @ element    1142 in Part SYS\wall Est. Clock Time Remaining: 12s       
Cycle:     1619, Time:  5.143E-03s, Progress:  25.71%, Time Inc.: 3.180E-06s @ element    1142 in Part SYS\wall Est. Clock Time Remaining: 12s       
Cycle:     1620, Time:  5.146E-03s, Progress:  25.73%, Time Inc.: 3.180E-06s @ element    1142 in Part SYS\wall Est. Clock Time Remaining: 12s       
Cycle:     1621, Time:  5.149E-03s, Progress:  25.74%, Time Inc.: 3.180E-06s @ element    1142 in Part SYS\wall Est. Clock Time Remaining: 12s       
Cycle:     1622, Time:  5.152E-03s, Progress:  25.76%, Time Inc.: 3.180E-06s @ element    1142 in Part SYS\wall Est. Clock Time Remaining: 12s       
Cycle:     1623, Time:  5.155E-03s, Progress:  25.78%, Time Inc.: 3.180E-06s @ element    1142 in Part SYS\wall Est. Clock Time Remaining: 12s       
Cycle:     1624, Time:  5.159E-03s, Progress:  25.79%, Time Inc.: 3.180E-06s @ element    1142 in Part SYS\wall Est. Clock Time Remaining: 12s       
Cycle:     1625, Time:  5.162E-03s, Progress:  25.81%, Time Inc.: 3.180E-06s @ element    1142 in Part SYS\wall Est. Clock Time Remaining: 12s       
Cycle:     1626, Time:  5.165E-03s, Progress:  25.82%, Time Inc.: 3.180E-06s @ element      61 in Part SYS\wall Est. Clock Time Remaining: 12s       
Cycle:     1627, Time:  5.168E-03s, Progress:  25.84%, Time Inc.: 3.180E-06s @ element      61 in Part SYS\wall Est. Clock Time Remaining: 12s       
Cycle:     1628, Time:  5.171E-03s, Progress:  25.86%, Time Inc.: 3.180E-06s @ element      61 in Part SYS\wall Est. Clock Time Remaining: 12s       
Cycle:     1629, Time:  5.174E-03s, Progress:  25.87%, Time Inc.: 3.180E-06s @ element      61 in Part SYS\wall Est. Clock Time Remaining: 12s       
Cycle:     1630, Time:  5.178E-03s, Progress:  25.89%, Time Inc.: 3.180E-06s @ element      61 in Part SYS\wall Est. Clock Time Remaining: 12s       
Cycle:     1631, Time:  5.181E-03s, Progress:  25.90%, Time Inc.: 3.180E-06s @ element      61 in Part SYS\wall Est. Clock Time Remaining: 12s       
Cycle:     1632, Time:  5.184E-03s, Progress:  25.92%, Time Inc.: 3.180E-06s @ element      61 in Part SYS\wall Est. Clock Time Remaining: 12s       
Cycle:     1633, Time:  5.187E-03s, Progress:  25.94%, Time Inc.: 3.180E-06s @ element    1249 in Part SYS\wall Est. Clock Time Remaining: 12s       
Cycle:     1634, Time:  5.190E-03s, Progress:  25.95%, Time Inc.: 3.180E-06s @ element    1249 in Part SYS\wall Est. Clock Time Remaining: 12s       
Cycle:     1635, Time:  5.193E-03s, Progress:  25.97%, Time Inc.: 3.180E-06s @ element    1249 in Part SYS\wall Est. Clock Time Remaining: 12s       
Cycle:     1636, Time:  5.197E-03s, Progress:  25.98%, Time Inc.: 3.180E-06s @ element    1249 in Part SYS\wall Est. Clock Time Remaining: 12s       
Cycle:     1637, Time:  5.200E-03s, Progress:  26.00%, Time Inc.: 3.180E-06s @ element    1249 in Part SYS\wall Est. Clock Time Remaining: 12s       
Cycle:     1638, Time:  5.203E-03s, Progress:  26.02%, Time Inc.: 3.180E-06s @ element    1249 in Part SYS\wall Est. Clock Time Remaining: 12s       
Cycle:     1639, Time:  5.206E-03s, Progress:  26.03%, Time Inc.: 3.180E-06s @ element    1249 in Part SYS\wall Est. Clock Time Remaining: 12s       
Cycle:     1640, Time:  5.209E-03s, Progress:  26.05%, Time Inc.: 3.180E-06s @ element    1249 in Part SYS\wall Est. Clock Time Remaining: 12s       
Cycle:     1641, Time:  5.213E-03s, Progress:  26.06%, Time Inc.: 3.180E-06s @ element    1249 in Part SYS\wall Est. Clock Time Remaining: 12s       
Cycle:     1642, Time:  5.216E-03s, Progress:  26.08%, Time Inc.: 3.180E-06s @ element    1249 in Part SYS\wall Est. Clock Time Remaining: 12s       
Cycle:     1643, Time:  5.219E-03s, Progress:  26.09%, Time Inc.: 3.180E-06s @ element    1249 in Part SYS\wall Est. Clock Time Remaining: 12s       
Cycle:     1644, Time:  5.222E-03s, Progress:  26.11%, Time Inc.: 3.180E-06s @ element    1249 in Part SYS\wall Est. Clock Time Remaining: 12s       
Cycle:     1645, Time:  5.225E-03s, Progress:  26.13%, Time Inc.: 3.180E-06s @ element    1249 in Part SYS\wall Est. Clock Time Remaining: 12s       
Cycle:     1646, Time:  5.228E-03s, Progress:  26.14%, Time Inc.: 3.180E-06s @ element    1249 in Part SYS\wall Est. Clock Time Remaining: 12s       
Cycle:     1647, Time:  5.232E-03s, Progress:  26.16%, Time Inc.: 3.180E-06s @ element    1249 in Part SYS\wall Est. Clock Time Remaining: 12s       
Cycle:     1648, Time:  5.235E-03s, Progress:  26.17%, Time Inc.: 3.180E-06s @ element    1249 in Part SYS\wall Est. Clock Time Remaining: 12s       
Cycle:     1649, Time:  5.238E-03s, Progress:  26.19%, Time Inc.: 3.180E-06s @ element    1249 in Part SYS\wall Est. Clock Time Remaining: 12s       
Cycle:     1650, Time:  5.241E-03s, Progress:  26.21%, Time Inc.: 3.180E-06s @ element    1249 in Part SYS\wall Est. Clock Time Remaining: 12s       
Cycle:     1651, Time:  5.244E-03s, Progress:  26.22%, Time Inc.: 3.180E-06s @ element      61 in Part SYS\wall Est. Clock Time Remaining: 12s       
Cycle:     1652, Time:  5.248E-03s, Progress:  26.24%, Time Inc.: 3.180E-06s @ element      61 in Part SYS\wall Est. Clock Time Remaining: 12s       
Cycle:     1653, Time:  5.251E-03s, Progress:  26.25%, Time Inc.: 3.180E-06s @ element      61 in Part SYS\wall Est. Clock Time Remaining: 12s       
Cycle:     1654, Time:  5.254E-03s, Progress:  26.27%, Time Inc.: 3.180E-06s @ element      61 in Part SYS\wall Est. Clock Time Remaining: 12s       
Cycle:     1655, Time:  5.257E-03s, Progress:  26.29%, Time Inc.: 3.180E-06s @ element      61 in Part SYS\wall Est. Clock Time Remaining: 12s       
Cycle:     1656, Time:  5.260E-03s, Progress:  26.30%, Time Inc.: 3.180E-06s @ element      61 in Part SYS\wall Est. Clock Time Remaining: 12s       
Cycle:     1657, Time:  5.263E-03s, Progress:  26.32%, Time Inc.: 3.180E-06s @ element      61 in Part SYS\wall Est. Clock Time Remaining: 12s       
Cycle:     1658, Time:  5.267E-03s, Progress:  26.33%, Time Inc.: 3.180E-06s @ element      61 in Part SYS\wall Est. Clock Time Remaining: 12s       
Cycle:     1659, Time:  5.270E-03s, Progress:  26.35%, Time Inc.: 3.180E-06s @ element      61 in Part SYS\wall Est. Clock Time Remaining: 12s       
Cycle:     1660, Time:  5.273E-03s, Progress:  26.36%, Time Inc.: 3.180E-06s @ element      61 in Part SYS\wall Est. Clock Time Remaining: 12s       
Cycle:     1661, Time:  5.276E-03s, Progress:  26.38%, Time Inc.: 3.180E-06s @ element      61 in Part SYS\wall Est. Clock Time Remaining: 12s       
Cycle:     1662, Time:  5.279E-03s, Progress:  26.40%, Time Inc.: 3.180E-06s @ element      61 in Part SYS\wall Est. Clock Time Remaining: 12s       
Cycle:     1663, Time:  5.283E-03s, Progress:  26.41%, Time Inc.: 3.180E-06s @ element      61 in Part SYS\wall Est. Clock Time Remaining: 12s       
Cycle:     1664, Time:  5.286E-03s, Progress:  26.43%, Time Inc.: 3.180E-06s @ element      61 in Part SYS\wall Est. Clock Time Remaining: 12s       
Cycle:     1665, Time:  5.289E-03s, Progress:  26.44%, Time Inc.: 3.180E-06s @ element      61 in Part SYS\wall Est. Clock Time Remaining: 12s       
Cycle:     1666, Time:  5.292E-03s, Progress:  26.46%, Time Inc.: 3.180E-06s @ element      61 in Part SYS\wall Est. Clock Time Remaining: 12s       
Cycle:     1667, Time:  5.295E-03s, Progress:  26.48%, Time Inc.: 3.180E-06s @ element      61 in Part SYS\wall Est. Clock Time Remaining: 12s       
Cycle:     1668, Time:  5.298E-03s, Progress:  26.49%, Time Inc.: 3.180E-06s @ element      61 in Part SYS\wall Est. Clock Time Remaining: 12s       
Cycle:     1669, Time:  5.302E-03s, Progress:  26.51%, Time Inc.: 3.180E-06s @ element      61 in Part SYS\wall Est. Clock Time Remaining: 12s       
Cycle:     1670, Time:  5.305E-03s, Progress:  26.52%, Time Inc.: 3.180E-06s @ element      61 in Part SYS\wall Est. Clock Time Remaining: 12s       
Cycle:     1671, Time:  5.308E-03s, Progress:  26.54%, Time Inc.: 3.180E-06s @ element      61 in Part SYS\wall Est. Clock Time Remaining: 12s       
Cycle:     1672, Time:  5.311E-03s, Progress:  26.56%, Time Inc.: 3.180E-06s @ element      61 in Part SYS\wall Est. Clock Time Remaining: 12s       
Cycle:     1673, Time:  5.314E-03s, Progress:  26.57%, Time Inc.: 3.180E-06s @ element      61 in Part SYS\wall Est. Clock Time Remaining: 12s       
Cycle:     1674, Time:  5.318E-03s, Progress:  26.59%, Time Inc.: 3.180E-06s @ element      61 in Part SYS\wall Est. Clock Time Remaining: 12s       
Cycle:     1675, Time:  5.321E-03s, Progress:  26.60%, Time Inc.: 3.180E-06s @ element      61 in Part SYS\wall Est. Clock Time Remaining: 12s       
Cycle:     1676, Time:  5.324E-03s, Progress:  26.62%, Time Inc.: 3.180E-06s @ element    1249 in Part SYS\wall Est. Clock Time Remaining: 12s       
Cycle:     1677, Time:  5.327E-03s, Progress:  26.64%, Time Inc.: 3.180E-06s @ element    1249 in Part SYS\wall Est. Clock Time Remaining: 12s       
Cycle:     1678, Time:  5.330E-03s, Progress:  26.65%, Time Inc.: 3.180E-06s @ element    1249 in Part SYS\wall Est. Clock Time Remaining: 12s       
Cycle:     1679, Time:  5.333E-03s, Progress:  26.67%, Time Inc.: 3.180E-06s @ element    1249 in Part SYS\wall Est. Clock Time Remaining: 12s       
Cycle:     1680, Time:  5.337E-03s, Progress:  26.68%, Time Inc.: 3.180E-06s @ element    1249 in Part SYS\wall Est. Clock Time Remaining: 12s       
Cycle:     1681, Time:  5.340E-03s, Progress:  26.70%, Time Inc.: 3.180E-06s @ element    1249 in Part SYS\wall Est. Clock Time Remaining: 12s       
Cycle:     1682, Time:  5.343E-03s, Progress:  26.71%, Time Inc.: 3.180E-06s @ element    1249 in Part SYS\wall Est. Clock Time Remaining: 12s       
Cycle:     1683, Time:  5.346E-03s, Progress:  26.73%, Time Inc.: 3.180E-06s @ element    1249 in Part SYS\wall Est. Clock Time Remaining: 12s       
Cycle:     1684, Time:  5.349E-03s, Progress:  26.75%, Time Inc.: 3.180E-06s @ element    1249 in Part SYS\wall Est. Clock Time Remaining: 12s       
Cycle:     1685, Time:  5.352E-03s, Progress:  26.76%, Time Inc.: 3.180E-06s @ element    1249 in Part SYS\wall Est. Clock Time Remaining: 12s       
Cycle:     1686, Time:  5.356E-03s, Progress:  26.78%, Time Inc.: 3.180E-06s @ element    1249 in Part SYS\wall Est. Clock Time Remaining: 12s       
Cycle:     1687, Time:  5.359E-03s, Progress:  26.79%, Time Inc.: 3.180E-06s @ element    1249 in Part SYS\wall Est. Clock Time Remaining: 12s       
Cycle:     1688, Time:  5.362E-03s, Progress:  26.81%, Time Inc.: 3.180E-06s @ element    1249 in Part SYS\wall Est. Clock Time Remaining: 12s       
Cycle:     1689, Time:  5.365E-03s, Progress:  26.83%, Time Inc.: 3.180E-06s @ element    1249 in Part SYS\wall Est. Clock Time Remaining: 12s       
Cycle:     1690, Time:  5.368E-03s, Progress:  26.84%, Time Inc.: 3.180E-06s @ element    1249 in Part SYS\wall Est. Clock Time Remaining: 12s       
Cycle:     1691, Time:  5.372E-03s, Progress:  26.86%, Time Inc.: 3.180E-06s @ element    1249 in Part SYS\wall Est. Clock Time Remaining: 12s       
Cycle:     1692, Time:  5.375E-03s, Progress:  26.87%, Time Inc.: 3.180E-06s @ element    1249 in Part SYS\wall Est. Clock Time Remaining: 12s       
Cycle:     1693, Time:  5.378E-03s, Progress:  26.89%, Time Inc.: 3.180E-06s @ element    1249 in Part SYS\wall Est. Clock Time Remaining: 12s       
Cycle:     1694, Time:  5.381E-03s, Progress:  26.91%, Time Inc.: 3.180E-06s @ element    1249 in Part SYS\wall Est. Clock Time Remaining: 12s       
Cycle:     1695, Time:  5.384E-03s, Progress:  26.92%, Time Inc.: 3.180E-06s @ element    1249 in Part SYS\wall Est. Clock Time Remaining: 12s       
Cycle:     1696, Time:  5.387E-03s, Progress:  26.94%, Time Inc.: 3.180E-06s @ element    1249 in Part SYS\wall Est. Clock Time Remaining: 12s       
Cycle:     1697, Time:  5.391E-03s, Progress:  26.95%, Time Inc.: 3.180E-06s @ element    1249 in Part SYS\wall Est. Clock Time Remaining: 12s       
Cycle:     1698, Time:  5.394E-03s, Progress:  26.97%, Time Inc.: 3.180E-06s @ element    1249 in Part SYS\wall Est. Clock Time Remaining: 12s       
Cycle:     1699, Time:  5.397E-03s, Progress:  26.98%, Time Inc.: 3.180E-06s @ element    1249 in Part SYS\wall Est. Clock Time Remaining: 12s       
Cycle:     1700, Time:  5.400E-03s, Progress:  27.00%, Time Inc.: 3.180E-06s @ element    1249 in Part SYS\wall Est. Clock Time Remaining: 12s       
Cycle:     1701, Time:  5.403E-03s, Progress:  27.02%, Time Inc.: 3.180E-06s @ element    1249 in Part SYS\wall Est. Clock Time Remaining: 12s       
Cycle:     1702, Time:  5.407E-03s, Progress:  27.03%, Time Inc.: 3.180E-06s @ element    1249 in Part SYS\wall Est. Clock Time Remaining: 12s       
Cycle:     1703, Time:  5.410E-03s, Progress:  27.05%, Time Inc.: 3.180E-06s @ element    1249 in Part SYS\wall Est. Clock Time Remaining: 12s       
Cycle:     1704, Time:  5.413E-03s, Progress:  27.06%, Time Inc.: 3.180E-06s @ element    1249 in Part SYS\wall Est. Clock Time Remaining: 12s       
Cycle:     1705, Time:  5.416E-03s, Progress:  27.08%, Time Inc.: 3.180E-06s @ element    1249 in Part SYS\wall Est. Clock Time Remaining: 12s       
Cycle:     1706, Time:  5.419E-03s, Progress:  27.10%, Time Inc.: 3.180E-06s @ element    1249 in Part SYS\wall Est. Clock Time Remaining: 12s       
Cycle:     1707, Time:  5.422E-03s, Progress:  27.11%, Time Inc.: 3.180E-06s @ element    1249 in Part SYS\wall Est. Clock Time Remaining: 12s       
Cycle:     1708, Time:  5.426E-03s, Progress:  27.13%, Time Inc.: 3.180E-06s @ element    1249 in Part SYS\wall Est. Clock Time Remaining: 12s       
Cycle:     1709, Time:  5.429E-03s, Progress:  27.14%, Time Inc.: 3.180E-06s @ element    1249 in Part SYS\wall Est. Clock Time Remaining: 12s       
Cycle:     1710, Time:  5.432E-03s, Progress:  27.16%, Time Inc.: 3.180E-06s @ element    1249 in Part SYS\wall Est. Clock Time Remaining: 12s       
Cycle:     1711, Time:  5.435E-03s, Progress:  27.18%, Time Inc.: 3.180E-06s @ element    1249 in Part SYS\wall Est. Clock Time Remaining: 12s       
Cycle:     1712, Time:  5.438E-03s, Progress:  27.19%, Time Inc.: 3.180E-06s @ element    1249 in Part SYS\wall Est. Clock Time Remaining: 12s       
Cycle:     1713, Time:  5.442E-03s, Progress:  27.21%, Time Inc.: 3.180E-06s @ element    1249 in Part SYS\wall Est. Clock Time Remaining: 12s       
Cycle:     1714, Time:  5.445E-03s, Progress:  27.22%, Time Inc.: 3.180E-06s @ element    1249 in Part SYS\wall Est. Clock Time Remaining: 12s       
Cycle:     1715, Time:  5.448E-03s, Progress:  27.24%, Time Inc.: 3.180E-06s @ element    1247 in Part SYS\wall Est. Clock Time Remaining: 12s       
Cycle:     1716, Time:  5.451E-03s, Progress:  27.26%, Time Inc.: 3.180E-06s @ element    1247 in Part SYS\wall Est. Clock Time Remaining: 12s       
Cycle:     1717, Time:  5.454E-03s, Progress:  27.27%, Time Inc.: 3.180E-06s @ element    1247 in Part SYS\wall Est. Clock Time Remaining: 12s       
Cycle:     1718, Time:  5.457E-03s, Progress:  27.29%, Time Inc.: 3.180E-06s @ element    1249 in Part SYS\wall Est. Clock Time Remaining: 12s       
Cycle:     1719, Time:  5.461E-03s, Progress:  27.30%, Time Inc.: 3.180E-06s @ element    1249 in Part SYS\wall Est. Clock Time Remaining: 12s       
Cycle:     1720, Time:  5.464E-03s, Progress:  27.32%, Time Inc.: 3.180E-06s @ element    1249 in Part SYS\wall Est. Clock Time Remaining: 12s       
Cycle:     1721, Time:  5.467E-03s, Progress:  27.33%, Time Inc.: 3.180E-06s @ element    1249 in Part SYS\wall Est. Clock Time Remaining: 12s       
Cycle:     1722, Time:  5.470E-03s, Progress:  27.35%, Time Inc.: 3.180E-06s @ element    1249 in Part SYS\wall Est. Clock Time Remaining: 12s       
Cycle:     1723, Time:  5.473E-03s, Progress:  27.37%, Time Inc.: 3.180E-06s @ element    1249 in Part SYS\wall Est. Clock Time Remaining: 12s       
Cycle:     1724, Time:  5.476E-03s, Progress:  27.38%, Time Inc.: 3.180E-06s @ element    1249 in Part SYS\wall Est. Clock Time Remaining: 12s       
Cycle:     1725, Time:  5.480E-03s, Progress:  27.40%, Time Inc.: 3.180E-06s @ element    1249 in Part SYS\wall Est. Clock Time Remaining: 12s       
Cycle:     1726, Time:  5.483E-03s, Progress:  27.41%, Time Inc.: 3.180E-06s @ element      61 in Part SYS\wall Est. Clock Time Remaining: 12s       
Cycle:     1727, Time:  5.486E-03s, Progress:  27.43%, Time Inc.: 3.180E-06s @ element      61 in Part SYS\wall Est. Clock Time Remaining: 12s       
Cycle:     1728, Time:  5.489E-03s, Progress:  27.45%, Time Inc.: 3.180E-06s @ element      61 in Part SYS\wall Est. Clock Time Remaining: 12s       
Cycle:     1729, Time:  5.492E-03s, Progress:  27.46%, Time Inc.: 3.180E-06s @ element      61 in Part SYS\wall Est. Clock Time Remaining: 12s       
Cycle:     1730, Time:  5.496E-03s, Progress:  27.48%, Time Inc.: 3.180E-06s @ element      61 in Part SYS\wall Est. Clock Time Remaining: 12s       
Cycle:     1731, Time:  5.499E-03s, Progress:  27.49%, Time Inc.: 3.180E-06s @ element      61 in Part SYS\wall Est. Clock Time Remaining: 12s       
Cycle:     1732, Time:  5.502E-03s, Progress:  27.51%, Time Inc.: 3.180E-06s @ element      61 in Part SYS\wall Est. Clock Time Remaining: 12s       
Cycle:     1733, Time:  5.505E-03s, Progress:  27.53%, Time Inc.: 3.180E-06s @ element      61 in Part SYS\wall Est. Clock Time Remaining: 12s       
Cycle:     1734, Time:  5.508E-03s, Progress:  27.54%, Time Inc.: 3.180E-06s @ element      61 in Part SYS\wall Est. Clock Time Remaining: 12s       
Cycle:     1735, Time:  5.511E-03s, Progress:  27.56%, Time Inc.: 3.180E-06s @ element      61 in Part SYS\wall Est. Clock Time Remaining: 12s       
Cycle:     1736, Time:  5.515E-03s, Progress:  27.57%, Time Inc.: 3.180E-06s @ element      61 in Part SYS\wall Est. Clock Time Remaining: 12s       
Cycle:     1737, Time:  5.518E-03s, Progress:  27.59%, Time Inc.: 3.180E-06s @ element      61 in Part SYS\wall Est. Clock Time Remaining: 12s       
Cycle:     1738, Time:  5.521E-03s, Progress:  27.61%, Time Inc.: 3.180E-06s @ element      61 in Part SYS\wall Est. Clock Time Remaining: 12s       
Cycle:     1739, Time:  5.524E-03s, Progress:  27.62%, Time Inc.: 3.180E-06s @ element      61 in Part SYS\wall Est. Clock Time Remaining: 12s       
Cycle:     1740, Time:  5.527E-03s, Progress:  27.64%, Time Inc.: 3.180E-06s @ element      61 in Part SYS\wall Est. Clock Time Remaining: 12s       
Cycle:     1741, Time:  5.531E-03s, Progress:  27.65%, Time Inc.: 3.180E-06s @ element      61 in Part SYS\wall Est. Clock Time Remaining: 12s       
Cycle:     1742, Time:  5.534E-03s, Progress:  27.67%, Time Inc.: 3.180E-06s @ element      61 in Part SYS\wall Est. Clock Time Remaining: 12s       
Cycle:     1743, Time:  5.537E-03s, Progress:  27.68%, Time Inc.: 3.180E-06s @ element      61 in Part SYS\wall Est. Clock Time Remaining: 12s       
Cycle:     1744, Time:  5.540E-03s, Progress:  27.70%, Time Inc.: 3.180E-06s @ element      61 in Part SYS\wall Est. Clock Time Remaining: 12s       
Cycle:     1745, Time:  5.543E-03s, Progress:  27.72%, Time Inc.: 3.180E-06s @ element      61 in Part SYS\wall Est. Clock Time Remaining: 12s       
Cycle:     1746, Time:  5.546E-03s, Progress:  27.73%, Time Inc.: 3.180E-06s @ element      61 in Part SYS\wall Est. Clock Time Remaining: 12s       
Cycle:     1747, Time:  5.550E-03s, Progress:  27.75%, Time Inc.: 3.180E-06s @ element      61 in Part SYS\wall Est. Clock Time Remaining: 12s       
Cycle:     1748, Time:  5.553E-03s, Progress:  27.76%, Time Inc.: 3.180E-06s @ element      61 in Part SYS\wall Est. Clock Time Remaining: 12s       
Cycle:     1749, Time:  5.556E-03s, Progress:  27.78%, Time Inc.: 3.180E-06s @ element    1249 in Part SYS\wall Est. Clock Time Remaining: 12s       
Cycle:     1750, Time:  5.559E-03s, Progress:  27.80%, Time Inc.: 3.180E-06s @ element    1249 in Part SYS\wall Est. Clock Time Remaining: 12s       
Cycle:     1751, Time:  5.562E-03s, Progress:  27.81%, Time Inc.: 3.180E-06s @ element    1249 in Part SYS\wall Est. Clock Time Remaining: 12s       
Cycle:     1752, Time:  5.566E-03s, Progress:  27.83%, Time Inc.: 3.180E-06s @ element    1249 in Part SYS\wall Est. Clock Time Remaining: 11s       
Cycle:     1753, Time:  5.569E-03s, Progress:  27.84%, Time Inc.: 3.180E-06s @ element    1249 in Part SYS\wall Est. Clock Time Remaining: 11s       
Cycle:     1754, Time:  5.572E-03s, Progress:  27.86%, Time Inc.: 3.180E-06s @ element    1249 in Part SYS\wall Est. Clock Time Remaining: 11s       
Cycle:     1755, Time:  5.575E-03s, Progress:  27.88%, Time Inc.: 3.180E-06s @ element    1249 in Part SYS\wall Est. Clock Time Remaining: 11s       
Cycle:     1756, Time:  5.578E-03s, Progress:  27.89%, Time Inc.: 3.180E-06s @ element    1249 in Part SYS\wall Est. Clock Time Remaining: 11s       
Cycle:     1757, Time:  5.581E-03s, Progress:  27.91%, Time Inc.: 3.180E-06s @ element    1249 in Part SYS\wall Est. Clock Time Remaining: 11s       
Cycle:     1758, Time:  5.585E-03s, Progress:  27.92%, Time Inc.: 3.180E-06s @ element    1249 in Part SYS\wall Est. Clock Time Remaining: 11s       
Cycle:     1759, Time:  5.588E-03s, Progress:  27.94%, Time Inc.: 3.180E-06s @ element    1249 in Part SYS\wall Est. Clock Time Remaining: 11s       
Cycle:     1760, Time:  5.591E-03s, Progress:  27.95%, Time Inc.: 3.180E-06s @ element    1249 in Part SYS\wall Est. Clock Time Remaining: 11s       
Cycle:     1761, Time:  5.594E-03s, Progress:  27.97%, Time Inc.: 3.180E-06s @ element    1249 in Part SYS\wall Est. Clock Time Remaining: 11s       
Cycle:     1762, Time:  5.597E-03s, Progress:  27.99%, Time Inc.: 3.180E-06s @ element     295 in Part SYS\wall Est. Clock Time Remaining: 11s       
Cycle:     1763, Time:  5.601E-03s, Progress:  28.00%, Time Inc.: 3.180E-06s @ element     295 in Part SYS\wall Est. Clock Time Remaining: 11s       
Cycle:     1764, Time:  5.604E-03s, Progress:  28.02%, Time Inc.: 3.180E-06s @ element     295 in Part SYS\wall Est. Clock Time Remaining: 11s       
Cycle:     1765, Time:  5.607E-03s, Progress:  28.03%, Time Inc.: 3.180E-06s @ element     295 in Part SYS\wall Est. Clock Time Remaining: 11s       
Cycle:     1766, Time:  5.610E-03s, Progress:  28.05%, Time Inc.: 3.180E-06s @ element     295 in Part SYS\wall Est. Clock Time Remaining: 11s       
Cycle:     1767, Time:  5.613E-03s, Progress:  28.07%, Time Inc.: 3.180E-06s @ element     295 in Part SYS\wall Est. Clock Time Remaining: 11s       
Cycle:     1768, Time:  5.616E-03s, Progress:  28.08%, Time Inc.: 3.180E-06s @ element     295 in Part SYS\wall Est. Clock Time Remaining: 11s       
Cycle:     1769, Time:  5.620E-03s, Progress:  28.10%, Time Inc.: 3.180E-06s @ element     295 in Part SYS\wall Est. Clock Time Remaining: 11s       
Cycle:     1770, Time:  5.623E-03s, Progress:  28.11%, Time Inc.: 3.180E-06s @ element     295 in Part SYS\wall Est. Clock Time Remaining: 11s       
Cycle:     1771, Time:  5.626E-03s, Progress:  28.13%, Time Inc.: 3.180E-06s @ element     295 in Part SYS\wall Est. Clock Time Remaining: 11s       
Cycle:     1772, Time:  5.629E-03s, Progress:  28.15%, Time Inc.: 3.180E-06s @ element     295 in Part SYS\wall Est. Clock Time Remaining: 11s       
Cycle:     1773, Time:  5.632E-03s, Progress:  28.16%, Time Inc.: 3.180E-06s @ element     295 in Part SYS\wall Est. Clock Time Remaining: 11s       
Cycle:     1774, Time:  5.635E-03s, Progress:  28.18%, Time Inc.: 3.180E-06s @ element     295 in Part SYS\wall Est. Clock Time Remaining: 11s       
Cycle:     1775, Time:  5.639E-03s, Progress:  28.19%, Time Inc.: 3.180E-06s @ element     295 in Part SYS\wall Est. Clock Time Remaining: 11s       
Cycle:     1776, Time:  5.642E-03s, Progress:  28.21%, Time Inc.: 3.180E-06s @ element     295 in Part SYS\wall Est. Clock Time Remaining: 11s       
Cycle:     1777, Time:  5.645E-03s, Progress:  28.23%, Time Inc.: 3.180E-06s @ element     295 in Part SYS\wall Est. Clock Time Remaining: 11s       
Cycle:     1778, Time:  5.648E-03s, Progress:  28.24%, Time Inc.: 3.180E-06s @ element     295 in Part SYS\wall Est. Clock Time Remaining: 11s       
Cycle:     1779, Time:  5.651E-03s, Progress:  28.26%, Time Inc.: 3.180E-06s @ element     295 in Part SYS\wall Est. Clock Time Remaining: 11s       
Cycle:     1780, Time:  5.655E-03s, Progress:  28.27%, Time Inc.: 3.180E-06s @ element     329 in Part SYS\wall Est. Clock Time Remaining: 11s       
Cycle:     1781, Time:  5.658E-03s, Progress:  28.29%, Time Inc.: 3.180E-06s @ element     367 in Part SYS\wall Est. Clock Time Remaining: 11s       
Cycle:     1782, Time:  5.661E-03s, Progress:  28.30%, Time Inc.: 3.180E-06s @ element     367 in Part SYS\wall Est. Clock Time Remaining: 11s       
Cycle:     1783, Time:  5.664E-03s, Progress:  28.32%, Time Inc.: 3.180E-06s @ element     367 in Part SYS\wall Est. Clock Time Remaining: 11s       
Cycle:     1784, Time:  5.667E-03s, Progress:  28.34%, Time Inc.: 3.180E-06s @ element     367 in Part SYS\wall Est. Clock Time Remaining: 11s       
Cycle:     1785, Time:  5.670E-03s, Progress:  28.35%, Time Inc.: 3.180E-06s @ element     367 in Part SYS\wall Est. Clock Time Remaining: 11s       
Cycle:     1786, Time:  5.674E-03s, Progress:  28.37%, Time Inc.: 3.180E-06s @ element     367 in Part SYS\wall Est. Clock Time Remaining: 11s       
Cycle:     1787, Time:  5.677E-03s, Progress:  28.38%, Time Inc.: 3.180E-06s @ element     367 in Part SYS\wall Est. Clock Time Remaining: 11s       
Cycle:     1788, Time:  5.680E-03s, Progress:  28.40%, Time Inc.: 3.180E-06s @ element     367 in Part SYS\wall Est. Clock Time Remaining: 11s       
Cycle:     1789, Time:  5.683E-03s, Progress:  28.42%, Time Inc.: 3.180E-06s @ element     367 in Part SYS\wall Est. Clock Time Remaining: 11s       
Cycle:     1790, Time:  5.686E-03s, Progress:  28.43%, Time Inc.: 3.180E-06s @ element     367 in Part SYS\wall Est. Clock Time Remaining: 11s       
Cycle:     1791, Time:  5.690E-03s, Progress:  28.45%, Time Inc.: 3.180E-06s @ element     367 in Part SYS\wall Est. Clock Time Remaining: 11s       
Cycle:     1792, Time:  5.693E-03s, Progress:  28.46%, Time Inc.: 3.180E-06s @ element     367 in Part SYS\wall Est. Clock Time Remaining: 11s       
Cycle:     1793, Time:  5.696E-03s, Progress:  28.48%, Time Inc.: 3.180E-06s @ element     367 in Part SYS\wall Est. Clock Time Remaining: 11s       
Cycle:     1794, Time:  5.699E-03s, Progress:  28.50%, Time Inc.: 3.180E-06s @ element     367 in Part SYS\wall Est. Clock Time Remaining: 11s       
Cycle:     1795, Time:  5.702E-03s, Progress:  28.51%, Time Inc.: 3.180E-06s @ element     367 in Part SYS\wall Est. Clock Time Remaining: 11s       
Cycle:     1796, Time:  5.705E-03s, Progress:  28.53%, Time Inc.: 3.180E-06s @ element     367 in Part SYS\wall Est. Clock Time Remaining: 11s       
Cycle:     1797, Time:  5.709E-03s, Progress:  28.54%, Time Inc.: 3.180E-06s @ element     367 in Part SYS\wall Est. Clock Time Remaining: 11s       
Cycle:     1798, Time:  5.712E-03s, Progress:  28.56%, Time Inc.: 3.180E-06s @ element     367 in Part SYS\wall Est. Clock Time Remaining: 11s       
Cycle:     1799, Time:  5.715E-03s, Progress:  28.57%, Time Inc.: 3.180E-06s @ element     405 in Part SYS\wall Est. Clock Time Remaining: 11s       
Cycle:     1800, Time:  5.718E-03s, Progress:  28.59%, Time Inc.: 3.180E-06s @ element     401 in Part SYS\wall Est. Clock Time Remaining: 11s       
Cycle:     1801, Time:  5.721E-03s, Progress:  28.61%, Time Inc.: 3.180E-06s @ element     401 in Part SYS\wall Est. Clock Time Remaining: 11s       
Cycle:     1802, Time:  5.725E-03s, Progress:  28.62%, Time Inc.: 3.180E-06s @ element     401 in Part SYS\wall Est. Clock Time Remaining: 11s       
Cycle:     1803, Time:  5.728E-03s, Progress:  28.64%, Time Inc.: 3.180E-06s @ element     832 in Part SYS\wall Est. Clock Time Remaining: 11s       
Cycle:     1804, Time:  5.731E-03s, Progress:  28.65%, Time Inc.: 3.180E-06s @ element     832 in Part SYS\wall Est. Clock Time Remaining: 11s       
Cycle:     1805, Time:  5.734E-03s, Progress:  28.67%, Time Inc.: 3.180E-06s @ element     832 in Part SYS\wall Est. Clock Time Remaining: 11s       
Cycle:     1806, Time:  5.737E-03s, Progress:  28.69%, Time Inc.: 3.180E-06s @ element     832 in Part SYS\wall Est. Clock Time Remaining: 11s       
Cycle:     1807, Time:  5.740E-03s, Progress:  28.70%, Time Inc.: 3.180E-06s @ element     832 in Part SYS\wall Est. Clock Time Remaining: 11s       
Cycle:     1808, Time:  5.744E-03s, Progress:  28.72%, Time Inc.: 3.180E-06s @ element     832 in Part SYS\wall Est. Clock Time Remaining: 11s       
Cycle:     1809, Time:  5.747E-03s, Progress:  28.73%, Time Inc.: 3.180E-06s @ element     832 in Part SYS\wall Est. Clock Time Remaining: 11s       
Cycle:     1810, Time:  5.750E-03s, Progress:  28.75%, Time Inc.: 3.180E-06s @ element     832 in Part SYS\wall Est. Clock Time Remaining: 11s       
Cycle:     1811, Time:  5.753E-03s, Progress:  28.77%, Time Inc.: 3.180E-06s @ element     832 in Part SYS\wall Est. Clock Time Remaining: 11s       
Cycle:     1812, Time:  5.756E-03s, Progress:  28.78%, Time Inc.: 3.180E-06s @ element     832 in Part SYS\wall Est. Clock Time Remaining: 11s       
Cycle:     1813, Time:  5.760E-03s, Progress:  28.80%, Time Inc.: 3.180E-06s @ element     832 in Part SYS\wall Est. Clock Time Remaining: 11s       
Cycle:     1814, Time:  5.763E-03s, Progress:  28.81%, Time Inc.: 3.180E-06s @ element     832 in Part SYS\wall Est. Clock Time Remaining: 11s       
Cycle:     1815, Time:  5.766E-03s, Progress:  28.83%, Time Inc.: 3.180E-06s @ element     832 in Part SYS\wall Est. Clock Time Remaining: 11s       
Cycle:     1816, Time:  5.769E-03s, Progress:  28.85%, Time Inc.: 3.180E-06s @ element     832 in Part SYS\wall Est. Clock Time Remaining: 11s       
Cycle:     1817, Time:  5.772E-03s, Progress:  28.86%, Time Inc.: 3.180E-06s @ element     832 in Part SYS\wall Est. Clock Time Remaining: 11s       
Cycle:     1818, Time:  5.775E-03s, Progress:  28.88%, Time Inc.: 3.180E-06s @ element     832 in Part SYS\wall Est. Clock Time Remaining: 11s       
Cycle:     1819, Time:  5.779E-03s, Progress:  28.89%, Time Inc.: 3.180E-06s @ element     832 in Part SYS\wall Est. Clock Time Remaining: 11s       
Cycle:     1820, Time:  5.782E-03s, Progress:  28.91%, Time Inc.: 3.180E-06s @ element     832 in Part SYS\wall Est. Clock Time Remaining: 11s       
Cycle:     1821, Time:  5.785E-03s, Progress:  28.92%, Time Inc.: 3.180E-06s @ element     832 in Part SYS\wall Est. Clock Time Remaining: 11s       
Cycle:     1822, Time:  5.788E-03s, Progress:  28.94%, Time Inc.: 3.180E-06s @ element     832 in Part SYS\wall Est. Clock Time Remaining: 11s       
Cycle:     1823, Time:  5.791E-03s, Progress:  28.96%, Time Inc.: 3.180E-06s @ element     832 in Part SYS\wall Est. Clock Time Remaining: 11s       
Cycle:     1824, Time:  5.794E-03s, Progress:  28.97%, Time Inc.: 3.180E-06s @ element     832 in Part SYS\wall Est. Clock Time Remaining: 11s       
Cycle:     1825, Time:  5.798E-03s, Progress:  28.99%, Time Inc.: 3.180E-06s @ element     436 in Part SYS\wall Est. Clock Time Remaining: 11s       
Cycle:     1826, Time:  5.801E-03s, Progress:  29.00%, Time Inc.: 3.180E-06s @ element     436 in Part SYS\wall Est. Clock Time Remaining: 11s       
Cycle:     1827, Time:  5.804E-03s, Progress:  29.02%, Time Inc.: 3.180E-06s @ element     436 in Part SYS\wall Est. Clock Time Remaining: 11s       
Cycle:     1828, Time:  5.807E-03s, Progress:  29.04%, Time Inc.: 3.180E-06s @ element     436 in Part SYS\wall Est. Clock Time Remaining: 11s       
Cycle:     1829, Time:  5.810E-03s, Progress:  29.05%, Time Inc.: 3.180E-06s @ element     830 in Part SYS\wall Est. Clock Time Remaining: 11s       
Cycle:     1830, Time:  5.814E-03s, Progress:  29.07%, Time Inc.: 3.180E-06s @ element     830 in Part SYS\wall Est. Clock Time Remaining: 11s       
Cycle:     1831, Time:  5.817E-03s, Progress:  29.08%, Time Inc.: 3.180E-06s @ element     830 in Part SYS\wall Est. Clock Time Remaining: 11s       
Cycle:     1832, Time:  5.820E-03s, Progress:  29.10%, Time Inc.: 3.180E-06s @ element     436 in Part SYS\wall Est. Clock Time Remaining: 11s       
Cycle:     1833, Time:  5.823E-03s, Progress:  29.12%, Time Inc.: 3.180E-06s @ element     436 in Part SYS\wall Est. Clock Time Remaining: 11s       
Cycle:     1834, Time:  5.826E-03s, Progress:  29.13%, Time Inc.: 3.180E-06s @ element     436 in Part SYS\wall Est. Clock Time Remaining: 11s       
Cycle:     1835, Time:  5.829E-03s, Progress:  29.15%, Time Inc.: 3.180E-06s @ element     436 in Part SYS\wall Est. Clock Time Remaining: 11s       
Cycle:     1836, Time:  5.833E-03s, Progress:  29.16%, Time Inc.: 3.180E-06s @ element     436 in Part SYS\wall Est. Clock Time Remaining: 11s       
Cycle:     1837, Time:  5.836E-03s, Progress:  29.18%, Time Inc.: 3.180E-06s @ element     436 in Part SYS\wall Est. Clock Time Remaining: 11s       
Cycle:     1838, Time:  5.839E-03s, Progress:  29.20%, Time Inc.: 3.180E-06s @ element     436 in Part SYS\wall Est. Clock Time Remaining: 11s       
Cycle:     1839, Time:  5.842E-03s, Progress:  29.21%, Time Inc.: 3.180E-06s @ element     436 in Part SYS\wall Est. Clock Time Remaining: 11s       
Cycle:     1840, Time:  5.845E-03s, Progress:  29.23%, Time Inc.: 3.180E-06s @ element     436 in Part SYS\wall Est. Clock Time Remaining: 11s       
Cycle:     1841, Time:  5.849E-03s, Progress:  29.24%, Time Inc.: 3.180E-06s @ element     400 in Part SYS\wall Est. Clock Time Remaining: 11s       
Cycle:     1842, Time:  5.852E-03s, Progress:  29.26%, Time Inc.: 3.180E-06s @ element     400 in Part SYS\wall Est. Clock Time Remaining: 11s       
Cycle:     1843, Time:  5.855E-03s, Progress:  29.27%, Time Inc.: 3.180E-06s @ element     400 in Part SYS\wall Est. Clock Time Remaining: 11s       
Cycle:     1844, Time:  5.858E-03s, Progress:  29.29%, Time Inc.: 3.180E-06s @ element     400 in Part SYS\wall Est. Clock Time Remaining: 11s       
Cycle:     1845, Time:  5.861E-03s, Progress:  29.31%, Time Inc.: 3.180E-06s @ element     400 in Part SYS\wall Est. Clock Time Remaining: 11s       
Cycle:     1846, Time:  5.864E-03s, Progress:  29.32%, Time Inc.: 3.180E-06s @ element     400 in Part SYS\wall Est. Clock Time Remaining: 11s       
Cycle:     1847, Time:  5.868E-03s, Progress:  29.34%, Time Inc.: 3.180E-06s @ element     400 in Part SYS\wall Est. Clock Time Remaining: 11s       
Cycle:     1848, Time:  5.871E-03s, Progress:  29.35%, Time Inc.: 3.180E-06s @ element     400 in Part SYS\wall Est. Clock Time Remaining: 11s       
Cycle:     1849, Time:  5.874E-03s, Progress:  29.37%, Time Inc.: 3.180E-06s @ element     400 in Part SYS\wall Est. Clock Time Remaining: 11s       
Cycle:     1850, Time:  5.877E-03s, Progress:  29.39%, Time Inc.: 3.180E-06s @ element     400 in Part SYS\wall Est. Clock Time Remaining: 11s       
Cycle:     1851, Time:  5.880E-03s, Progress:  29.40%, Time Inc.: 3.180E-06s @ element     400 in Part SYS\wall Est. Clock Time Remaining: 11s       
Cycle:     1852, Time:  5.884E-03s, Progress:  29.42%, Time Inc.: 3.180E-06s @ element     400 in Part SYS\wall Est. Clock Time Remaining: 11s       
Cycle:     1853, Time:  5.887E-03s, Progress:  29.43%, Time Inc.: 3.180E-06s @ element     400 in Part SYS\wall Est. Clock Time Remaining: 11s       
Cycle:     1854, Time:  5.890E-03s, Progress:  29.45%, Time Inc.: 3.180E-06s @ element     400 in Part SYS\wall Est. Clock Time Remaining: 11s       
Cycle:     1855, Time:  5.893E-03s, Progress:  29.47%, Time Inc.: 3.180E-06s @ element     400 in Part SYS\wall Est. Clock Time Remaining: 11s       
Cycle:     1856, Time:  5.896E-03s, Progress:  29.48%, Time Inc.: 3.180E-06s @ element     400 in Part SYS\wall Est. Clock Time Remaining: 11s       
Cycle:     1857, Time:  5.899E-03s, Progress:  29.50%, Time Inc.: 3.180E-06s @ element     400 in Part SYS\wall Est. Clock Time Remaining: 11s       
Cycle:     1858, Time:  5.903E-03s, Progress:  29.51%, Time Inc.: 3.180E-06s @ element    1148 in Part SYS\wall Est. Clock Time Remaining: 11s       
Cycle:     1859, Time:  5.906E-03s, Progress:  29.53%, Time Inc.: 3.180E-06s @ element    1148 in Part SYS\wall Est. Clock Time Remaining: 11s       
Cycle:     1860, Time:  5.909E-03s, Progress:  29.54%, Time Inc.: 3.180E-06s @ element    1114 in Part SYS\wall Est. Clock Time Remaining: 11s       
Cycle:     1861, Time:  5.912E-03s, Progress:  29.56%, Time Inc.: 3.180E-06s @ element    1114 in Part SYS\wall Est. Clock Time Remaining: 11s       
Cycle:     1862, Time:  5.915E-03s, Progress:  29.58%, Time Inc.: 3.180E-06s @ element    1114 in Part SYS\wall Est. Clock Time Remaining: 11s       
Cycle:     1863, Time:  5.919E-03s, Progress:  29.59%, Time Inc.: 3.180E-06s @ element    1114 in Part SYS\wall Est. Clock Time Remaining: 11s       
Cycle:     1864, Time:  5.922E-03s, Progress:  29.61%, Time Inc.: 3.180E-06s @ element    1114 in Part SYS\wall Est. Clock Time Remaining: 11s       
Cycle:     1865, Time:  5.925E-03s, Progress:  29.62%, Time Inc.: 3.180E-06s @ element    1114 in Part SYS\wall Est. Clock Time Remaining: 11s       
Cycle:     1866, Time:  5.928E-03s, Progress:  29.64%, Time Inc.: 3.180E-06s @ element    1114 in Part SYS\wall Est. Clock Time Remaining: 11s       
Cycle:     1867, Time:  5.931E-03s, Progress:  29.66%, Time Inc.: 3.180E-06s @ element    1114 in Part SYS\wall Est. Clock Time Remaining: 11s       
Cycle:     1868, Time:  5.934E-03s, Progress:  29.67%, Time Inc.: 3.180E-06s @ element    1114 in Part SYS\wall Est. Clock Time Remaining: 11s       
Cycle:     1869, Time:  5.938E-03s, Progress:  29.69%, Time Inc.: 3.180E-06s @ element    1114 in Part SYS\wall Est. Clock Time Remaining: 11s       
Cycle:     1870, Time:  5.941E-03s, Progress:  29.70%, Time Inc.: 3.180E-06s @ element    1114 in Part SYS\wall Est. Clock Time Remaining: 11s       
Cycle:     1871, Time:  5.944E-03s, Progress:  29.72%, Time Inc.: 3.180E-06s @ element    1114 in Part SYS\wall Est. Clock Time Remaining: 11s       
Cycle:     1872, Time:  5.947E-03s, Progress:  29.74%, Time Inc.: 3.180E-06s @ element    1114 in Part SYS\wall Est. Clock Time Remaining: 11s       
Cycle:     1873, Time:  5.950E-03s, Progress:  29.75%, Time Inc.: 3.180E-06s @ element    1114 in Part SYS\wall Est. Clock Time Remaining: 11s       
Cycle:     1874, Time:  5.953E-03s, Progress:  29.77%, Time Inc.: 3.180E-06s @ element    1114 in Part SYS\wall Est. Clock Time Remaining: 11s       
Cycle:     1875, Time:  5.957E-03s, Progress:  29.78%, Time Inc.: 3.180E-06s @ element    1114 in Part SYS\wall Est. Clock Time Remaining: 11s       
Cycle:     1876, Time:  5.960E-03s, Progress:  29.80%, Time Inc.: 3.180E-06s @ element    1114 in Part SYS\wall Est. Clock Time Remaining: 11s       
Cycle:     1877, Time:  5.963E-03s, Progress:  29.82%, Time Inc.: 3.180E-06s @ element    1114 in Part SYS\wall Est. Clock Time Remaining: 11s       
Cycle:     1878, Time:  5.966E-03s, Progress:  29.83%, Time Inc.: 3.180E-06s @ element    1114 in Part SYS\wall Est. Clock Time Remaining: 11s       
Cycle:     1879, Time:  5.969E-03s, Progress:  29.85%, Time Inc.: 3.180E-06s @ element    1114 in Part SYS\wall Est. Clock Time Remaining: 11s       
Cycle:     1880, Time:  5.973E-03s, Progress:  29.86%, Time Inc.: 3.180E-06s @ element    1114 in Part SYS\wall Est. Clock Time Remaining: 11s       
Cycle:     1881, Time:  5.976E-03s, Progress:  29.88%, Time Inc.: 3.180E-06s @ element    1114 in Part SYS\wall Est. Clock Time Remaining: 11s       
Cycle:     1882, Time:  5.979E-03s, Progress:  29.89%, Time Inc.: 3.180E-06s @ element      62 in Part SYS\wall Est. Clock Time Remaining: 11s       
Cycle:     1883, Time:  5.982E-03s, Progress:  29.91%, Time Inc.: 3.180E-06s @ element      62 in Part SYS\wall Est. Clock Time Remaining: 11s       
Cycle:     1884, Time:  5.985E-03s, Progress:  29.93%, Time Inc.: 3.180E-06s @ element      62 in Part SYS\wall Est. Clock Time Remaining: 11s       
Cycle:     1885, Time:  5.988E-03s, Progress:  29.94%, Time Inc.: 3.180E-06s @ element      62 in Part SYS\wall Est. Clock Time Remaining: 11s       
Cycle:     1886, Time:  5.992E-03s, Progress:  29.96%, Time Inc.: 3.180E-06s @ element      62 in Part SYS\wall Est. Clock Time Remaining: 11s       
Cycle:     1887, Time:  5.995E-03s, Progress:  29.97%, Time Inc.: 3.180E-06s @ element      62 in Part SYS\wall Est. Clock Time Remaining: 11s       
Cycle:     1888, Time:  5.998E-03s, Progress:  29.99%, Time Inc.: 3.180E-06s @ element      62 in Part SYS\wall Est. Clock Time Remaining: 11s       
Cycle:     1889, Time:  6.001E-03s, Progress:  30.01%, Time Inc.: 3.180E-06s @ element      62 in Part SYS\wall Est. Clock Time Remaining: 11s       
Cycle:     1890, Time:  6.004E-03s, Progress:  30.02%, Time Inc.: 3.180E-06s @ element      62 in Part SYS\wall Est. Clock Time Remaining: 11s       
Cycle:     1891, Time:  6.008E-03s, Progress:  30.04%, Time Inc.: 3.180E-06s @ element      62 in Part SYS\wall Est. Clock Time Remaining: 11s       
Cycle:     1892, Time:  6.011E-03s, Progress:  30.05%, Time Inc.: 3.180E-06s @ element      62 in Part SYS\wall Est. Clock Time Remaining: 11s       
Cycle:     1893, Time:  6.014E-03s, Progress:  30.07%, Time Inc.: 3.180E-06s @ element      62 in Part SYS\wall Est. Clock Time Remaining: 11s       
Cycle:     1894, Time:  6.017E-03s, Progress:  30.09%, Time Inc.: 3.180E-06s @ element      62 in Part SYS\wall Est. Clock Time Remaining: 11s       
Cycle:     1895, Time:  6.020E-03s, Progress:  30.10%, Time Inc.: 3.180E-06s @ element      62 in Part SYS\wall Est. Clock Time Remaining: 11s       
Cycle:     1896, Time:  6.023E-03s, Progress:  30.12%, Time Inc.: 3.180E-06s @ element      62 in Part SYS\wall Est. Clock Time Remaining: 11s       
Cycle:     1897, Time:  6.027E-03s, Progress:  30.13%, Time Inc.: 3.180E-06s @ element      62 in Part SYS\wall Est. Clock Time Remaining: 11s       
Cycle:     1898, Time:  6.030E-03s, Progress:  30.15%, Time Inc.: 3.180E-06s @ element      62 in Part SYS\wall Est. Clock Time Remaining: 11s       
Cycle:     1899, Time:  6.033E-03s, Progress:  30.16%, Time Inc.: 3.180E-06s @ element      62 in Part SYS\wall Est. Clock Time Remaining: 11s       
Cycle:     1900, Time:  6.036E-03s, Progress:  30.18%, Time Inc.: 3.180E-06s @ element      62 in Part SYS\wall Est. Clock Time Remaining: 11s       
Cycle:     1901, Time:  6.039E-03s, Progress:  30.20%, Time Inc.: 3.180E-06s @ element      62 in Part SYS\wall Est. Clock Time Remaining: 11s       
Cycle:     1902, Time:  6.043E-03s, Progress:  30.21%, Time Inc.: 3.180E-06s @ element     970 in Part SYS\wall Est. Clock Time Remaining: 11s       
Cycle:     1903, Time:  6.046E-03s, Progress:  30.23%, Time Inc.: 3.180E-06s @ element     394 in Part SYS\wall Est. Clock Time Remaining: 11s       
Cycle:     1904, Time:  6.049E-03s, Progress:  30.24%, Time Inc.: 3.180E-06s @ element     394 in Part SYS\wall Est. Clock Time Remaining: 11s       
Cycle:     1905, Time:  6.052E-03s, Progress:  30.26%, Time Inc.: 3.180E-06s @ element     394 in Part SYS\wall Est. Clock Time Remaining: 11s       
Cycle:     1906, Time:  6.055E-03s, Progress:  30.28%, Time Inc.: 3.180E-06s @ element     394 in Part SYS\wall Est. Clock Time Remaining: 11s       
Cycle:     1907, Time:  6.058E-03s, Progress:  30.29%, Time Inc.: 3.180E-06s @ element     394 in Part SYS\wall Est. Clock Time Remaining: 11s       
Cycle:     1908, Time:  6.062E-03s, Progress:  30.31%, Time Inc.: 3.180E-06s @ element     394 in Part SYS\wall Est. Clock Time Remaining: 11s       
Cycle:     1909, Time:  6.065E-03s, Progress:  30.32%, Time Inc.: 3.180E-06s @ element     394 in Part SYS\wall Est. Clock Time Remaining: 11s       
Cycle:     1910, Time:  6.068E-03s, Progress:  30.34%, Time Inc.: 3.180E-06s @ element     394 in Part SYS\wall Est. Clock Time Remaining: 11s       
Cycle:     1911, Time:  6.071E-03s, Progress:  30.36%, Time Inc.: 3.180E-06s @ element     394 in Part SYS\wall Est. Clock Time Remaining: 11s       
Cycle:     1912, Time:  6.074E-03s, Progress:  30.37%, Time Inc.: 3.180E-06s @ element     394 in Part SYS\wall Est. Clock Time Remaining: 11s       
Cycle:     1913, Time:  6.078E-03s, Progress:  30.39%, Time Inc.: 3.180E-06s @ element     394 in Part SYS\wall Est. Clock Time Remaining: 11s       
Cycle:     1914, Time:  6.081E-03s, Progress:  30.40%, Time Inc.: 3.180E-06s @ element     394 in Part SYS\wall Est. Clock Time Remaining: 11s       
Cycle:     1915, Time:  6.084E-03s, Progress:  30.42%, Time Inc.: 3.180E-06s @ element     394 in Part SYS\wall Est. Clock Time Remaining: 11s       
Cycle:     1916, Time:  6.087E-03s, Progress:  30.44%, Time Inc.: 3.180E-06s @ element     394 in Part SYS\wall Est. Clock Time Remaining: 11s       
Cycle:     1917, Time:  6.090E-03s, Progress:  30.45%, Time Inc.: 3.180E-06s @ element     394 in Part SYS\wall Est. Clock Time Remaining: 11s       
Cycle:     1918, Time:  6.093E-03s, Progress:  30.47%, Time Inc.: 3.180E-06s @ element     394 in Part SYS\wall Est. Clock Time Remaining: 11s       
Cycle:     1919, Time:  6.097E-03s, Progress:  30.48%, Time Inc.: 3.180E-06s @ element     394 in Part SYS\wall Est. Clock Time Remaining: 11s       
Cycle:     1920, Time:  6.100E-03s, Progress:  30.50%, Time Inc.: 3.180E-06s @ element     394 in Part SYS\wall Est. Clock Time Remaining: 11s       
Cycle:     1921, Time:  6.103E-03s, Progress:  30.51%, Time Inc.: 3.180E-06s @ element     394 in Part SYS\wall Est. Clock Time Remaining: 11s       
Cycle:     1922, Time:  6.106E-03s, Progress:  30.53%, Time Inc.: 3.180E-06s @ element     394 in Part SYS\wall Est. Clock Time Remaining: 11s       
Cycle:     1923, Time:  6.109E-03s, Progress:  30.55%, Time Inc.: 3.180E-06s @ element     394 in Part SYS\wall Est. Clock Time Remaining: 11s       
Cycle:     1924, Time:  6.112E-03s, Progress:  30.56%, Time Inc.: 3.180E-06s @ element     394 in Part SYS\wall Est. Clock Time Remaining: 11s       
Cycle:     1925, Time:  6.116E-03s, Progress:  30.58%, Time Inc.: 3.180E-06s @ element     394 in Part SYS\wall Est. Clock Time Remaining: 11s       
Cycle:     1926, Time:  6.119E-03s, Progress:  30.59%, Time Inc.: 3.180E-06s @ element     388 in Part SYS\wall Est. Clock Time Remaining: 11s       
Cycle:     1927, Time:  6.122E-03s, Progress:  30.61%, Time Inc.: 3.180E-06s @ element     388 in Part SYS\wall Est. Clock Time Remaining: 11s       
Cycle:     1928, Time:  6.125E-03s, Progress:  30.63%, Time Inc.: 3.180E-06s @ element     388 in Part SYS\wall Est. Clock Time Remaining: 11s       
Cycle:     1929, Time:  6.128E-03s, Progress:  30.64%, Time Inc.: 3.180E-06s @ element     388 in Part SYS\wall Est. Clock Time Remaining: 11s       
Cycle:     1930, Time:  6.132E-03s, Progress:  30.66%, Time Inc.: 3.180E-06s @ element     388 in Part SYS\wall Est. Clock Time Remaining: 11s       
Cycle:     1931, Time:  6.135E-03s, Progress:  30.67%, Time Inc.: 3.180E-06s @ element     388 in Part SYS\wall Est. Clock Time Remaining: 11s       
Cycle:     1932, Time:  6.138E-03s, Progress:  30.69%, Time Inc.: 3.180E-06s @ element     430 in Part SYS\wall Est. Clock Time Remaining: 11s       
Cycle:     1933, Time:  6.141E-03s, Progress:  30.71%, Time Inc.: 3.180E-06s @ element     426 in Part SYS\wall Est. Clock Time Remaining: 11s       
Cycle:     1934, Time:  6.144E-03s, Progress:  30.72%, Time Inc.: 3.180E-06s @ element     426 in Part SYS\wall Est. Clock Time Remaining: 11s       
Cycle:     1935, Time:  6.147E-03s, Progress:  30.74%, Time Inc.: 3.180E-06s @ element     426 in Part SYS\wall Est. Clock Time Remaining: 11s       
Cycle:     1936, Time:  6.151E-03s, Progress:  30.75%, Time Inc.: 3.180E-06s @ element     430 in Part SYS\wall Est. Clock Time Remaining: 11s       
Cycle:     1937, Time:  6.154E-03s, Progress:  30.77%, Time Inc.: 3.180E-06s @ element     430 in Part SYS\wall Est. Clock Time Remaining: 11s       
Cycle:     1938, Time:  6.157E-03s, Progress:  30.79%, Time Inc.: 3.180E-06s @ element     430 in Part SYS\wall Est. Clock Time Remaining: 11s       
Cycle:     1939, Time:  6.160E-03s, Progress:  30.80%, Time Inc.: 3.180E-06s @ element     430 in Part SYS\wall Est. Clock Time Remaining: 11s       
Cycle:     1940, Time:  6.163E-03s, Progress:  30.82%, Time Inc.: 3.180E-06s @ element     460 in Part SYS\wall Est. Clock Time Remaining: 11s       
Cycle:     1941, Time:  6.167E-03s, Progress:  30.83%, Time Inc.: 3.180E-06s @ element     460 in Part SYS\wall Est. Clock Time Remaining: 11s       
Cycle:     1942, Time:  6.170E-03s, Progress:  30.85%, Time Inc.: 3.180E-06s @ element     460 in Part SYS\wall Est. Clock Time Remaining: 11s       
Cycle:     1943, Time:  6.173E-03s, Progress:  30.86%, Time Inc.: 3.180E-06s @ element     460 in Part SYS\wall Est. Clock Time Remaining: 11s       
Cycle:     1944, Time:  6.176E-03s, Progress:  30.88%, Time Inc.: 3.180E-06s @ element     460 in Part SYS\wall Est. Clock Time Remaining: 11s       
Cycle:     1945, Time:  6.179E-03s, Progress:  30.90%, Time Inc.: 3.180E-06s @ element     460 in Part SYS\wall Est. Clock Time Remaining: 11s       
Cycle:     1946, Time:  6.182E-03s, Progress:  30.91%, Time Inc.: 3.180E-06s @ element     460 in Part SYS\wall Est. Clock Time Remaining: 11s       
Cycle:     1947, Time:  6.186E-03s, Progress:  30.93%, Time Inc.: 3.180E-06s @ element     856 in Part SYS\wall Est. Clock Time Remaining: 11s       
Cycle:     1948, Time:  6.189E-03s, Progress:  30.94%, Time Inc.: 3.180E-06s @ element     856 in Part SYS\wall Est. Clock Time Remaining: 11s       
Cycle:     1949, Time:  6.192E-03s, Progress:  30.96%, Time Inc.: 3.180E-06s @ element     856 in Part SYS\wall Est. Clock Time Remaining: 11s       
Cycle:     1950, Time:  6.195E-03s, Progress:  30.98%, Time Inc.: 3.180E-06s @ element     856 in Part SYS\wall Est. Clock Time Remaining: 11s       
Cycle:     1951, Time:  6.198E-03s, Progress:  30.99%, Time Inc.: 3.180E-06s @ element     856 in Part SYS\wall Est. Clock Time Remaining: 11s       
Cycle:     1952, Time:  6.202E-03s, Progress:  31.01%, Time Inc.: 3.180E-06s @ element     856 in Part SYS\wall Est. Clock Time Remaining: 11s       
Cycle:     1953, Time:  6.205E-03s, Progress:  31.02%, Time Inc.: 3.180E-06s @ element     856 in Part SYS\wall Est. Clock Time Remaining: 11s       
Cycle:     1954, Time:  6.208E-03s, Progress:  31.04%, Time Inc.: 3.180E-06s @ element     890 in Part SYS\wall Est. Clock Time Remaining: 11s       
Cycle:     1955, Time:  6.211E-03s, Progress:  31.06%, Time Inc.: 3.180E-06s @ element     890 in Part SYS\wall Est. Clock Time Remaining: 11s       
Cycle:     1956, Time:  6.214E-03s, Progress:  31.07%, Time Inc.: 3.180E-06s @ element     890 in Part SYS\wall Est. Clock Time Remaining: 11s       
Cycle:     1957, Time:  6.217E-03s, Progress:  31.09%, Time Inc.: 3.180E-06s @ element     890 in Part SYS\wall Est. Clock Time Remaining: 11s       
Cycle:     1958, Time:  6.221E-03s, Progress:  31.10%, Time Inc.: 3.180E-06s @ element     890 in Part SYS\wall Est. Clock Time Remaining: 11s       
Cycle:     1959, Time:  6.224E-03s, Progress:  31.12%, Time Inc.: 3.180E-06s @ element     890 in Part SYS\wall Est. Clock Time Remaining: 11s       
Cycle:     1960, Time:  6.227E-03s, Progress:  31.13%, Time Inc.: 3.180E-06s @ element     924 in Part SYS\wall Est. Clock Time Remaining: 11s       
Cycle:     1961, Time:  6.230E-03s, Progress:  31.15%, Time Inc.: 3.180E-06s @ element     924 in Part SYS\wall Est. Clock Time Remaining: 11s       
Cycle:     1962, Time:  6.233E-03s, Progress:  31.17%, Time Inc.: 3.180E-06s @ element     924 in Part SYS\wall Est. Clock Time Remaining: 11s       
Cycle:     1963, Time:  6.237E-03s, Progress:  31.18%, Time Inc.: 3.180E-06s @ element     924 in Part SYS\wall Est. Clock Time Remaining: 11s       
Cycle:     1964, Time:  6.240E-03s, Progress:  31.20%, Time Inc.: 3.180E-06s @ element     924 in Part SYS\wall Est. Clock Time Remaining: 11s       
Cycle:     1965, Time:  6.243E-03s, Progress:  31.21%, Time Inc.: 3.180E-06s @ element     924 in Part SYS\wall Est. Clock Time Remaining: 11s       
Cycle:     1966, Time:  6.246E-03s, Progress:  31.23%, Time Inc.: 3.180E-06s @ element     924 in Part SYS\wall Est. Clock Time Remaining: 11s       
Cycle:     1967, Time:  6.249E-03s, Progress:  31.25%, Time Inc.: 3.180E-06s @ element     924 in Part SYS\wall Est. Clock Time Remaining: 11s       
Cycle:     1968, Time:  6.252E-03s, Progress:  31.26%, Time Inc.: 3.180E-06s @ element     924 in Part SYS\wall Est. Clock Time Remaining: 11s       
Cycle:     1969, Time:  6.256E-03s, Progress:  31.28%, Time Inc.: 3.180E-06s @ element     924 in Part SYS\wall Est. Clock Time Remaining: 11s       
Cycle:     1970, Time:  6.259E-03s, Progress:  31.29%, Time Inc.: 3.180E-06s @ element     924 in Part SYS\wall Est. Clock Time Remaining: 11s       
Cycle:     1971, Time:  6.262E-03s, Progress:  31.31%, Time Inc.: 3.180E-06s @ element     924 in Part SYS\wall Est. Clock Time Remaining: 11s       
Cycle:     1972, Time:  6.265E-03s, Progress:  31.33%, Time Inc.: 3.180E-06s @ element     924 in Part SYS\wall Est. Clock Time Remaining: 11s       
Cycle:     1973, Time:  6.268E-03s, Progress:  31.34%, Time Inc.: 3.180E-06s @ element     924 in Part SYS\wall Est. Clock Time Remaining: 11s       
Cycle:     1974, Time:  6.271E-03s, Progress:  31.36%, Time Inc.: 3.180E-06s @ element     924 in Part SYS\wall Est. Clock Time Remaining: 11s       
Cycle:     1975, Time:  6.275E-03s, Progress:  31.37%, Time Inc.: 3.180E-06s @ element     924 in Part SYS\wall Est. Clock Time Remaining: 11s       
Cycle:     1976, Time:  6.278E-03s, Progress:  31.39%, Time Inc.: 3.180E-06s @ element     922 in Part SYS\wall Est. Clock Time Remaining: 11s       
Cycle:     1977, Time:  6.281E-03s, Progress:  31.41%, Time Inc.: 3.180E-06s @ element     886 in Part SYS\wall Est. Clock Time Remaining: 11s       
Cycle:     1978, Time:  6.284E-03s, Progress:  31.42%, Time Inc.: 3.180E-06s @ element     418 in Part SYS\wall Est. Clock Time Remaining: 11s       
Cycle:     1979, Time:  6.287E-03s, Progress:  31.44%, Time Inc.: 3.180E-06s @ element     924 in Part SYS\wall Est. Clock Time Remaining: 11s       
Cycle:     1980, Time:  6.291E-03s, Progress:  31.45%, Time Inc.: 3.180E-06s @ element     384 in Part SYS\wall Est. Clock Time Remaining: 11s       
Cycle:     1981, Time:  6.294E-03s, Progress:  31.47%, Time Inc.: 3.180E-06s @ element     384 in Part SYS\wall Est. Clock Time Remaining: 11s       
Cycle:     1982, Time:  6.297E-03s, Progress:  31.48%, Time Inc.: 3.180E-06s @ element     420 in Part SYS\wall Est. Clock Time Remaining: 11s       
Cycle:     1983, Time:  6.300E-03s, Progress:  31.50%, Time Inc.: 3.180E-06s @ element     420 in Part SYS\wall Est. Clock Time Remaining: 11s       
Cycle:     1984, Time:  6.303E-03s, Progress:  31.52%, Time Inc.: 3.180E-06s @ element     876 in Part SYS\wall Est. Clock Time Remaining: 11s       
Cycle:     1985, Time:  6.306E-03s, Progress:  31.53%, Time Inc.: 3.180E-06s @ element     876 in Part SYS\wall Est. Clock Time Remaining: 11s       
Cycle:     1986, Time:  6.310E-03s, Progress:  31.55%, Time Inc.: 3.180E-06s @ element     876 in Part SYS\wall Est. Clock Time Remaining: 11s       
Cycle:     1987, Time:  6.313E-03s, Progress:  31.56%, Time Inc.: 3.180E-06s @ element     876 in Part SYS\wall Est. Clock Time Remaining: 11s       
Cycle:     1988, Time:  6.316E-03s, Progress:  31.58%, Time Inc.: 3.180E-06s @ element     876 in Part SYS\wall Est. Clock Time Remaining: 11s       
Cycle:     1989, Time:  6.319E-03s, Progress:  31.60%, Time Inc.: 3.180E-06s @ element     418 in Part SYS\wall Est. Clock Time Remaining: 11s       
Cycle:     1990, Time:  6.322E-03s, Progress:  31.61%, Time Inc.: 3.180E-06s @ element     418 in Part SYS\wall Est. Clock Time Remaining: 11s       
Cycle:     1991, Time:  6.326E-03s, Progress:  31.63%, Time Inc.: 3.180E-06s @ element     418 in Part SYS\wall Est. Clock Time Remaining: 11s       
Cycle:     1992, Time:  6.329E-03s, Progress:  31.64%, Time Inc.: 3.180E-06s @ element     418 in Part SYS\wall Est. Clock Time Remaining: 11s       
Cycle:     1993, Time:  6.332E-03s, Progress:  31.66%, Time Inc.: 3.180E-06s @ element     418 in Part SYS\wall Est. Clock Time Remaining: 11s       
Cycle:     1994, Time:  6.335E-03s, Progress:  31.68%, Time Inc.: 3.180E-06s @ element     418 in Part SYS\wall Est. Clock Time Remaining: 11s       
Cycle:     1995, Time:  6.338E-03s, Progress:  31.69%, Time Inc.: 3.180E-06s @ element     418 in Part SYS\wall Est. Clock Time Remaining: 11s       
Cycle:     1996, Time:  6.341E-03s, Progress:  31.71%, Time Inc.: 3.180E-06s @ element     418 in Part SYS\wall Est. Clock Time Remaining: 11s       
Cycle:     1997, Time:  6.345E-03s, Progress:  31.72%, Time Inc.: 3.180E-06s @ element     418 in Part SYS\wall Est. Clock Time Remaining: 11s       
Cycle:     1998, Time:  6.348E-03s, Progress:  31.74%, Time Inc.: 3.180E-06s @ element     418 in Part SYS\wall Est. Clock Time Remaining: 11s       
Cycle:     1999, Time:  6.351E-03s, Progress:  31.75%, Time Inc.: 3.180E-06s @ element     418 in Part SYS\wall Est. Clock Time Remaining: 11s       
Cycle:     2000, Time:  6.354E-03s, Progress:  31.77%, Time Inc.: 3.180E-06s @ element     418 in Part SYS\wall Est. Clock Time Remaining: 11s       
Cycle:     2001, Time:  6.357E-03s, Progress:  31.79%, Time Inc.: 3.180E-06s @ element     418 in Part SYS\wall Est. Clock Time Remaining: 11s       
Cycle:     2002, Time:  6.361E-03s, Progress:  31.80%, Time Inc.: 3.180E-06s @ element     418 in Part SYS\wall Est. Clock Time Remaining: 11s       
Cycle:     2003, Time:  6.364E-03s, Progress:  31.82%, Time Inc.: 3.180E-06s @ element     418 in Part SYS\wall Est. Clock Time Remaining: 11s       
Cycle:     2004, Time:  6.367E-03s, Progress:  31.83%, Time Inc.: 3.180E-06s @ element     380 in Part SYS\wall Est. Clock Time Remaining: 11s       
Cycle:     2005, Time:  6.370E-03s, Progress:  31.85%, Time Inc.: 3.180E-06s @ element     380 in Part SYS\wall Est. Clock Time Remaining: 11s       
Cycle:     2006, Time:  6.373E-03s, Progress:  31.87%, Time Inc.: 3.180E-06s @ element     418 in Part SYS\wall Est. Clock Time Remaining: 11s       
Cycle:     2007, Time:  6.376E-03s, Progress:  31.88%, Time Inc.: 3.180E-06s @ element     418 in Part SYS\wall Est. Clock Time Remaining: 11s       
Cycle:     2008, Time:  6.380E-03s, Progress:  31.90%, Time Inc.: 3.180E-06s @ element     380 in Part SYS\wall Est. Clock Time Remaining: 11s       
Cycle:     2009, Time:  6.383E-03s, Progress:  31.91%, Time Inc.: 3.180E-06s @ element     334 in Part SYS\wall Est. Clock Time Remaining: 11s       
Cycle:     2010, Time:  6.386E-03s, Progress:  31.93%, Time Inc.: 3.180E-06s @ element     334 in Part SYS\wall Est. Clock Time Remaining: 11s       
Cycle:     2011, Time:  6.389E-03s, Progress:  31.95%, Time Inc.: 3.180E-06s @ element     334 in Part SYS\wall Est. Clock Time Remaining: 11s       
Cycle:     2012, Time:  6.392E-03s, Progress:  31.96%, Time Inc.: 3.180E-06s @ element     334 in Part SYS\wall Est. Clock Time Remaining: 11s       
Cycle:     2013, Time:  6.396E-03s, Progress:  31.98%, Time Inc.: 3.180E-06s @ element     334 in Part SYS\wall Est. Clock Time Remaining: 11s       
Cycle:     2014, Time:  6.399E-03s, Progress:  31.99%, Time Inc.: 3.180E-06s @ element     334 in Part SYS\wall Est. Clock Time Remaining: 11s       
Cycle:     2015, Time:  6.402E-03s, Progress:  32.01%, Time Inc.: 3.180E-06s @ element     334 in Part SYS\wall Est. Clock Time Remaining: 11s       
Cycle:     2016, Time:  6.405E-03s, Progress:  32.03%, Time Inc.: 3.180E-06s @ element     334 in Part SYS\wall Est. Clock Time Remaining: 11s       
Cycle:     2017, Time:  6.408E-03s, Progress:  32.04%, Time Inc.: 3.180E-06s @ element     334 in Part SYS\wall Est. Clock Time Remaining: 11s       
Cycle:     2018, Time:  6.411E-03s, Progress:  32.06%, Time Inc.: 3.180E-06s @ element     334 in Part SYS\wall Est. Clock Time Remaining: 11s       
Cycle:     2019, Time:  6.415E-03s, Progress:  32.07%, Time Inc.: 3.180E-06s @ element     334 in Part SYS\wall Est. Clock Time Remaining: 11s       
Cycle:     2020, Time:  6.418E-03s, Progress:  32.09%, Time Inc.: 3.180E-06s @ element     334 in Part SYS\wall Est. Clock Time Remaining: 11s       
Cycle:     2021, Time:  6.421E-03s, Progress:  32.10%, Time Inc.: 3.180E-06s @ element     334 in Part SYS\wall Est. Clock Time Remaining: 11s       
Cycle:     2022, Time:  6.424E-03s, Progress:  32.12%, Time Inc.: 3.180E-06s @ element     334 in Part SYS\wall Est. Clock Time Remaining: 11s       
Cycle:     2023, Time:  6.427E-03s, Progress:  32.14%, Time Inc.: 3.180E-06s @ element     334 in Part SYS\wall Est. Clock Time Remaining: 11s       
Cycle:     2024, Time:  6.430E-03s, Progress:  32.15%, Time Inc.: 3.180E-06s @ element     334 in Part SYS\wall Est. Clock Time Remaining: 11s       
Cycle:     2025, Time:  6.434E-03s, Progress:  32.17%, Time Inc.: 3.180E-06s @ element     334 in Part SYS\wall Est. Clock Time Remaining: 11s       
Cycle:     2026, Time:  6.437E-03s, Progress:  32.18%, Time Inc.: 3.180E-06s @ element     334 in Part SYS\wall Est. Clock Time Remaining: 11s       
Cycle:     2027, Time:  6.440E-03s, Progress:  32.20%, Time Inc.: 3.180E-06s @ element     296 in Part SYS\wall Est. Clock Time Remaining: 11s       
Cycle:     2028, Time:  6.443E-03s, Progress:  32.22%, Time Inc.: 3.180E-06s @ element     296 in Part SYS\wall Est. Clock Time Remaining: 11s       
Cycle:     2029, Time:  6.446E-03s, Progress:  32.23%, Time Inc.: 3.180E-06s @ element     296 in Part SYS\wall Est. Clock Time Remaining: 11s       
Cycle:     2030, Time:  6.450E-03s, Progress:  32.25%, Time Inc.: 3.180E-06s @ element     296 in Part SYS\wall Est. Clock Time Remaining: 11s       
Cycle:     2031, Time:  6.453E-03s, Progress:  32.26%, Time Inc.: 3.180E-06s @ element     296 in Part SYS\wall Est. Clock Time Remaining: 11s       
Cycle:     2032, Time:  6.456E-03s, Progress:  32.28%, Time Inc.: 3.180E-06s @ element     296 in Part SYS\wall Est. Clock Time Remaining: 11s       
Cycle:     2033, Time:  6.459E-03s, Progress:  32.30%, Time Inc.: 3.180E-06s @ element     296 in Part SYS\wall Est. Clock Time Remaining: 11s       
Cycle:     2034, Time:  6.462E-03s, Progress:  32.31%, Time Inc.: 3.180E-06s @ element     296 in Part SYS\wall Est. Clock Time Remaining: 11s       
Cycle:     2035, Time:  6.465E-03s, Progress:  32.33%, Time Inc.: 3.180E-06s @ element     296 in Part SYS\wall Est. Clock Time Remaining: 11s       
Cycle:     2036, Time:  6.469E-03s, Progress:  32.34%, Time Inc.: 3.180E-06s @ element     296 in Part SYS\wall Est. Clock Time Remaining: 11s       
Cycle:     2037, Time:  6.472E-03s, Progress:  32.36%, Time Inc.: 3.180E-06s @ element     296 in Part SYS\wall Est. Clock Time Remaining: 11s       
Cycle:     2038, Time:  6.475E-03s, Progress:  32.38%, Time Inc.: 3.180E-06s @ element     296 in Part SYS\wall Est. Clock Time Remaining: 11s       
Cycle:     2039, Time:  6.478E-03s, Progress:  32.39%, Time Inc.: 3.180E-06s @ element     296 in Part SYS\wall Est. Clock Time Remaining: 11s       
Cycle:     2040, Time:  6.481E-03s, Progress:  32.41%, Time Inc.: 3.180E-06s @ element    1128 in Part SYS\wall Est. Clock Time Remaining: 11s       
Cycle:     2041, Time:  6.485E-03s, Progress:  32.42%, Time Inc.: 3.180E-06s @ element    1098 in Part SYS\wall Est. Clock Time Remaining: 11s       
Cycle:     2042, Time:  6.488E-03s, Progress:  32.44%, Time Inc.: 3.180E-06s @ element    1136 in Part SYS\wall Est. Clock Time Remaining: 11s       
Cycle:     2043, Time:  6.491E-03s, Progress:  32.45%, Time Inc.: 3.180E-06s @ element    1136 in Part SYS\wall Est. Clock Time Remaining: 11s       
Cycle:     2044, Time:  6.494E-03s, Progress:  32.47%, Time Inc.: 3.180E-06s @ element    1136 in Part SYS\wall Est. Clock Time Remaining: 11s       
Cycle:     2045, Time:  6.497E-03s, Progress:  32.49%, Time Inc.: 3.180E-06s @ element    1136 in Part SYS\wall Est. Clock Time Remaining: 11s       
Cycle:     2046, Time:  6.500E-03s, Progress:  32.50%, Time Inc.: 3.180E-06s @ element    1136 in Part SYS\wall Est. Clock Time Remaining: 11s       
Cycle:     2047, Time:  6.504E-03s, Progress:  32.52%, Time Inc.: 3.180E-06s @ element    1136 in Part SYS\wall Est. Clock Time Remaining: 11s       
Cycle:     2048, Time:  6.507E-03s, Progress:  32.53%, Time Inc.: 3.180E-06s @ element    1136 in Part SYS\wall Est. Clock Time Remaining: 11s       
Cycle:     2049, Time:  6.510E-03s, Progress:  32.55%, Time Inc.: 3.180E-06s @ element    1206 in Part SYS\wall Est. Clock Time Remaining: 11s       
Cycle:     2050, Time:  6.513E-03s, Progress:  32.57%, Time Inc.: 3.180E-06s @ element    1242 in Part SYS\wall Est. Clock Time Remaining: 11s       
Cycle:     2051, Time:  6.516E-03s, Progress:  32.58%, Time Inc.: 3.180E-06s @ element    1242 in Part SYS\wall Est. Clock Time Remaining: 11s       
Cycle:     2052, Time:  6.520E-03s, Progress:  32.60%, Time Inc.: 3.180E-06s @ element    1242 in Part SYS\wall Est. Clock Time Remaining: 11s       
Cycle:     2053, Time:  6.523E-03s, Progress:  32.61%, Time Inc.: 3.180E-06s @ element    1242 in Part SYS\wall Est. Clock Time Remaining: 11s       
Cycle:     2054, Time:  6.526E-03s, Progress:  32.63%, Time Inc.: 3.180E-06s @ element    1244 in Part SYS\wall Est. Clock Time Remaining: 11s       
Cycle:     2055, Time:  6.529E-03s, Progress:  32.65%, Time Inc.: 3.180E-06s @ element    1244 in Part SYS\wall Est. Clock Time Remaining: 11s       
Cycle:     2056, Time:  6.532E-03s, Progress:  32.66%, Time Inc.: 3.180E-06s @ element    1244 in Part SYS\wall Est. Clock Time Remaining: 11s       
Cycle:     2057, Time:  6.535E-03s, Progress:  32.68%, Time Inc.: 3.180E-06s @ element    1244 in Part SYS\wall Est. Clock Time Remaining: 11s       
Cycle:     2058, Time:  6.539E-03s, Progress:  32.69%, Time Inc.: 3.180E-06s @ element    1210 in Part SYS\wall Est. Clock Time Remaining: 11s       
Cycle:     2059, Time:  6.542E-03s, Progress:  32.71%, Time Inc.: 3.180E-06s @ element    1210 in Part SYS\wall Est. Clock Time Remaining: 11s       
Cycle:     2060, Time:  6.545E-03s, Progress:  32.72%, Time Inc.: 3.180E-06s @ element      58 in Part SYS\wall Est. Clock Time Remaining: 11s       
Cycle:     2061, Time:  6.548E-03s, Progress:  32.74%, Time Inc.: 3.180E-06s @ element      58 in Part SYS\wall Est. Clock Time Remaining: 11s       
Cycle:     2062, Time:  6.551E-03s, Progress:  32.76%, Time Inc.: 3.180E-06s @ element      58 in Part SYS\wall Est. Clock Time Remaining: 11s       
Cycle:     2063, Time:  6.555E-03s, Progress:  32.77%, Time Inc.: 3.180E-06s @ element      58 in Part SYS\wall Est. Clock Time Remaining: 11s       
Cycle:     2064, Time:  6.558E-03s, Progress:  32.79%, Time Inc.: 3.180E-06s @ element      58 in Part SYS\wall Est. Clock Time Remaining: 11s       
Cycle:     2065, Time:  6.561E-03s, Progress:  32.80%, Time Inc.: 3.180E-06s @ element      58 in Part SYS\wall Est. Clock Time Remaining: 11s       
Cycle:     2066, Time:  6.564E-03s, Progress:  32.82%, Time Inc.: 3.180E-06s @ element      58 in Part SYS\wall Est. Clock Time Remaining: 11s       
Cycle:     2067, Time:  6.567E-03s, Progress:  32.84%, Time Inc.: 3.180E-06s @ element      58 in Part SYS\wall Est. Clock Time Remaining: 11s       
Cycle:     2068, Time:  6.570E-03s, Progress:  32.85%, Time Inc.: 3.180E-06s @ element    1210 in Part SYS\wall Est. Clock Time Remaining: 11s       
Cycle:     2069, Time:  6.574E-03s, Progress:  32.87%, Time Inc.: 3.180E-06s @ element    1210 in Part SYS\wall Est. Clock Time Remaining: 11s       
Cycle:     2070, Time:  6.577E-03s, Progress:  32.88%, Time Inc.: 3.180E-06s @ element    1210 in Part SYS\wall Est. Clock Time Remaining: 11s       
Cycle:     2071, Time:  6.580E-03s, Progress:  32.90%, Time Inc.: 3.180E-06s @ element    1140 in Part SYS\wall Est. Clock Time Remaining: 11s       
Cycle:     2072, Time:  6.583E-03s, Progress:  32.92%, Time Inc.: 3.180E-06s @ element    1140 in Part SYS\wall Est. Clock Time Remaining: 11s       
Cycle:     2073, Time:  6.586E-03s, Progress:  32.93%, Time Inc.: 3.180E-06s @ element    1140 in Part SYS\wall Est. Clock Time Remaining: 11s       
Cycle:     2074, Time:  6.589E-03s, Progress:  32.95%, Time Inc.: 3.180E-06s @ element    1140 in Part SYS\wall Est. Clock Time Remaining: 11s       
Cycle:     2075, Time:  6.593E-03s, Progress:  32.96%, Time Inc.: 3.180E-06s @ element    1140 in Part SYS\wall Est. Clock Time Remaining: 11s       
Cycle:     2076, Time:  6.596E-03s, Progress:  32.98%, Time Inc.: 3.180E-06s @ element    1140 in Part SYS\wall Est. Clock Time Remaining: 11s       
Cycle:     2077, Time:  6.599E-03s, Progress:  33.00%, Time Inc.: 3.180E-06s @ element    1140 in Part SYS\wall Est. Clock Time Remaining: 11s       
Cycle:     2078, Time:  6.602E-03s, Progress:  33.01%, Time Inc.: 3.180E-06s @ element    1140 in Part SYS\wall Est. Clock Time Remaining: 11s       
Cycle:     2079, Time:  6.605E-03s, Progress:  33.03%, Time Inc.: 3.180E-06s @ element    1210 in Part SYS\wall Est. Clock Time Remaining: 11s       
Cycle:     2080, Time:  6.609E-03s, Progress:  33.04%, Time Inc.: 3.180E-06s @ element    1210 in Part SYS\wall Est. Clock Time Remaining: 11s       
Cycle:     2081, Time:  6.612E-03s, Progress:  33.06%, Time Inc.: 3.180E-06s @ element    1210 in Part SYS\wall Est. Clock Time Remaining: 11s       
Cycle:     2082, Time:  6.615E-03s, Progress:  33.07%, Time Inc.: 3.180E-06s @ element    1210 in Part SYS\wall Est. Clock Time Remaining: 11s       
Cycle:     2083, Time:  6.618E-03s, Progress:  33.09%, Time Inc.: 3.180E-06s @ element    1210 in Part SYS\wall Est. Clock Time Remaining: 11s       
Cycle:     2084, Time:  6.621E-03s, Progress:  33.11%, Time Inc.: 3.180E-06s @ element    1210 in Part SYS\wall Est. Clock Time Remaining: 11s       
Cycle:     2085, Time:  6.624E-03s, Progress:  33.12%, Time Inc.: 3.180E-06s @ element    1242 in Part SYS\wall Est. Clock Time Remaining: 11s       
Cycle:     2086, Time:  6.628E-03s, Progress:  33.14%, Time Inc.: 3.180E-06s @ element    1242 in Part SYS\wall Est. Clock Time Remaining: 11s       
Cycle:     2087, Time:  6.631E-03s, Progress:  33.15%, Time Inc.: 3.180E-06s @ element    1242 in Part SYS\wall Est. Clock Time Remaining: 11s       
Cycle:     2088, Time:  6.634E-03s, Progress:  33.17%, Time Inc.: 3.180E-06s @ element    1210 in Part SYS\wall Est. Clock Time Remaining: 11s       
Cycle:     2089, Time:  6.637E-03s, Progress:  33.19%, Time Inc.: 3.180E-06s @ element    1210 in Part SYS\wall Est. Clock Time Remaining: 11s       
Cycle:     2090, Time:  6.640E-03s, Progress:  33.20%, Time Inc.: 3.180E-06s @ element      59 in Part SYS\wall Est. Clock Time Remaining: 11s       
Cycle:     2091, Time:  6.644E-03s, Progress:  33.22%, Time Inc.: 3.180E-06s @ element      59 in Part SYS\wall Est. Clock Time Remaining: 11s       
Cycle:     2092, Time:  6.647E-03s, Progress:  33.23%, Time Inc.: 3.180E-06s @ element      59 in Part SYS\wall Est. Clock Time Remaining: 11s       
Cycle:     2093, Time:  6.650E-03s, Progress:  33.25%, Time Inc.: 3.180E-06s @ element      59 in Part SYS\wall Est. Clock Time Remaining: 11s       
Cycle:     2094, Time:  6.653E-03s, Progress:  33.27%, Time Inc.: 3.180E-06s @ element      59 in Part SYS\wall Est. Clock Time Remaining: 11s       
Cycle:     2095, Time:  6.656E-03s, Progress:  33.28%, Time Inc.: 3.180E-06s @ element      59 in Part SYS\wall Est. Clock Time Remaining: 11s       
Cycle:     2096, Time:  6.659E-03s, Progress:  33.30%, Time Inc.: 3.180E-06s @ element      59 in Part SYS\wall Est. Clock Time Remaining: 11s       
Cycle:     2097, Time:  6.663E-03s, Progress:  33.31%, Time Inc.: 3.180E-06s @ element      59 in Part SYS\wall Est. Clock Time Remaining: 11s       
Cycle:     2098, Time:  6.666E-03s, Progress:  33.33%, Time Inc.: 3.180E-06s @ element      59 in Part SYS\wall Est. Clock Time Remaining: 11s       
Cycle:     2099, Time:  6.669E-03s, Progress:  33.34%, Time Inc.: 3.180E-06s @ element      59 in Part SYS\wall Est. Clock Time Remaining: 11s       
Cycle:     2100, Time:  6.672E-03s, Progress:  33.36%, Time Inc.: 3.180E-06s @ element    1247 in Part SYS\wall Est. Clock Time Remaining: 11s       
Cycle:     2101, Time:  6.675E-03s, Progress:  33.38%, Time Inc.: 3.180E-06s @ element    1247 in Part SYS\wall Est. Clock Time Remaining: 10s       
Cycle:     2102, Time:  6.679E-03s, Progress:  33.39%, Time Inc.: 3.180E-06s @ element    1247 in Part SYS\wall Est. Clock Time Remaining: 10s       
Cycle:     2103, Time:  6.682E-03s, Progress:  33.41%, Time Inc.: 3.180E-06s @ element    1247 in Part SYS\wall Est. Clock Time Remaining: 10s       
Cycle:     2104, Time:  6.685E-03s, Progress:  33.42%, Time Inc.: 3.180E-06s @ element    1247 in Part SYS\wall Est. Clock Time Remaining: 10s       
Cycle:     2105, Time:  6.688E-03s, Progress:  33.44%, Time Inc.: 3.180E-06s @ element    1247 in Part SYS\wall Est. Clock Time Remaining: 10s       
Cycle:     2106, Time:  6.691E-03s, Progress:  33.46%, Time Inc.: 3.180E-06s @ element    1247 in Part SYS\wall Est. Clock Time Remaining: 10s       
Cycle:     2107, Time:  6.694E-03s, Progress:  33.47%, Time Inc.: 3.180E-06s @ element    1247 in Part SYS\wall Est. Clock Time Remaining: 10s       
Cycle:     2108, Time:  6.698E-03s, Progress:  33.49%, Time Inc.: 3.180E-06s @ element    1247 in Part SYS\wall Est. Clock Time Remaining: 10s       
Cycle:     2109, Time:  6.701E-03s, Progress:  33.50%, Time Inc.: 3.180E-06s @ element    1247 in Part SYS\wall Est. Clock Time Remaining: 10s       
Cycle:     2110, Time:  6.704E-03s, Progress:  33.52%, Time Inc.: 3.180E-06s @ element    1247 in Part SYS\wall Est. Clock Time Remaining: 10s       
Cycle:     2111, Time:  6.707E-03s, Progress:  33.54%, Time Inc.: 3.180E-06s @ element    1247 in Part SYS\wall Est. Clock Time Remaining: 10s       
Cycle:     2112, Time:  6.710E-03s, Progress:  33.55%, Time Inc.: 3.180E-06s @ element    1247 in Part SYS\wall Est. Clock Time Remaining: 10s       
Cycle:     2113, Time:  6.713E-03s, Progress:  33.57%, Time Inc.: 3.180E-06s @ element    1247 in Part SYS\wall Est. Clock Time Remaining: 10s       
Cycle:     2114, Time:  6.717E-03s, Progress:  33.58%, Time Inc.: 3.180E-06s @ element    1247 in Part SYS\wall Est. Clock Time Remaining: 10s       
Cycle:     2115, Time:  6.720E-03s, Progress:  33.60%, Time Inc.: 3.180E-06s @ element    1247 in Part SYS\wall Est. Clock Time Remaining: 10s       
Cycle:     2116, Time:  6.723E-03s, Progress:  33.62%, Time Inc.: 3.180E-06s @ element    1247 in Part SYS\wall Est. Clock Time Remaining: 10s       
Cycle:     2117, Time:  6.726E-03s, Progress:  33.63%, Time Inc.: 3.180E-06s @ element    1247 in Part SYS\wall Est. Clock Time Remaining: 10s       
Cycle:     2118, Time:  6.729E-03s, Progress:  33.65%, Time Inc.: 3.180E-06s @ element    1247 in Part SYS\wall Est. Clock Time Remaining: 10s       
Cycle:     2119, Time:  6.733E-03s, Progress:  33.66%, Time Inc.: 3.180E-06s @ element    1247 in Part SYS\wall Est. Clock Time Remaining: 10s       
Cycle:     2120, Time:  6.736E-03s, Progress:  33.68%, Time Inc.: 3.180E-06s @ element    1247 in Part SYS\wall Est. Clock Time Remaining: 10s       
Cycle:     2121, Time:  6.739E-03s, Progress:  33.69%, Time Inc.: 3.180E-06s @ element    1247 in Part SYS\wall Est. Clock Time Remaining: 10s       
Cycle:     2122, Time:  6.742E-03s, Progress:  33.71%, Time Inc.: 3.180E-06s @ element    1247 in Part SYS\wall Est. Clock Time Remaining: 10s       
Cycle:     2123, Time:  6.745E-03s, Progress:  33.73%, Time Inc.: 3.180E-06s @ element    1247 in Part SYS\wall Est. Clock Time Remaining: 10s       
Cycle:     2124, Time:  6.748E-03s, Progress:  33.74%, Time Inc.: 3.180E-06s @ element    1243 in Part SYS\wall Est. Clock Time Remaining: 10s       
Cycle:     2125, Time:  6.752E-03s, Progress:  33.76%, Time Inc.: 3.180E-06s @ element    1243 in Part SYS\wall Est. Clock Time Remaining: 10s       
Cycle:     2126, Time:  6.755E-03s, Progress:  33.77%, Time Inc.: 3.180E-06s @ element    1243 in Part SYS\wall Est. Clock Time Remaining: 10s       
Cycle:     2127, Time:  6.758E-03s, Progress:  33.79%, Time Inc.: 3.180E-06s @ element    1243 in Part SYS\wall Est. Clock Time Remaining: 10s       
Cycle:     2128, Time:  6.761E-03s, Progress:  33.81%, Time Inc.: 3.180E-06s @ element    1243 in Part SYS\wall Est. Clock Time Remaining: 10s       
Cycle:     2129, Time:  6.764E-03s, Progress:  33.82%, Time Inc.: 3.180E-06s @ element    1247 in Part SYS\wall Est. Clock Time Remaining: 10s       
Cycle:     2130, Time:  6.768E-03s, Progress:  33.84%, Time Inc.: 3.180E-06s @ element    1247 in Part SYS\wall Est. Clock Time Remaining: 10s       
Cycle:     2131, Time:  6.771E-03s, Progress:  33.85%, Time Inc.: 3.180E-06s @ element    1247 in Part SYS\wall Est. Clock Time Remaining: 10s       
Cycle:     2132, Time:  6.774E-03s, Progress:  33.87%, Time Inc.: 3.180E-06s @ element      59 in Part SYS\wall Est. Clock Time Remaining: 10s       
Cycle:     2133, Time:  6.777E-03s, Progress:  33.89%, Time Inc.: 3.180E-06s @ element      59 in Part SYS\wall Est. Clock Time Remaining: 10s       
Cycle:     2134, Time:  6.780E-03s, Progress:  33.90%, Time Inc.: 3.180E-06s @ element    1105 in Part SYS\wall Est. Clock Time Remaining: 10s       
Cycle:     2135, Time:  6.783E-03s, Progress:  33.92%, Time Inc.: 3.180E-06s @ element    1105 in Part SYS\wall Est. Clock Time Remaining: 10s       
Cycle:     2136, Time:  6.787E-03s, Progress:  33.93%, Time Inc.: 3.180E-06s @ element     205 in Part SYS\wall Est. Clock Time Remaining: 10s       
Cycle:     2137, Time:  6.790E-03s, Progress:  33.95%, Time Inc.: 3.180E-06s @ element     205 in Part SYS\wall Est. Clock Time Remaining: 10s       
Cycle:     2138, Time:  6.793E-03s, Progress:  33.96%, Time Inc.: 3.180E-06s @ element     205 in Part SYS\wall Est. Clock Time Remaining: 10s       
Cycle:     2139, Time:  6.796E-03s, Progress:  33.98%, Time Inc.: 3.180E-06s @ element     205 in Part SYS\wall Est. Clock Time Remaining: 10s       
Cycle:     2140, Time:  6.799E-03s, Progress:  34.00%, Time Inc.: 3.180E-06s @ element     243 in Part SYS\wall Est. Clock Time Remaining: 10s       
Cycle:     2141, Time:  6.803E-03s, Progress:  34.01%, Time Inc.: 3.180E-06s @ element     243 in Part SYS\wall Est. Clock Time Remaining: 10s       
Cycle:     2142, Time:  6.806E-03s, Progress:  34.03%, Time Inc.: 3.180E-06s @ element     243 in Part SYS\wall Est. Clock Time Remaining: 10s       
Cycle:     2143, Time:  6.809E-03s, Progress:  34.04%, Time Inc.: 3.180E-06s @ element     209 in Part SYS\wall Est. Clock Time Remaining: 10s       
Cycle:     2144, Time:  6.812E-03s, Progress:  34.06%, Time Inc.: 3.180E-06s @ element     209 in Part SYS\wall Est. Clock Time Remaining: 10s       
Cycle:     2145, Time:  6.815E-03s, Progress:  34.08%, Time Inc.: 3.180E-06s @ element     209 in Part SYS\wall Est. Clock Time Remaining: 10s       
Cycle:     2146, Time:  6.818E-03s, Progress:  34.09%, Time Inc.: 3.180E-06s @ element     209 in Part SYS\wall Est. Clock Time Remaining: 10s       
Cycle:     2147, Time:  6.822E-03s, Progress:  34.11%, Time Inc.: 3.180E-06s @ element     209 in Part SYS\wall Est. Clock Time Remaining: 10s       
Cycle:     2148, Time:  6.825E-03s, Progress:  34.12%, Time Inc.: 3.180E-06s @ element     209 in Part SYS\wall Est. Clock Time Remaining: 10s       
Cycle:     2149, Time:  6.828E-03s, Progress:  34.14%, Time Inc.: 3.180E-06s @ element    1109 in Part SYS\wall Est. Clock Time Remaining: 10s       
Cycle:     2150, Time:  6.831E-03s, Progress:  34.16%, Time Inc.: 3.180E-06s @ element    1109 in Part SYS\wall Est. Clock Time Remaining: 10s       
Cycle:     2151, Time:  6.834E-03s, Progress:  34.17%, Time Inc.: 3.180E-06s @ element    1109 in Part SYS\wall Est. Clock Time Remaining: 10s       
Cycle:     2152, Time:  6.838E-03s, Progress:  34.19%, Time Inc.: 3.180E-06s @ element    1042 in Part SYS\wall Est. Clock Time Remaining: 10s       
Cycle:     2153, Time:  6.841E-03s, Progress:  34.20%, Time Inc.: 3.180E-06s @ element     286 in Part SYS\wall Est. Clock Time Remaining: 10s       
Cycle:     2154, Time:  6.844E-03s, Progress:  34.22%, Time Inc.: 3.180E-06s @ element     286 in Part SYS\wall Est. Clock Time Remaining: 10s       
Cycle:     2155, Time:  6.847E-03s, Progress:  34.24%, Time Inc.: 3.180E-06s @ element     286 in Part SYS\wall Est. Clock Time Remaining: 10s       
Cycle:     2156, Time:  6.850E-03s, Progress:  34.25%, Time Inc.: 3.180E-06s @ element     286 in Part SYS\wall Est. Clock Time Remaining: 10s       
Cycle:     2157, Time:  6.853E-03s, Progress:  34.27%, Time Inc.: 3.180E-06s @ element     286 in Part SYS\wall Est. Clock Time Remaining: 10s       
Cycle:     2158, Time:  6.857E-03s, Progress:  34.28%, Time Inc.: 3.180E-06s @ element     286 in Part SYS\wall Est. Clock Time Remaining: 10s       
Cycle:     2159, Time:  6.860E-03s, Progress:  34.30%, Time Inc.: 3.180E-06s @ element     286 in Part SYS\wall Est. Clock Time Remaining: 10s       
Cycle:     2160, Time:  6.863E-03s, Progress:  34.31%, Time Inc.: 3.180E-06s @ element     286 in Part SYS\wall Est. Clock Time Remaining: 10s       
Cycle:     2161, Time:  6.866E-03s, Progress:  34.33%, Time Inc.: 3.180E-06s @ element     286 in Part SYS\wall Est. Clock Time Remaining: 10s       
Cycle:     2162, Time:  6.869E-03s, Progress:  34.35%, Time Inc.: 3.180E-06s @ element     286 in Part SYS\wall Est. Clock Time Remaining: 10s       
Cycle:     2163, Time:  6.872E-03s, Progress:  34.36%, Time Inc.: 3.180E-06s @ element     286 in Part SYS\wall Est. Clock Time Remaining: 10s       
Cycle:     2164, Time:  6.876E-03s, Progress:  34.38%, Time Inc.: 3.180E-06s @ element     286 in Part SYS\wall Est. Clock Time Remaining: 10s       
Cycle:     2165, Time:  6.879E-03s, Progress:  34.39%, Time Inc.: 3.180E-06s @ element     286 in Part SYS\wall Est. Clock Time Remaining: 10s       
Cycle:     2166, Time:  6.882E-03s, Progress:  34.41%, Time Inc.: 3.180E-06s @ element     286 in Part SYS\wall Est. Clock Time Remaining: 10s       
Cycle:     2167, Time:  6.885E-03s, Progress:  34.43%, Time Inc.: 3.180E-06s @ element     286 in Part SYS\wall Est. Clock Time Remaining: 10s       
Cycle:     2168, Time:  6.888E-03s, Progress:  34.44%, Time Inc.: 3.180E-06s @ element     286 in Part SYS\wall Est. Clock Time Remaining: 10s       
Cycle:     2169, Time:  6.892E-03s, Progress:  34.46%, Time Inc.: 3.180E-06s @ element     286 in Part SYS\wall Est. Clock Time Remaining: 10s       
Cycle:     2170, Time:  6.895E-03s, Progress:  34.47%, Time Inc.: 3.180E-06s @ element     286 in Part SYS\wall Est. Clock Time Remaining: 10s       
Cycle:     2171, Time:  6.898E-03s, Progress:  34.49%, Time Inc.: 3.180E-06s @ element     286 in Part SYS\wall Est. Clock Time Remaining: 10s       
Cycle:     2172, Time:  6.901E-03s, Progress:  34.51%, Time Inc.: 3.180E-06s @ element     322 in Part SYS\wall Est. Clock Time Remaining: 10s       
Cycle:     2173, Time:  6.904E-03s, Progress:  34.52%, Time Inc.: 3.180E-06s @ element     322 in Part SYS\wall Est. Clock Time Remaining: 10s       
Cycle:     2174, Time:  6.907E-03s, Progress:  34.54%, Time Inc.: 3.180E-06s @ element     322 in Part SYS\wall Est. Clock Time Remaining: 10s       
Cycle:     2175, Time:  6.911E-03s, Progress:  34.55%, Time Inc.: 3.180E-06s @ element     322 in Part SYS\wall Est. Clock Time Remaining: 10s       
Cycle:     2176, Time:  6.914E-03s, Progress:  34.57%, Time Inc.: 3.180E-06s @ element     322 in Part SYS\wall Est. Clock Time Remaining: 10s       
Cycle:     2177, Time:  6.917E-03s, Progress:  34.59%, Time Inc.: 3.180E-06s @ element     322 in Part SYS\wall Est. Clock Time Remaining: 10s       
Cycle:     2178, Time:  6.920E-03s, Progress:  34.60%, Time Inc.: 3.180E-06s @ element     322 in Part SYS\wall Est. Clock Time Remaining: 10s       
Cycle:     2179, Time:  6.923E-03s, Progress:  34.62%, Time Inc.: 3.180E-06s @ element     322 in Part SYS\wall Est. Clock Time Remaining: 10s       
Cycle:     2180, Time:  6.927E-03s, Progress:  34.63%, Time Inc.: 3.180E-06s @ element     322 in Part SYS\wall Est. Clock Time Remaining: 10s       
Cycle:     2181, Time:  6.930E-03s, Progress:  34.65%, Time Inc.: 3.180E-06s @ element     322 in Part SYS\wall Est. Clock Time Remaining: 10s       
Cycle:     2182, Time:  6.933E-03s, Progress:  34.66%, Time Inc.: 3.180E-06s @ element     322 in Part SYS\wall Est. Clock Time Remaining: 10s       
Cycle:     2183, Time:  6.936E-03s, Progress:  34.68%, Time Inc.: 3.180E-06s @ element     322 in Part SYS\wall Est. Clock Time Remaining: 10s       
Cycle:     2184, Time:  6.939E-03s, Progress:  34.70%, Time Inc.: 3.180E-06s @ element    1006 in Part SYS\wall Est. Clock Time Remaining: 10s       
Cycle:     2185, Time:  6.942E-03s, Progress:  34.71%, Time Inc.: 3.180E-06s @ element    1006 in Part SYS\wall Est. Clock Time Remaining: 10s       
Cycle:     2186, Time:  6.946E-03s, Progress:  34.73%, Time Inc.: 3.180E-06s @ element    1006 in Part SYS\wall Est. Clock Time Remaining: 10s       
Cycle:     2187, Time:  6.949E-03s, Progress:  34.74%, Time Inc.: 3.180E-06s @ element    1006 in Part SYS\wall Est. Clock Time Remaining: 10s       
Cycle:     2188, Time:  6.952E-03s, Progress:  34.76%, Time Inc.: 3.180E-06s @ element    1006 in Part SYS\wall Est. Clock Time Remaining: 10s       
Cycle:     2189, Time:  6.955E-03s, Progress:  34.78%, Time Inc.: 3.180E-06s @ element    1006 in Part SYS\wall Est. Clock Time Remaining: 10s       
Cycle:     2190, Time:  6.958E-03s, Progress:  34.79%, Time Inc.: 3.180E-06s @ element    1006 in Part SYS\wall Est. Clock Time Remaining: 10s       
Cycle:     2191, Time:  6.962E-03s, Progress:  34.81%, Time Inc.: 3.180E-06s @ element    1006 in Part SYS\wall Est. Clock Time Remaining: 10s       
Cycle:     2192, Time:  6.965E-03s, Progress:  34.82%, Time Inc.: 3.180E-06s @ element    1006 in Part SYS\wall Est. Clock Time Remaining: 10s       
Cycle:     2193, Time:  6.968E-03s, Progress:  34.84%, Time Inc.: 3.180E-06s @ element    1006 in Part SYS\wall Est. Clock Time Remaining: 10s       
Cycle:     2194, Time:  6.971E-03s, Progress:  34.86%, Time Inc.: 3.180E-06s @ element    1006 in Part SYS\wall Est. Clock Time Remaining: 10s       
Cycle:     2195, Time:  6.974E-03s, Progress:  34.87%, Time Inc.: 3.180E-06s @ element    1006 in Part SYS\wall Est. Clock Time Remaining: 10s       
Cycle:     2196, Time:  6.977E-03s, Progress:  34.89%, Time Inc.: 3.180E-06s @ element    1006 in Part SYS\wall Est. Clock Time Remaining: 10s       
Cycle:     2197, Time:  6.981E-03s, Progress:  34.90%, Time Inc.: 3.180E-06s @ element     351 in Part SYS\wall Est. Clock Time Remaining: 10s       
Cycle:     2198, Time:  6.984E-03s, Progress:  34.92%, Time Inc.: 3.180E-06s @ element     351 in Part SYS\wall Est. Clock Time Remaining: 10s       
Cycle:     2199, Time:  6.987E-03s, Progress:  34.93%, Time Inc.: 3.180E-06s @ element     351 in Part SYS\wall Est. Clock Time Remaining: 10s       
Cycle:     2200, Time:  6.990E-03s, Progress:  34.95%, Time Inc.: 3.180E-06s @ element     351 in Part SYS\wall Est. Clock Time Remaining: 10s       
Cycle:     2201, Time:  6.993E-03s, Progress:  34.97%, Time Inc.: 3.180E-06s @ element     351 in Part SYS\wall Est. Clock Time Remaining: 10s       
Cycle:     2202, Time:  6.997E-03s, Progress:  34.98%, Time Inc.: 3.180E-06s @ element     351 in Part SYS\wall Est. Clock Time Remaining: 10s       
Cycle:     2203, Time:  7.000E-03s, Progress:  35.00%, Time Inc.: 3.180E-06s @ element     351 in Part SYS\wall Est. Clock Time Remaining: 10s       
Cycle:     2204, Time:  7.003E-03s, Progress:  35.01%, Time Inc.: 3.180E-06s @ element     351 in Part SYS\wall Est. Clock Time Remaining: 10s       
Cycle:     2205, Time:  7.006E-03s, Progress:  35.03%, Time Inc.: 3.180E-06s @ element     423 in Part SYS\wall Est. Clock Time Remaining: 10s       
Cycle:     2206, Time:  7.009E-03s, Progress:  35.05%, Time Inc.: 3.180E-06s @ element     423 in Part SYS\wall Est. Clock Time Remaining: 10s       
Cycle:     2207, Time:  7.012E-03s, Progress:  35.06%, Time Inc.: 3.180E-06s @ element     423 in Part SYS\wall Est. Clock Time Remaining: 10s       
Cycle:     2208, Time:  7.016E-03s, Progress:  35.08%, Time Inc.: 3.180E-06s @ element     423 in Part SYS\wall Est. Clock Time Remaining: 10s       
Cycle:     2209, Time:  7.019E-03s, Progress:  35.09%, Time Inc.: 3.180E-06s @ element     423 in Part SYS\wall Est. Clock Time Remaining: 10s       
Cycle:     2210, Time:  7.022E-03s, Progress:  35.11%, Time Inc.: 3.180E-06s @ element     853 in Part SYS\wall Est. Clock Time Remaining: 10s       
Cycle:     2211, Time:  7.025E-03s, Progress:  35.13%, Time Inc.: 3.180E-06s @ element     853 in Part SYS\wall Est. Clock Time Remaining: 10s       
Cycle:     2212, Time:  7.028E-03s, Progress:  35.14%, Time Inc.: 3.180E-06s @ element     853 in Part SYS\wall Est. Clock Time Remaining: 10s       
Cycle:     2213, Time:  7.032E-03s, Progress:  35.16%, Time Inc.: 3.180E-06s @ element     853 in Part SYS\wall Est. Clock Time Remaining: 10s       
Cycle:     2214, Time:  7.035E-03s, Progress:  35.17%, Time Inc.: 3.180E-06s @ element     853 in Part SYS\wall Est. Clock Time Remaining: 10s       
Cycle:     2215, Time:  7.038E-03s, Progress:  35.19%, Time Inc.: 3.180E-06s @ element     853 in Part SYS\wall Est. Clock Time Remaining: 10s       
Cycle:     2216, Time:  7.041E-03s, Progress:  35.21%, Time Inc.: 3.180E-06s @ element     853 in Part SYS\wall Est. Clock Time Remaining: 10s       
Cycle:     2217, Time:  7.044E-03s, Progress:  35.22%, Time Inc.: 3.180E-06s @ element     841 in Part SYS\wall Est. Clock Time Remaining: 10s       
Cycle:     2218, Time:  7.047E-03s, Progress:  35.24%, Time Inc.: 3.180E-06s @ element     841 in Part SYS\wall Est. Clock Time Remaining: 10s       
Cycle:     2219, Time:  7.051E-03s, Progress:  35.25%, Time Inc.: 3.180E-06s @ element     841 in Part SYS\wall Est. Clock Time Remaining: 10s       
Cycle:     2220, Time:  7.054E-03s, Progress:  35.27%, Time Inc.: 3.180E-06s @ element     841 in Part SYS\wall Est. Clock Time Remaining: 10s       
Cycle:     2221, Time:  7.057E-03s, Progress:  35.28%, Time Inc.: 3.180E-06s @ element     803 in Part SYS\wall Est. Clock Time Remaining: 10s       
Cycle:     2222, Time:  7.060E-03s, Progress:  35.30%, Time Inc.: 3.180E-06s @ element     803 in Part SYS\wall Est. Clock Time Remaining: 10s       
Cycle:     2223, Time:  7.063E-03s, Progress:  35.32%, Time Inc.: 3.180E-06s @ element     803 in Part SYS\wall Est. Clock Time Remaining: 10s       
Cycle:     2224, Time:  7.066E-03s, Progress:  35.33%, Time Inc.: 3.180E-06s @ element     803 in Part SYS\wall Est. Clock Time Remaining: 10s       
Cycle:     2225, Time:  7.070E-03s, Progress:  35.35%, Time Inc.: 3.180E-06s @ element     803 in Part SYS\wall Est. Clock Time Remaining: 10s       
Cycle:     2226, Time:  7.073E-03s, Progress:  35.36%, Time Inc.: 3.180E-06s @ element     803 in Part SYS\wall Est. Clock Time Remaining: 10s       
Cycle:     2227, Time:  7.076E-03s, Progress:  35.38%, Time Inc.: 3.180E-06s @ element     803 in Part SYS\wall Est. Clock Time Remaining: 10s       
Cycle:     2228, Time:  7.079E-03s, Progress:  35.40%, Time Inc.: 3.180E-06s @ element     803 in Part SYS\wall Est. Clock Time Remaining: 10s       
Cycle:     2229, Time:  7.082E-03s, Progress:  35.41%, Time Inc.: 3.180E-06s @ element     803 in Part SYS\wall Est. Clock Time Remaining: 10s       
Cycle:     2230, Time:  7.086E-03s, Progress:  35.43%, Time Inc.: 3.180E-06s @ element     803 in Part SYS\wall Est. Clock Time Remaining: 10s       
Cycle:     2231, Time:  7.089E-03s, Progress:  35.44%, Time Inc.: 3.180E-06s @ element     803 in Part SYS\wall Est. Clock Time Remaining: 10s       
Cycle:     2232, Time:  7.092E-03s, Progress:  35.46%, Time Inc.: 3.180E-06s @ element     479 in Part SYS\wall Est. Clock Time Remaining: 10s       
Cycle:     2233, Time:  7.095E-03s, Progress:  35.48%, Time Inc.: 3.180E-06s @ element     479 in Part SYS\wall Est. Clock Time Remaining: 10s       
Cycle:     2234, Time:  7.098E-03s, Progress:  35.49%, Time Inc.: 3.180E-06s @ element    1283 in Part SYS\wall Est. Clock Time Remaining: 10s       
Cycle:     2235, Time:  7.101E-03s, Progress:  35.51%, Time Inc.: 3.180E-06s @ element    1283 in Part SYS\wall Est. Clock Time Remaining: 10s       
Cycle:     2236, Time:  7.105E-03s, Progress:  35.52%, Time Inc.: 3.180E-06s @ element    1283 in Part SYS\wall Est. Clock Time Remaining: 10s       
Cycle:     2237, Time:  7.108E-03s, Progress:  35.54%, Time Inc.: 3.180E-06s @ element    1283 in Part SYS\wall Est. Clock Time Remaining: 10s       
Cycle:     2238, Time:  7.111E-03s, Progress:  35.56%, Time Inc.: 3.180E-06s @ element    1283 in Part SYS\wall Est. Clock Time Remaining: 10s       
Cycle:     2239, Time:  7.114E-03s, Progress:  35.57%, Time Inc.: 3.180E-06s @ element    1283 in Part SYS\wall Est. Clock Time Remaining: 10s       
Cycle:     2240, Time:  7.117E-03s, Progress:  35.59%, Time Inc.: 3.180E-06s @ element    1283 in Part SYS\wall Est. Clock Time Remaining: 10s       
Cycle:     2241, Time:  7.121E-03s, Progress:  35.60%, Time Inc.: 3.180E-06s @ element      61 in Part SYS\wall Est. Clock Time Remaining: 10s       
Cycle:     2242, Time:  7.124E-03s, Progress:  35.62%, Time Inc.: 3.180E-06s @ element      61 in Part SYS\wall Est. Clock Time Remaining: 10s       
Cycle:     2243, Time:  7.127E-03s, Progress:  35.63%, Time Inc.: 3.180E-06s @ element      61 in Part SYS\wall Est. Clock Time Remaining: 10s       
Cycle:     2244, Time:  7.130E-03s, Progress:  35.65%, Time Inc.: 3.180E-06s @ element      61 in Part SYS\wall Est. Clock Time Remaining: 10s       
Cycle:     2245, Time:  7.133E-03s, Progress:  35.67%, Time Inc.: 3.180E-06s @ element      61 in Part SYS\wall Est. Clock Time Remaining: 10s       
Cycle:     2246, Time:  7.136E-03s, Progress:  35.68%, Time Inc.: 3.180E-06s @ element      61 in Part SYS\wall Est. Clock Time Remaining: 10s       
Cycle:     2247, Time:  7.140E-03s, Progress:  35.70%, Time Inc.: 3.180E-06s @ element      61 in Part SYS\wall Est. Clock Time Remaining: 10s       
Cycle:     2248, Time:  7.143E-03s, Progress:  35.71%, Time Inc.: 3.180E-06s @ element      61 in Part SYS\wall Est. Clock Time Remaining: 10s       
Cycle:     2249, Time:  7.146E-03s, Progress:  35.73%, Time Inc.: 3.180E-06s @ element      61 in Part SYS\wall Est. Clock Time Remaining: 10s       
Cycle:     2250, Time:  7.149E-03s, Progress:  35.75%, Time Inc.: 3.180E-06s @ element      61 in Part SYS\wall Est. Clock Time Remaining: 10s       
Cycle:     2251, Time:  7.152E-03s, Progress:  35.76%, Time Inc.: 3.180E-06s @ element      61 in Part SYS\wall Est. Clock Time Remaining: 10s       
Cycle:     2252, Time:  7.156E-03s, Progress:  35.78%, Time Inc.: 3.180E-06s @ element      61 in Part SYS\wall Est. Clock Time Remaining: 10s       
Cycle:     2253, Time:  7.159E-03s, Progress:  35.79%, Time Inc.: 3.180E-06s @ element      61 in Part SYS\wall Est. Clock Time Remaining: 10s       
Cycle:     2254, Time:  7.162E-03s, Progress:  35.81%, Time Inc.: 3.180E-06s @ element      61 in Part SYS\wall Est. Clock Time Remaining: 10s       
Cycle:     2255, Time:  7.165E-03s, Progress:  35.83%, Time Inc.: 3.180E-06s @ element      61 in Part SYS\wall Est. Clock Time Remaining: 10s       
Cycle:     2256, Time:  7.168E-03s, Progress:  35.84%, Time Inc.: 3.180E-06s @ element    1249 in Part SYS\wall Est. Clock Time Remaining: 10s       
Cycle:     2257, Time:  7.171E-03s, Progress:  35.86%, Time Inc.: 3.180E-06s @ element    1249 in Part SYS\wall Est. Clock Time Remaining: 10s       
Cycle:     2258, Time:  7.175E-03s, Progress:  35.87%, Time Inc.: 3.180E-06s @ element    1249 in Part SYS\wall Est. Clock Time Remaining: 10s       
Cycle:     2259, Time:  7.178E-03s, Progress:  35.89%, Time Inc.: 3.180E-06s @ element    1249 in Part SYS\wall Est. Clock Time Remaining: 10s       
Cycle:     2260, Time:  7.181E-03s, Progress:  35.90%, Time Inc.: 3.180E-06s @ element    1249 in Part SYS\wall Est. Clock Time Remaining: 10s       
Cycle:     2261, Time:  7.184E-03s, Progress:  35.92%, Time Inc.: 3.180E-06s @ element    1249 in Part SYS\wall Est. Clock Time Remaining: 10s       
Cycle:     2262, Time:  7.187E-03s, Progress:  35.94%, Time Inc.: 3.180E-06s @ element    1249 in Part SYS\wall Est. Clock Time Remaining: 10s       
Cycle:     2263, Time:  7.191E-03s, Progress:  35.95%, Time Inc.: 3.180E-06s @ element    1249 in Part SYS\wall Est. Clock Time Remaining: 10s       
Cycle:     2264, Time:  7.194E-03s, Progress:  35.97%, Time Inc.: 3.180E-06s @ element    1249 in Part SYS\wall Est. Clock Time Remaining: 10s       
Cycle:     2265, Time:  7.197E-03s, Progress:  35.98%, Time Inc.: 3.180E-06s @ element    1249 in Part SYS\wall Est. Clock Time Remaining: 10s       
Cycle:     2266, Time:  7.200E-03s, Progress:  36.00%, Time Inc.: 3.180E-06s @ element    1249 in Part SYS\wall Est. Clock Time Remaining: 10s       
Cycle:     2267, Time:  7.203E-03s, Progress:  36.02%, Time Inc.: 3.180E-06s @ element    1249 in Part SYS\wall Est. Clock Time Remaining: 10s       
Cycle:     2268, Time:  7.206E-03s, Progress:  36.03%, Time Inc.: 3.180E-06s @ element    1249 in Part SYS\wall Est. Clock Time Remaining: 10s       
Cycle:     2269, Time:  7.210E-03s, Progress:  36.05%, Time Inc.: 3.180E-06s @ element    1249 in Part SYS\wall Est. Clock Time Remaining: 10s       
Cycle:     2270, Time:  7.213E-03s, Progress:  36.06%, Time Inc.: 3.180E-06s @ element    1249 in Part SYS\wall Est. Clock Time Remaining: 10s       
Cycle:     2271, Time:  7.216E-03s, Progress:  36.08%, Time Inc.: 3.180E-06s @ element    1249 in Part SYS\wall Est. Clock Time Remaining: 10s       
Cycle:     2272, Time:  7.219E-03s, Progress:  36.10%, Time Inc.: 3.180E-06s @ element    1249 in Part SYS\wall Est. Clock Time Remaining: 10s       
Cycle:     2273, Time:  7.222E-03s, Progress:  36.11%, Time Inc.: 3.180E-06s @ element    1249 in Part SYS\wall Est. Clock Time Remaining: 10s       
Cycle:     2274, Time:  7.225E-03s, Progress:  36.13%, Time Inc.: 3.180E-06s @ element    1249 in Part SYS\wall Est. Clock Time Remaining: 10s       
Cycle:     2275, Time:  7.229E-03s, Progress:  36.14%, Time Inc.: 3.180E-06s @ element    1249 in Part SYS\wall Est. Clock Time Remaining: 10s       
Cycle:     2276, Time:  7.232E-03s, Progress:  36.16%, Time Inc.: 3.180E-06s @ element    1249 in Part SYS\wall Est. Clock Time Remaining: 10s       
Cycle:     2277, Time:  7.235E-03s, Progress:  36.18%, Time Inc.: 3.180E-06s @ element    1249 in Part SYS\wall Est. Clock Time Remaining: 10s       
Cycle:     2278, Time:  7.238E-03s, Progress:  36.19%, Time Inc.: 3.180E-06s @ element    1249 in Part SYS\wall Est. Clock Time Remaining: 10s       
Cycle:     2279, Time:  7.241E-03s, Progress:  36.21%, Time Inc.: 3.180E-06s @ element    1249 in Part SYS\wall Est. Clock Time Remaining: 10s       
Cycle:     2280, Time:  7.245E-03s, Progress:  36.22%, Time Inc.: 3.180E-06s @ element      61 in Part SYS\wall Est. Clock Time Remaining: 10s       
Cycle:     2281, Time:  7.248E-03s, Progress:  36.24%, Time Inc.: 3.180E-06s @ element      61 in Part SYS\wall Est. Clock Time Remaining: 10s       
Cycle:     2282, Time:  7.251E-03s, Progress:  36.25%, Time Inc.: 3.180E-06s @ element      61 in Part SYS\wall Est. Clock Time Remaining: 10s       
Cycle:     2283, Time:  7.254E-03s, Progress:  36.27%, Time Inc.: 3.180E-06s @ element      61 in Part SYS\wall Est. Clock Time Remaining: 10s       
Cycle:     2284, Time:  7.257E-03s, Progress:  36.29%, Time Inc.: 3.180E-06s @ element      61 in Part SYS\wall Est. Clock Time Remaining: 10s       
Cycle:     2285, Time:  7.260E-03s, Progress:  36.30%, Time Inc.: 3.180E-06s @ element      61 in Part SYS\wall Est. Clock Time Remaining: 10s       
Cycle:     2286, Time:  7.264E-03s, Progress:  36.32%, Time Inc.: 3.180E-06s @ element      61 in Part SYS\wall Est. Clock Time Remaining: 10s       
Cycle:     2287, Time:  7.267E-03s, Progress:  36.33%, Time Inc.: 3.180E-06s @ element      61 in Part SYS\wall Est. Clock Time Remaining: 10s       
Cycle:     2288, Time:  7.270E-03s, Progress:  36.35%, Time Inc.: 3.180E-06s @ element      61 in Part SYS\wall Est. Clock Time Remaining: 10s       
Cycle:     2289, Time:  7.273E-03s, Progress:  36.37%, Time Inc.: 3.180E-06s @ element      61 in Part SYS\wall Est. Clock Time Remaining: 10s       
Cycle:     2290, Time:  7.276E-03s, Progress:  36.38%, Time Inc.: 3.180E-06s @ element      61 in Part SYS\wall Est. Clock Time Remaining: 10s       
Cycle:     2291, Time:  7.280E-03s, Progress:  36.40%, Time Inc.: 3.180E-06s @ element      61 in Part SYS\wall Est. Clock Time Remaining: 10s       
Cycle:     2292, Time:  7.283E-03s, Progress:  36.41%, Time Inc.: 3.180E-06s @ element      61 in Part SYS\wall Est. Clock Time Remaining: 10s       
Cycle:     2293, Time:  7.286E-03s, Progress:  36.43%, Time Inc.: 3.180E-06s @ element      61 in Part SYS\wall Est. Clock Time Remaining: 10s       
Cycle:     2294, Time:  7.289E-03s, Progress:  36.45%, Time Inc.: 3.180E-06s @ element      61 in Part SYS\wall Est. Clock Time Remaining: 10s       
Cycle:     2295, Time:  7.292E-03s, Progress:  36.46%, Time Inc.: 3.180E-06s @ element      61 in Part SYS\wall Est. Clock Time Remaining: 10s       
Cycle:     2296, Time:  7.295E-03s, Progress:  36.48%, Time Inc.: 3.180E-06s @ element      61 in Part SYS\wall Est. Clock Time Remaining: 10s       
Cycle:     2297, Time:  7.299E-03s, Progress:  36.49%, Time Inc.: 3.180E-06s @ element      61 in Part SYS\wall Est. Clock Time Remaining: 10s       
Cycle:     2298, Time:  7.302E-03s, Progress:  36.51%, Time Inc.: 3.180E-06s @ element      61 in Part SYS\wall Est. Clock Time Remaining: 10s       
Cycle:     2299, Time:  7.305E-03s, Progress:  36.52%, Time Inc.: 3.180E-06s @ element      61 in Part SYS\wall Est. Clock Time Remaining: 10s       
Cycle:     2300, Time:  7.308E-03s, Progress:  36.54%, Time Inc.: 3.180E-06s @ element      61 in Part SYS\wall Est. Clock Time Remaining: 10s       
Cycle:     2301, Time:  7.311E-03s, Progress:  36.56%, Time Inc.: 3.180E-06s @ element      61 in Part SYS\wall Est. Clock Time Remaining: 10s       
Cycle:     2302, Time:  7.315E-03s, Progress:  36.57%, Time Inc.: 3.180E-06s @ element      61 in Part SYS\wall Est. Clock Time Remaining: 10s       
Cycle:     2303, Time:  7.318E-03s, Progress:  36.59%, Time Inc.: 3.180E-06s @ element      61 in Part SYS\wall Est. Clock Time Remaining: 10s       
Cycle:     2304, Time:  7.321E-03s, Progress:  36.60%, Time Inc.: 3.180E-06s @ element      61 in Part SYS\wall Est. Clock Time Remaining: 10s       
Cycle:     2305, Time:  7.324E-03s, Progress:  36.62%, Time Inc.: 3.180E-06s @ element      61 in Part SYS\wall Est. Clock Time Remaining: 10s       
Cycle:     2306, Time:  7.327E-03s, Progress:  36.64%, Time Inc.: 3.180E-06s @ element      61 in Part SYS\wall Est. Clock Time Remaining: 10s       
Cycle:     2307, Time:  7.330E-03s, Progress:  36.65%, Time Inc.: 3.180E-06s @ element      61 in Part SYS\wall Est. Clock Time Remaining: 10s       
Cycle:     2308, Time:  7.334E-03s, Progress:  36.67%, Time Inc.: 3.180E-06s @ element    1078 in Part SYS\wall Est. Clock Time Remaining: 10s       
Cycle:     2309, Time:  7.337E-03s, Progress:  36.68%, Time Inc.: 3.180E-06s @ element    1078 in Part SYS\wall Est. Clock Time Remaining: 10s       
Cycle:     2310, Time:  7.340E-03s, Progress:  36.70%, Time Inc.: 3.180E-06s @ element    1078 in Part SYS\wall Est. Clock Time Remaining: 10s       
Cycle:     2311, Time:  7.343E-03s, Progress:  36.72%, Time Inc.: 3.180E-06s @ element    1078 in Part SYS\wall Est. Clock Time Remaining: 10s       
Cycle:     2312, Time:  7.346E-03s, Progress:  36.73%, Time Inc.: 3.180E-06s @ element     250 in Part SYS\wall Est. Clock Time Remaining: 10s       
Cycle:     2313, Time:  7.350E-03s, Progress:  36.75%, Time Inc.: 3.180E-06s @ element     250 in Part SYS\wall Est. Clock Time Remaining: 10s       
Cycle:     2314, Time:  7.353E-03s, Progress:  36.76%, Time Inc.: 3.180E-06s @ element     250 in Part SYS\wall Est. Clock Time Remaining: 10s       
Cycle:     2315, Time:  7.356E-03s, Progress:  36.78%, Time Inc.: 3.180E-06s @ element     250 in Part SYS\wall Est. Clock Time Remaining: 10s       
Cycle:     2316, Time:  7.359E-03s, Progress:  36.80%, Time Inc.: 3.180E-06s @ element     250 in Part SYS\wall Est. Clock Time Remaining: 10s       
Cycle:     2317, Time:  7.362E-03s, Progress:  36.81%, Time Inc.: 3.180E-06s @ element     250 in Part SYS\wall Est. Clock Time Remaining: 10s       
Cycle:     2318, Time:  7.365E-03s, Progress:  36.83%, Time Inc.: 3.180E-06s @ element     250 in Part SYS\wall Est. Clock Time Remaining: 10s       
Cycle:     2319, Time:  7.369E-03s, Progress:  36.84%, Time Inc.: 3.180E-06s @ element     250 in Part SYS\wall Est. Clock Time Remaining: 10s       
Cycle:     2320, Time:  7.372E-03s, Progress:  36.86%, Time Inc.: 3.180E-06s @ element     250 in Part SYS\wall Est. Clock Time Remaining: 10s       
Cycle:     2321, Time:  7.375E-03s, Progress:  36.87%, Time Inc.: 3.180E-06s @ element     250 in Part SYS\wall Est. Clock Time Remaining: 10s       
Cycle:     2322, Time:  7.378E-03s, Progress:  36.89%, Time Inc.: 3.180E-06s @ element     250 in Part SYS\wall Est. Clock Time Remaining: 10s       
Cycle:     2323, Time:  7.381E-03s, Progress:  36.91%, Time Inc.: 3.180E-06s @ element     250 in Part SYS\wall Est. Clock Time Remaining: 10s       
Cycle:     2324, Time:  7.384E-03s, Progress:  36.92%, Time Inc.: 3.180E-06s @ element     250 in Part SYS\wall Est. Clock Time Remaining: 10s       
Cycle:     2325, Time:  7.388E-03s, Progress:  36.94%, Time Inc.: 3.180E-06s @ element     250 in Part SYS\wall Est. Clock Time Remaining: 10s       
Cycle:     2326, Time:  7.391E-03s, Progress:  36.95%, Time Inc.: 3.180E-06s @ element     250 in Part SYS\wall Est. Clock Time Remaining: 10s       
Cycle:     2327, Time:  7.394E-03s, Progress:  36.97%, Time Inc.: 3.180E-06s @ element     250 in Part SYS\wall Est. Clock Time Remaining: 10s       
Cycle:     2328, Time:  7.397E-03s, Progress:  36.99%, Time Inc.: 3.180E-06s @ element     250 in Part SYS\wall Est. Clock Time Remaining: 10s       
Cycle:     2329, Time:  7.400E-03s, Progress:  37.00%, Time Inc.: 3.180E-06s @ element     250 in Part SYS\wall Est. Clock Time Remaining: 10s       
Cycle:     2330, Time:  7.404E-03s, Progress:  37.02%, Time Inc.: 3.180E-06s @ element     285 in Part SYS\wall Est. Clock Time Remaining: 10s       
Cycle:     2331, Time:  7.407E-03s, Progress:  37.03%, Time Inc.: 3.180E-06s @ element     285 in Part SYS\wall Est. Clock Time Remaining: 10s       
Cycle:     2332, Time:  7.410E-03s, Progress:  37.05%, Time Inc.: 3.180E-06s @ element     285 in Part SYS\wall Est. Clock Time Remaining: 10s       
Cycle:     2333, Time:  7.413E-03s, Progress:  37.07%, Time Inc.: 3.180E-06s @ element     285 in Part SYS\wall Est. Clock Time Remaining: 10s       
Cycle:     2334, Time:  7.416E-03s, Progress:  37.08%, Time Inc.: 3.180E-06s @ element     285 in Part SYS\wall Est. Clock Time Remaining: 10s       
Cycle:     2335, Time:  7.419E-03s, Progress:  37.10%, Time Inc.: 3.180E-06s @ element     285 in Part SYS\wall Est. Clock Time Remaining: 10s       
Cycle:     2336, Time:  7.423E-03s, Progress:  37.11%, Time Inc.: 3.180E-06s @ element     285 in Part SYS\wall Est. Clock Time Remaining: 10s       
Cycle:     2337, Time:  7.426E-03s, Progress:  37.13%, Time Inc.: 3.180E-06s @ element     285 in Part SYS\wall Est. Clock Time Remaining: 10s       
Cycle:     2338, Time:  7.429E-03s, Progress:  37.15%, Time Inc.: 3.180E-06s @ element     285 in Part SYS\wall Est. Clock Time Remaining: 10s       
Cycle:     2339, Time:  7.432E-03s, Progress:  37.16%, Time Inc.: 3.180E-06s @ element     285 in Part SYS\wall Est. Clock Time Remaining: 10s       
Cycle:     2340, Time:  7.435E-03s, Progress:  37.18%, Time Inc.: 3.180E-06s @ element     322 in Part SYS\wall Est. Clock Time Remaining: 10s       
Cycle:     2341, Time:  7.439E-03s, Progress:  37.19%, Time Inc.: 3.180E-06s @ element     322 in Part SYS\wall Est. Clock Time Remaining: 10s       
Cycle:     2342, Time:  7.442E-03s, Progress:  37.21%, Time Inc.: 3.180E-06s @ element     322 in Part SYS\wall Est. Clock Time Remaining: 10s       
Cycle:     2343, Time:  7.445E-03s, Progress:  37.22%, Time Inc.: 3.180E-06s @ element    1006 in Part SYS\wall Est. Clock Time Remaining: 10s       
Cycle:     2344, Time:  7.448E-03s, Progress:  37.24%, Time Inc.: 3.180E-06s @ element    1006 in Part SYS\wall Est. Clock Time Remaining: 10s       
Cycle:     2345, Time:  7.451E-03s, Progress:  37.26%, Time Inc.: 3.180E-06s @ element    1006 in Part SYS\wall Est. Clock Time Remaining: 10s       
Cycle:     2346, Time:  7.454E-03s, Progress:  37.27%, Time Inc.: 3.180E-06s @ element    1006 in Part SYS\wall Est. Clock Time Remaining: 10s       
Cycle:     2347, Time:  7.458E-03s, Progress:  37.29%, Time Inc.: 3.180E-06s @ element    1006 in Part SYS\wall Est. Clock Time Remaining: 10s       
Cycle:     2348, Time:  7.461E-03s, Progress:  37.30%, Time Inc.: 3.180E-06s @ element    1006 in Part SYS\wall Est. Clock Time Remaining: 10s       
Cycle:     2349, Time:  7.464E-03s, Progress:  37.32%, Time Inc.: 3.180E-06s @ element    1006 in Part SYS\wall Est. Clock Time Remaining: 10s       
Cycle:     2350, Time:  7.467E-03s, Progress:  37.34%, Time Inc.: 3.180E-06s @ element    1006 in Part SYS\wall Est. Clock Time Remaining: 10s       
Cycle:     2351, Time:  7.470E-03s, Progress:  37.35%, Time Inc.: 3.180E-06s @ element     357 in Part SYS\wall Est. Clock Time Remaining: 10s       
Cycle:     2352, Time:  7.474E-03s, Progress:  37.37%, Time Inc.: 3.180E-06s @ element     357 in Part SYS\wall Est. Clock Time Remaining: 10s       
Cycle:     2353, Time:  7.477E-03s, Progress:  37.38%, Time Inc.: 3.180E-06s @ element     357 in Part SYS\wall Est. Clock Time Remaining: 10s       
Cycle:     2354, Time:  7.480E-03s, Progress:  37.40%, Time Inc.: 3.180E-06s @ element     357 in Part SYS\wall Est. Clock Time Remaining: 10s       
Cycle:     2355, Time:  7.483E-03s, Progress:  37.42%, Time Inc.: 3.180E-06s @ element     357 in Part SYS\wall Est. Clock Time Remaining: 10s       
Cycle:     2356, Time:  7.486E-03s, Progress:  37.43%, Time Inc.: 3.180E-06s @ element     357 in Part SYS\wall Est. Clock Time Remaining: 10s       
Cycle:     2357, Time:  7.489E-03s, Progress:  37.45%, Time Inc.: 3.180E-06s @ element     357 in Part SYS\wall Est. Clock Time Remaining: 10s       
Cycle:     2358, Time:  7.493E-03s, Progress:  37.46%, Time Inc.: 3.180E-06s @ element     357 in Part SYS\wall Est. Clock Time Remaining: 10s       
Cycle:     2359, Time:  7.496E-03s, Progress:  37.48%, Time Inc.: 3.180E-06s @ element     969 in Part SYS\wall Est. Clock Time Remaining: 10s       
Cycle:     2360, Time:  7.499E-03s, Progress:  37.49%, Time Inc.: 3.180E-06s @ element     969 in Part SYS\wall Est. Clock Time Remaining: 10s       
Cycle:     2361, Time:  7.502E-03s, Progress:  37.51%, Time Inc.: 3.180E-06s @ element     969 in Part SYS\wall Est. Clock Time Remaining: 10s       
Cycle:     2362, Time:  7.505E-03s, Progress:  37.53%, Time Inc.: 3.180E-06s @ element     969 in Part SYS\wall Est. Clock Time Remaining: 10s       
Cycle:     2363, Time:  7.509E-03s, Progress:  37.54%, Time Inc.: 3.180E-06s @ element     969 in Part SYS\wall Est. Clock Time Remaining: 10s       
Cycle:     2364, Time:  7.512E-03s, Progress:  37.56%, Time Inc.: 3.180E-06s @ element     969 in Part SYS\wall Est. Clock Time Remaining: 10s       
Cycle:     2365, Time:  7.515E-03s, Progress:  37.57%, Time Inc.: 3.180E-06s @ element     969 in Part SYS\wall Est. Clock Time Remaining: 10s       
Cycle:     2366, Time:  7.518E-03s, Progress:  37.59%, Time Inc.: 3.180E-06s @ element     969 in Part SYS\wall Est. Clock Time Remaining: 10s       
Cycle:     2367, Time:  7.521E-03s, Progress:  37.61%, Time Inc.: 3.180E-06s @ element     969 in Part SYS\wall Est. Clock Time Remaining: 10s       
Cycle:     2368, Time:  7.524E-03s, Progress:  37.62%, Time Inc.: 3.180E-06s @ element     969 in Part SYS\wall Est. Clock Time Remaining: 10s       
Cycle:     2369, Time:  7.528E-03s, Progress:  37.64%, Time Inc.: 3.180E-06s @ element     969 in Part SYS\wall Est. Clock Time Remaining: 10s       
Cycle:     2370, Time:  7.531E-03s, Progress:  37.65%, Time Inc.: 3.180E-06s @ element     969 in Part SYS\wall Est. Clock Time Remaining: 10s       
Cycle:     2371, Time:  7.534E-03s, Progress:  37.67%, Time Inc.: 3.180E-06s @ element     969 in Part SYS\wall Est. Clock Time Remaining: 10s       
Cycle:     2372, Time:  7.537E-03s, Progress:  37.69%, Time Inc.: 3.180E-06s @ element     969 in Part SYS\wall Est. Clock Time Remaining: 10s       
Cycle:     2373, Time:  7.540E-03s, Progress:  37.70%, Time Inc.: 3.180E-06s @ element     969 in Part SYS\wall Est. Clock Time Remaining: 10s       
Cycle:     2374, Time:  7.543E-03s, Progress:  37.72%, Time Inc.: 3.180E-06s @ element     969 in Part SYS\wall Est. Clock Time Remaining: 10s       
Cycle:     2375, Time:  7.547E-03s, Progress:  37.73%, Time Inc.: 3.180E-06s @ element     969 in Part SYS\wall Est. Clock Time Remaining: 10s       
Cycle:     2376, Time:  7.550E-03s, Progress:  37.75%, Time Inc.: 3.180E-06s @ element     969 in Part SYS\wall Est. Clock Time Remaining: 10s       
Cycle:     2377, Time:  7.553E-03s, Progress:  37.77%, Time Inc.: 3.180E-06s @ element     969 in Part SYS\wall Est. Clock Time Remaining: 10s       
Cycle:     2378, Time:  7.556E-03s, Progress:  37.78%, Time Inc.: 3.180E-06s @ element     969 in Part SYS\wall Est. Clock Time Remaining: 10s       
Cycle:     2379, Time:  7.559E-03s, Progress:  37.80%, Time Inc.: 3.180E-06s @ element     969 in Part SYS\wall Est. Clock Time Remaining: 10s       
Cycle:     2380, Time:  7.563E-03s, Progress:  37.81%, Time Inc.: 3.180E-06s @ element     897 in Part SYS\wall Est. Clock Time Remaining: 10s       
Cycle:     2381, Time:  7.566E-03s, Progress:  37.83%, Time Inc.: 3.180E-06s @ element     897 in Part SYS\wall Est. Clock Time Remaining: 10s       
Cycle:     2382, Time:  7.569E-03s, Progress:  37.84%, Time Inc.: 3.180E-06s @ element     386 in Part SYS\wall Est. Clock Time Remaining: 10s       
Cycle:     2383, Time:  7.572E-03s, Progress:  37.86%, Time Inc.: 3.180E-06s @ element     386 in Part SYS\wall Est. Clock Time Remaining: 10s       
Cycle:     2384, Time:  7.575E-03s, Progress:  37.88%, Time Inc.: 3.180E-06s @ element     386 in Part SYS\wall Est. Clock Time Remaining: 10s       
Cycle:     2385, Time:  7.578E-03s, Progress:  37.89%, Time Inc.: 3.180E-06s @ element     386 in Part SYS\wall Est. Clock Time Remaining: 10s       
Cycle:     2386, Time:  7.582E-03s, Progress:  37.91%, Time Inc.: 3.180E-06s @ element     388 in Part SYS\wall Est. Clock Time Remaining: 10s       
Cycle:     2387, Time:  7.585E-03s, Progress:  37.92%, Time Inc.: 3.180E-06s @ element     388 in Part SYS\wall Est. Clock Time Remaining: 10s       
Cycle:     2388, Time:  7.588E-03s, Progress:  37.94%, Time Inc.: 3.180E-06s @ element     424 in Part SYS\wall Est. Clock Time Remaining: 10s       
Cycle:     2389, Time:  7.591E-03s, Progress:  37.96%, Time Inc.: 3.180E-06s @ element     424 in Part SYS\wall Est. Clock Time Remaining: 10s       
Cycle:     2390, Time:  7.594E-03s, Progress:  37.97%, Time Inc.: 3.180E-06s @ element     424 in Part SYS\wall Est. Clock Time Remaining: 10s       
Cycle:     2391, Time:  7.598E-03s, Progress:  37.99%, Time Inc.: 3.180E-06s @ element     422 in Part SYS\wall Est. Clock Time Remaining: 10s       
Cycle:     2392, Time:  7.601E-03s, Progress:  38.00%, Time Inc.: 3.180E-06s @ element     422 in Part SYS\wall Est. Clock Time Remaining: 10s       
Cycle:     2393, Time:  7.604E-03s, Progress:  38.02%, Time Inc.: 3.180E-06s @ element     422 in Part SYS\wall Est. Clock Time Remaining: 10s       
Cycle:     2394, Time:  7.607E-03s, Progress:  38.04%, Time Inc.: 3.180E-06s @ element     910 in Part SYS\wall Est. Clock Time Remaining: 10s       
Cycle:     2395, Time:  7.610E-03s, Progress:  38.05%, Time Inc.: 3.180E-06s @ element     910 in Part SYS\wall Est. Clock Time Remaining: 10s       
Cycle:     2396, Time:  7.613E-03s, Progress:  38.07%, Time Inc.: 3.180E-06s @ element     910 in Part SYS\wall Est. Clock Time Remaining: 10s       
Cycle:     2397, Time:  7.617E-03s, Progress:  38.08%, Time Inc.: 3.180E-06s @ element     910 in Part SYS\wall Est. Clock Time Remaining: 10s       
Cycle:     2398, Time:  7.620E-03s, Progress:  38.10%, Time Inc.: 3.180E-06s @ element     910 in Part SYS\wall Est. Clock Time Remaining: 10s       
Cycle:     2399, Time:  7.623E-03s, Progress:  38.11%, Time Inc.: 3.180E-06s @ element     910 in Part SYS\wall Est. Clock Time Remaining: 10s       
Cycle:     2400, Time:  7.626E-03s, Progress:  38.13%, Time Inc.: 3.180E-06s @ element     910 in Part SYS\wall Est. Clock Time Remaining: 10s       
Cycle:     2401, Time:  7.629E-03s, Progress:  38.15%, Time Inc.: 3.180E-06s @ element     910 in Part SYS\wall Est. Clock Time Remaining: 10s       
Cycle:     2402, Time:  7.633E-03s, Progress:  38.16%, Time Inc.: 3.180E-06s @ element     370 in Part SYS\wall Est. Clock Time Remaining: 10s       
Cycle:     2403, Time:  7.636E-03s, Progress:  38.18%, Time Inc.: 3.180E-06s @ element     370 in Part SYS\wall Est. Clock Time Remaining: 10s       
Cycle:     2404, Time:  7.639E-03s, Progress:  38.19%, Time Inc.: 3.180E-06s @ element     370 in Part SYS\wall Est. Clock Time Remaining: 10s       
Cycle:     2405, Time:  7.642E-03s, Progress:  38.21%, Time Inc.: 3.180E-06s @ element     370 in Part SYS\wall Est. Clock Time Remaining: 10s       
Cycle:     2406, Time:  7.645E-03s, Progress:  38.23%, Time Inc.: 3.180E-06s @ element     370 in Part SYS\wall Est. Clock Time Remaining: 10s       
Cycle:     2407, Time:  7.648E-03s, Progress:  38.24%, Time Inc.: 3.180E-06s @ element     370 in Part SYS\wall Est. Clock Time Remaining: 10s       
Cycle:     2408, Time:  7.652E-03s, Progress:  38.26%, Time Inc.: 3.180E-06s @ element     370 in Part SYS\wall Est. Clock Time Remaining: 10s       
Cycle:     2409, Time:  7.655E-03s, Progress:  38.27%, Time Inc.: 3.180E-06s @ element     370 in Part SYS\wall Est. Clock Time Remaining: 10s       
Cycle:     2410, Time:  7.658E-03s, Progress:  38.29%, Time Inc.: 3.180E-06s @ element     370 in Part SYS\wall Est. Clock Time Remaining: 10s       
Cycle:     2411, Time:  7.661E-03s, Progress:  38.31%, Time Inc.: 3.180E-06s @ element     370 in Part SYS\wall Est. Clock Time Remaining: 10s       
Cycle:     2412, Time:  7.664E-03s, Progress:  38.32%, Time Inc.: 3.180E-06s @ element     370 in Part SYS\wall Est. Clock Time Remaining: 10s       
Cycle:     2413, Time:  7.668E-03s, Progress:  38.34%, Time Inc.: 3.180E-06s @ element     370 in Part SYS\wall Est. Clock Time Remaining: 10s       
Cycle:     2414, Time:  7.671E-03s, Progress:  38.35%, Time Inc.: 3.180E-06s @ element     370 in Part SYS\wall Est. Clock Time Remaining: 10s       
Cycle:     2415, Time:  7.674E-03s, Progress:  38.37%, Time Inc.: 3.180E-06s @ element     370 in Part SYS\wall Est. Clock Time Remaining: 10s       
Cycle:     2416, Time:  7.677E-03s, Progress:  38.39%, Time Inc.: 3.180E-06s @ element     370 in Part SYS\wall Est. Clock Time Remaining: 10s       
Cycle:     2417, Time:  7.680E-03s, Progress:  38.40%, Time Inc.: 3.180E-06s @ element     370 in Part SYS\wall Est. Clock Time Remaining: 10s       
Cycle:     2418, Time:  7.683E-03s, Progress:  38.42%, Time Inc.: 3.180E-06s @ element     370 in Part SYS\wall Est. Clock Time Remaining: 10s       
Cycle:     2419, Time:  7.687E-03s, Progress:  38.43%, Time Inc.: 3.180E-06s @ element     370 in Part SYS\wall Est. Clock Time Remaining: 10s       
Cycle:     2420, Time:  7.690E-03s, Progress:  38.45%, Time Inc.: 3.180E-06s @ element     370 in Part SYS\wall Est. Clock Time Remaining: 10s       
Cycle:     2421, Time:  7.693E-03s, Progress:  38.46%, Time Inc.: 3.180E-06s @ element     370 in Part SYS\wall Est. Clock Time Remaining: 10s       
Cycle:     2422, Time:  7.696E-03s, Progress:  38.48%, Time Inc.: 3.180E-06s @ element     370 in Part SYS\wall Est. Clock Time Remaining: 10s       
Cycle:     2423, Time:  7.699E-03s, Progress:  38.50%, Time Inc.: 3.180E-06s @ element     370 in Part SYS\wall Est. Clock Time Remaining: 10s       
Cycle:     2424, Time:  7.702E-03s, Progress:  38.51%, Time Inc.: 3.180E-06s @ element     370 in Part SYS\wall Est. Clock Time Remaining: 10s       
Cycle:     2425, Time:  7.706E-03s, Progress:  38.53%, Time Inc.: 3.180E-06s @ element     370 in Part SYS\wall Est. Clock Time Remaining: 10s       
Cycle:     2426, Time:  7.709E-03s, Progress:  38.54%, Time Inc.: 3.180E-06s @ element     370 in Part SYS\wall Est. Clock Time Remaining: 10s       
Cycle:     2427, Time:  7.712E-03s, Progress:  38.56%, Time Inc.: 3.180E-06s @ element     370 in Part SYS\wall Est. Clock Time Remaining: 10s       
Cycle:     2428, Time:  7.715E-03s, Progress:  38.58%, Time Inc.: 3.180E-06s @ element     370 in Part SYS\wall Est. Clock Time Remaining: 10s       
Cycle:     2429, Time:  7.718E-03s, Progress:  38.59%, Time Inc.: 3.180E-06s @ element     370 in Part SYS\wall Est. Clock Time Remaining: 10s       
Cycle:     2430, Time:  7.722E-03s, Progress:  38.61%, Time Inc.: 3.180E-06s @ element     298 in Part SYS\wall Est. Clock Time Remaining: 10s       
Cycle:     2431, Time:  7.725E-03s, Progress:  38.62%, Time Inc.: 3.180E-06s @ element     298 in Part SYS\wall Est. Clock Time Remaining: 10s       
Cycle:     2432, Time:  7.728E-03s, Progress:  38.64%, Time Inc.: 3.180E-06s @ element     298 in Part SYS\wall Est. Clock Time Remaining: 10s       
Cycle:     2433, Time:  7.731E-03s, Progress:  38.66%, Time Inc.: 3.180E-06s @ element     298 in Part SYS\wall Est. Clock Time Remaining: 10s       
Cycle:     2434, Time:  7.734E-03s, Progress:  38.67%, Time Inc.: 3.180E-06s @ element     298 in Part SYS\wall Est. Clock Time Remaining: 10s       
Cycle:     2435, Time:  7.737E-03s, Progress:  38.69%, Time Inc.: 3.180E-06s @ element     298 in Part SYS\wall Est. Clock Time Remaining: 10s       
Cycle:     2436, Time:  7.741E-03s, Progress:  38.70%, Time Inc.: 3.180E-06s @ element     298 in Part SYS\wall Est. Clock Time Remaining: 10s       
Cycle:     2437, Time:  7.744E-03s, Progress:  38.72%, Time Inc.: 3.180E-06s @ element     298 in Part SYS\wall Est. Clock Time Remaining: 10s       
Cycle:     2438, Time:  7.747E-03s, Progress:  38.74%, Time Inc.: 3.180E-06s @ element     298 in Part SYS\wall Est. Clock Time Remaining: 10s       
Cycle:     2439, Time:  7.750E-03s, Progress:  38.75%, Time Inc.: 3.180E-06s @ element     298 in Part SYS\wall Est. Clock Time Remaining: 10s       
Cycle:     2440, Time:  7.753E-03s, Progress:  38.77%, Time Inc.: 3.180E-06s @ element     298 in Part SYS\wall Est. Clock Time Remaining: 10s       
Cycle:     2441, Time:  7.757E-03s, Progress:  38.78%, Time Inc.: 3.180E-06s @ element     298 in Part SYS\wall Est. Clock Time Remaining: 10s       
Cycle:     2442, Time:  7.760E-03s, Progress:  38.80%, Time Inc.: 3.180E-06s @ element     294 in Part SYS\wall Est. Clock Time Remaining: 10s       
Cycle:     2443, Time:  7.763E-03s, Progress:  38.81%, Time Inc.: 3.180E-06s @ element     294 in Part SYS\wall Est. Clock Time Remaining: 10s       
Cycle:     2444, Time:  7.766E-03s, Progress:  38.83%, Time Inc.: 3.180E-06s @ element     294 in Part SYS\wall Est. Clock Time Remaining: 10s       
Cycle:     2445, Time:  7.769E-03s, Progress:  38.85%, Time Inc.: 3.180E-06s @ element     294 in Part SYS\wall Est. Clock Time Remaining: 10s       
Cycle:     2446, Time:  7.772E-03s, Progress:  38.86%, Time Inc.: 3.180E-06s @ element     294 in Part SYS\wall Est. Clock Time Remaining: 10s       
Cycle:     2447, Time:  7.776E-03s, Progress:  38.88%, Time Inc.: 3.180E-06s @ element    1011 in Part SYS\wall Est. Clock Time Remaining: 10s       
Cycle:     2448, Time:  7.779E-03s, Progress:  38.89%, Time Inc.: 3.180E-06s @ element    1011 in Part SYS\wall Est. Clock Time Remaining: 10s       
Cycle:     2449, Time:  7.782E-03s, Progress:  38.91%, Time Inc.: 3.180E-06s @ element    1011 in Part SYS\wall Est. Clock Time Remaining: 10s       
Cycle:     2450, Time:  7.785E-03s, Progress:  38.93%, Time Inc.: 3.180E-06s @ element    1011 in Part SYS\wall Est. Clock Time Remaining: 10s       
Cycle:     2451, Time:  7.788E-03s, Progress:  38.94%, Time Inc.: 3.180E-06s @ element    1011 in Part SYS\wall Est. Clock Time Remaining: 10s       
Cycle:     2452, Time:  7.792E-03s, Progress:  38.96%, Time Inc.: 3.180E-06s @ element    1011 in Part SYS\wall Est. Clock Time Remaining: 10s       
Cycle:     2453, Time:  7.795E-03s, Progress:  38.97%, Time Inc.: 3.180E-06s @ element    1011 in Part SYS\wall Est. Clock Time Remaining: 10s       
Cycle:     2454, Time:  7.798E-03s, Progress:  38.99%, Time Inc.: 3.180E-06s @ element    1011 in Part SYS\wall Est. Clock Time Remaining: 10s       
Cycle:     2455, Time:  7.801E-03s, Progress:  39.01%, Time Inc.: 3.180E-06s @ element    1011 in Part SYS\wall Est. Clock Time Remaining: 10s       
Cycle:     2456, Time:  7.804E-03s, Progress:  39.02%, Time Inc.: 3.180E-06s @ element    1011 in Part SYS\wall Est. Clock Time Remaining: 10s       
Cycle:     2457, Time:  7.807E-03s, Progress:  39.04%, Time Inc.: 3.180E-06s @ element    1011 in Part SYS\wall Est. Clock Time Remaining: 10s       
Cycle:     2458, Time:  7.811E-03s, Progress:  39.05%, Time Inc.: 3.180E-06s @ element    1011 in Part SYS\wall Est. Clock Time Remaining: 10s       
Cycle:     2459, Time:  7.814E-03s, Progress:  39.07%, Time Inc.: 3.180E-06s @ element    1011 in Part SYS\wall Est. Clock Time Remaining: 10s       
Cycle:     2460, Time:  7.817E-03s, Progress:  39.08%, Time Inc.: 3.180E-06s @ element    1011 in Part SYS\wall Est. Clock Time Remaining: 10s       
Cycle:     2461, Time:  7.820E-03s, Progress:  39.10%, Time Inc.: 3.180E-06s @ element    1011 in Part SYS\wall Est. Clock Time Remaining: 10s       
Cycle:     2462, Time:  7.823E-03s, Progress:  39.12%, Time Inc.: 3.180E-06s @ element    1011 in Part SYS\wall Est. Clock Time Remaining: 10s       
Cycle:     2463, Time:  7.827E-03s, Progress:  39.13%, Time Inc.: 3.180E-06s @ element    1011 in Part SYS\wall Est. Clock Time Remaining: 10s       
Cycle:     2464, Time:  7.830E-03s, Progress:  39.15%, Time Inc.: 3.180E-06s @ element    1011 in Part SYS\wall Est. Clock Time Remaining: 10s       
Cycle:     2465, Time:  7.833E-03s, Progress:  39.16%, Time Inc.: 3.180E-06s @ element    1011 in Part SYS\wall Est. Clock Time Remaining: 10s       
Cycle:     2466, Time:  7.836E-03s, Progress:  39.18%, Time Inc.: 3.180E-06s @ element    1011 in Part SYS\wall Est. Clock Time Remaining: 10s       
Cycle:     2467, Time:  7.839E-03s, Progress:  39.20%, Time Inc.: 3.180E-06s @ element    1011 in Part SYS\wall Est. Clock Time Remaining: 10s       
Cycle:     2468, Time:  7.842E-03s, Progress:  39.21%, Time Inc.: 3.180E-06s @ element    1011 in Part SYS\wall Est. Clock Time Remaining: 10s       
Cycle:     2469, Time:  7.846E-03s, Progress:  39.23%, Time Inc.: 3.180E-06s @ element    1011 in Part SYS\wall Est. Clock Time Remaining: 10s       
Cycle:     2470, Time:  7.849E-03s, Progress:  39.24%, Time Inc.: 3.180E-06s @ element    1011 in Part SYS\wall Est. Clock Time Remaining: 10s       
Cycle:     2471, Time:  7.852E-03s, Progress:  39.26%, Time Inc.: 3.180E-06s @ element    1011 in Part SYS\wall Est. Clock Time Remaining: 10s       
Cycle:     2472, Time:  7.855E-03s, Progress:  39.28%, Time Inc.: 3.180E-06s @ element    1011 in Part SYS\wall Est. Clock Time Remaining: 10s       
Cycle:     2473, Time:  7.858E-03s, Progress:  39.29%, Time Inc.: 3.180E-06s @ element    1011 in Part SYS\wall Est. Clock Time Remaining: 10s       
Cycle:     2474, Time:  7.861E-03s, Progress:  39.31%, Time Inc.: 3.180E-06s @ element    1011 in Part SYS\wall Est. Clock Time Remaining: 10s       
Cycle:     2475, Time:  7.865E-03s, Progress:  39.32%, Time Inc.: 3.180E-06s @ element    1011 in Part SYS\wall Est. Clock Time Remaining: 10s       
Cycle:     2476, Time:  7.868E-03s, Progress:  39.34%, Time Inc.: 3.180E-06s @ element    1011 in Part SYS\wall Est. Clock Time Remaining: 10s       
Cycle:     2477, Time:  7.871E-03s, Progress:  39.36%, Time Inc.: 3.180E-06s @ element    1011 in Part SYS\wall Est. Clock Time Remaining: 10s       
Cycle:     2478, Time:  7.874E-03s, Progress:  39.37%, Time Inc.: 3.180E-06s @ element    1011 in Part SYS\wall Est. Clock Time Remaining: 10s       
Cycle:     2479, Time:  7.877E-03s, Progress:  39.39%, Time Inc.: 3.180E-06s @ element    1011 in Part SYS\wall Est. Clock Time Remaining: 10s       
Cycle:     2480, Time:  7.881E-03s, Progress:  39.40%, Time Inc.: 3.180E-06s @ element    1011 in Part SYS\wall Est. Clock Time Remaining: 10s       
Cycle:     2481, Time:  7.884E-03s, Progress:  39.42%, Time Inc.: 3.180E-06s @ element    1126 in Part SYS\wall Est. Clock Time Remaining: 10s       
Cycle:     2482, Time:  7.887E-03s, Progress:  39.43%, Time Inc.: 3.180E-06s @ element    1126 in Part SYS\wall Est. Clock Time Remaining: 10s       
Cycle:     2483, Time:  7.890E-03s, Progress:  39.45%, Time Inc.: 3.180E-06s @ element    1126 in Part SYS\wall Est. Clock Time Remaining: 10s       
Cycle:     2484, Time:  7.893E-03s, Progress:  39.47%, Time Inc.: 3.180E-06s @ element    1126 in Part SYS\wall Est. Clock Time Remaining: 10s       
Cycle:     2485, Time:  7.896E-03s, Progress:  39.48%, Time Inc.: 3.180E-06s @ element    1126 in Part SYS\wall Est. Clock Time Remaining: 10s       
Cycle:     2486, Time:  7.900E-03s, Progress:  39.50%, Time Inc.: 3.180E-06s @ element    1126 in Part SYS\wall Est. Clock Time Remaining: 10s       
Cycle:     2487, Time:  7.903E-03s, Progress:  39.51%, Time Inc.: 3.180E-06s @ element    1126 in Part SYS\wall Est. Clock Time Remaining: 10s       
Cycle:     2488, Time:  7.906E-03s, Progress:  39.53%, Time Inc.: 3.180E-06s @ element    1126 in Part SYS\wall Est. Clock Time Remaining: 10s       
Cycle:     2489, Time:  7.909E-03s, Progress:  39.55%, Time Inc.: 3.180E-06s @ element    1126 in Part SYS\wall Est. Clock Time Remaining: 10s       
Cycle:     2490, Time:  7.912E-03s, Progress:  39.56%, Time Inc.: 3.180E-06s @ element    1126 in Part SYS\wall Est. Clock Time Remaining: 10s       
Cycle:     2491, Time:  7.916E-03s, Progress:  39.58%, Time Inc.: 3.180E-06s @ element    1126 in Part SYS\wall Est. Clock Time Remaining: 10s       
Cycle:     2492, Time:  7.919E-03s, Progress:  39.59%, Time Inc.: 3.180E-06s @ element    1126 in Part SYS\wall Est. Clock Time Remaining: 10s       
Cycle:     2493, Time:  7.922E-03s, Progress:  39.61%, Time Inc.: 3.180E-06s @ element    1126 in Part SYS\wall Est. Clock Time Remaining: 10s       
Cycle:     2494, Time:  7.925E-03s, Progress:  39.63%, Time Inc.: 3.180E-06s @ element    1126 in Part SYS\wall Est. Clock Time Remaining: 10s       
Cycle:     2495, Time:  7.928E-03s, Progress:  39.64%, Time Inc.: 3.180E-06s @ element    1126 in Part SYS\wall Est. Clock Time Remaining: 10s       
Cycle:     2496, Time:  7.931E-03s, Progress:  39.66%, Time Inc.: 3.180E-06s @ element    1126 in Part SYS\wall Est. Clock Time Remaining: 10s       
Cycle:     2497, Time:  7.935E-03s, Progress:  39.67%, Time Inc.: 3.180E-06s @ element    1126 in Part SYS\wall Est. Clock Time Remaining: 10s       
Cycle:     2498, Time:  7.938E-03s, Progress:  39.69%, Time Inc.: 3.180E-06s @ element    1126 in Part SYS\wall Est. Clock Time Remaining: 10s       
Cycle:     2499, Time:  7.941E-03s, Progress:  39.70%, Time Inc.: 3.180E-06s @ element    1126 in Part SYS\wall Est. Clock Time Remaining: 10s       
Cycle:     2500, Time:  7.944E-03s, Progress:  39.72%, Time Inc.: 3.180E-06s @ element    1126 in Part SYS\wall Est. Clock Time Remaining: 10s       
Cycle:     2501, Time:  7.947E-03s, Progress:  39.74%, Time Inc.: 3.180E-06s @ element    1126 in Part SYS\wall Est. Clock Time Remaining: 10s       
Cycle:     2502, Time:  7.951E-03s, Progress:  39.75%, Time Inc.: 3.180E-06s @ element    1126 in Part SYS\wall Est. Clock Time Remaining: 10s       
Cycle:     2503, Time:  7.954E-03s, Progress:  39.77%, Time Inc.: 3.180E-06s @ element    1126 in Part SYS\wall Est. Clock Time Remaining: 10s       
Cycle:     2504, Time:  7.957E-03s, Progress:  39.78%, Time Inc.: 3.180E-06s @ element    1126 in Part SYS\wall Est. Clock Time Remaining: 10s       
Cycle:     2505, Time:  7.960E-03s, Progress:  39.80%, Time Inc.: 3.180E-06s @ element    1126 in Part SYS\wall Est. Clock Time Remaining: 10s       
Cycle:     2506, Time:  7.963E-03s, Progress:  39.82%, Time Inc.: 3.180E-06s @ element    1126 in Part SYS\wall Est. Clock Time Remaining: 10s       
Cycle:     2507, Time:  7.966E-03s, Progress:  39.83%, Time Inc.: 3.180E-06s @ element    1126 in Part SYS\wall Est. Clock Time Remaining: 10s       
Cycle:     2508, Time:  7.970E-03s, Progress:  39.85%, Time Inc.: 3.180E-06s @ element    1126 in Part SYS\wall Est. Clock Time Remaining: 10s       
Cycle:     2509, Time:  7.973E-03s, Progress:  39.86%, Time Inc.: 3.180E-06s @ element    1126 in Part SYS\wall Est. Clock Time Remaining: 10s       
Cycle:     2510, Time:  7.976E-03s, Progress:  39.88%, Time Inc.: 3.180E-06s @ element    1126 in Part SYS\wall Est. Clock Time Remaining: 10s       
Cycle:     2511, Time:  7.979E-03s, Progress:  39.90%, Time Inc.: 3.180E-06s @ element    1126 in Part SYS\wall Est. Clock Time Remaining: 10s       
Cycle:     2512, Time:  7.982E-03s, Progress:  39.91%, Time Inc.: 3.180E-06s @ element    1126 in Part SYS\wall Est. Clock Time Remaining: 10s       
Cycle:     2513, Time:  7.985E-03s, Progress:  39.93%, Time Inc.: 3.180E-06s @ element    1126 in Part SYS\wall Est. Clock Time Remaining: 10s       
Cycle:     2514, Time:  7.989E-03s, Progress:  39.94%, Time Inc.: 3.180E-06s @ element    1126 in Part SYS\wall Est. Clock Time Remaining: 10s       
Cycle:     2515, Time:  7.992E-03s, Progress:  39.96%, Time Inc.: 3.180E-06s @ element    1126 in Part SYS\wall Est. Clock Time Remaining: 10s       
Cycle:     2516, Time:  7.995E-03s, Progress:  39.98%, Time Inc.: 3.180E-06s @ element    1126 in Part SYS\wall Est. Clock Time Remaining: 10s       
Cycle:     2517, Time:  7.998E-03s, Progress:  39.99%, Time Inc.: 3.180E-06s @ element    1126 in Part SYS\wall Est. Clock Time Remaining: 10s       
Cycle:     2518, Time:  8.001E-03s, Progress:  40.01%, Time Inc.: 3.180E-06s @ element    1126 in Part SYS\wall Est. Clock Time Remaining: 10s       
Cycle:     2519, Time:  8.005E-03s, Progress:  40.02%, Time Inc.: 3.180E-06s @ element    1126 in Part SYS\wall Est. Clock Time Remaining: 10s       
Cycle:     2520, Time:  8.008E-03s, Progress:  40.04%, Time Inc.: 3.180E-06s @ element    1126 in Part SYS\wall Est. Clock Time Remaining: 10s       
Cycle:     2521, Time:  8.011E-03s, Progress:  40.05%, Time Inc.: 3.180E-06s @ element    1126 in Part SYS\wall Est. Clock Time Remaining: 10s       
Cycle:     2522, Time:  8.014E-03s, Progress:  40.07%, Time Inc.: 3.180E-06s @ element    1126 in Part SYS\wall Est. Clock Time Remaining: 10s       
Cycle:     2523, Time:  8.017E-03s, Progress:  40.09%, Time Inc.: 3.180E-06s @ element    1126 in Part SYS\wall Est. Clock Time Remaining: 10s       
Cycle:     2524, Time:  8.020E-03s, Progress:  40.10%, Time Inc.: 3.180E-06s @ element    1126 in Part SYS\wall Est. Clock Time Remaining: 10s       
Cycle:     2525, Time:  8.024E-03s, Progress:  40.12%, Time Inc.: 3.180E-06s @ element      48 in Part SYS\wall Est. Clock Time Remaining: 10s       
Cycle:     2526, Time:  8.027E-03s, Progress:  40.13%, Time Inc.: 3.180E-06s @ element      48 in Part SYS\wall Est. Clock Time Remaining: 10s       
Cycle:     2527, Time:  8.030E-03s, Progress:  40.15%, Time Inc.: 3.180E-06s @ element      48 in Part SYS\wall Est. Clock Time Remaining: 10s       
Cycle:     2528, Time:  8.033E-03s, Progress:  40.17%, Time Inc.: 3.180E-06s @ element      48 in Part SYS\wall Est. Clock Time Remaining: 11s       
Cycle:     2529, Time:  8.036E-03s, Progress:  40.18%, Time Inc.: 3.180E-06s @ element      48 in Part SYS\wall Est. Clock Time Remaining: 11s       
Cycle:     2530, Time:  8.040E-03s, Progress:  40.20%, Time Inc.: 3.180E-06s @ element      48 in Part SYS\wall Est. Clock Time Remaining: 11s       
Cycle:     2531, Time:  8.043E-03s, Progress:  40.21%, Time Inc.: 3.180E-06s @ element      48 in Part SYS\wall Est. Clock Time Remaining: 11s       
Cycle:     2532, Time:  8.046E-03s, Progress:  40.23%, Time Inc.: 3.180E-06s @ element      48 in Part SYS\wall Est. Clock Time Remaining: 11s       
Cycle:     2533, Time:  8.049E-03s, Progress:  40.25%, Time Inc.: 3.180E-06s @ element      48 in Part SYS\wall Est. Clock Time Remaining: 11s       
Cycle:     2534, Time:  8.052E-03s, Progress:  40.26%, Time Inc.: 3.180E-06s @ element      48 in Part SYS\wall Est. Clock Time Remaining: 11s       
Cycle:     2535, Time:  8.055E-03s, Progress:  40.28%, Time Inc.: 3.180E-06s @ element      48 in Part SYS\wall Est. Clock Time Remaining: 11s       
Cycle:     2536, Time:  8.059E-03s, Progress:  40.29%, Time Inc.: 3.180E-06s @ element      48 in Part SYS\wall Est. Clock Time Remaining: 11s       
Cycle:     2537, Time:  8.062E-03s, Progress:  40.31%, Time Inc.: 3.180E-06s @ element      48 in Part SYS\wall Est. Clock Time Remaining: 11s       
Cycle:     2538, Time:  8.065E-03s, Progress:  40.32%, Time Inc.: 3.180E-06s @ element      48 in Part SYS\wall Est. Clock Time Remaining: 11s       
Cycle:     2539, Time:  8.068E-03s, Progress:  40.34%, Time Inc.: 3.180E-06s @ element      48 in Part SYS\wall Est. Clock Time Remaining: 11s       
Cycle:     2540, Time:  8.071E-03s, Progress:  40.36%, Time Inc.: 3.180E-06s @ element      48 in Part SYS\wall Est. Clock Time Remaining: 11s       
Cycle:     2541, Time:  8.075E-03s, Progress:  40.37%, Time Inc.: 3.180E-06s @ element      48 in Part SYS\wall Est. Clock Time Remaining: 11s       
Cycle:     2542, Time:  8.078E-03s, Progress:  40.39%, Time Inc.: 3.180E-06s @ element      48 in Part SYS\wall Est. Clock Time Remaining: 11s       
Cycle:     2543, Time:  8.081E-03s, Progress:  40.40%, Time Inc.: 3.180E-06s @ element      48 in Part SYS\wall Est. Clock Time Remaining: 11s       
Cycle:     2544, Time:  8.084E-03s, Progress:  40.42%, Time Inc.: 3.180E-06s @ element      48 in Part SYS\wall Est. Clock Time Remaining: 11s       
Cycle:     2545, Time:  8.087E-03s, Progress:  40.44%, Time Inc.: 3.180E-06s @ element      48 in Part SYS\wall Est. Clock Time Remaining: 11s       
Cycle:     2546, Time:  8.090E-03s, Progress:  40.45%, Time Inc.: 3.180E-06s @ element      48 in Part SYS\wall Est. Clock Time Remaining: 11s       
Cycle:     2547, Time:  8.094E-03s, Progress:  40.47%, Time Inc.: 3.180E-06s @ element      48 in Part SYS\wall Est. Clock Time Remaining: 11s       
Cycle:     2548, Time:  8.097E-03s, Progress:  40.48%, Time Inc.: 3.180E-06s @ element      54 in Part SYS\wall Est. Clock Time Remaining: 11s       
Cycle:     2549, Time:  8.100E-03s, Progress:  40.50%, Time Inc.: 3.180E-06s @ element      54 in Part SYS\wall Est. Clock Time Remaining: 11s       
Cycle:     2550, Time:  8.103E-03s, Progress:  40.52%, Time Inc.: 3.180E-06s @ element      54 in Part SYS\wall Est. Clock Time Remaining: 11s       
Cycle:     2551, Time:  8.106E-03s, Progress:  40.53%, Time Inc.: 3.180E-06s @ element      54 in Part SYS\wall Est. Clock Time Remaining: 11s       
Cycle:     2552, Time:  8.110E-03s, Progress:  40.55%, Time Inc.: 3.180E-06s @ element      54 in Part SYS\wall Est. Clock Time Remaining: 11s       
Cycle:     2553, Time:  8.113E-03s, Progress:  40.56%, Time Inc.: 3.180E-06s @ element      54 in Part SYS\wall Est. Clock Time Remaining: 11s       
Cycle:     2554, Time:  8.116E-03s, Progress:  40.58%, Time Inc.: 3.180E-06s @ element      54 in Part SYS\wall Est. Clock Time Remaining: 11s       
Cycle:     2555, Time:  8.119E-03s, Progress:  40.60%, Time Inc.: 3.180E-06s @ element      54 in Part SYS\wall Est. Clock Time Remaining: 11s       
Cycle:     2556, Time:  8.122E-03s, Progress:  40.61%, Time Inc.: 3.180E-06s @ element      54 in Part SYS\wall Est. Clock Time Remaining: 11s       
Cycle:     2557, Time:  8.125E-03s, Progress:  40.63%, Time Inc.: 3.180E-06s @ element      54 in Part SYS\wall Est. Clock Time Remaining: 11s       
Cycle:     2558, Time:  8.129E-03s, Progress:  40.64%, Time Inc.: 3.180E-06s @ element      54 in Part SYS\wall Est. Clock Time Remaining: 11s       
Cycle:     2559, Time:  8.132E-03s, Progress:  40.66%, Time Inc.: 3.180E-06s @ element      54 in Part SYS\wall Est. Clock Time Remaining: 11s       
Cycle:     2560, Time:  8.135E-03s, Progress:  40.67%, Time Inc.: 3.180E-06s @ element      54 in Part SYS\wall Est. Clock Time Remaining: 11s       
Cycle:     2561, Time:  8.138E-03s, Progress:  40.69%, Time Inc.: 3.180E-06s @ element      54 in Part SYS\wall Est. Clock Time Remaining: 11s       
Cycle:     2562, Time:  8.141E-03s, Progress:  40.71%, Time Inc.: 3.180E-06s @ element      54 in Part SYS\wall Est. Clock Time Remaining: 11s       
Cycle:     2563, Time:  8.144E-03s, Progress:  40.72%, Time Inc.: 3.180E-06s @ element      54 in Part SYS\wall Est. Clock Time Remaining: 11s       
Cycle:     2564, Time:  8.148E-03s, Progress:  40.74%, Time Inc.: 3.180E-06s @ element      54 in Part SYS\wall Est. Clock Time Remaining: 11s       
Cycle:     2565, Time:  8.151E-03s, Progress:  40.75%, Time Inc.: 3.180E-06s @ element      54 in Part SYS\wall Est. Clock Time Remaining: 11s       
Cycle:     2566, Time:  8.154E-03s, Progress:  40.77%, Time Inc.: 3.180E-06s @ element      54 in Part SYS\wall Est. Clock Time Remaining: 11s       
Cycle:     2567, Time:  8.157E-03s, Progress:  40.79%, Time Inc.: 3.180E-06s @ element      54 in Part SYS\wall Est. Clock Time Remaining: 11s       
Cycle:     2568, Time:  8.160E-03s, Progress:  40.80%, Time Inc.: 3.180E-06s @ element      54 in Part SYS\wall Est. Clock Time Remaining: 11s       
Cycle:     2569, Time:  8.164E-03s, Progress:  40.82%, Time Inc.: 3.180E-06s @ element      54 in Part SYS\wall Est. Clock Time Remaining: 11s       
Cycle:     2570, Time:  8.167E-03s, Progress:  40.83%, Time Inc.: 3.180E-06s @ element      58 in Part SYS\wall Est. Clock Time Remaining: 11s       
Cycle:     2571, Time:  8.170E-03s, Progress:  40.85%, Time Inc.: 3.180E-06s @ element      58 in Part SYS\wall Est. Clock Time Remaining: 11s       
Cycle:     2572, Time:  8.173E-03s, Progress:  40.87%, Time Inc.: 3.180E-06s @ element    1142 in Part SYS\wall Est. Clock Time Remaining: 11s       
Cycle:     2573, Time:  8.176E-03s, Progress:  40.88%, Time Inc.: 3.180E-06s @ element    1142 in Part SYS\wall Est. Clock Time Remaining: 11s       
Cycle:     2574, Time:  8.179E-03s, Progress:  40.90%, Time Inc.: 3.180E-06s @ element    1142 in Part SYS\wall Est. Clock Time Remaining: 11s       
Cycle:     2575, Time:  8.183E-03s, Progress:  40.91%, Time Inc.: 3.180E-06s @ element    1142 in Part SYS\wall Est. Clock Time Remaining: 11s       
Cycle:     2576, Time:  8.186E-03s, Progress:  40.93%, Time Inc.: 3.180E-06s @ element    1142 in Part SYS\wall Est. Clock Time Remaining: 11s       
Cycle:     2577, Time:  8.189E-03s, Progress:  40.95%, Time Inc.: 3.180E-06s @ element    1142 in Part SYS\wall Est. Clock Time Remaining: 11s       
Cycle:     2578, Time:  8.192E-03s, Progress:  40.96%, Time Inc.: 3.180E-06s @ element    1142 in Part SYS\wall Est. Clock Time Remaining: 11s       
Cycle:     2579, Time:  8.195E-03s, Progress:  40.98%, Time Inc.: 3.180E-06s @ element    1142 in Part SYS\wall Est. Clock Time Remaining: 11s       
Cycle:     2580, Time:  8.199E-03s, Progress:  40.99%, Time Inc.: 3.180E-06s @ element    1142 in Part SYS\wall Est. Clock Time Remaining: 11s       
Cycle:     2581, Time:  8.202E-03s, Progress:  41.01%, Time Inc.: 3.180E-06s @ element    1142 in Part SYS\wall Est. Clock Time Remaining: 11s       
Cycle:     2582, Time:  8.205E-03s, Progress:  41.02%, Time Inc.: 3.180E-06s @ element    1142 in Part SYS\wall Est. Clock Time Remaining: 11s       
Cycle:     2583, Time:  8.208E-03s, Progress:  41.04%, Time Inc.: 3.180E-06s @ element    1142 in Part SYS\wall Est. Clock Time Remaining: 11s       
Cycle:     2584, Time:  8.211E-03s, Progress:  41.06%, Time Inc.: 3.180E-06s @ element    1142 in Part SYS\wall Est. Clock Time Remaining: 11s       
Cycle:     2585, Time:  8.214E-03s, Progress:  41.07%, Time Inc.: 3.180E-06s @ element    1142 in Part SYS\wall Est. Clock Time Remaining: 11s       
Cycle:     2586, Time:  8.218E-03s, Progress:  41.09%, Time Inc.: 3.180E-06s @ element    1142 in Part SYS\wall Est. Clock Time Remaining: 11s       
Cycle:     2587, Time:  8.221E-03s, Progress:  41.10%, Time Inc.: 3.180E-06s @ element    1142 in Part SYS\wall Est. Clock Time Remaining: 11s       
Cycle:     2588, Time:  8.224E-03s, Progress:  41.12%, Time Inc.: 3.180E-06s @ element    1142 in Part SYS\wall Est. Clock Time Remaining: 11s       
Cycle:     2589, Time:  8.227E-03s, Progress:  41.14%, Time Inc.: 3.180E-06s @ element    1142 in Part SYS\wall Est. Clock Time Remaining: 11s       
Cycle:     2590, Time:  8.230E-03s, Progress:  41.15%, Time Inc.: 3.180E-06s @ element    1142 in Part SYS\wall Est. Clock Time Remaining: 11s       
Cycle:     2591, Time:  8.234E-03s, Progress:  41.17%, Time Inc.: 3.180E-06s @ element    1142 in Part SYS\wall Est. Clock Time Remaining: 11s       
Cycle:     2592, Time:  8.237E-03s, Progress:  41.18%, Time Inc.: 3.180E-06s @ element     177 in Part SYS\wall Est. Clock Time Remaining: 11s       
Cycle:     2593, Time:  8.240E-03s, Progress:  41.20%, Time Inc.: 3.180E-06s @ element     177 in Part SYS\wall Est. Clock Time Remaining: 11s       
Cycle:     2594, Time:  8.243E-03s, Progress:  41.22%, Time Inc.: 3.180E-06s @ element     177 in Part SYS\wall Est. Clock Time Remaining: 11s       
Cycle:     2595, Time:  8.246E-03s, Progress:  41.23%, Time Inc.: 3.180E-06s @ element     177 in Part SYS\wall Est. Clock Time Remaining: 11s       
Cycle:     2596, Time:  8.249E-03s, Progress:  41.25%, Time Inc.: 3.180E-06s @ element     177 in Part SYS\wall Est. Clock Time Remaining: 11s       
Cycle:     2597, Time:  8.253E-03s, Progress:  41.26%, Time Inc.: 3.180E-06s @ element     177 in Part SYS\wall Est. Clock Time Remaining: 11s       
Cycle:     2598, Time:  8.256E-03s, Progress:  41.28%, Time Inc.: 3.180E-06s @ element     177 in Part SYS\wall Est. Clock Time Remaining: 11s       
Cycle:     2599, Time:  8.259E-03s, Progress:  41.29%, Time Inc.: 3.180E-06s @ element     177 in Part SYS\wall Est. Clock Time Remaining: 11s       
Cycle:     2600, Time:  8.262E-03s, Progress:  41.31%, Time Inc.: 3.180E-06s @ element     177 in Part SYS\wall Est. Clock Time Remaining: 11s       
Cycle:     2601, Time:  8.265E-03s, Progress:  41.33%, Time Inc.: 3.180E-06s @ element     249 in Part SYS\wall Est. Clock Time Remaining: 11s       
Cycle:     2602, Time:  8.269E-03s, Progress:  41.34%, Time Inc.: 3.180E-06s @ element     249 in Part SYS\wall Est. Clock Time Remaining: 11s       
Cycle:     2603, Time:  8.272E-03s, Progress:  41.36%, Time Inc.: 3.180E-06s @ element     865 in Part SYS\wall Est. Clock Time Remaining: 11s       
Cycle:     2604, Time:  8.275E-03s, Progress:  41.37%, Time Inc.: 3.180E-06s @ element     865 in Part SYS\wall Est. Clock Time Remaining: 11s       
Cycle:     2605, Time:  8.278E-03s, Progress:  41.39%, Time Inc.: 3.180E-06s @ element     937 in Part SYS\wall Est. Clock Time Remaining: 11s       
Cycle:     2606, Time:  8.281E-03s, Progress:  41.41%, Time Inc.: 3.180E-06s @ element     937 in Part SYS\wall Est. Clock Time Remaining: 11s       
Cycle:     2607, Time:  8.284E-03s, Progress:  41.42%, Time Inc.: 3.180E-06s @ element     937 in Part SYS\wall Est. Clock Time Remaining: 11s       
Cycle:     2608, Time:  8.288E-03s, Progress:  41.44%, Time Inc.: 3.180E-06s @ element     937 in Part SYS\wall Est. Clock Time Remaining: 11s       
Cycle:     2609, Time:  8.291E-03s, Progress:  41.45%, Time Inc.: 3.180E-06s @ element     937 in Part SYS\wall Est. Clock Time Remaining: 11s       
Cycle:     2610, Time:  8.294E-03s, Progress:  41.47%, Time Inc.: 3.180E-06s @ element     937 in Part SYS\wall Est. Clock Time Remaining: 11s       
Cycle:     2611, Time:  8.297E-03s, Progress:  41.49%, Time Inc.: 3.180E-06s @ element     937 in Part SYS\wall Est. Clock Time Remaining: 11s       
Cycle:     2612, Time:  8.300E-03s, Progress:  41.50%, Time Inc.: 3.180E-06s @ element     937 in Part SYS\wall Est. Clock Time Remaining: 11s       
Cycle:     2613, Time:  8.303E-03s, Progress:  41.52%, Time Inc.: 3.180E-06s @ element     937 in Part SYS\wall Est. Clock Time Remaining: 11s       
Cycle:     2614, Time:  8.307E-03s, Progress:  41.53%, Time Inc.: 3.180E-06s @ element     937 in Part SYS\wall Est. Clock Time Remaining: 11s       
Cycle:     2615, Time:  8.310E-03s, Progress:  41.55%, Time Inc.: 3.180E-06s @ element     937 in Part SYS\wall Est. Clock Time Remaining: 11s       
Cycle:     2616, Time:  8.313E-03s, Progress:  41.57%, Time Inc.: 3.180E-06s @ element     937 in Part SYS\wall Est. Clock Time Remaining: 11s       
Cycle:     2617, Time:  8.316E-03s, Progress:  41.58%, Time Inc.: 3.180E-06s @ element     937 in Part SYS\wall Est. Clock Time Remaining: 11s       
Cycle:     2618, Time:  8.319E-03s, Progress:  41.60%, Time Inc.: 3.180E-06s @ element     937 in Part SYS\wall Est. Clock Time Remaining: 11s       
Cycle:     2619, Time:  8.323E-03s, Progress:  41.61%, Time Inc.: 3.180E-06s @ element     937 in Part SYS\wall Est. Clock Time Remaining: 11s       
Cycle:     2620, Time:  8.326E-03s, Progress:  41.63%, Time Inc.: 3.180E-06s @ element     937 in Part SYS\wall Est. Clock Time Remaining: 11s       
Cycle:     2621, Time:  8.329E-03s, Progress:  41.64%, Time Inc.: 3.180E-06s @ element     937 in Part SYS\wall Est. Clock Time Remaining: 11s       
Cycle:     2622, Time:  8.332E-03s, Progress:  41.66%, Time Inc.: 3.180E-06s @ element     937 in Part SYS\wall Est. Clock Time Remaining: 11s       
Cycle:     2623, Time:  8.335E-03s, Progress:  41.68%, Time Inc.: 3.180E-06s @ element     937 in Part SYS\wall Est. Clock Time Remaining: 11s       
Cycle:     2624, Time:  8.338E-03s, Progress:  41.69%, Time Inc.: 3.180E-06s @ element     937 in Part SYS\wall Est. Clock Time Remaining: 11s       
Cycle:     2625, Time:  8.342E-03s, Progress:  41.71%, Time Inc.: 3.180E-06s @ element     937 in Part SYS\wall Est. Clock Time Remaining: 11s       
Cycle:     2626, Time:  8.345E-03s, Progress:  41.72%, Time Inc.: 3.180E-06s @ element     937 in Part SYS\wall Est. Clock Time Remaining: 11s       
Cycle:     2627, Time:  8.348E-03s, Progress:  41.74%, Time Inc.: 3.180E-06s @ element     937 in Part SYS\wall Est. Clock Time Remaining: 11s       
Cycle:     2628, Time:  8.351E-03s, Progress:  41.76%, Time Inc.: 3.180E-06s @ element     937 in Part SYS\wall Est. Clock Time Remaining: 11s       
Cycle:     2629, Time:  8.354E-03s, Progress:  41.77%, Time Inc.: 3.180E-06s @ element     937 in Part SYS\wall Est. Clock Time Remaining: 11s       
Cycle:     2630, Time:  8.358E-03s, Progress:  41.79%, Time Inc.: 3.180E-06s @ element     937 in Part SYS\wall Est. Clock Time Remaining: 11s       
Cycle:     2631, Time:  8.361E-03s, Progress:  41.80%, Time Inc.: 3.180E-06s @ element    1082 in Part SYS\wall Est. Clock Time Remaining: 11s       
Cycle:     2632, Time:  8.364E-03s, Progress:  41.82%, Time Inc.: 3.180E-06s @ element    1082 in Part SYS\wall Est. Clock Time Remaining: 11s       
Cycle:     2633, Time:  8.367E-03s, Progress:  41.84%, Time Inc.: 3.180E-06s @ element    1082 in Part SYS\wall Est. Clock Time Remaining: 11s       
Cycle:     2634, Time:  8.370E-03s, Progress:  41.85%, Time Inc.: 3.180E-06s @ element    1082 in Part SYS\wall Est. Clock Time Remaining: 11s       
Cycle:     2635, Time:  8.373E-03s, Progress:  41.87%, Time Inc.: 3.180E-06s @ element    1082 in Part SYS\wall Est. Clock Time Remaining: 11s       
Cycle:     2636, Time:  8.377E-03s, Progress:  41.88%, Time Inc.: 3.180E-06s @ element    1082 in Part SYS\wall Est. Clock Time Remaining: 11s       
Cycle:     2637, Time:  8.380E-03s, Progress:  41.90%, Time Inc.: 3.180E-06s @ element    1082 in Part SYS\wall Est. Clock Time Remaining: 11s       
Cycle:     2638, Time:  8.383E-03s, Progress:  41.92%, Time Inc.: 3.180E-06s @ element    1082 in Part SYS\wall Est. Clock Time Remaining: 11s       
Cycle:     2639, Time:  8.386E-03s, Progress:  41.93%, Time Inc.: 3.180E-06s @ element    1082 in Part SYS\wall Est. Clock Time Remaining: 11s       
Cycle:     2640, Time:  8.389E-03s, Progress:  41.95%, Time Inc.: 3.180E-06s @ element    1082 in Part SYS\wall Est. Clock Time Remaining: 11s       
Cycle:     2641, Time:  8.393E-03s, Progress:  41.96%, Time Inc.: 3.180E-06s @ element    1082 in Part SYS\wall Est. Clock Time Remaining: 11s       
Cycle:     2642, Time:  8.396E-03s, Progress:  41.98%, Time Inc.: 3.180E-06s @ element    1082 in Part SYS\wall Est. Clock Time Remaining: 11s       
Cycle:     2643, Time:  8.399E-03s, Progress:  41.99%, Time Inc.: 3.180E-06s @ element    1082 in Part SYS\wall Est. Clock Time Remaining: 11s       
Cycle:     2644, Time:  8.402E-03s, Progress:  42.01%, Time Inc.: 3.180E-06s @ element    1082 in Part SYS\wall Est. Clock Time Remaining: 11s       
Cycle:     2645, Time:  8.405E-03s, Progress:  42.03%, Time Inc.: 3.180E-06s @ element    1082 in Part SYS\wall Est. Clock Time Remaining: 11s       
Cycle:     2646, Time:  8.408E-03s, Progress:  42.04%, Time Inc.: 3.180E-06s @ element    1082 in Part SYS\wall Est. Clock Time Remaining: 11s       
Cycle:     2647, Time:  8.412E-03s, Progress:  42.06%, Time Inc.: 3.180E-06s @ element    1082 in Part SYS\wall Est. Clock Time Remaining: 11s       
Cycle:     2648, Time:  8.415E-03s, Progress:  42.07%, Time Inc.: 3.180E-06s @ element    1082 in Part SYS\wall Est. Clock Time Remaining: 11s       
Cycle:     2649, Time:  8.418E-03s, Progress:  42.09%, Time Inc.: 3.180E-06s @ element    1082 in Part SYS\wall Est. Clock Time Remaining: 11s       
Cycle:     2650, Time:  8.421E-03s, Progress:  42.11%, Time Inc.: 3.180E-06s @ element    1082 in Part SYS\wall Est. Clock Time Remaining: 11s       
Cycle:     2651, Time:  8.424E-03s, Progress:  42.12%, Time Inc.: 3.180E-06s @ element    1082 in Part SYS\wall Est. Clock Time Remaining: 11s       
Cycle:     2652, Time:  8.428E-03s, Progress:  42.14%, Time Inc.: 3.180E-06s @ element    1082 in Part SYS\wall Est. Clock Time Remaining: 11s       
Cycle:     2653, Time:  8.431E-03s, Progress:  42.15%, Time Inc.: 3.180E-06s @ element    1082 in Part SYS\wall Est. Clock Time Remaining: 11s       
Cycle:     2654, Time:  8.434E-03s, Progress:  42.17%, Time Inc.: 3.180E-06s @ element    1082 in Part SYS\wall Est. Clock Time Remaining: 11s       
Cycle:     2655, Time:  8.437E-03s, Progress:  42.19%, Time Inc.: 3.180E-06s @ element    1082 in Part SYS\wall Est. Clock Time Remaining: 11s       
Cycle:     2656, Time:  8.440E-03s, Progress:  42.20%, Time Inc.: 3.180E-06s @ element    1082 in Part SYS\wall Est. Clock Time Remaining: 11s       
Cycle:     2657, Time:  8.443E-03s, Progress:  42.22%, Time Inc.: 3.180E-06s @ element    1082 in Part SYS\wall Est. Clock Time Remaining: 11s       
Cycle:     2658, Time:  8.447E-03s, Progress:  42.23%, Time Inc.: 3.180E-06s @ element    1082 in Part SYS\wall Est. Clock Time Remaining: 11s       
Cycle:     2659, Time:  8.450E-03s, Progress:  42.25%, Time Inc.: 3.180E-06s @ element    1082 in Part SYS\wall Est. Clock Time Remaining: 11s       
Cycle:     2660, Time:  8.453E-03s, Progress:  42.26%, Time Inc.: 3.180E-06s @ element    1082 in Part SYS\wall Est. Clock Time Remaining: 11s       
Cycle:     2661, Time:  8.456E-03s, Progress:  42.28%, Time Inc.: 3.180E-06s @ element    1082 in Part SYS\wall Est. Clock Time Remaining: 11s       
Cycle:     2662, Time:  8.459E-03s, Progress:  42.30%, Time Inc.: 3.180E-06s @ element    1082 in Part SYS\wall Est. Clock Time Remaining: 11s       
Cycle:     2663, Time:  8.463E-03s, Progress:  42.31%, Time Inc.: 3.180E-06s @ element    1082 in Part SYS\wall Est. Clock Time Remaining: 11s       
Cycle:     2664, Time:  8.466E-03s, Progress:  42.33%, Time Inc.: 3.180E-06s @ element      47 in Part SYS\wall Est. Clock Time Remaining: 11s       
Cycle:     2665, Time:  8.469E-03s, Progress:  42.34%, Time Inc.: 3.180E-06s @ element      47 in Part SYS\wall Est. Clock Time Remaining: 11s       
Cycle:     2666, Time:  8.472E-03s, Progress:  42.36%, Time Inc.: 3.180E-06s @ element      47 in Part SYS\wall Est. Clock Time Remaining: 11s       
Cycle:     2667, Time:  8.475E-03s, Progress:  42.38%, Time Inc.: 3.180E-06s @ element      47 in Part SYS\wall Est. Clock Time Remaining: 10s       
Cycle:     2668, Time:  8.478E-03s, Progress:  42.39%, Time Inc.: 3.180E-06s @ element      47 in Part SYS\wall Est. Clock Time Remaining: 10s       
Cycle:     2669, Time:  8.482E-03s, Progress:  42.41%, Time Inc.: 3.180E-06s @ element      47 in Part SYS\wall Est. Clock Time Remaining: 10s       
Cycle:     2670, Time:  8.485E-03s, Progress:  42.42%, Time Inc.: 3.180E-06s @ element      47 in Part SYS\wall Est. Clock Time Remaining: 10s       
Cycle:     2671, Time:  8.488E-03s, Progress:  42.44%, Time Inc.: 3.180E-06s @ element      47 in Part SYS\wall Est. Clock Time Remaining: 10s       
Cycle:     2672, Time:  8.491E-03s, Progress:  42.46%, Time Inc.: 3.180E-06s @ element      47 in Part SYS\wall Est. Clock Time Remaining: 10s       
Cycle:     2673, Time:  8.494E-03s, Progress:  42.47%, Time Inc.: 3.180E-06s @ element      47 in Part SYS\wall Est. Clock Time Remaining: 10s       
Cycle:     2674, Time:  8.497E-03s, Progress:  42.49%, Time Inc.: 3.180E-06s @ element      47 in Part SYS\wall Est. Clock Time Remaining: 10s       
Cycle:     2675, Time:  8.501E-03s, Progress:  42.50%, Time Inc.: 3.180E-06s @ element      47 in Part SYS\wall Est. Clock Time Remaining: 10s       
Cycle:     2676, Time:  8.504E-03s, Progress:  42.52%, Time Inc.: 3.180E-06s @ element      47 in Part SYS\wall Est. Clock Time Remaining: 10s       
Cycle:     2677, Time:  8.507E-03s, Progress:  42.54%, Time Inc.: 3.180E-06s @ element      47 in Part SYS\wall Est. Clock Time Remaining: 10s       
Cycle:     2678, Time:  8.510E-03s, Progress:  42.55%, Time Inc.: 3.180E-06s @ element      47 in Part SYS\wall Est. Clock Time Remaining: 10s       
Cycle:     2679, Time:  8.513E-03s, Progress:  42.57%, Time Inc.: 3.180E-06s @ element      47 in Part SYS\wall Est. Clock Time Remaining: 10s       
Cycle:     2680, Time:  8.517E-03s, Progress:  42.58%, Time Inc.: 3.180E-06s @ element      47 in Part SYS\wall Est. Clock Time Remaining: 10s       
Cycle:     2681, Time:  8.520E-03s, Progress:  42.60%, Time Inc.: 3.180E-06s @ element      47 in Part SYS\wall Est. Clock Time Remaining: 10s       
Cycle:     2682, Time:  8.523E-03s, Progress:  42.61%, Time Inc.: 3.180E-06s @ element      47 in Part SYS\wall Est. Clock Time Remaining: 10s       
Cycle:     2683, Time:  8.526E-03s, Progress:  42.63%, Time Inc.: 3.180E-06s @ element      47 in Part SYS\wall Est. Clock Time Remaining: 10s       
Cycle:     2684, Time:  8.529E-03s, Progress:  42.65%, Time Inc.: 3.180E-06s @ element      47 in Part SYS\wall Est. Clock Time Remaining: 10s       
Cycle:     2685, Time:  8.532E-03s, Progress:  42.66%, Time Inc.: 3.180E-06s @ element      47 in Part SYS\wall Est. Clock Time Remaining: 10s       
Cycle:     2686, Time:  8.536E-03s, Progress:  42.68%, Time Inc.: 3.180E-06s @ element      47 in Part SYS\wall Est. Clock Time Remaining: 10s       
Cycle:     2687, Time:  8.539E-03s, Progress:  42.69%, Time Inc.: 3.180E-06s @ element      47 in Part SYS\wall Est. Clock Time Remaining: 10s       
Cycle:     2688, Time:  8.542E-03s, Progress:  42.71%, Time Inc.: 3.180E-06s @ element      47 in Part SYS\wall Est. Clock Time Remaining: 10s       
Cycle:     2689, Time:  8.545E-03s, Progress:  42.73%, Time Inc.: 3.180E-06s @ element      47 in Part SYS\wall Est. Clock Time Remaining: 10s       
Cycle:     2690, Time:  8.548E-03s, Progress:  42.74%, Time Inc.: 3.180E-06s @ element      47 in Part SYS\wall Est. Clock Time Remaining: 10s       
Cycle:     2691, Time:  8.552E-03s, Progress:  42.76%, Time Inc.: 3.180E-06s @ element      47 in Part SYS\wall Est. Clock Time Remaining: 10s       
Cycle:     2692, Time:  8.555E-03s, Progress:  42.77%, Time Inc.: 3.180E-06s @ element      47 in Part SYS\wall Est. Clock Time Remaining: 10s       
Cycle:     2693, Time:  8.558E-03s, Progress:  42.79%, Time Inc.: 3.180E-06s @ element      47 in Part SYS\wall Est. Clock Time Remaining: 10s       
Cycle:     2694, Time:  8.561E-03s, Progress:  42.81%, Time Inc.: 3.180E-06s @ element      47 in Part SYS\wall Est. Clock Time Remaining: 10s       
Cycle:     2695, Time:  8.564E-03s, Progress:  42.82%, Time Inc.: 3.180E-06s @ element      47 in Part SYS\wall Est. Clock Time Remaining: 10s       
Cycle:     2696, Time:  8.567E-03s, Progress:  42.84%, Time Inc.: 3.180E-06s @ element      47 in Part SYS\wall Est. Clock Time Remaining: 10s       
Cycle:     2697, Time:  8.571E-03s, Progress:  42.85%, Time Inc.: 3.180E-06s @ element      47 in Part SYS\wall Est. Clock Time Remaining: 10s       
Cycle:     2698, Time:  8.574E-03s, Progress:  42.87%, Time Inc.: 3.180E-06s @ element      47 in Part SYS\wall Est. Clock Time Remaining: 10s       
Cycle:     2699, Time:  8.577E-03s, Progress:  42.88%, Time Inc.: 3.180E-06s @ element      47 in Part SYS\wall Est. Clock Time Remaining: 10s       
Cycle:     2700, Time:  8.580E-03s, Progress:  42.90%, Time Inc.: 3.180E-06s @ element      47 in Part SYS\wall Est. Clock Time Remaining: 10s       
Cycle:     2701, Time:  8.583E-03s, Progress:  42.92%, Time Inc.: 3.180E-06s @ element      47 in Part SYS\wall Est. Clock Time Remaining: 10s       
Cycle:     2702, Time:  8.587E-03s, Progress:  42.93%, Time Inc.: 3.180E-06s @ element      47 in Part SYS\wall Est. Clock Time Remaining: 10s       
Cycle:     2703, Time:  8.590E-03s, Progress:  42.95%, Time Inc.: 3.180E-06s @ element      47 in Part SYS\wall Est. Clock Time Remaining: 10s       
Cycle:     2704, Time:  8.593E-03s, Progress:  42.96%, Time Inc.: 3.180E-06s @ element      47 in Part SYS\wall Est. Clock Time Remaining: 10s       
Cycle:     2705, Time:  8.596E-03s, Progress:  42.98%, Time Inc.: 3.180E-06s @ element      47 in Part SYS\wall Est. Clock Time Remaining: 10s       
Cycle:     2706, Time:  8.599E-03s, Progress:  43.00%, Time Inc.: 3.180E-06s @ element      47 in Part SYS\wall Est. Clock Time Remaining: 10s       
Cycle:     2707, Time:  8.602E-03s, Progress:  43.01%, Time Inc.: 3.180E-06s @ element      47 in Part SYS\wall Est. Clock Time Remaining: 10s       
Cycle:     2708, Time:  8.606E-03s, Progress:  43.03%, Time Inc.: 3.180E-06s @ element      47 in Part SYS\wall Est. Clock Time Remaining: 10s       
Cycle:     2709, Time:  8.609E-03s, Progress:  43.04%, Time Inc.: 3.180E-06s @ element      47 in Part SYS\wall Est. Clock Time Remaining: 10s       
Cycle:     2710, Time:  8.612E-03s, Progress:  43.06%, Time Inc.: 3.180E-06s @ element      47 in Part SYS\wall Est. Clock Time Remaining: 10s       
Cycle:     2711, Time:  8.615E-03s, Progress:  43.08%, Time Inc.: 3.180E-06s @ element      47 in Part SYS\wall Est. Clock Time Remaining: 10s       
Cycle:     2712, Time:  8.618E-03s, Progress:  43.09%, Time Inc.: 3.180E-06s @ element      47 in Part SYS\wall Est. Clock Time Remaining: 10s       
Cycle:     2713, Time:  8.622E-03s, Progress:  43.11%, Time Inc.: 3.180E-06s @ element      47 in Part SYS\wall Est. Clock Time Remaining: 10s       
Cycle:     2714, Time:  8.625E-03s, Progress:  43.12%, Time Inc.: 3.180E-06s @ element      47 in Part SYS\wall Est. Clock Time Remaining: 10s       
Cycle:     2715, Time:  8.628E-03s, Progress:  43.14%, Time Inc.: 3.180E-06s @ element      47 in Part SYS\wall Est. Clock Time Remaining: 10s       
Cycle:     2716, Time:  8.631E-03s, Progress:  43.16%, Time Inc.: 3.180E-06s @ element      47 in Part SYS\wall Est. Clock Time Remaining: 10s       
Cycle:     2717, Time:  8.634E-03s, Progress:  43.17%, Time Inc.: 3.180E-06s @ element      47 in Part SYS\wall Est. Clock Time Remaining: 10s       
Cycle:     2718, Time:  8.637E-03s, Progress:  43.19%, Time Inc.: 3.180E-06s @ element      47 in Part SYS\wall Est. Clock Time Remaining: 10s       
Cycle:     2719, Time:  8.641E-03s, Progress:  43.20%, Time Inc.: 3.180E-06s @ element      47 in Part SYS\wall Est. Clock Time Remaining: 10s       
Cycle:     2720, Time:  8.644E-03s, Progress:  43.22%, Time Inc.: 3.180E-06s @ element      47 in Part SYS\wall Est. Clock Time Remaining: 10s       
Cycle:     2721, Time:  8.647E-03s, Progress:  43.23%, Time Inc.: 3.180E-06s @ element      47 in Part SYS\wall Est. Clock Time Remaining: 10s       
Cycle:     2722, Time:  8.650E-03s, Progress:  43.25%, Time Inc.: 3.180E-06s @ element      47 in Part SYS\wall Est. Clock Time Remaining: 10s       
Cycle:     2723, Time:  8.653E-03s, Progress:  43.27%, Time Inc.: 3.180E-06s @ element      47 in Part SYS\wall Est. Clock Time Remaining: 10s       
Cycle:     2724, Time:  8.656E-03s, Progress:  43.28%, Time Inc.: 3.180E-06s @ element      47 in Part SYS\wall Est. Clock Time Remaining: 10s       
Cycle:     2725, Time:  8.660E-03s, Progress:  43.30%, Time Inc.: 3.180E-06s @ element      47 in Part SYS\wall Est. Clock Time Remaining: 10s       
Cycle:     2726, Time:  8.663E-03s, Progress:  43.31%, Time Inc.: 3.180E-06s @ element      47 in Part SYS\wall Est. Clock Time Remaining: 10s       
Cycle:     2727, Time:  8.666E-03s, Progress:  43.33%, Time Inc.: 3.180E-06s @ element      47 in Part SYS\wall Est. Clock Time Remaining: 10s       
Cycle:     2728, Time:  8.669E-03s, Progress:  43.35%, Time Inc.: 3.180E-06s @ element      47 in Part SYS\wall Est. Clock Time Remaining: 10s       
Cycle:     2729, Time:  8.672E-03s, Progress:  43.36%, Time Inc.: 3.180E-06s @ element      47 in Part SYS\wall Est. Clock Time Remaining: 10s       
Cycle:     2730, Time:  8.676E-03s, Progress:  43.38%, Time Inc.: 3.180E-06s @ element      47 in Part SYS\wall Est. Clock Time Remaining: 10s       
Cycle:     2731, Time:  8.679E-03s, Progress:  43.39%, Time Inc.: 3.180E-06s @ element      47 in Part SYS\wall Est. Clock Time Remaining: 10s       
Cycle:     2732, Time:  8.682E-03s, Progress:  43.41%, Time Inc.: 3.180E-06s @ element      47 in Part SYS\wall Est. Clock Time Remaining: 10s       
Cycle:     2733, Time:  8.685E-03s, Progress:  43.43%, Time Inc.: 3.180E-06s @ element      47 in Part SYS\wall Est. Clock Time Remaining: 10s       
Cycle:     2734, Time:  8.688E-03s, Progress:  43.44%, Time Inc.: 3.180E-06s @ element      47 in Part SYS\wall Est. Clock Time Remaining: 10s       
Cycle:     2735, Time:  8.691E-03s, Progress:  43.46%, Time Inc.: 3.180E-06s @ element      47 in Part SYS\wall Est. Clock Time Remaining: 10s       
Cycle:     2736, Time:  8.695E-03s, Progress:  43.47%, Time Inc.: 3.180E-06s @ element      47 in Part SYS\wall Est. Clock Time Remaining: 10s       
Cycle:     2737, Time:  8.698E-03s, Progress:  43.49%, Time Inc.: 3.180E-06s @ element      47 in Part SYS\wall Est. Clock Time Remaining: 10s       
Cycle:     2738, Time:  8.701E-03s, Progress:  43.51%, Time Inc.: 3.180E-06s @ element      47 in Part SYS\wall Est. Clock Time Remaining: 10s       
Cycle:     2739, Time:  8.704E-03s, Progress:  43.52%, Time Inc.: 3.180E-06s @ element      47 in Part SYS\wall Est. Clock Time Remaining: 10s       
Cycle:     2740, Time:  8.707E-03s, Progress:  43.54%, Time Inc.: 3.180E-06s @ element      47 in Part SYS\wall Est. Clock Time Remaining: 10s       
Cycle:     2741, Time:  8.711E-03s, Progress:  43.55%, Time Inc.: 3.180E-06s @ element      47 in Part SYS\wall Est. Clock Time Remaining: 10s       
Cycle:     2742, Time:  8.714E-03s, Progress:  43.57%, Time Inc.: 3.180E-06s @ element      47 in Part SYS\wall Est. Clock Time Remaining: 10s       
Cycle:     2743, Time:  8.717E-03s, Progress:  43.58%, Time Inc.: 3.180E-06s @ element      47 in Part SYS\wall Est. Clock Time Remaining: 10s       
Cycle:     2744, Time:  8.720E-03s, Progress:  43.60%, Time Inc.: 3.180E-06s @ element      47 in Part SYS\wall Est. Clock Time Remaining: 10s       
Cycle:     2745, Time:  8.723E-03s, Progress:  43.62%, Time Inc.: 3.180E-06s @ element      47 in Part SYS\wall Est. Clock Time Remaining: 10s       
Cycle:     2746, Time:  8.726E-03s, Progress:  43.63%, Time Inc.: 3.180E-06s @ element      47 in Part SYS\wall Est. Clock Time Remaining: 10s       
Cycle:     2747, Time:  8.730E-03s, Progress:  43.65%, Time Inc.: 3.180E-06s @ element      47 in Part SYS\wall Est. Clock Time Remaining: 10s       
Cycle:     2748, Time:  8.733E-03s, Progress:  43.66%, Time Inc.: 3.180E-06s @ element      47 in Part SYS\wall Est. Clock Time Remaining: 10s       
Cycle:     2749, Time:  8.736E-03s, Progress:  43.68%, Time Inc.: 3.180E-06s @ element      47 in Part SYS\wall Est. Clock Time Remaining: 10s       
Cycle:     2750, Time:  8.739E-03s, Progress:  43.70%, Time Inc.: 3.180E-06s @ element      47 in Part SYS\wall Est. Clock Time Remaining: 10s       
Cycle:     2751, Time:  8.742E-03s, Progress:  43.71%, Time Inc.: 3.180E-06s @ element      47 in Part SYS\wall Est. Clock Time Remaining: 10s       
Cycle:     2752, Time:  8.746E-03s, Progress:  43.73%, Time Inc.: 3.180E-06s @ element      51 in Part SYS\wall Est. Clock Time Remaining: 10s       
Cycle:     2753, Time:  8.749E-03s, Progress:  43.74%, Time Inc.: 3.180E-06s @ element    1093 in Part SYS\wall Est. Clock Time Remaining: 10s       
Cycle:     2754, Time:  8.752E-03s, Progress:  43.76%, Time Inc.: 3.180E-06s @ element    1093 in Part SYS\wall Est. Clock Time Remaining: 10s       
Cycle:     2755, Time:  8.755E-03s, Progress:  43.78%, Time Inc.: 3.180E-06s @ element    1093 in Part SYS\wall Est. Clock Time Remaining: 10s       
Cycle:     2756, Time:  8.758E-03s, Progress:  43.79%, Time Inc.: 3.180E-06s @ element    1093 in Part SYS\wall Est. Clock Time Remaining: 10s       
Cycle:     2757, Time:  8.761E-03s, Progress:  43.81%, Time Inc.: 3.180E-06s @ element    1093 in Part SYS\wall Est. Clock Time Remaining: 10s       
Cycle:     2758, Time:  8.765E-03s, Progress:  43.82%, Time Inc.: 3.180E-06s @ element     301 in Part SYS\wall Est. Clock Time Remaining: 10s       
Cycle:     2759, Time:  8.768E-03s, Progress:  43.84%, Time Inc.: 3.180E-06s @ element     301 in Part SYS\wall Est. Clock Time Remaining: 10s       
Cycle:     2760, Time:  8.771E-03s, Progress:  43.85%, Time Inc.: 3.180E-06s @ element     301 in Part SYS\wall Est. Clock Time Remaining: 10s       
Cycle:     2761, Time:  8.774E-03s, Progress:  43.87%, Time Inc.: 3.180E-06s @ element     335 in Part SYS\wall Est. Clock Time Remaining: 10s       
Cycle:     2762, Time:  8.777E-03s, Progress:  43.89%, Time Inc.: 3.180E-06s @ element     951 in Part SYS\wall Est. Clock Time Remaining: 10s       
Cycle:     2763, Time:  8.781E-03s, Progress:  43.90%, Time Inc.: 3.180E-06s @ element     951 in Part SYS\wall Est. Clock Time Remaining: 10s       
Cycle:     2764, Time:  8.784E-03s, Progress:  43.92%, Time Inc.: 3.180E-06s @ element     951 in Part SYS\wall Est. Clock Time Remaining: 10s       
Cycle:     2765, Time:  8.787E-03s, Progress:  43.93%, Time Inc.: 3.180E-06s @ element     951 in Part SYS\wall Est. Clock Time Remaining: 10s       
Cycle:     2766, Time:  8.790E-03s, Progress:  43.95%, Time Inc.: 3.180E-06s @ element     951 in Part SYS\wall Est. Clock Time Remaining: 10s       
Cycle:     2767, Time:  8.793E-03s, Progress:  43.97%, Time Inc.: 3.180E-06s @ element     951 in Part SYS\wall Est. Clock Time Remaining: 10s       
Cycle:     2768, Time:  8.796E-03s, Progress:  43.98%, Time Inc.: 3.180E-06s @ element     951 in Part SYS\wall Est. Clock Time Remaining: 10s       
Cycle:     2769, Time:  8.800E-03s, Progress:  44.00%, Time Inc.: 3.180E-06s @ element     951 in Part SYS\wall Est. Clock Time Remaining: 10s       
Cycle:     2770, Time:  8.803E-03s, Progress:  44.01%, Time Inc.: 3.180E-06s @ element     951 in Part SYS\wall Est. Clock Time Remaining: 10s       
Cycle:     2771, Time:  8.806E-03s, Progress:  44.03%, Time Inc.: 3.180E-06s @ element     951 in Part SYS\wall Est. Clock Time Remaining: 10s       
Cycle:     2772, Time:  8.809E-03s, Progress:  44.05%, Time Inc.: 3.180E-06s @ element     951 in Part SYS\wall Est. Clock Time Remaining: 10s       
Cycle:     2773, Time:  8.812E-03s, Progress:  44.06%, Time Inc.: 3.180E-06s @ element     951 in Part SYS\wall Est. Clock Time Remaining: 10s       
Cycle:     2774, Time:  8.815E-03s, Progress:  44.08%, Time Inc.: 3.180E-06s @ element     951 in Part SYS\wall Est. Clock Time Remaining: 10s       
Cycle:     2775, Time:  8.819E-03s, Progress:  44.09%, Time Inc.: 3.180E-06s @ element     951 in Part SYS\wall Est. Clock Time Remaining: 10s       
Cycle:     2776, Time:  8.822E-03s, Progress:  44.11%, Time Inc.: 3.180E-06s @ element     951 in Part SYS\wall Est. Clock Time Remaining: 10s       
Cycle:     2777, Time:  8.825E-03s, Progress:  44.13%, Time Inc.: 3.180E-06s @ element     951 in Part SYS\wall Est. Clock Time Remaining: 10s       
Cycle:     2778, Time:  8.828E-03s, Progress:  44.14%, Time Inc.: 3.180E-06s @ element     913 in Part SYS\wall Est. Clock Time Remaining: 10s       
Cycle:     2779, Time:  8.831E-03s, Progress:  44.16%, Time Inc.: 3.180E-06s @ element     913 in Part SYS\wall Est. Clock Time Remaining: 10s       
Cycle:     2780, Time:  8.835E-03s, Progress:  44.17%, Time Inc.: 3.180E-06s @ element     913 in Part SYS\wall Est. Clock Time Remaining: 10s       
Cycle:     2781, Time:  8.838E-03s, Progress:  44.19%, Time Inc.: 3.180E-06s @ element     913 in Part SYS\wall Est. Clock Time Remaining: 10s       
Cycle:     2782, Time:  8.841E-03s, Progress:  44.20%, Time Inc.: 3.180E-06s @ element     913 in Part SYS\wall Est. Clock Time Remaining: 10s       
Cycle:     2783, Time:  8.844E-03s, Progress:  44.22%, Time Inc.: 3.180E-06s @ element     951 in Part SYS\wall Est. Clock Time Remaining: 10s       
Cycle:     2784, Time:  8.847E-03s, Progress:  44.24%, Time Inc.: 3.180E-06s @ element     951 in Part SYS\wall Est. Clock Time Remaining: 10s       
Cycle:     2785, Time:  8.850E-03s, Progress:  44.25%, Time Inc.: 3.180E-06s @ element     951 in Part SYS\wall Est. Clock Time Remaining: 10s       
Cycle:     2786, Time:  8.854E-03s, Progress:  44.27%, Time Inc.: 3.180E-06s @ element     951 in Part SYS\wall Est. Clock Time Remaining: 10s       
Cycle:     2787, Time:  8.857E-03s, Progress:  44.28%, Time Inc.: 3.180E-06s @ element     913 in Part SYS\wall Est. Clock Time Remaining: 10s       
Cycle:     2788, Time:  8.860E-03s, Progress:  44.30%, Time Inc.: 3.180E-06s @ element     917 in Part SYS\wall Est. Clock Time Remaining: 10s       
Cycle:     2789, Time:  8.863E-03s, Progress:  44.32%, Time Inc.: 3.180E-06s @ element     917 in Part SYS\wall Est. Clock Time Remaining: 10s       
Cycle:     2790, Time:  8.866E-03s, Progress:  44.33%, Time Inc.: 3.180E-06s @ element     917 in Part SYS\wall Est. Clock Time Remaining: 10s       
Cycle:     2791, Time:  8.870E-03s, Progress:  44.35%, Time Inc.: 3.180E-06s @ element     917 in Part SYS\wall Est. Clock Time Remaining: 10s       
Cycle:     2792, Time:  8.873E-03s, Progress:  44.36%, Time Inc.: 3.180E-06s @ element     951 in Part SYS\wall Est. Clock Time Remaining: 10s       
Cycle:     2793, Time:  8.876E-03s, Progress:  44.38%, Time Inc.: 3.180E-06s @ element     951 in Part SYS\wall Est. Clock Time Remaining: 10s       
Cycle:     2794, Time:  8.879E-03s, Progress:  44.40%, Time Inc.: 3.180E-06s @ element     951 in Part SYS\wall Est. Clock Time Remaining: 10s       
Cycle:     2795, Time:  8.882E-03s, Progress:  44.41%, Time Inc.: 3.180E-06s @ element     951 in Part SYS\wall Est. Clock Time Remaining: 10s       
Cycle:     2796, Time:  8.885E-03s, Progress:  44.43%, Time Inc.: 3.180E-06s @ element     951 in Part SYS\wall Est. Clock Time Remaining: 10s       
Cycle:     2797, Time:  8.889E-03s, Progress:  44.44%, Time Inc.: 3.180E-06s @ element     951 in Part SYS\wall Est. Clock Time Remaining: 10s       
Cycle:     2798, Time:  8.892E-03s, Progress:  44.46%, Time Inc.: 3.180E-06s @ element     955 in Part SYS\wall Est. Clock Time Remaining: 10s       
Cycle:     2799, Time:  8.895E-03s, Progress:  44.47%, Time Inc.: 3.180E-06s @ element     955 in Part SYS\wall Est. Clock Time Remaining: 10s       
Cycle:     2800, Time:  8.898E-03s, Progress:  44.49%, Time Inc.: 3.180E-06s @ element     955 in Part SYS\wall Est. Clock Time Remaining: 10s       
Cycle:     2801, Time:  8.901E-03s, Progress:  44.51%, Time Inc.: 3.180E-06s @ element     955 in Part SYS\wall Est. Clock Time Remaining: 10s       
Cycle:     2802, Time:  8.905E-03s, Progress:  44.52%, Time Inc.: 3.180E-06s @ element     955 in Part SYS\wall Est. Clock Time Remaining: 10s       
Cycle:     2803, Time:  8.908E-03s, Progress:  44.54%, Time Inc.: 3.180E-06s @ element     955 in Part SYS\wall Est. Clock Time Remaining: 10s       
Cycle:     2804, Time:  8.911E-03s, Progress:  44.55%, Time Inc.: 3.180E-06s @ element     955 in Part SYS\wall Est. Clock Time Remaining: 10s       
Cycle:     2805, Time:  8.914E-03s, Progress:  44.57%, Time Inc.: 3.180E-06s @ element     955 in Part SYS\wall Est. Clock Time Remaining: 10s       
Cycle:     2806, Time:  8.917E-03s, Progress:  44.59%, Time Inc.: 3.180E-06s @ element     955 in Part SYS\wall Est. Clock Time Remaining: 10s       
Cycle:     2807, Time:  8.920E-03s, Progress:  44.60%, Time Inc.: 3.180E-06s @ element     955 in Part SYS\wall Est. Clock Time Remaining: 10s       
Cycle:     2808, Time:  8.924E-03s, Progress:  44.62%, Time Inc.: 3.180E-06s @ element     955 in Part SYS\wall Est. Clock Time Remaining: 10s       
Cycle:     2809, Time:  8.927E-03s, Progress:  44.63%, Time Inc.: 3.180E-06s @ element     955 in Part SYS\wall Est. Clock Time Remaining: 10s       
Cycle:     2810, Time:  8.930E-03s, Progress:  44.65%, Time Inc.: 3.180E-06s @ element     955 in Part SYS\wall Est. Clock Time Remaining: 10s       
Cycle:     2811, Time:  8.933E-03s, Progress:  44.67%, Time Inc.: 3.180E-06s @ element     955 in Part SYS\wall Est. Clock Time Remaining: 10s       
Cycle:     2812, Time:  8.936E-03s, Progress:  44.68%, Time Inc.: 3.180E-06s @ element     955 in Part SYS\wall Est. Clock Time Remaining: 10s       
Cycle:     2813, Time:  8.939E-03s, Progress:  44.70%, Time Inc.: 3.180E-06s @ element     955 in Part SYS\wall Est. Clock Time Remaining: 10s       
Cycle:     2814, Time:  8.943E-03s, Progress:  44.71%, Time Inc.: 3.180E-06s @ element     955 in Part SYS\wall Est. Clock Time Remaining: 10s       
Cycle:     2815, Time:  8.946E-03s, Progress:  44.73%, Time Inc.: 3.180E-06s @ element     343 in Part SYS\wall Est. Clock Time Remaining: 10s       
Cycle:     2816, Time:  8.949E-03s, Progress:  44.75%, Time Inc.: 3.180E-06s @ element     955 in Part SYS\wall Est. Clock Time Remaining: 10s       
Cycle:     2817, Time:  8.952E-03s, Progress:  44.76%, Time Inc.: 3.180E-06s @ element     955 in Part SYS\wall Est. Clock Time Remaining: 10s       
Cycle:     2818, Time:  8.955E-03s, Progress:  44.78%, Time Inc.: 3.180E-06s @ element     955 in Part SYS\wall Est. Clock Time Remaining: 10s       
Cycle:     2819, Time:  8.959E-03s, Progress:  44.79%, Time Inc.: 3.180E-06s @ element     955 in Part SYS\wall Est. Clock Time Remaining: 10s       
Cycle:     2820, Time:  8.962E-03s, Progress:  44.81%, Time Inc.: 3.180E-06s @ element     955 in Part SYS\wall Est. Clock Time Remaining: 10s       
Cycle:     2821, Time:  8.965E-03s, Progress:  44.82%, Time Inc.: 3.180E-06s @ element     955 in Part SYS\wall Est. Clock Time Remaining: 10s       
Cycle:     2822, Time:  8.968E-03s, Progress:  44.84%, Time Inc.: 3.180E-06s @ element     865 in Part SYS\wall Est. Clock Time Remaining: 10s       
Cycle:     2823, Time:  8.971E-03s, Progress:  44.86%, Time Inc.: 3.180E-06s @ element     865 in Part SYS\wall Est. Clock Time Remaining: 10s       
Cycle:     2824, Time:  8.974E-03s, Progress:  44.87%, Time Inc.: 3.180E-06s @ element     865 in Part SYS\wall Est. Clock Time Remaining: 10s       
Cycle:     2825, Time:  8.978E-03s, Progress:  44.89%, Time Inc.: 3.180E-06s @ element     865 in Part SYS\wall Est. Clock Time Remaining: 10s       
Cycle:     2826, Time:  8.981E-03s, Progress:  44.90%, Time Inc.: 3.180E-06s @ element     865 in Part SYS\wall Est. Clock Time Remaining: 10s       
Cycle:     2827, Time:  8.984E-03s, Progress:  44.92%, Time Inc.: 3.180E-06s @ element     865 in Part SYS\wall Est. Clock Time Remaining: 10s       
Cycle:     2828, Time:  8.987E-03s, Progress:  44.94%, Time Inc.: 3.180E-06s @ element     865 in Part SYS\wall Est. Clock Time Remaining: 10s       
Cycle:     2829, Time:  8.990E-03s, Progress:  44.95%, Time Inc.: 3.180E-06s @ element     865 in Part SYS\wall Est. Clock Time Remaining: 10s       
Cycle:     2830, Time:  8.994E-03s, Progress:  44.97%, Time Inc.: 3.180E-06s @ element     865 in Part SYS\wall Est. Clock Time Remaining: 10s       
Cycle:     2831, Time:  8.997E-03s, Progress:  44.98%, Time Inc.: 3.180E-06s @ element     865 in Part SYS\wall Est. Clock Time Remaining: 10s       
Cycle:     2832, Time:  9.000E-03s, Progress:  45.00%, Time Inc.: 3.180E-06s @ element     865 in Part SYS\wall Est. Clock Time Remaining: 10s       
Cycle:     2833, Time:  9.003E-03s, Progress:  45.02%, Time Inc.: 3.180E-06s @ element     865 in Part SYS\wall Est. Clock Time Remaining: 10s       
Cycle:     2834, Time:  9.006E-03s, Progress:  45.03%, Time Inc.: 3.180E-06s @ element     865 in Part SYS\wall Est. Clock Time Remaining: 10s       
Cycle:     2835, Time:  9.009E-03s, Progress:  45.05%, Time Inc.: 3.180E-06s @ element     865 in Part SYS\wall Est. Clock Time Remaining: 10s       
Cycle:     2836, Time:  9.013E-03s, Progress:  45.06%, Time Inc.: 3.180E-06s @ element     865 in Part SYS\wall Est. Clock Time Remaining: 10s       
Cycle:     2837, Time:  9.016E-03s, Progress:  45.08%, Time Inc.: 3.180E-06s @ element     865 in Part SYS\wall Est. Clock Time Remaining: 10s       
Cycle:     2838, Time:  9.019E-03s, Progress:  45.09%, Time Inc.: 3.180E-06s @ element     865 in Part SYS\wall Est. Clock Time Remaining: 10s       
Cycle:     2839, Time:  9.022E-03s, Progress:  45.11%, Time Inc.: 3.180E-06s @ element     865 in Part SYS\wall Est. Clock Time Remaining: 10s       
Cycle:     2840, Time:  9.025E-03s, Progress:  45.13%, Time Inc.: 3.180E-06s @ element     865 in Part SYS\wall Est. Clock Time Remaining: 10s       
Cycle:     2841, Time:  9.029E-03s, Progress:  45.14%, Time Inc.: 3.180E-06s @ element     865 in Part SYS\wall Est. Clock Time Remaining: 10s       
Cycle:     2842, Time:  9.032E-03s, Progress:  45.16%, Time Inc.: 3.180E-06s @ element     865 in Part SYS\wall Est. Clock Time Remaining: 10s       
Cycle:     2843, Time:  9.035E-03s, Progress:  45.17%, Time Inc.: 3.180E-06s @ element     865 in Part SYS\wall Est. Clock Time Remaining: 10s       
Cycle:     2844, Time:  9.038E-03s, Progress:  45.19%, Time Inc.: 3.180E-06s @ element     865 in Part SYS\wall Est. Clock Time Remaining: 10s       
Cycle:     2845, Time:  9.041E-03s, Progress:  45.21%, Time Inc.: 3.180E-06s @ element     865 in Part SYS\wall Est. Clock Time Remaining: 10s       
Cycle:     2846, Time:  9.044E-03s, Progress:  45.22%, Time Inc.: 3.180E-06s @ element     865 in Part SYS\wall Est. Clock Time Remaining: 10s       
Cycle:     2847, Time:  9.048E-03s, Progress:  45.24%, Time Inc.: 3.180E-06s @ element     865 in Part SYS\wall Est. Clock Time Remaining: 10s       
Cycle:     2848, Time:  9.051E-03s, Progress:  45.25%, Time Inc.: 3.180E-06s @ element     865 in Part SYS\wall Est. Clock Time Remaining: 10s       
Cycle:     2849, Time:  9.054E-03s, Progress:  45.27%, Time Inc.: 3.180E-06s @ element     865 in Part SYS\wall Est. Clock Time Remaining: 10s       
Cycle:     2850, Time:  9.057E-03s, Progress:  45.29%, Time Inc.: 3.180E-06s @ element     865 in Part SYS\wall Est. Clock Time Remaining: 10s       
Cycle:     2851, Time:  9.060E-03s, Progress:  45.30%, Time Inc.: 3.180E-06s @ element     865 in Part SYS\wall Est. Clock Time Remaining: 10s       
Cycle:     2852, Time:  9.064E-03s, Progress:  45.32%, Time Inc.: 3.180E-06s @ element     865 in Part SYS\wall Est. Clock Time Remaining: 10s       
Cycle:     2853, Time:  9.067E-03s, Progress:  45.33%, Time Inc.: 3.180E-06s @ element     865 in Part SYS\wall Est. Clock Time Remaining: 10s       
Cycle:     2854, Time:  9.070E-03s, Progress:  45.35%, Time Inc.: 3.180E-06s @ element     865 in Part SYS\wall Est. Clock Time Remaining: 10s       
Cycle:     2855, Time:  9.073E-03s, Progress:  45.37%, Time Inc.: 3.180E-06s @ element     865 in Part SYS\wall Est. Clock Time Remaining: 10s       
Cycle:     2856, Time:  9.076E-03s, Progress:  45.38%, Time Inc.: 3.180E-06s @ element     865 in Part SYS\wall Est. Clock Time Remaining: 10s       
Cycle:     2857, Time:  9.079E-03s, Progress:  45.40%, Time Inc.: 3.180E-06s @ element     865 in Part SYS\wall Est. Clock Time Remaining: 10s       
Cycle:     2858, Time:  9.083E-03s, Progress:  45.41%, Time Inc.: 3.180E-06s @ element     865 in Part SYS\wall Est. Clock Time Remaining: 10s       
Cycle:     2859, Time:  9.086E-03s, Progress:  45.43%, Time Inc.: 3.180E-06s @ element     865 in Part SYS\wall Est. Clock Time Remaining: 10s       
Cycle:     2860, Time:  9.089E-03s, Progress:  45.44%, Time Inc.: 3.180E-06s @ element     865 in Part SYS\wall Est. Clock Time Remaining: 10s       
Cycle:     2861, Time:  9.092E-03s, Progress:  45.46%, Time Inc.: 3.180E-06s @ element     865 in Part SYS\wall Est. Clock Time Remaining: 10s       
Cycle:     2862, Time:  9.095E-03s, Progress:  45.48%, Time Inc.: 3.180E-06s @ element     865 in Part SYS\wall Est. Clock Time Remaining: 10s       
Cycle:     2863, Time:  9.098E-03s, Progress:  45.49%, Time Inc.: 3.180E-06s @ element     865 in Part SYS\wall Est. Clock Time Remaining: 10s       
Cycle:     2864, Time:  9.102E-03s, Progress:  45.51%, Time Inc.: 3.180E-06s @ element     865 in Part SYS\wall Est. Clock Time Remaining: 10s       
Cycle:     2865, Time:  9.105E-03s, Progress:  45.52%, Time Inc.: 3.180E-06s @ element     865 in Part SYS\wall Est. Clock Time Remaining: 10s       
Cycle:     2866, Time:  9.108E-03s, Progress:  45.54%, Time Inc.: 3.180E-06s @ element     865 in Part SYS\wall Est. Clock Time Remaining: 10s       
Cycle:     2867, Time:  9.111E-03s, Progress:  45.56%, Time Inc.: 3.180E-06s @ element     865 in Part SYS\wall Est. Clock Time Remaining: 10s       
Cycle:     2868, Time:  9.114E-03s, Progress:  45.57%, Time Inc.: 3.180E-06s @ element     865 in Part SYS\wall Est. Clock Time Remaining: 10s       
Cycle:     2869, Time:  9.118E-03s, Progress:  45.59%, Time Inc.: 3.180E-06s @ element     865 in Part SYS\wall Est. Clock Time Remaining: 10s       
Cycle:     2870, Time:  9.121E-03s, Progress:  45.60%, Time Inc.: 3.180E-06s @ element     865 in Part SYS\wall Est. Clock Time Remaining: 10s       
Cycle:     2871, Time:  9.124E-03s, Progress:  45.62%, Time Inc.: 3.180E-06s @ element     865 in Part SYS\wall Est. Clock Time Remaining: 10s       
Cycle:     2872, Time:  9.127E-03s, Progress:  45.64%, Time Inc.: 3.180E-06s @ element     865 in Part SYS\wall Est. Clock Time Remaining: 10s       
Cycle:     2873, Time:  9.130E-03s, Progress:  45.65%, Time Inc.: 3.180E-06s @ element     865 in Part SYS\wall Est. Clock Time Remaining: 10s       
Cycle:     2874, Time:  9.133E-03s, Progress:  45.67%, Time Inc.: 3.180E-06s @ element     865 in Part SYS\wall Est. Clock Time Remaining: 10s       
Cycle:     2875, Time:  9.137E-03s, Progress:  45.68%, Time Inc.: 3.180E-06s @ element     865 in Part SYS\wall Est. Clock Time Remaining: 10s       
Cycle:     2876, Time:  9.140E-03s, Progress:  45.70%, Time Inc.: 3.180E-06s @ element     865 in Part SYS\wall Est. Clock Time Remaining: 10s       
Cycle:     2877, Time:  9.143E-03s, Progress:  45.72%, Time Inc.: 3.180E-06s @ element     865 in Part SYS\wall Est. Clock Time Remaining: 10s       
Cycle:     2878, Time:  9.146E-03s, Progress:  45.73%, Time Inc.: 3.180E-06s @ element     937 in Part SYS\wall Est. Clock Time Remaining: 10s       
Cycle:     2879, Time:  9.149E-03s, Progress:  45.75%, Time Inc.: 3.180E-06s @ element     937 in Part SYS\wall Est. Clock Time Remaining: 10s       
Cycle:     2880, Time:  9.153E-03s, Progress:  45.76%, Time Inc.: 3.180E-06s @ element     937 in Part SYS\wall Est. Clock Time Remaining: 10s       
Cycle:     2881, Time:  9.156E-03s, Progress:  45.78%, Time Inc.: 3.180E-06s @ element     937 in Part SYS\wall Est. Clock Time Remaining: 10s       
Cycle:     2882, Time:  9.159E-03s, Progress:  45.79%, Time Inc.: 3.180E-06s @ element     937 in Part SYS\wall Est. Clock Time Remaining: 10s       
Cycle:     2883, Time:  9.162E-03s, Progress:  45.81%, Time Inc.: 3.180E-06s @ element     937 in Part SYS\wall Est. Clock Time Remaining: 10s       
Cycle:     2884, Time:  9.165E-03s, Progress:  45.83%, Time Inc.: 3.180E-06s @ element     937 in Part SYS\wall Est. Clock Time Remaining: 10s       
Cycle:     2885, Time:  9.168E-03s, Progress:  45.84%, Time Inc.: 3.180E-06s @ element     937 in Part SYS\wall Est. Clock Time Remaining: 10s       
Cycle:     2886, Time:  9.172E-03s, Progress:  45.86%, Time Inc.: 3.180E-06s @ element     937 in Part SYS\wall Est. Clock Time Remaining: 10s       
Cycle:     2887, Time:  9.175E-03s, Progress:  45.87%, Time Inc.: 3.180E-06s @ element     937 in Part SYS\wall Est. Clock Time Remaining: 10s       
Cycle:     2888, Time:  9.178E-03s, Progress:  45.89%, Time Inc.: 3.180E-06s @ element     937 in Part SYS\wall Est. Clock Time Remaining: 10s       
Cycle:     2889, Time:  9.181E-03s, Progress:  45.91%, Time Inc.: 3.180E-06s @ element     937 in Part SYS\wall Est. Clock Time Remaining: 10s       
Cycle:     2890, Time:  9.184E-03s, Progress:  45.92%, Time Inc.: 3.180E-06s @ element     937 in Part SYS\wall Est. Clock Time Remaining: 10s       
Cycle:     2891, Time:  9.188E-03s, Progress:  45.94%, Time Inc.: 3.180E-06s @ element     937 in Part SYS\wall Est. Clock Time Remaining: 10s       
Cycle:     2892, Time:  9.191E-03s, Progress:  45.95%, Time Inc.: 3.180E-06s @ element     937 in Part SYS\wall Est. Clock Time Remaining: 10s       
Cycle:     2893, Time:  9.194E-03s, Progress:  45.97%, Time Inc.: 3.180E-06s @ element     937 in Part SYS\wall Est. Clock Time Remaining: 10s       
Cycle:     2894, Time:  9.197E-03s, Progress:  45.99%, Time Inc.: 3.180E-06s @ element     937 in Part SYS\wall Est. Clock Time Remaining: 10s       
Cycle:     2895, Time:  9.200E-03s, Progress:  46.00%, Time Inc.: 3.180E-06s @ element     937 in Part SYS\wall Est. Clock Time Remaining: 10s       
Cycle:     2896, Time:  9.203E-03s, Progress:  46.02%, Time Inc.: 3.180E-06s @ element     937 in Part SYS\wall Est. Clock Time Remaining: 10s       
Cycle:     2897, Time:  9.207E-03s, Progress:  46.03%, Time Inc.: 3.180E-06s @ element     937 in Part SYS\wall Est. Clock Time Remaining: 10s       
Cycle:     2898, Time:  9.210E-03s, Progress:  46.05%, Time Inc.: 3.180E-06s @ element     937 in Part SYS\wall Est. Clock Time Remaining: 10s       
Cycle:     2899, Time:  9.213E-03s, Progress:  46.06%, Time Inc.: 3.180E-06s @ element    1082 in Part SYS\wall Est. Clock Time Remaining: 10s       
Cycle:     2900, Time:  9.216E-03s, Progress:  46.08%, Time Inc.: 3.180E-06s @ element    1082 in Part SYS\wall Est. Clock Time Remaining: 10s       
Cycle:     2901, Time:  9.219E-03s, Progress:  46.10%, Time Inc.: 3.180E-06s @ element    1082 in Part SYS\wall Est. Clock Time Remaining: 10s       
Cycle:     2902, Time:  9.223E-03s, Progress:  46.11%, Time Inc.: 3.180E-06s @ element    1082 in Part SYS\wall Est. Clock Time Remaining: 10s       
Cycle:     2903, Time:  9.226E-03s, Progress:  46.13%, Time Inc.: 3.180E-06s @ element    1082 in Part SYS\wall Est. Clock Time Remaining: 10s       
Cycle:     2904, Time:  9.229E-03s, Progress:  46.14%, Time Inc.: 3.180E-06s @ element    1082 in Part SYS\wall Est. Clock Time Remaining: 10s       
Cycle:     2905, Time:  9.232E-03s, Progress:  46.16%, Time Inc.: 3.180E-06s @ element    1082 in Part SYS\wall Est. Clock Time Remaining: 10s       
Cycle:     2906, Time:  9.235E-03s, Progress:  46.18%, Time Inc.: 3.180E-06s @ element    1082 in Part SYS\wall Est. Clock Time Remaining: 10s       
Cycle:     2907, Time:  9.238E-03s, Progress:  46.19%, Time Inc.: 3.180E-06s @ element    1082 in Part SYS\wall Est. Clock Time Remaining: 10s       
Cycle:     2908, Time:  9.242E-03s, Progress:  46.21%, Time Inc.: 3.180E-06s @ element    1082 in Part SYS\wall Est. Clock Time Remaining: 10s       
Cycle:     2909, Time:  9.245E-03s, Progress:  46.22%, Time Inc.: 3.180E-06s @ element    1082 in Part SYS\wall Est. Clock Time Remaining: 10s       
Cycle:     2910, Time:  9.248E-03s, Progress:  46.24%, Time Inc.: 3.180E-06s @ element    1082 in Part SYS\wall Est. Clock Time Remaining: 10s       
Cycle:     2911, Time:  9.251E-03s, Progress:  46.26%, Time Inc.: 3.180E-06s @ element    1082 in Part SYS\wall Est. Clock Time Remaining: 10s       
Cycle:     2912, Time:  9.254E-03s, Progress:  46.27%, Time Inc.: 3.180E-06s @ element    1082 in Part SYS\wall Est. Clock Time Remaining: 10s       
Cycle:     2913, Time:  9.257E-03s, Progress:  46.29%, Time Inc.: 3.180E-06s @ element    1082 in Part SYS\wall Est. Clock Time Remaining: 10s       
Cycle:     2914, Time:  9.261E-03s, Progress:  46.30%, Time Inc.: 3.180E-06s @ element    1082 in Part SYS\wall Est. Clock Time Remaining: 10s       
Cycle:     2915, Time:  9.264E-03s, Progress:  46.32%, Time Inc.: 3.180E-06s @ element    1082 in Part SYS\wall Est. Clock Time Remaining: 10s       
Cycle:     2916, Time:  9.267E-03s, Progress:  46.34%, Time Inc.: 3.180E-06s @ element    1082 in Part SYS\wall Est. Clock Time Remaining: 10s       
Cycle:     2917, Time:  9.270E-03s, Progress:  46.35%, Time Inc.: 3.180E-06s @ element    1052 in Part SYS\wall Est. Clock Time Remaining: 10s       
Cycle:     2918, Time:  9.273E-03s, Progress:  46.37%, Time Inc.: 3.180E-06s @ element    1052 in Part SYS\wall Est. Clock Time Remaining: 10s       
Cycle:     2919, Time:  9.277E-03s, Progress:  46.38%, Time Inc.: 3.180E-06s @ element    1052 in Part SYS\wall Est. Clock Time Remaining: 10s       
Cycle:     2920, Time:  9.280E-03s, Progress:  46.40%, Time Inc.: 3.180E-06s @ element    1052 in Part SYS\wall Est. Clock Time Remaining: 10s       
Cycle:     2921, Time:  9.283E-03s, Progress:  46.41%, Time Inc.: 3.180E-06s @ element    1052 in Part SYS\wall Est. Clock Time Remaining: 10s       
Cycle:     2922, Time:  9.286E-03s, Progress:  46.43%, Time Inc.: 3.180E-06s @ element    1052 in Part SYS\wall Est. Clock Time Remaining: 10s       
Cycle:     2923, Time:  9.289E-03s, Progress:  46.45%, Time Inc.: 3.180E-06s @ element    1052 in Part SYS\wall Est. Clock Time Remaining: 10s       
Cycle:     2924, Time:  9.292E-03s, Progress:  46.46%, Time Inc.: 3.180E-06s @ element    1052 in Part SYS\wall Est. Clock Time Remaining: 10s       
Cycle:     2925, Time:  9.296E-03s, Progress:  46.48%, Time Inc.: 3.180E-06s @ element    1052 in Part SYS\wall Est. Clock Time Remaining: 10s       
Cycle:     2926, Time:  9.299E-03s, Progress:  46.49%, Time Inc.: 3.180E-06s @ element    1052 in Part SYS\wall Est. Clock Time Remaining: 10s       
Cycle:     2927, Time:  9.302E-03s, Progress:  46.51%, Time Inc.: 3.180E-06s @ element    1052 in Part SYS\wall Est. Clock Time Remaining: 10s       
Cycle:     2928, Time:  9.305E-03s, Progress:  46.53%, Time Inc.: 3.180E-06s @ element    1052 in Part SYS\wall Est. Clock Time Remaining: 10s       
Cycle:     2929, Time:  9.308E-03s, Progress:  46.54%, Time Inc.: 3.180E-06s @ element    1052 in Part SYS\wall Est. Clock Time Remaining: 10s       
Cycle:     2930, Time:  9.312E-03s, Progress:  46.56%, Time Inc.: 3.180E-06s @ element    1052 in Part SYS\wall Est. Clock Time Remaining: 10s       
Cycle:     2931, Time:  9.315E-03s, Progress:  46.57%, Time Inc.: 3.180E-06s @ element    1052 in Part SYS\wall Est. Clock Time Remaining: 10s       
Cycle:     2932, Time:  9.318E-03s, Progress:  46.59%, Time Inc.: 3.180E-06s @ element    1052 in Part SYS\wall Est. Clock Time Remaining: 10s       
Cycle:     2933, Time:  9.321E-03s, Progress:  46.61%, Time Inc.: 3.180E-06s @ element    1052 in Part SYS\wall Est. Clock Time Remaining: 10s       
Cycle:     2934, Time:  9.324E-03s, Progress:  46.62%, Time Inc.: 3.180E-06s @ element    1052 in Part SYS\wall Est. Clock Time Remaining: 10s       
Cycle:     2935, Time:  9.327E-03s, Progress:  46.64%, Time Inc.: 3.180E-06s @ element    1052 in Part SYS\wall Est. Clock Time Remaining: 10s       
Cycle:     2936, Time:  9.331E-03s, Progress:  46.65%, Time Inc.: 3.180E-06s @ element    1052 in Part SYS\wall Est. Clock Time Remaining: 10s       
Cycle:     2937, Time:  9.334E-03s, Progress:  46.67%, Time Inc.: 3.180E-06s @ element    1124 in Part SYS\wall Est. Clock Time Remaining: 10s       
Cycle:     2938, Time:  9.337E-03s, Progress:  46.68%, Time Inc.: 3.180E-06s @ element    1124 in Part SYS\wall Est. Clock Time Remaining: 10s       
Cycle:     2939, Time:  9.340E-03s, Progress:  46.70%, Time Inc.: 3.180E-06s @ element    1124 in Part SYS\wall Est. Clock Time Remaining: 10s       
Cycle:     2940, Time:  9.343E-03s, Progress:  46.72%, Time Inc.: 3.180E-06s @ element    1124 in Part SYS\wall Est. Clock Time Remaining: 10s       
Cycle:     2941, Time:  9.347E-03s, Progress:  46.73%, Time Inc.: 3.180E-06s @ element    1124 in Part SYS\wall Est. Clock Time Remaining: 10s       
Cycle:     2942, Time:  9.350E-03s, Progress:  46.75%, Time Inc.: 3.180E-06s @ element    1124 in Part SYS\wall Est. Clock Time Remaining: 10s       
Cycle:     2943, Time:  9.353E-03s, Progress:  46.76%, Time Inc.: 3.180E-06s @ element    1082 in Part SYS\wall Est. Clock Time Remaining: 10s       
Cycle:     2944, Time:  9.356E-03s, Progress:  46.78%, Time Inc.: 3.180E-06s @ element    1082 in Part SYS\wall Est. Clock Time Remaining: 10s       
Cycle:     2945, Time:  9.359E-03s, Progress:  46.80%, Time Inc.: 3.180E-06s @ element    1082 in Part SYS\wall Est. Clock Time Remaining: 10s       
Cycle:     2946, Time:  9.362E-03s, Progress:  46.81%, Time Inc.: 3.180E-06s @ element    1082 in Part SYS\wall Est. Clock Time Remaining: 10s       
Cycle:     2947, Time:  9.366E-03s, Progress:  46.83%, Time Inc.: 3.180E-06s @ element    1082 in Part SYS\wall Est. Clock Time Remaining: 10s       
Cycle:     2948, Time:  9.369E-03s, Progress:  46.84%, Time Inc.: 3.180E-06s @ element    1082 in Part SYS\wall Est. Clock Time Remaining: 10s       
Cycle:     2949, Time:  9.372E-03s, Progress:  46.86%, Time Inc.: 3.180E-06s @ element    1082 in Part SYS\wall Est. Clock Time Remaining: 10s       
Cycle:     2950, Time:  9.375E-03s, Progress:  46.88%, Time Inc.: 3.180E-06s @ element    1082 in Part SYS\wall Est. Clock Time Remaining: 10s       
Cycle:     2951, Time:  9.378E-03s, Progress:  46.89%, Time Inc.: 3.180E-06s @ element    1082 in Part SYS\wall Est. Clock Time Remaining: 10s       
Cycle:     2952, Time:  9.382E-03s, Progress:  46.91%, Time Inc.: 3.180E-06s @ element    1082 in Part SYS\wall Est. Clock Time Remaining: 10s       
Cycle:     2953, Time:  9.385E-03s, Progress:  46.92%, Time Inc.: 3.180E-06s @ element    1082 in Part SYS\wall Est. Clock Time Remaining: 10s       
Cycle:     2954, Time:  9.388E-03s, Progress:  46.94%, Time Inc.: 3.180E-06s @ element     181 in Part SYS\wall Est. Clock Time Remaining: 10s       
Cycle:     2955, Time:  9.391E-03s, Progress:  46.96%, Time Inc.: 3.180E-06s @ element     181 in Part SYS\wall Est. Clock Time Remaining: 10s       
Cycle:     2956, Time:  9.394E-03s, Progress:  46.97%, Time Inc.: 3.180E-06s @ element     181 in Part SYS\wall Est. Clock Time Remaining: 10s       
Cycle:     2957, Time:  9.397E-03s, Progress:  46.99%, Time Inc.: 3.180E-06s @ element     181 in Part SYS\wall Est. Clock Time Remaining: 10s       
Cycle:     2958, Time:  9.401E-03s, Progress:  47.00%, Time Inc.: 3.180E-06s @ element     181 in Part SYS\wall Est. Clock Time Remaining: 10s       
Cycle:     2959, Time:  9.404E-03s, Progress:  47.02%, Time Inc.: 3.180E-06s @ element     181 in Part SYS\wall Est. Clock Time Remaining: 10s       
Cycle:     2960, Time:  9.407E-03s, Progress:  47.03%, Time Inc.: 3.180E-06s @ element     181 in Part SYS\wall Est. Clock Time Remaining: 10s       
Cycle:     2961, Time:  9.410E-03s, Progress:  47.05%, Time Inc.: 3.180E-06s @ element     181 in Part SYS\wall Est. Clock Time Remaining: 10s       
Cycle:     2962, Time:  9.413E-03s, Progress:  47.07%, Time Inc.: 3.180E-06s @ element     181 in Part SYS\wall Est. Clock Time Remaining: 10s       
Cycle:     2963, Time:  9.417E-03s, Progress:  47.08%, Time Inc.: 3.180E-06s @ element     181 in Part SYS\wall Est. Clock Time Remaining: 10s       
Cycle:     2964, Time:  9.420E-03s, Progress:  47.10%, Time Inc.: 3.180E-06s @ element     181 in Part SYS\wall Est. Clock Time Remaining: 10s       
Cycle:     2965, Time:  9.423E-03s, Progress:  47.11%, Time Inc.: 3.180E-06s @ element     181 in Part SYS\wall Est. Clock Time Remaining: 10s       
Cycle:     2966, Time:  9.426E-03s, Progress:  47.13%, Time Inc.: 3.180E-06s @ element     181 in Part SYS\wall Est. Clock Time Remaining: 10s       
Cycle:     2967, Time:  9.429E-03s, Progress:  47.15%, Time Inc.: 3.180E-06s @ element    1082 in Part SYS\wall Est. Clock Time Remaining: 10s       
Cycle:     2968, Time:  9.432E-03s, Progress:  47.16%, Time Inc.: 3.180E-06s @ element    1082 in Part SYS\wall Est. Clock Time Remaining: 10s       
Cycle:     2969, Time:  9.436E-03s, Progress:  47.18%, Time Inc.: 3.180E-06s @ element    1082 in Part SYS\wall Est. Clock Time Remaining: 10s       
Cycle:     2970, Time:  9.439E-03s, Progress:  47.19%, Time Inc.: 3.180E-06s @ element    1082 in Part SYS\wall Est. Clock Time Remaining: 10s       
Cycle:     2971, Time:  9.442E-03s, Progress:  47.21%, Time Inc.: 3.180E-06s @ element    1082 in Part SYS\wall Est. Clock Time Remaining: 10s       
Cycle:     2972, Time:  9.445E-03s, Progress:  47.23%, Time Inc.: 3.180E-06s @ element    1082 in Part SYS\wall Est. Clock Time Remaining: 10s       
Cycle:     2973, Time:  9.448E-03s, Progress:  47.24%, Time Inc.: 3.180E-06s @ element    1082 in Part SYS\wall Est. Clock Time Remaining: 10s       
Cycle:     2974, Time:  9.451E-03s, Progress:  47.26%, Time Inc.: 3.180E-06s @ element    1120 in Part SYS\wall Est. Clock Time Remaining: 10s       
Cycle:     2975, Time:  9.455E-03s, Progress:  47.27%, Time Inc.: 3.180E-06s @ element    1120 in Part SYS\wall Est. Clock Time Remaining: 10s       
Cycle:     2976, Time:  9.458E-03s, Progress:  47.29%, Time Inc.: 3.180E-06s @ element    1120 in Part SYS\wall Est. Clock Time Remaining: 10s       
Cycle:     2977, Time:  9.461E-03s, Progress:  47.31%, Time Inc.: 3.180E-06s @ element    1120 in Part SYS\wall Est. Clock Time Remaining: 10s       
Cycle:     2978, Time:  9.464E-03s, Progress:  47.32%, Time Inc.: 3.180E-06s @ element    1124 in Part SYS\wall Est. Clock Time Remaining: 10s       
Cycle:     2979, Time:  9.467E-03s, Progress:  47.34%, Time Inc.: 3.180E-06s @ element    1124 in Part SYS\wall Est. Clock Time Remaining: 10s       
Cycle:     2980, Time:  9.471E-03s, Progress:  47.35%, Time Inc.: 3.180E-06s @ element    1124 in Part SYS\wall Est. Clock Time Remaining: 10s       
Cycle:     2981, Time:  9.474E-03s, Progress:  47.37%, Time Inc.: 3.180E-06s @ element    1124 in Part SYS\wall Est. Clock Time Remaining: 10s       
Cycle:     2982, Time:  9.477E-03s, Progress:  47.38%, Time Inc.: 3.180E-06s @ element    1124 in Part SYS\wall Est. Clock Time Remaining: 10s       
Cycle:     2983, Time:  9.480E-03s, Progress:  47.40%, Time Inc.: 3.180E-06s @ element    1124 in Part SYS\wall Est. Clock Time Remaining: 10s       
Cycle:     2984, Time:  9.483E-03s, Progress:  47.42%, Time Inc.: 3.180E-06s @ element    1124 in Part SYS\wall Est. Clock Time Remaining: 10s       
Cycle:     2985, Time:  9.486E-03s, Progress:  47.43%, Time Inc.: 3.180E-06s @ element    1124 in Part SYS\wall Est. Clock Time Remaining: 10s       
Cycle:     2986, Time:  9.490E-03s, Progress:  47.45%, Time Inc.: 3.180E-06s @ element    1124 in Part SYS\wall Est. Clock Time Remaining: 10s       
Cycle:     2987, Time:  9.493E-03s, Progress:  47.46%, Time Inc.: 3.180E-06s @ element    1124 in Part SYS\wall Est. Clock Time Remaining: 10s       
Cycle:     2988, Time:  9.496E-03s, Progress:  47.48%, Time Inc.: 3.180E-06s @ element    1124 in Part SYS\wall Est. Clock Time Remaining: 10s       
Cycle:     2989, Time:  9.499E-03s, Progress:  47.50%, Time Inc.: 3.180E-06s @ element    1124 in Part SYS\wall Est. Clock Time Remaining: 10s       
Cycle:     2990, Time:  9.502E-03s, Progress:  47.51%, Time Inc.: 3.180E-06s @ element    1124 in Part SYS\wall Est. Clock Time Remaining: 10s       
Cycle:     2991, Time:  9.506E-03s, Progress:  47.53%, Time Inc.: 3.180E-06s @ element    1124 in Part SYS\wall Est. Clock Time Remaining: 10s       
Cycle:     2992, Time:  9.509E-03s, Progress:  47.54%, Time Inc.: 3.180E-06s @ element    1124 in Part SYS\wall Est. Clock Time Remaining: 10s       
Cycle:     2993, Time:  9.512E-03s, Progress:  47.56%, Time Inc.: 3.180E-06s @ element    1124 in Part SYS\wall Est. Clock Time Remaining: 10s       
Cycle:     2994, Time:  9.515E-03s, Progress:  47.58%, Time Inc.: 3.180E-06s @ element    1124 in Part SYS\wall Est. Clock Time Remaining: 10s       
Cycle:     2995, Time:  9.518E-03s, Progress:  47.59%, Time Inc.: 3.180E-06s @ element     109 in Part SYS\wall Est. Clock Time Remaining: 10s       
Cycle:     2996, Time:  9.521E-03s, Progress:  47.61%, Time Inc.: 3.180E-06s @ element     109 in Part SYS\wall Est. Clock Time Remaining: 10s       
Cycle:     2997, Time:  9.525E-03s, Progress:  47.62%, Time Inc.: 3.180E-06s @ element     109 in Part SYS\wall Est. Clock Time Remaining: 10s       
Cycle:     2998, Time:  9.528E-03s, Progress:  47.64%, Time Inc.: 3.180E-06s @ element     109 in Part SYS\wall Est. Clock Time Remaining: 10s       
Cycle:     2999, Time:  9.531E-03s, Progress:  47.65%, Time Inc.: 3.180E-06s @ element     109 in Part SYS\wall Est. Clock Time Remaining: 10s       
Cycle:     3000, Time:  9.534E-03s, Progress:  47.67%, Time Inc.: 3.180E-06s @ element     109 in Part SYS\wall Est. Clock Time Remaining: 10s       
Cycle:     3001, Time:  9.537E-03s, Progress:  47.69%, Time Inc.: 3.180E-06s @ element     109 in Part SYS\wall Est. Clock Time Remaining: 10s       
Cycle:     3002, Time:  9.541E-03s, Progress:  47.70%, Time Inc.: 3.180E-06s @ element     109 in Part SYS\wall Est. Clock Time Remaining: 10s       
Cycle:     3003, Time:  9.544E-03s, Progress:  47.72%, Time Inc.: 3.180E-06s @ element     109 in Part SYS\wall Est. Clock Time Remaining: 10s       
Cycle:     3004, Time:  9.547E-03s, Progress:  47.73%, Time Inc.: 3.180E-06s @ element     109 in Part SYS\wall Est. Clock Time Remaining: 10s       
Cycle:     3005, Time:  9.550E-03s, Progress:  47.75%, Time Inc.: 3.180E-06s @ element     109 in Part SYS\wall Est. Clock Time Remaining: 10s       
Cycle:     3006, Time:  9.553E-03s, Progress:  47.77%, Time Inc.: 3.180E-06s @ element     109 in Part SYS\wall Est. Clock Time Remaining: 10s       
Cycle:     3007, Time:  9.556E-03s, Progress:  47.78%, Time Inc.: 3.180E-06s @ element     109 in Part SYS\wall Est. Clock Time Remaining: 10s       
Cycle:     3008, Time:  9.560E-03s, Progress:  47.80%, Time Inc.: 3.180E-06s @ element     109 in Part SYS\wall Est. Clock Time Remaining: 10s       
Cycle:     3009, Time:  9.563E-03s, Progress:  47.81%, Time Inc.: 3.180E-06s @ element     109 in Part SYS\wall Est. Clock Time Remaining: 10s       
Cycle:     3010, Time:  9.566E-03s, Progress:  47.83%, Time Inc.: 3.180E-06s @ element     109 in Part SYS\wall Est. Clock Time Remaining: 10s       
Cycle:     3011, Time:  9.569E-03s, Progress:  47.85%, Time Inc.: 3.180E-06s @ element     109 in Part SYS\wall Est. Clock Time Remaining: 10s       
Cycle:     3012, Time:  9.572E-03s, Progress:  47.86%, Time Inc.: 3.180E-06s @ element     109 in Part SYS\wall Est. Clock Time Remaining: 10s       
Cycle:     3013, Time:  9.576E-03s, Progress:  47.88%, Time Inc.: 3.180E-06s @ element     109 in Part SYS\wall Est. Clock Time Remaining: 10s       
Cycle:     3014, Time:  9.579E-03s, Progress:  47.89%, Time Inc.: 3.180E-06s @ element     109 in Part SYS\wall Est. Clock Time Remaining: 10s       
Cycle:     3015, Time:  9.582E-03s, Progress:  47.91%, Time Inc.: 3.180E-06s @ element     109 in Part SYS\wall Est. Clock Time Remaining: 9s        
Cycle:     3016, Time:  9.585E-03s, Progress:  47.93%, Time Inc.: 3.180E-06s @ element     109 in Part SYS\wall Est. Clock Time Remaining: 9s        
Cycle:     3017, Time:  9.588E-03s, Progress:  47.94%, Time Inc.: 3.180E-06s @ element     109 in Part SYS\wall Est. Clock Time Remaining: 9s        
Cycle:     3018, Time:  9.591E-03s, Progress:  47.96%, Time Inc.: 3.180E-06s @ element     109 in Part SYS\wall Est. Clock Time Remaining: 9s        
Cycle:     3019, Time:  9.595E-03s, Progress:  47.97%, Time Inc.: 3.180E-06s @ element      10 in Part SYS\wall Est. Clock Time Remaining: 9s        
Cycle:     3020, Time:  9.598E-03s, Progress:  47.99%, Time Inc.: 3.180E-06s @ element      10 in Part SYS\wall Est. Clock Time Remaining: 9s        
Cycle:     3021, Time:  9.601E-03s, Progress:  48.00%, Time Inc.: 3.180E-06s @ element      10 in Part SYS\wall Est. Clock Time Remaining: 9s        
Cycle:     3022, Time:  9.604E-03s, Progress:  48.02%, Time Inc.: 3.180E-06s @ element      10 in Part SYS\wall Est. Clock Time Remaining: 9s        
Cycle:     3023, Time:  9.607E-03s, Progress:  48.04%, Time Inc.: 3.180E-06s @ element      10 in Part SYS\wall Est. Clock Time Remaining: 9s        
Cycle:     3024, Time:  9.610E-03s, Progress:  48.05%, Time Inc.: 3.180E-06s @ element      10 in Part SYS\wall Est. Clock Time Remaining: 9s        
Cycle:     3025, Time:  9.614E-03s, Progress:  48.07%, Time Inc.: 3.180E-06s @ element      10 in Part SYS\wall Est. Clock Time Remaining: 9s        
Cycle:     3026, Time:  9.617E-03s, Progress:  48.08%, Time Inc.: 3.180E-06s @ element      10 in Part SYS\wall Est. Clock Time Remaining: 9s        
Cycle:     3027, Time:  9.620E-03s, Progress:  48.10%, Time Inc.: 3.180E-06s @ element      10 in Part SYS\wall Est. Clock Time Remaining: 9s        
Cycle:     3028, Time:  9.623E-03s, Progress:  48.12%, Time Inc.: 3.180E-06s @ element      10 in Part SYS\wall Est. Clock Time Remaining: 9s        
Cycle:     3029, Time:  9.626E-03s, Progress:  48.13%, Time Inc.: 3.180E-06s @ element      10 in Part SYS\wall Est. Clock Time Remaining: 9s        
Cycle:     3030, Time:  9.630E-03s, Progress:  48.15%, Time Inc.: 3.180E-06s @ element      10 in Part SYS\wall Est. Clock Time Remaining: 9s        
Cycle:     3031, Time:  9.633E-03s, Progress:  48.16%, Time Inc.: 3.180E-06s @ element      10 in Part SYS\wall Est. Clock Time Remaining: 9s        
Cycle:     3032, Time:  9.636E-03s, Progress:  48.18%, Time Inc.: 3.180E-06s @ element      10 in Part SYS\wall Est. Clock Time Remaining: 9s        
Cycle:     3033, Time:  9.639E-03s, Progress:  48.20%, Time Inc.: 3.180E-06s @ element      10 in Part SYS\wall Est. Clock Time Remaining: 9s        
Cycle:     3034, Time:  9.642E-03s, Progress:  48.21%, Time Inc.: 3.180E-06s @ element      10 in Part SYS\wall Est. Clock Time Remaining: 9s        
Cycle:     3035, Time:  9.645E-03s, Progress:  48.23%, Time Inc.: 3.180E-06s @ element      10 in Part SYS\wall Est. Clock Time Remaining: 9s        
Cycle:     3036, Time:  9.649E-03s, Progress:  48.24%, Time Inc.: 3.180E-06s @ element      10 in Part SYS\wall Est. Clock Time Remaining: 9s        
Cycle:     3037, Time:  9.652E-03s, Progress:  48.26%, Time Inc.: 3.180E-06s @ element      10 in Part SYS\wall Est. Clock Time Remaining: 9s        
Cycle:     3038, Time:  9.655E-03s, Progress:  48.28%, Time Inc.: 3.180E-06s @ element      10 in Part SYS\wall Est. Clock Time Remaining: 9s        
Cycle:     3039, Time:  9.658E-03s, Progress:  48.29%, Time Inc.: 3.180E-06s @ element      10 in Part SYS\wall Est. Clock Time Remaining: 9s        
Cycle:     3040, Time:  9.661E-03s, Progress:  48.31%, Time Inc.: 3.180E-06s @ element      10 in Part SYS\wall Est. Clock Time Remaining: 9s        
Cycle:     3041, Time:  9.665E-03s, Progress:  48.32%, Time Inc.: 3.180E-06s @ element      10 in Part SYS\wall Est. Clock Time Remaining: 9s        
Cycle:     3042, Time:  9.668E-03s, Progress:  48.34%, Time Inc.: 3.180E-06s @ element      10 in Part SYS\wall Est. Clock Time Remaining: 9s        
Cycle:     3043, Time:  9.671E-03s, Progress:  48.35%, Time Inc.: 3.180E-06s @ element      10 in Part SYS\wall Est. Clock Time Remaining: 9s        
Cycle:     3044, Time:  9.674E-03s, Progress:  48.37%, Time Inc.: 3.180E-06s @ element      10 in Part SYS\wall Est. Clock Time Remaining: 9s        
Cycle:     3045, Time:  9.677E-03s, Progress:  48.39%, Time Inc.: 3.180E-06s @ element    1126 in Part SYS\wall Est. Clock Time Remaining: 9s        
Cycle:     3046, Time:  9.680E-03s, Progress:  48.40%, Time Inc.: 3.180E-06s @ element    1126 in Part SYS\wall Est. Clock Time Remaining: 9s        
Cycle:     3047, Time:  9.684E-03s, Progress:  48.42%, Time Inc.: 3.180E-06s @ element    1126 in Part SYS\wall Est. Clock Time Remaining: 9s        
Cycle:     3048, Time:  9.687E-03s, Progress:  48.43%, Time Inc.: 3.180E-06s @ element    1126 in Part SYS\wall Est. Clock Time Remaining: 9s        
Cycle:     3049, Time:  9.690E-03s, Progress:  48.45%, Time Inc.: 3.180E-06s @ element    1126 in Part SYS\wall Est. Clock Time Remaining: 9s        
Cycle:     3050, Time:  9.693E-03s, Progress:  48.47%, Time Inc.: 3.180E-06s @ element    1126 in Part SYS\wall Est. Clock Time Remaining: 9s        
Cycle:     3051, Time:  9.696E-03s, Progress:  48.48%, Time Inc.: 3.180E-06s @ element    1126 in Part SYS\wall Est. Clock Time Remaining: 9s        
Cycle:     3052, Time:  9.700E-03s, Progress:  48.50%, Time Inc.: 3.180E-06s @ element    1126 in Part SYS\wall Est. Clock Time Remaining: 9s        
Cycle:     3053, Time:  9.703E-03s, Progress:  48.51%, Time Inc.: 3.180E-06s @ element    1126 in Part SYS\wall Est. Clock Time Remaining: 9s        
Cycle:     3054, Time:  9.706E-03s, Progress:  48.53%, Time Inc.: 3.180E-06s @ element    1126 in Part SYS\wall Est. Clock Time Remaining: 9s        
Cycle:     3055, Time:  9.709E-03s, Progress:  48.55%, Time Inc.: 3.180E-06s @ element    1126 in Part SYS\wall Est. Clock Time Remaining: 9s        
Cycle:     3056, Time:  9.712E-03s, Progress:  48.56%, Time Inc.: 3.180E-06s @ element    1126 in Part SYS\wall Est. Clock Time Remaining: 9s        
Cycle:     3057, Time:  9.715E-03s, Progress:  48.58%, Time Inc.: 3.180E-06s @ element    1126 in Part SYS\wall Est. Clock Time Remaining: 9s        
Cycle:     3058, Time:  9.719E-03s, Progress:  48.59%, Time Inc.: 3.180E-06s @ element    1126 in Part SYS\wall Est. Clock Time Remaining: 9s        
Cycle:     3059, Time:  9.722E-03s, Progress:  48.61%, Time Inc.: 3.180E-06s @ element    1126 in Part SYS\wall Est. Clock Time Remaining: 9s        
Cycle:     3060, Time:  9.725E-03s, Progress:  48.62%, Time Inc.: 3.180E-06s @ element    1126 in Part SYS\wall Est. Clock Time Remaining: 9s        
Cycle:     3061, Time:  9.728E-03s, Progress:  48.64%, Time Inc.: 3.180E-06s @ element    1126 in Part SYS\wall Est. Clock Time Remaining: 9s        
Cycle:     3062, Time:  9.731E-03s, Progress:  48.66%, Time Inc.: 3.180E-06s @ element    1126 in Part SYS\wall Est. Clock Time Remaining: 9s        
Cycle:     3063, Time:  9.735E-03s, Progress:  48.67%, Time Inc.: 3.180E-06s @ element    1126 in Part SYS\wall Est. Clock Time Remaining: 9s        
Cycle:     3064, Time:  9.738E-03s, Progress:  48.69%, Time Inc.: 3.180E-06s @ element    1126 in Part SYS\wall Est. Clock Time Remaining: 9s        
Cycle:     3065, Time:  9.741E-03s, Progress:  48.70%, Time Inc.: 3.180E-06s @ element    1126 in Part SYS\wall Est. Clock Time Remaining: 9s        
Cycle:     3066, Time:  9.744E-03s, Progress:  48.72%, Time Inc.: 3.180E-06s @ element    1126 in Part SYS\wall Est. Clock Time Remaining: 9s        
Cycle:     3067, Time:  9.747E-03s, Progress:  48.74%, Time Inc.: 3.180E-06s @ element    1126 in Part SYS\wall Est. Clock Time Remaining: 9s        
Cycle:     3068, Time:  9.750E-03s, Progress:  48.75%, Time Inc.: 3.180E-06s @ element    1126 in Part SYS\wall Est. Clock Time Remaining: 9s        
Cycle:     3069, Time:  9.754E-03s, Progress:  48.77%, Time Inc.: 3.180E-06s @ element    1126 in Part SYS\wall Est. Clock Time Remaining: 9s        
Cycle:     3070, Time:  9.757E-03s, Progress:  48.78%, Time Inc.: 3.180E-06s @ element    1126 in Part SYS\wall Est. Clock Time Remaining: 9s        
Cycle:     3071, Time:  9.760E-03s, Progress:  48.80%, Time Inc.: 3.180E-06s @ element    1126 in Part SYS\wall Est. Clock Time Remaining: 9s        
Cycle:     3072, Time:  9.763E-03s, Progress:  48.82%, Time Inc.: 3.180E-06s @ element    1126 in Part SYS\wall Est. Clock Time Remaining: 9s        
Cycle:     3073, Time:  9.766E-03s, Progress:  48.83%, Time Inc.: 3.180E-06s @ element    1126 in Part SYS\wall Est. Clock Time Remaining: 9s        
Cycle:     3074, Time:  9.770E-03s, Progress:  48.85%, Time Inc.: 3.180E-06s @ element    1126 in Part SYS\wall Est. Clock Time Remaining: 9s        
Cycle:     3075, Time:  9.773E-03s, Progress:  48.86%, Time Inc.: 3.180E-06s @ element    1126 in Part SYS\wall Est. Clock Time Remaining: 9s        
Cycle:     3076, Time:  9.776E-03s, Progress:  48.88%, Time Inc.: 3.180E-06s @ element    1126 in Part SYS\wall Est. Clock Time Remaining: 9s        
Cycle:     3077, Time:  9.779E-03s, Progress:  48.90%, Time Inc.: 3.180E-06s @ element    1126 in Part SYS\wall Est. Clock Time Remaining: 9s        
Cycle:     3078, Time:  9.782E-03s, Progress:  48.91%, Time Inc.: 3.180E-06s @ element    1126 in Part SYS\wall Est. Clock Time Remaining: 9s        
Cycle:     3079, Time:  9.785E-03s, Progress:  48.93%, Time Inc.: 3.180E-06s @ element    1126 in Part SYS\wall Est. Clock Time Remaining: 9s        
Cycle:     3080, Time:  9.789E-03s, Progress:  48.94%, Time Inc.: 3.180E-06s @ element    1126 in Part SYS\wall Est. Clock Time Remaining: 9s        
Cycle:     3081, Time:  9.792E-03s, Progress:  48.96%, Time Inc.: 3.180E-06s @ element    1126 in Part SYS\wall Est. Clock Time Remaining: 9s        
Cycle:     3082, Time:  9.795E-03s, Progress:  48.97%, Time Inc.: 3.180E-06s @ element    1126 in Part SYS\wall Est. Clock Time Remaining: 9s        
Cycle:     3083, Time:  9.798E-03s, Progress:  48.99%, Time Inc.: 3.180E-06s @ element    1126 in Part SYS\wall Est. Clock Time Remaining: 9s        
Cycle:     3084, Time:  9.801E-03s, Progress:  49.01%, Time Inc.: 3.180E-06s @ element    1126 in Part SYS\wall Est. Clock Time Remaining: 9s        
Cycle:     3085, Time:  9.804E-03s, Progress:  49.02%, Time Inc.: 3.180E-06s @ element    1126 in Part SYS\wall Est. Clock Time Remaining: 9s        
Cycle:     3086, Time:  9.808E-03s, Progress:  49.04%, Time Inc.: 3.180E-06s @ element    1126 in Part SYS\wall Est. Clock Time Remaining: 9s        
Cycle:     3087, Time:  9.811E-03s, Progress:  49.05%, Time Inc.: 3.180E-06s @ element    1126 in Part SYS\wall Est. Clock Time Remaining: 9s        
Cycle:     3088, Time:  9.814E-03s, Progress:  49.07%, Time Inc.: 3.180E-06s @ element    1126 in Part SYS\wall Est. Clock Time Remaining: 9s        
Cycle:     3089, Time:  9.817E-03s, Progress:  49.09%, Time Inc.: 3.180E-06s @ element    1126 in Part SYS\wall Est. Clock Time Remaining: 9s        
Cycle:     3090, Time:  9.820E-03s, Progress:  49.10%, Time Inc.: 3.180E-06s @ element    1126 in Part SYS\wall Est. Clock Time Remaining: 9s        
Cycle:     3091, Time:  9.824E-03s, Progress:  49.12%, Time Inc.: 3.180E-06s @ element    1126 in Part SYS\wall Est. Clock Time Remaining: 9s        
Cycle:     3092, Time:  9.827E-03s, Progress:  49.13%, Time Inc.: 3.180E-06s @ element    1126 in Part SYS\wall Est. Clock Time Remaining: 9s        
Cycle:     3093, Time:  9.830E-03s, Progress:  49.15%, Time Inc.: 3.180E-06s @ element    1126 in Part SYS\wall Est. Clock Time Remaining: 9s        
Cycle:     3094, Time:  9.833E-03s, Progress:  49.17%, Time Inc.: 3.180E-06s @ element    1126 in Part SYS\wall Est. Clock Time Remaining: 9s        
Cycle:     3095, Time:  9.836E-03s, Progress:  49.18%, Time Inc.: 3.180E-06s @ element    1126 in Part SYS\wall Est. Clock Time Remaining: 9s        
Cycle:     3096, Time:  9.839E-03s, Progress:  49.20%, Time Inc.: 3.180E-06s @ element    1126 in Part SYS\wall Est. Clock Time Remaining: 9s        
Cycle:     3097, Time:  9.843E-03s, Progress:  49.21%, Time Inc.: 3.180E-06s @ element    1126 in Part SYS\wall Est. Clock Time Remaining: 9s        
Cycle:     3098, Time:  9.846E-03s, Progress:  49.23%, Time Inc.: 3.180E-06s @ element    1126 in Part SYS\wall Est. Clock Time Remaining: 9s        
Cycle:     3099, Time:  9.849E-03s, Progress:  49.25%, Time Inc.: 3.180E-06s @ element    1126 in Part SYS\wall Est. Clock Time Remaining: 9s        
Cycle:     3100, Time:  9.852E-03s, Progress:  49.26%, Time Inc.: 3.180E-06s @ element    1126 in Part SYS\wall Est. Clock Time Remaining: 9s        
Cycle:     3101, Time:  9.855E-03s, Progress:  49.28%, Time Inc.: 3.180E-06s @ element    1126 in Part SYS\wall Est. Clock Time Remaining: 9s        
Cycle:     3102, Time:  9.859E-03s, Progress:  49.29%, Time Inc.: 3.180E-06s @ element    1126 in Part SYS\wall Est. Clock Time Remaining: 9s        
Cycle:     3103, Time:  9.862E-03s, Progress:  49.31%, Time Inc.: 3.180E-06s @ element    1126 in Part SYS\wall Est. Clock Time Remaining: 9s        
Cycle:     3104, Time:  9.865E-03s, Progress:  49.32%, Time Inc.: 3.180E-06s @ element    1126 in Part SYS\wall Est. Clock Time Remaining: 9s        
Cycle:     3105, Time:  9.868E-03s, Progress:  49.34%, Time Inc.: 3.180E-06s @ element      49 in Part SYS\wall Est. Clock Time Remaining: 9s        
Cycle:     3106, Time:  9.871E-03s, Progress:  49.36%, Time Inc.: 3.180E-06s @ element      49 in Part SYS\wall Est. Clock Time Remaining: 9s        
Cycle:     3107, Time:  9.874E-03s, Progress:  49.37%, Time Inc.: 3.180E-06s @ element      49 in Part SYS\wall Est. Clock Time Remaining: 9s        
Cycle:     3108, Time:  9.878E-03s, Progress:  49.39%, Time Inc.: 3.180E-06s @ element      49 in Part SYS\wall Est. Clock Time Remaining: 9s        
Cycle:     3109, Time:  9.881E-03s, Progress:  49.40%, Time Inc.: 3.180E-06s @ element      49 in Part SYS\wall Est. Clock Time Remaining: 9s        
Cycle:     3110, Time:  9.884E-03s, Progress:  49.42%, Time Inc.: 3.180E-06s @ element      49 in Part SYS\wall Est. Clock Time Remaining: 9s        
Cycle:     3111, Time:  9.887E-03s, Progress:  49.44%, Time Inc.: 3.180E-06s @ element      49 in Part SYS\wall Est. Clock Time Remaining: 9s        
Cycle:     3112, Time:  9.890E-03s, Progress:  49.45%, Time Inc.: 3.180E-06s @ element      49 in Part SYS\wall Est. Clock Time Remaining: 9s        
Cycle:     3113, Time:  9.894E-03s, Progress:  49.47%, Time Inc.: 3.180E-06s @ element      49 in Part SYS\wall Est. Clock Time Remaining: 9s        
Cycle:     3114, Time:  9.897E-03s, Progress:  49.48%, Time Inc.: 3.180E-06s @ element      49 in Part SYS\wall Est. Clock Time Remaining: 9s        
Cycle:     3115, Time:  9.900E-03s, Progress:  49.50%, Time Inc.: 3.180E-06s @ element      49 in Part SYS\wall Est. Clock Time Remaining: 9s        
Cycle:     3116, Time:  9.903E-03s, Progress:  49.52%, Time Inc.: 3.180E-06s @ element      49 in Part SYS\wall Est. Clock Time Remaining: 9s        
Cycle:     3117, Time:  9.906E-03s, Progress:  49.53%, Time Inc.: 3.180E-06s @ element      49 in Part SYS\wall Est. Clock Time Remaining: 9s        
Cycle:     3118, Time:  9.909E-03s, Progress:  49.55%, Time Inc.: 3.180E-06s @ element      49 in Part SYS\wall Est. Clock Time Remaining: 9s        
Cycle:     3119, Time:  9.913E-03s, Progress:  49.56%, Time Inc.: 3.180E-06s @ element      49 in Part SYS\wall Est. Clock Time Remaining: 9s        
Cycle:     3120, Time:  9.916E-03s, Progress:  49.58%, Time Inc.: 3.180E-06s @ element      49 in Part SYS\wall Est. Clock Time Remaining: 9s        
Cycle:     3121, Time:  9.919E-03s, Progress:  49.59%, Time Inc.: 3.180E-06s @ element      49 in Part SYS\wall Est. Clock Time Remaining: 9s        
Cycle:     3122, Time:  9.922E-03s, Progress:  49.61%, Time Inc.: 3.180E-06s @ element      49 in Part SYS\wall Est. Clock Time Remaining: 9s        
Cycle:     3123, Time:  9.925E-03s, Progress:  49.63%, Time Inc.: 3.180E-06s @ element      49 in Part SYS\wall Est. Clock Time Remaining: 9s        
Cycle:     3124, Time:  9.929E-03s, Progress:  49.64%, Time Inc.: 3.180E-06s @ element      49 in Part SYS\wall Est. Clock Time Remaining: 9s        
Cycle:     3125, Time:  9.932E-03s, Progress:  49.66%, Time Inc.: 3.180E-06s @ element      49 in Part SYS\wall Est. Clock Time Remaining: 9s        
Cycle:     3126, Time:  9.935E-03s, Progress:  49.67%, Time Inc.: 3.180E-06s @ element      49 in Part SYS\wall Est. Clock Time Remaining: 9s        
Cycle:     3127, Time:  9.938E-03s, Progress:  49.69%, Time Inc.: 3.180E-06s @ element      49 in Part SYS\wall Est. Clock Time Remaining: 9s        
Cycle:     3128, Time:  9.941E-03s, Progress:  49.71%, Time Inc.: 3.180E-06s @ element      49 in Part SYS\wall Est. Clock Time Remaining: 9s        
Cycle:     3129, Time:  9.944E-03s, Progress:  49.72%, Time Inc.: 3.180E-06s @ element      49 in Part SYS\wall Est. Clock Time Remaining: 9s        
Cycle:     3130, Time:  9.948E-03s, Progress:  49.74%, Time Inc.: 3.180E-06s @ element      49 in Part SYS\wall Est. Clock Time Remaining: 9s        
Cycle:     3131, Time:  9.951E-03s, Progress:  49.75%, Time Inc.: 3.180E-06s @ element      49 in Part SYS\wall Est. Clock Time Remaining: 9s        
Cycle:     3132, Time:  9.954E-03s, Progress:  49.77%, Time Inc.: 3.180E-06s @ element      49 in Part SYS\wall Est. Clock Time Remaining: 9s        
Cycle:     3133, Time:  9.957E-03s, Progress:  49.79%, Time Inc.: 3.180E-06s @ element      49 in Part SYS\wall Est. Clock Time Remaining: 9s        
Cycle:     3134, Time:  9.960E-03s, Progress:  49.80%, Time Inc.: 3.180E-06s @ element      49 in Part SYS\wall Est. Clock Time Remaining: 9s        
Cycle:     3135, Time:  9.963E-03s, Progress:  49.82%, Time Inc.: 3.180E-06s @ element      49 in Part SYS\wall Est. Clock Time Remaining: 9s        
Cycle:     3136, Time:  9.967E-03s, Progress:  49.83%, Time Inc.: 3.180E-06s @ element      49 in Part SYS\wall Est. Clock Time Remaining: 9s        
Cycle:     3137, Time:  9.970E-03s, Progress:  49.85%, Time Inc.: 3.180E-06s @ element      49 in Part SYS\wall Est. Clock Time Remaining: 9s        
Cycle:     3138, Time:  9.973E-03s, Progress:  49.87%, Time Inc.: 3.180E-06s @ element      49 in Part SYS\wall Est. Clock Time Remaining: 9s        
Cycle:     3139, Time:  9.976E-03s, Progress:  49.88%, Time Inc.: 3.180E-06s @ element      49 in Part SYS\wall Est. Clock Time Remaining: 9s        
Cycle:     3140, Time:  9.979E-03s, Progress:  49.90%, Time Inc.: 3.180E-06s @ element      49 in Part SYS\wall Est. Clock Time Remaining: 9s        
Cycle:     3141, Time:  9.983E-03s, Progress:  49.91%, Time Inc.: 3.180E-06s @ element      49 in Part SYS\wall Est. Clock Time Remaining: 9s        
Cycle:     3142, Time:  9.986E-03s, Progress:  49.93%, Time Inc.: 3.180E-06s @ element      49 in Part SYS\wall Est. Clock Time Remaining: 9s        
Cycle:     3143, Time:  9.989E-03s, Progress:  49.94%, Time Inc.: 3.180E-06s @ element      49 in Part SYS\wall Est. Clock Time Remaining: 9s        
Cycle:     3144, Time:  9.992E-03s, Progress:  49.96%, Time Inc.: 3.180E-06s @ element      49 in Part SYS\wall Est. Clock Time Remaining: 9s        
Cycle:     3145, Time:  9.995E-03s, Progress:  49.98%, Time Inc.: 3.180E-06s @ element      49 in Part SYS\wall Est. Clock Time Remaining: 9s        
Cycle:     3146, Time:  9.998E-03s, Progress:  49.99%, Time Inc.: 3.180E-06s @ element      49 in Part SYS\wall Est. Clock Time Remaining: 9s        
Cycle:     3147, Time:  1.000E-02s, Progress:  50.01%, Time Inc.: 3.180E-06s @ element      49 in Part SYS\wall Est. Clock Time Remaining: 9s        
Cycle:     3148, Time:  1.000E-02s, Progress:  50.02%, Time Inc.: 3.180E-06s @ element      49 in Part SYS\wall Est. Clock Time Remaining: 9s        
Cycle:     3149, Time:  1.001E-02s, Progress:  50.04%, Time Inc.: 3.180E-06s @ element      49 in Part SYS\wall Est. Clock Time Remaining: 9s        
Cycle:     3150, Time:  1.001E-02s, Progress:  50.06%, Time Inc.: 3.180E-06s @ element      49 in Part SYS\wall Est. Clock Time Remaining: 9s        
Cycle:     3151, Time:  1.001E-02s, Progress:  50.07%, Time Inc.: 3.180E-06s @ element      49 in Part SYS\wall Est. Clock Time Remaining: 9s        
Cycle:     3152, Time:  1.002E-02s, Progress:  50.09%, Time Inc.: 3.180E-06s @ element      49 in Part SYS\wall Est. Clock Time Remaining: 9s        
Cycle:     3153, Time:  1.002E-02s, Progress:  50.10%, Time Inc.: 3.180E-06s @ element      49 in Part SYS\wall Est. Clock Time Remaining: 9s        
Cycle:     3154, Time:  1.002E-02s, Progress:  50.12%, Time Inc.: 3.180E-06s @ element    1241 in Part SYS\wall Est. Clock Time Remaining: 9s        
Cycle:     3155, Time:  1.003E-02s, Progress:  50.14%, Time Inc.: 3.180E-06s @ element    1241 in Part SYS\wall Est. Clock Time Remaining: 9s        
Cycle:     3156, Time:  1.003E-02s, Progress:  50.15%, Time Inc.: 3.180E-06s @ element    1241 in Part SYS\wall Est. Clock Time Remaining: 9s        
Cycle:     3157, Time:  1.003E-02s, Progress:  50.17%, Time Inc.: 3.180E-06s @ element    1241 in Part SYS\wall Est. Clock Time Remaining: 9s        
Cycle:     3158, Time:  1.004E-02s, Progress:  50.18%, Time Inc.: 3.180E-06s @ element    1241 in Part SYS\wall Est. Clock Time Remaining: 9s        
Cycle:     3159, Time:  1.004E-02s, Progress:  50.20%, Time Inc.: 3.180E-06s @ element    1241 in Part SYS\wall Est. Clock Time Remaining: 9s        
Cycle:     3160, Time:  1.004E-02s, Progress:  50.21%, Time Inc.: 3.180E-06s @ element    1241 in Part SYS\wall Est. Clock Time Remaining: 9s        
Cycle:     3161, Time:  1.005E-02s, Progress:  50.23%, Time Inc.: 3.180E-06s @ element    1241 in Part SYS\wall Est. Clock Time Remaining: 9s        
Cycle:     3162, Time:  1.005E-02s, Progress:  50.25%, Time Inc.: 3.180E-06s @ element    1241 in Part SYS\wall Est. Clock Time Remaining: 9s        
Cycle:     3163, Time:  1.005E-02s, Progress:  50.26%, Time Inc.: 3.180E-06s @ element    1241 in Part SYS\wall Est. Clock Time Remaining: 9s        
Cycle:     3164, Time:  1.006E-02s, Progress:  50.28%, Time Inc.: 3.180E-06s @ element    1241 in Part SYS\wall Est. Clock Time Remaining: 9s        
Cycle:     3165, Time:  1.006E-02s, Progress:  50.29%, Time Inc.: 3.180E-06s @ element    1241 in Part SYS\wall Est. Clock Time Remaining: 9s        
Cycle:     3166, Time:  1.006E-02s, Progress:  50.31%, Time Inc.: 3.180E-06s @ element    1241 in Part SYS\wall Est. Clock Time Remaining: 9s        
Cycle:     3167, Time:  1.007E-02s, Progress:  50.33%, Time Inc.: 3.180E-06s @ element    1241 in Part SYS\wall Est. Clock Time Remaining: 9s        
Cycle:     3168, Time:  1.007E-02s, Progress:  50.34%, Time Inc.: 3.180E-06s @ element    1241 in Part SYS\wall Est. Clock Time Remaining: 9s        
Cycle:     3169, Time:  1.007E-02s, Progress:  50.36%, Time Inc.: 3.180E-06s @ element    1241 in Part SYS\wall Est. Clock Time Remaining: 9s        
Cycle:     3170, Time:  1.007E-02s, Progress:  50.37%, Time Inc.: 3.180E-06s @ element    1241 in Part SYS\wall Est. Clock Time Remaining: 9s        
Cycle:     3171, Time:  1.008E-02s, Progress:  50.39%, Time Inc.: 3.180E-06s @ element    1241 in Part SYS\wall Est. Clock Time Remaining: 9s        
Cycle:     3172, Time:  1.008E-02s, Progress:  50.41%, Time Inc.: 3.180E-06s @ element    1241 in Part SYS\wall Est. Clock Time Remaining: 9s        
Cycle:     3173, Time:  1.008E-02s, Progress:  50.42%, Time Inc.: 3.180E-06s @ element    1241 in Part SYS\wall Est. Clock Time Remaining: 9s        
Cycle:     3174, Time:  1.009E-02s, Progress:  50.44%, Time Inc.: 3.180E-06s @ element    1241 in Part SYS\wall Est. Clock Time Remaining: 9s        
Cycle:     3175, Time:  1.009E-02s, Progress:  50.45%, Time Inc.: 3.180E-06s @ element    1241 in Part SYS\wall Est. Clock Time Remaining: 9s        
Cycle:     3176, Time:  1.009E-02s, Progress:  50.47%, Time Inc.: 3.180E-06s @ element      57 in Part SYS\wall Est. Clock Time Remaining: 9s        
Cycle:     3177, Time:  1.010E-02s, Progress:  50.49%, Time Inc.: 3.180E-06s @ element     165 in Part SYS\wall Est. Clock Time Remaining: 9s        
Cycle:     3178, Time:  1.010E-02s, Progress:  50.50%, Time Inc.: 3.180E-06s @ element     165 in Part SYS\wall Est. Clock Time Remaining: 9s        
Cycle:     3179, Time:  1.010E-02s, Progress:  50.52%, Time Inc.: 3.180E-06s @ element     165 in Part SYS\wall Est. Clock Time Remaining: 9s        
Cycle:     3180, Time:  1.011E-02s, Progress:  50.53%, Time Inc.: 3.180E-06s @ element     165 in Part SYS\wall Est. Clock Time Remaining: 9s        
Cycle:     3181, Time:  1.011E-02s, Progress:  50.55%, Time Inc.: 3.180E-06s @ element     165 in Part SYS\wall Est. Clock Time Remaining: 9s        
Cycle:     3182, Time:  1.011E-02s, Progress:  50.56%, Time Inc.: 3.180E-06s @ element    1033 in Part SYS\wall Est. Clock Time Remaining: 9s        
Cycle:     3183, Time:  1.012E-02s, Progress:  50.58%, Time Inc.: 3.180E-06s @ element    1033 in Part SYS\wall Est. Clock Time Remaining: 9s        
Cycle:     3184, Time:  1.012E-02s, Progress:  50.60%, Time Inc.: 3.180E-06s @ element    1033 in Part SYS\wall Est. Clock Time Remaining: 9s        
Cycle:     3185, Time:  1.012E-02s, Progress:  50.61%, Time Inc.: 3.180E-06s @ element    1033 in Part SYS\wall Est. Clock Time Remaining: 9s        
Cycle:     3186, Time:  1.013E-02s, Progress:  50.63%, Time Inc.: 3.180E-06s @ element    1033 in Part SYS\wall Est. Clock Time Remaining: 9s        
Cycle:     3187, Time:  1.013E-02s, Progress:  50.64%, Time Inc.: 3.180E-06s @ element    1033 in Part SYS\wall Est. Clock Time Remaining: 9s        
Cycle:     3188, Time:  1.013E-02s, Progress:  50.66%, Time Inc.: 3.180E-06s @ element    1033 in Part SYS\wall Est. Clock Time Remaining: 9s        
Cycle:     3189, Time:  1.014E-02s, Progress:  50.68%, Time Inc.: 3.180E-06s @ element    1033 in Part SYS\wall Est. Clock Time Remaining: 9s        
Cycle:     3190, Time:  1.014E-02s, Progress:  50.69%, Time Inc.: 3.180E-06s @ element     315 in Part SYS\wall Est. Clock Time Remaining: 9s        
Cycle:     3191, Time:  1.014E-02s, Progress:  50.71%, Time Inc.: 3.180E-06s @ element     315 in Part SYS\wall Est. Clock Time Remaining: 9s        
Cycle:     3192, Time:  1.014E-02s, Progress:  50.72%, Time Inc.: 3.180E-06s @ element     315 in Part SYS\wall Est. Clock Time Remaining: 9s        
Cycle:     3193, Time:  1.015E-02s, Progress:  50.74%, Time Inc.: 3.180E-06s @ element     315 in Part SYS\wall Est. Clock Time Remaining: 9s        
Cycle:     3194, Time:  1.015E-02s, Progress:  50.76%, Time Inc.: 3.180E-06s @ element     315 in Part SYS\wall Est. Clock Time Remaining: 9s        
Cycle:     3195, Time:  1.015E-02s, Progress:  50.77%, Time Inc.: 3.180E-06s @ element     315 in Part SYS\wall Est. Clock Time Remaining: 9s        
Cycle:     3196, Time:  1.016E-02s, Progress:  50.79%, Time Inc.: 3.180E-06s @ element     315 in Part SYS\wall Est. Clock Time Remaining: 9s        
Cycle:     3197, Time:  1.016E-02s, Progress:  50.80%, Time Inc.: 3.180E-06s @ element     315 in Part SYS\wall Est. Clock Time Remaining: 9s        
Cycle:     3198, Time:  1.016E-02s, Progress:  50.82%, Time Inc.: 3.180E-06s @ element     315 in Part SYS\wall Est. Clock Time Remaining: 9s        
Cycle:     3199, Time:  1.017E-02s, Progress:  50.84%, Time Inc.: 3.180E-06s @ element     353 in Part SYS\wall Est. Clock Time Remaining: 9s        
Cycle:     3200, Time:  1.017E-02s, Progress:  50.85%, Time Inc.: 3.180E-06s @ element     353 in Part SYS\wall Est. Clock Time Remaining: 9s        
Cycle:     3201, Time:  1.017E-02s, Progress:  50.87%, Time Inc.: 3.180E-06s @ element     353 in Part SYS\wall Est. Clock Time Remaining: 9s        
Cycle:     3202, Time:  1.018E-02s, Progress:  50.88%, Time Inc.: 3.180E-06s @ element     353 in Part SYS\wall Est. Clock Time Remaining: 9s        
Cycle:     3203, Time:  1.018E-02s, Progress:  50.90%, Time Inc.: 3.180E-06s @ element     353 in Part SYS\wall Est. Clock Time Remaining: 9s        
Cycle:     3204, Time:  1.018E-02s, Progress:  50.91%, Time Inc.: 3.180E-06s @ element     353 in Part SYS\wall Est. Clock Time Remaining: 9s        
Cycle:     3205, Time:  1.019E-02s, Progress:  50.93%, Time Inc.: 3.180E-06s @ element     353 in Part SYS\wall Est. Clock Time Remaining: 9s        
Cycle:     3206, Time:  1.019E-02s, Progress:  50.95%, Time Inc.: 3.180E-06s @ element     353 in Part SYS\wall Est. Clock Time Remaining: 9s        
Cycle:     3207, Time:  1.019E-02s, Progress:  50.96%, Time Inc.: 3.180E-06s @ element     353 in Part SYS\wall Est. Clock Time Remaining: 9s        
Cycle:     3208, Time:  1.020E-02s, Progress:  50.98%, Time Inc.: 3.180E-06s @ element     353 in Part SYS\wall Est. Clock Time Remaining: 9s        
Cycle:     3209, Time:  1.020E-02s, Progress:  50.99%, Time Inc.: 3.180E-06s @ element     353 in Part SYS\wall Est. Clock Time Remaining: 9s        
Cycle:     3210, Time:  1.020E-02s, Progress:  51.01%, Time Inc.: 3.180E-06s @ element     353 in Part SYS\wall Est. Clock Time Remaining: 9s        
Cycle:     3211, Time:  1.021E-02s, Progress:  51.03%, Time Inc.: 3.180E-06s @ element     353 in Part SYS\wall Est. Clock Time Remaining: 9s        
Cycle:     3212, Time:  1.021E-02s, Progress:  51.04%, Time Inc.: 3.180E-06s @ element     353 in Part SYS\wall Est. Clock Time Remaining: 9s        
Cycle:     3213, Time:  1.021E-02s, Progress:  51.06%, Time Inc.: 3.180E-06s @ element     353 in Part SYS\wall Est. Clock Time Remaining: 9s        
Cycle:     3214, Time:  1.021E-02s, Progress:  51.07%, Time Inc.: 3.180E-06s @ element     353 in Part SYS\wall Est. Clock Time Remaining: 9s        
Cycle:     3215, Time:  1.022E-02s, Progress:  51.09%, Time Inc.: 3.180E-06s @ element     353 in Part SYS\wall Est. Clock Time Remaining: 9s        
Cycle:     3216, Time:  1.022E-02s, Progress:  51.11%, Time Inc.: 3.180E-06s @ element     965 in Part SYS\wall Est. Clock Time Remaining: 9s        
Cycle:     3217, Time:  1.022E-02s, Progress:  51.12%, Time Inc.: 3.180E-06s @ element     965 in Part SYS\wall Est. Clock Time Remaining: 9s        
Cycle:     3218, Time:  1.023E-02s, Progress:  51.14%, Time Inc.: 3.180E-06s @ element     965 in Part SYS\wall Est. Clock Time Remaining: 9s        
Cycle:     3219, Time:  1.023E-02s, Progress:  51.15%, Time Inc.: 3.180E-06s @ element     965 in Part SYS\wall Est. Clock Time Remaining: 9s        
Cycle:     3220, Time:  1.023E-02s, Progress:  51.17%, Time Inc.: 3.180E-06s @ element     965 in Part SYS\wall Est. Clock Time Remaining: 9s        
Cycle:     3221, Time:  1.024E-02s, Progress:  51.18%, Time Inc.: 3.180E-06s @ element     965 in Part SYS\wall Est. Clock Time Remaining: 9s        
Cycle:     3222, Time:  1.024E-02s, Progress:  51.20%, Time Inc.: 3.180E-06s @ element     965 in Part SYS\wall Est. Clock Time Remaining: 9s        
Cycle:     3223, Time:  1.024E-02s, Progress:  51.22%, Time Inc.: 3.180E-06s @ element     965 in Part SYS\wall Est. Clock Time Remaining: 9s        
Cycle:     3224, Time:  1.025E-02s, Progress:  51.23%, Time Inc.: 3.180E-06s @ element     965 in Part SYS\wall Est. Clock Time Remaining: 9s        
Cycle:     3225, Time:  1.025E-02s, Progress:  51.25%, Time Inc.: 3.180E-06s @ element     965 in Part SYS\wall Est. Clock Time Remaining: 9s        
Cycle:     3226, Time:  1.025E-02s, Progress:  51.26%, Time Inc.: 3.180E-06s @ element     965 in Part SYS\wall Est. Clock Time Remaining: 9s        
Cycle:     3227, Time:  1.026E-02s, Progress:  51.28%, Time Inc.: 3.180E-06s @ element     965 in Part SYS\wall Est. Clock Time Remaining: 9s        
Cycle:     3228, Time:  1.026E-02s, Progress:  51.30%, Time Inc.: 3.180E-06s @ element     965 in Part SYS\wall Est. Clock Time Remaining: 9s        
Cycle:     3229, Time:  1.026E-02s, Progress:  51.31%, Time Inc.: 3.180E-06s @ element     965 in Part SYS\wall Est. Clock Time Remaining: 9s        
Cycle:     3230, Time:  1.027E-02s, Progress:  51.33%, Time Inc.: 3.180E-06s @ element     965 in Part SYS\wall Est. Clock Time Remaining: 9s        
Cycle:     3231, Time:  1.027E-02s, Progress:  51.34%, Time Inc.: 3.180E-06s @ element     969 in Part SYS\wall Est. Clock Time Remaining: 9s        
Cycle:     3232, Time:  1.027E-02s, Progress:  51.36%, Time Inc.: 3.180E-06s @ element     969 in Part SYS\wall Est. Clock Time Remaining: 9s        
Cycle:     3233, Time:  1.028E-02s, Progress:  51.38%, Time Inc.: 3.180E-06s @ element     969 in Part SYS\wall Est. Clock Time Remaining: 9s        
Cycle:     3234, Time:  1.028E-02s, Progress:  51.39%, Time Inc.: 3.180E-06s @ element     969 in Part SYS\wall Est. Clock Time Remaining: 9s        
Cycle:     3235, Time:  1.028E-02s, Progress:  51.41%, Time Inc.: 3.180E-06s @ element     969 in Part SYS\wall Est. Clock Time Remaining: 9s        
Cycle:     3236, Time:  1.028E-02s, Progress:  51.42%, Time Inc.: 3.180E-06s @ element     969 in Part SYS\wall Est. Clock Time Remaining: 9s        
Cycle:     3237, Time:  1.029E-02s, Progress:  51.44%, Time Inc.: 3.180E-06s @ element     969 in Part SYS\wall Est. Clock Time Remaining: 9s        
Cycle:     3238, Time:  1.029E-02s, Progress:  51.46%, Time Inc.: 3.180E-06s @ element     357 in Part SYS\wall Est. Clock Time Remaining: 9s        
Cycle:     3239, Time:  1.029E-02s, Progress:  51.47%, Time Inc.: 3.180E-06s @ element     357 in Part SYS\wall Est. Clock Time Remaining: 9s        
Cycle:     3240, Time:  1.030E-02s, Progress:  51.49%, Time Inc.: 3.180E-06s @ element     357 in Part SYS\wall Est. Clock Time Remaining: 9s        
Cycle:     3241, Time:  1.030E-02s, Progress:  51.50%, Time Inc.: 3.180E-06s @ element     357 in Part SYS\wall Est. Clock Time Remaining: 9s        
Cycle:     3242, Time:  1.030E-02s, Progress:  51.52%, Time Inc.: 3.180E-06s @ element     357 in Part SYS\wall Est. Clock Time Remaining: 9s        
Cycle:     3243, Time:  1.031E-02s, Progress:  51.53%, Time Inc.: 3.180E-06s @ element     357 in Part SYS\wall Est. Clock Time Remaining: 9s        
Cycle:     3244, Time:  1.031E-02s, Progress:  51.55%, Time Inc.: 3.180E-06s @ element    1006 in Part SYS\wall Est. Clock Time Remaining: 9s        
Cycle:     3245, Time:  1.031E-02s, Progress:  51.57%, Time Inc.: 3.180E-06s @ element    1006 in Part SYS\wall Est. Clock Time Remaining: 9s        
Cycle:     3246, Time:  1.032E-02s, Progress:  51.58%, Time Inc.: 3.180E-06s @ element    1006 in Part SYS\wall Est. Clock Time Remaining: 9s        
Cycle:     3247, Time:  1.032E-02s, Progress:  51.60%, Time Inc.: 3.180E-06s @ element    1006 in Part SYS\wall Est. Clock Time Remaining: 9s        
Cycle:     3248, Time:  1.032E-02s, Progress:  51.61%, Time Inc.: 3.180E-06s @ element    1006 in Part SYS\wall Est. Clock Time Remaining: 9s        
Cycle:     3249, Time:  1.033E-02s, Progress:  51.63%, Time Inc.: 3.180E-06s @ element    1006 in Part SYS\wall Est. Clock Time Remaining: 9s        
Cycle:     3250, Time:  1.033E-02s, Progress:  51.65%, Time Inc.: 3.180E-06s @ element    1006 in Part SYS\wall Est. Clock Time Remaining: 9s        
Cycle:     3251, Time:  1.033E-02s, Progress:  51.66%, Time Inc.: 3.180E-06s @ element    1006 in Part SYS\wall Est. Clock Time Remaining: 9s        
Cycle:     3252, Time:  1.034E-02s, Progress:  51.68%, Time Inc.: 3.180E-06s @ element    1006 in Part SYS\wall Est. Clock Time Remaining: 9s        
Cycle:     3253, Time:  1.034E-02s, Progress:  51.69%, Time Inc.: 3.180E-06s @ element    1006 in Part SYS\wall Est. Clock Time Remaining: 9s        
Cycle:     3254, Time:  1.034E-02s, Progress:  51.71%, Time Inc.: 3.180E-06s @ element    1006 in Part SYS\wall Est. Clock Time Remaining: 9s        
Cycle:     3255, Time:  1.035E-02s, Progress:  51.73%, Time Inc.: 3.180E-06s @ element    1006 in Part SYS\wall Est. Clock Time Remaining: 9s        
Cycle:     3256, Time:  1.035E-02s, Progress:  51.74%, Time Inc.: 3.180E-06s @ element    1006 in Part SYS\wall Est. Clock Time Remaining: 9s        
Cycle:     3257, Time:  1.035E-02s, Progress:  51.76%, Time Inc.: 3.180E-06s @ element    1006 in Part SYS\wall Est. Clock Time Remaining: 9s        
Cycle:     3258, Time:  1.035E-02s, Progress:  51.77%, Time Inc.: 3.180E-06s @ element    1006 in Part SYS\wall Est. Clock Time Remaining: 9s        
Cycle:     3259, Time:  1.036E-02s, Progress:  51.79%, Time Inc.: 3.180E-06s @ element    1006 in Part SYS\wall Est. Clock Time Remaining: 9s        
Cycle:     3260, Time:  1.036E-02s, Progress:  51.80%, Time Inc.: 3.180E-06s @ element    1006 in Part SYS\wall Est. Clock Time Remaining: 9s        
Cycle:     3261, Time:  1.036E-02s, Progress:  51.82%, Time Inc.: 3.180E-06s @ element    1006 in Part SYS\wall Est. Clock Time Remaining: 9s        
Cycle:     3262, Time:  1.037E-02s, Progress:  51.84%, Time Inc.: 3.180E-06s @ element    1006 in Part SYS\wall Est. Clock Time Remaining: 9s        
Cycle:     3263, Time:  1.037E-02s, Progress:  51.85%, Time Inc.: 3.180E-06s @ element    1006 in Part SYS\wall Est. Clock Time Remaining: 9s        
Cycle:     3264, Time:  1.037E-02s, Progress:  51.87%, Time Inc.: 3.180E-06s @ element    1006 in Part SYS\wall Est. Clock Time Remaining: 9s        
Cycle:     3265, Time:  1.038E-02s, Progress:  51.88%, Time Inc.: 3.180E-06s @ element    1006 in Part SYS\wall Est. Clock Time Remaining: 9s        
Cycle:     3266, Time:  1.038E-02s, Progress:  51.90%, Time Inc.: 3.180E-06s @ element    1006 in Part SYS\wall Est. Clock Time Remaining: 9s        
Cycle:     3267, Time:  1.038E-02s, Progress:  51.92%, Time Inc.: 3.180E-06s @ element    1006 in Part SYS\wall Est. Clock Time Remaining: 9s        
Cycle:     3268, Time:  1.039E-02s, Progress:  51.93%, Time Inc.: 3.180E-06s @ element    1006 in Part SYS\wall Est. Clock Time Remaining: 9s        
Cycle:     3269, Time:  1.039E-02s, Progress:  51.95%, Time Inc.: 3.180E-06s @ element    1006 in Part SYS\wall Est. Clock Time Remaining: 9s        
Cycle:     3270, Time:  1.039E-02s, Progress:  51.96%, Time Inc.: 3.180E-06s @ element     357 in Part SYS\wall Est. Clock Time Remaining: 9s        
Cycle:     3271, Time:  1.040E-02s, Progress:  51.98%, Time Inc.: 3.180E-06s @ element     357 in Part SYS\wall Est. Clock Time Remaining: 9s        
Cycle:     3272, Time:  1.040E-02s, Progress:  52.00%, Time Inc.: 3.180E-06s @ element     357 in Part SYS\wall Est. Clock Time Remaining: 9s        
Cycle:     3273, Time:  1.040E-02s, Progress:  52.01%, Time Inc.: 3.180E-06s @ element     357 in Part SYS\wall Est. Clock Time Remaining: 9s        
Cycle:     3274, Time:  1.041E-02s, Progress:  52.03%, Time Inc.: 3.180E-06s @ element     357 in Part SYS\wall Est. Clock Time Remaining: 9s        
Cycle:     3275, Time:  1.041E-02s, Progress:  52.04%, Time Inc.: 3.180E-06s @ element     357 in Part SYS\wall Est. Clock Time Remaining: 9s        
Cycle:     3276, Time:  1.041E-02s, Progress:  52.06%, Time Inc.: 3.180E-06s @ element     357 in Part SYS\wall Est. Clock Time Remaining: 9s        
Cycle:     3277, Time:  1.042E-02s, Progress:  52.08%, Time Inc.: 3.180E-06s @ element     357 in Part SYS\wall Est. Clock Time Remaining: 9s        
Cycle:     3278, Time:  1.042E-02s, Progress:  52.09%, Time Inc.: 3.180E-06s @ element     357 in Part SYS\wall Est. Clock Time Remaining: 9s        
Cycle:     3279, Time:  1.042E-02s, Progress:  52.11%, Time Inc.: 3.180E-06s @ element     357 in Part SYS\wall Est. Clock Time Remaining: 9s        
Cycle:     3280, Time:  1.042E-02s, Progress:  52.12%, Time Inc.: 3.180E-06s @ element     357 in Part SYS\wall Est. Clock Time Remaining: 9s        
Cycle:     3281, Time:  1.043E-02s, Progress:  52.14%, Time Inc.: 3.180E-06s @ element     357 in Part SYS\wall Est. Clock Time Remaining: 9s        
Cycle:     3282, Time:  1.043E-02s, Progress:  52.15%, Time Inc.: 3.180E-06s @ element     357 in Part SYS\wall Est. Clock Time Remaining: 9s        
Cycle:     3283, Time:  1.043E-02s, Progress:  52.17%, Time Inc.: 3.180E-06s @ element     357 in Part SYS\wall Est. Clock Time Remaining: 9s        
Cycle:     3284, Time:  1.044E-02s, Progress:  52.19%, Time Inc.: 3.180E-06s @ element     357 in Part SYS\wall Est. Clock Time Remaining: 9s        
Cycle:     3285, Time:  1.044E-02s, Progress:  52.20%, Time Inc.: 3.180E-06s @ element     357 in Part SYS\wall Est. Clock Time Remaining: 9s        
Cycle:     3286, Time:  1.044E-02s, Progress:  52.22%, Time Inc.: 3.180E-06s @ element     357 in Part SYS\wall Est. Clock Time Remaining: 9s        
Cycle:     3287, Time:  1.045E-02s, Progress:  52.23%, Time Inc.: 3.180E-06s @ element     357 in Part SYS\wall Est. Clock Time Remaining: 9s        
Cycle:     3288, Time:  1.045E-02s, Progress:  52.25%, Time Inc.: 3.180E-06s @ element     357 in Part SYS\wall Est. Clock Time Remaining: 9s        
Cycle:     3289, Time:  1.045E-02s, Progress:  52.27%, Time Inc.: 3.180E-06s @ element     357 in Part SYS\wall Est. Clock Time Remaining: 9s        
Cycle:     3290, Time:  1.046E-02s, Progress:  52.28%, Time Inc.: 3.180E-06s @ element     357 in Part SYS\wall Est. Clock Time Remaining: 9s        
Cycle:     3291, Time:  1.046E-02s, Progress:  52.30%, Time Inc.: 3.180E-06s @ element     357 in Part SYS\wall Est. Clock Time Remaining: 9s        
Cycle:     3292, Time:  1.046E-02s, Progress:  52.31%, Time Inc.: 3.180E-06s @ element     965 in Part SYS\wall Est. Clock Time Remaining: 9s        
Cycle:     3293, Time:  1.047E-02s, Progress:  52.33%, Time Inc.: 3.180E-06s @ element     965 in Part SYS\wall Est. Clock Time Remaining: 9s        
Cycle:     3294, Time:  1.047E-02s, Progress:  52.35%, Time Inc.: 3.180E-06s @ element     965 in Part SYS\wall Est. Clock Time Remaining: 9s        
Cycle:     3295, Time:  1.047E-02s, Progress:  52.36%, Time Inc.: 3.180E-06s @ element     965 in Part SYS\wall Est. Clock Time Remaining: 9s        
Cycle:     3296, Time:  1.048E-02s, Progress:  52.38%, Time Inc.: 3.180E-06s @ element     965 in Part SYS\wall Est. Clock Time Remaining: 9s        
Cycle:     3297, Time:  1.048E-02s, Progress:  52.39%, Time Inc.: 3.180E-06s @ element     965 in Part SYS\wall Est. Clock Time Remaining: 9s        
Cycle:     3298, Time:  1.048E-02s, Progress:  52.41%, Time Inc.: 3.180E-06s @ element     965 in Part SYS\wall Est. Clock Time Remaining: 9s        
Cycle:     3299, Time:  1.048E-02s, Progress:  52.42%, Time Inc.: 3.180E-06s @ element     965 in Part SYS\wall Est. Clock Time Remaining: 9s        
Cycle:     3300, Time:  1.049E-02s, Progress:  52.44%, Time Inc.: 3.180E-06s @ element     965 in Part SYS\wall Est. Clock Time Remaining: 9s        
Cycle:     3301, Time:  1.049E-02s, Progress:  52.46%, Time Inc.: 3.180E-06s @ element     965 in Part SYS\wall Est. Clock Time Remaining: 9s        
Cycle:     3302, Time:  1.049E-02s, Progress:  52.47%, Time Inc.: 3.180E-06s @ element     965 in Part SYS\wall Est. Clock Time Remaining: 9s        
Cycle:     3303, Time:  1.050E-02s, Progress:  52.49%, Time Inc.: 3.180E-06s @ element     965 in Part SYS\wall Est. Clock Time Remaining: 9s        
Cycle:     3304, Time:  1.050E-02s, Progress:  52.50%, Time Inc.: 3.180E-06s @ element     965 in Part SYS\wall Est. Clock Time Remaining: 9s        
Cycle:     3305, Time:  1.050E-02s, Progress:  52.52%, Time Inc.: 3.180E-06s @ element     965 in Part SYS\wall Est. Clock Time Remaining: 9s        
Cycle:     3306, Time:  1.051E-02s, Progress:  52.54%, Time Inc.: 3.180E-06s @ element     965 in Part SYS\wall Est. Clock Time Remaining: 9s        
Cycle:     3307, Time:  1.051E-02s, Progress:  52.55%, Time Inc.: 3.180E-06s @ element     965 in Part SYS\wall Est. Clock Time Remaining: 9s        
Cycle:     3308, Time:  1.051E-02s, Progress:  52.57%, Time Inc.: 3.180E-06s @ element     965 in Part SYS\wall Est. Clock Time Remaining: 9s        
Cycle:     3309, Time:  1.052E-02s, Progress:  52.58%, Time Inc.: 3.180E-06s @ element     965 in Part SYS\wall Est. Clock Time Remaining: 9s        
Cycle:     3310, Time:  1.052E-02s, Progress:  52.60%, Time Inc.: 3.180E-06s @ element     965 in Part SYS\wall Est. Clock Time Remaining: 9s        
Cycle:     3311, Time:  1.052E-02s, Progress:  52.62%, Time Inc.: 3.180E-06s @ element     965 in Part SYS\wall Est. Clock Time Remaining: 9s        
Cycle:     3312, Time:  1.053E-02s, Progress:  52.63%, Time Inc.: 3.180E-06s @ element     965 in Part SYS\wall Est. Clock Time Remaining: 9s        
Cycle:     3313, Time:  1.053E-02s, Progress:  52.65%, Time Inc.: 3.180E-06s @ element     965 in Part SYS\wall Est. Clock Time Remaining: 9s        
Cycle:     3314, Time:  1.053E-02s, Progress:  52.66%, Time Inc.: 3.180E-06s @ element     965 in Part SYS\wall Est. Clock Time Remaining: 9s        
Cycle:     3315, Time:  1.054E-02s, Progress:  52.68%, Time Inc.: 3.180E-06s @ element     965 in Part SYS\wall Est. Clock Time Remaining: 9s        
Cycle:     3316, Time:  1.054E-02s, Progress:  52.70%, Time Inc.: 3.180E-06s @ element     965 in Part SYS\wall Est. Clock Time Remaining: 9s        
Cycle:     3317, Time:  1.054E-02s, Progress:  52.71%, Time Inc.: 3.180E-06s @ element     965 in Part SYS\wall Est. Clock Time Remaining: 9s        
Cycle:     3318, Time:  1.055E-02s, Progress:  52.73%, Time Inc.: 3.180E-06s @ element     965 in Part SYS\wall Est. Clock Time Remaining: 9s        
Cycle:     3319, Time:  1.055E-02s, Progress:  52.74%, Time Inc.: 3.180E-06s @ element     965 in Part SYS\wall Est. Clock Time Remaining: 9s        
Cycle:     3320, Time:  1.055E-02s, Progress:  52.76%, Time Inc.: 3.180E-06s @ element     353 in Part SYS\wall Est. Clock Time Remaining: 9s        
Cycle:     3321, Time:  1.055E-02s, Progress:  52.77%, Time Inc.: 3.180E-06s @ element     353 in Part SYS\wall Est. Clock Time Remaining: 9s        
Cycle:     3322, Time:  1.056E-02s, Progress:  52.79%, Time Inc.: 3.180E-06s @ element     353 in Part SYS\wall Est. Clock Time Remaining: 9s        
Cycle:     3323, Time:  1.056E-02s, Progress:  52.81%, Time Inc.: 3.180E-06s @ element     353 in Part SYS\wall Est. Clock Time Remaining: 9s        
Cycle:     3324, Time:  1.056E-02s, Progress:  52.82%, Time Inc.: 3.180E-06s @ element     353 in Part SYS\wall Est. Clock Time Remaining: 9s        
Cycle:     3325, Time:  1.057E-02s, Progress:  52.84%, Time Inc.: 3.180E-06s @ element     353 in Part SYS\wall Est. Clock Time Remaining: 9s        
Cycle:     3326, Time:  1.057E-02s, Progress:  52.85%, Time Inc.: 3.180E-06s @ element     353 in Part SYS\wall Est. Clock Time Remaining: 9s        
Cycle:     3327, Time:  1.057E-02s, Progress:  52.87%, Time Inc.: 3.180E-06s @ element     353 in Part SYS\wall Est. Clock Time Remaining: 9s        
Cycle:     3328, Time:  1.058E-02s, Progress:  52.89%, Time Inc.: 3.180E-06s @ element     353 in Part SYS\wall Est. Clock Time Remaining: 9s        
Cycle:     3329, Time:  1.058E-02s, Progress:  52.90%, Time Inc.: 3.180E-06s @ element     353 in Part SYS\wall Est. Clock Time Remaining: 9s        
Cycle:     3330, Time:  1.058E-02s, Progress:  52.92%, Time Inc.: 3.180E-06s @ element     353 in Part SYS\wall Est. Clock Time Remaining: 9s        
Cycle:     3331, Time:  1.059E-02s, Progress:  52.93%, Time Inc.: 3.180E-06s @ element     353 in Part SYS\wall Est. Clock Time Remaining: 9s        
Cycle:     3332, Time:  1.059E-02s, Progress:  52.95%, Time Inc.: 3.180E-06s @ element     357 in Part SYS\wall Est. Clock Time Remaining: 9s        
Cycle:     3333, Time:  1.059E-02s, Progress:  52.97%, Time Inc.: 3.180E-06s @ element     357 in Part SYS\wall Est. Clock Time Remaining: 9s        
Cycle:     3334, Time:  1.060E-02s, Progress:  52.98%, Time Inc.: 3.180E-06s @ element     357 in Part SYS\wall Est. Clock Time Remaining: 9s        
Cycle:     3335, Time:  1.060E-02s, Progress:  53.00%, Time Inc.: 3.180E-06s @ element     357 in Part SYS\wall Est. Clock Time Remaining: 9s        
Cycle:     3336, Time:  1.060E-02s, Progress:  53.01%, Time Inc.: 3.180E-06s @ element     357 in Part SYS\wall Est. Clock Time Remaining: 9s        
Cycle:     3337, Time:  1.061E-02s, Progress:  53.03%, Time Inc.: 3.180E-06s @ element     169 in Part SYS\wall Est. Clock Time Remaining: 9s        
Cycle:     3338, Time:  1.061E-02s, Progress:  53.05%, Time Inc.: 3.180E-06s @ element     169 in Part SYS\wall Est. Clock Time Remaining: 9s        
Cycle:     3339, Time:  1.061E-02s, Progress:  53.06%, Time Inc.: 3.180E-06s @ element      61 in Part SYS\wall Est. Clock Time Remaining: 9s        
Cycle:     3340, Time:  1.062E-02s, Progress:  53.08%, Time Inc.: 3.180E-06s @ element      61 in Part SYS\wall Est. Clock Time Remaining: 9s        
Cycle:     3341, Time:  1.062E-02s, Progress:  53.09%, Time Inc.: 3.180E-06s @ element      61 in Part SYS\wall Est. Clock Time Remaining: 9s        
Cycle:     3342, Time:  1.062E-02s, Progress:  53.11%, Time Inc.: 3.180E-06s @ element    1078 in Part SYS\wall Est. Clock Time Remaining: 9s        
Cycle:     3343, Time:  1.062E-02s, Progress:  53.12%, Time Inc.: 3.180E-06s @ element    1118 in Part SYS\wall Est. Clock Time Remaining: 9s        
Cycle:     3344, Time:  1.063E-02s, Progress:  53.14%, Time Inc.: 3.180E-06s @ element    1118 in Part SYS\wall Est. Clock Time Remaining: 9s        
Cycle:     3345, Time:  1.063E-02s, Progress:  53.16%, Time Inc.: 3.180E-06s @ element    1118 in Part SYS\wall Est. Clock Time Remaining: 9s        
Cycle:     3346, Time:  1.063E-02s, Progress:  53.17%, Time Inc.: 3.180E-06s @ element    1118 in Part SYS\wall Est. Clock Time Remaining: 9s        
Cycle:     3347, Time:  1.064E-02s, Progress:  53.19%, Time Inc.: 3.180E-06s @ element    1118 in Part SYS\wall Est. Clock Time Remaining: 9s        
Cycle:     3348, Time:  1.064E-02s, Progress:  53.20%, Time Inc.: 3.180E-06s @ element    1118 in Part SYS\wall Est. Clock Time Remaining: 9s        
Cycle:     3349, Time:  1.064E-02s, Progress:  53.22%, Time Inc.: 3.180E-06s @ element    1118 in Part SYS\wall Est. Clock Time Remaining: 9s        
Cycle:     3350, Time:  1.065E-02s, Progress:  53.24%, Time Inc.: 3.180E-06s @ element    1118 in Part SYS\wall Est. Clock Time Remaining: 9s        
Cycle:     3351, Time:  1.065E-02s, Progress:  53.25%, Time Inc.: 3.180E-06s @ element    1118 in Part SYS\wall Est. Clock Time Remaining: 9s        
Cycle:     3352, Time:  1.065E-02s, Progress:  53.27%, Time Inc.: 3.180E-06s @ element    1118 in Part SYS\wall Est. Clock Time Remaining: 9s        
Cycle:     3353, Time:  1.066E-02s, Progress:  53.28%, Time Inc.: 3.180E-06s @ element    1118 in Part SYS\wall Est. Clock Time Remaining: 9s        
Cycle:     3354, Time:  1.066E-02s, Progress:  53.30%, Time Inc.: 3.180E-06s @ element    1118 in Part SYS\wall Est. Clock Time Remaining: 9s        
Cycle:     3355, Time:  1.066E-02s, Progress:  53.32%, Time Inc.: 3.180E-06s @ element    1118 in Part SYS\wall Est. Clock Time Remaining: 9s        
Cycle:     3356, Time:  1.067E-02s, Progress:  53.33%, Time Inc.: 3.180E-06s @ element    1118 in Part SYS\wall Est. Clock Time Remaining: 9s        
Cycle:     3357, Time:  1.067E-02s, Progress:  53.35%, Time Inc.: 3.180E-06s @ element    1118 in Part SYS\wall Est. Clock Time Remaining: 9s        
Cycle:     3358, Time:  1.067E-02s, Progress:  53.36%, Time Inc.: 3.180E-06s @ element    1118 in Part SYS\wall Est. Clock Time Remaining: 9s        
Cycle:     3359, Time:  1.068E-02s, Progress:  53.38%, Time Inc.: 3.180E-06s @ element    1118 in Part SYS\wall Est. Clock Time Remaining: 9s        
Cycle:     3360, Time:  1.068E-02s, Progress:  53.39%, Time Inc.: 3.180E-06s @ element    1118 in Part SYS\wall Est. Clock Time Remaining: 9s        
Cycle:     3361, Time:  1.068E-02s, Progress:  53.41%, Time Inc.: 3.180E-06s @ element    1118 in Part SYS\wall Est. Clock Time Remaining: 9s        
Cycle:     3362, Time:  1.069E-02s, Progress:  53.43%, Time Inc.: 3.180E-06s @ element    1118 in Part SYS\wall Est. Clock Time Remaining: 9s        
Cycle:     3363, Time:  1.069E-02s, Progress:  53.44%, Time Inc.: 3.180E-06s @ element    1118 in Part SYS\wall Est. Clock Time Remaining: 9s        
Cycle:     3364, Time:  1.069E-02s, Progress:  53.46%, Time Inc.: 3.180E-06s @ element    1118 in Part SYS\wall Est. Clock Time Remaining: 9s        
Cycle:     3365, Time:  1.069E-02s, Progress:  53.47%, Time Inc.: 3.180E-06s @ element    1118 in Part SYS\wall Est. Clock Time Remaining: 9s        
Cycle:     3366, Time:  1.070E-02s, Progress:  53.49%, Time Inc.: 3.180E-06s @ element    1118 in Part SYS\wall Est. Clock Time Remaining: 9s        
Cycle:     3367, Time:  1.070E-02s, Progress:  53.51%, Time Inc.: 3.180E-06s @ element    1118 in Part SYS\wall Est. Clock Time Remaining: 9s        
Cycle:     3368, Time:  1.070E-02s, Progress:  53.52%, Time Inc.: 3.180E-06s @ element    1118 in Part SYS\wall Est. Clock Time Remaining: 9s        
Cycle:     3369, Time:  1.071E-02s, Progress:  53.54%, Time Inc.: 3.180E-06s @ element    1118 in Part SYS\wall Est. Clock Time Remaining: 9s        
Cycle:     3370, Time:  1.071E-02s, Progress:  53.55%, Time Inc.: 3.180E-06s @ element    1118 in Part SYS\wall Est. Clock Time Remaining: 9s        
Cycle:     3371, Time:  1.071E-02s, Progress:  53.57%, Time Inc.: 3.180E-06s @ element    1118 in Part SYS\wall Est. Clock Time Remaining: 9s        
Cycle:     3372, Time:  1.072E-02s, Progress:  53.59%, Time Inc.: 3.180E-06s @ element    1118 in Part SYS\wall Est. Clock Time Remaining: 9s        
Cycle:     3373, Time:  1.072E-02s, Progress:  53.60%, Time Inc.: 3.180E-06s @ element    1118 in Part SYS\wall Est. Clock Time Remaining: 9s        
Cycle:     3374, Time:  1.072E-02s, Progress:  53.62%, Time Inc.: 3.180E-06s @ element    1118 in Part SYS\wall Est. Clock Time Remaining: 9s        
Cycle:     3375, Time:  1.073E-02s, Progress:  53.63%, Time Inc.: 3.180E-06s @ element    1118 in Part SYS\wall Est. Clock Time Remaining: 9s        
Cycle:     3376, Time:  1.073E-02s, Progress:  53.65%, Time Inc.: 3.180E-06s @ element    1118 in Part SYS\wall Est. Clock Time Remaining: 9s        
Cycle:     3377, Time:  1.073E-02s, Progress:  53.67%, Time Inc.: 3.180E-06s @ element    1118 in Part SYS\wall Est. Clock Time Remaining: 9s        
Cycle:     3378, Time:  1.074E-02s, Progress:  53.68%, Time Inc.: 3.180E-06s @ element    1118 in Part SYS\wall Est. Clock Time Remaining: 9s        
Cycle:     3379, Time:  1.074E-02s, Progress:  53.70%, Time Inc.: 3.180E-06s @ element    1118 in Part SYS\wall Est. Clock Time Remaining: 9s        
Cycle:     3380, Time:  1.074E-02s, Progress:  53.71%, Time Inc.: 3.180E-06s @ element    1118 in Part SYS\wall Est. Clock Time Remaining: 9s        
Cycle:     3381, Time:  1.075E-02s, Progress:  53.73%, Time Inc.: 3.180E-06s @ element    1118 in Part SYS\wall Est. Clock Time Remaining: 9s        
Cycle:     3382, Time:  1.075E-02s, Progress:  53.74%, Time Inc.: 3.180E-06s @ element    1118 in Part SYS\wall Est. Clock Time Remaining: 9s        
Cycle:     3383, Time:  1.075E-02s, Progress:  53.76%, Time Inc.: 3.180E-06s @ element    1118 in Part SYS\wall Est. Clock Time Remaining: 9s        
Cycle:     3384, Time:  1.076E-02s, Progress:  53.78%, Time Inc.: 3.180E-06s @ element    1118 in Part SYS\wall Est. Clock Time Remaining: 9s        
Cycle:     3385, Time:  1.076E-02s, Progress:  53.79%, Time Inc.: 3.180E-06s @ element    1118 in Part SYS\wall Est. Clock Time Remaining: 9s        
Cycle:     3386, Time:  1.076E-02s, Progress:  53.81%, Time Inc.: 3.180E-06s @ element    1118 in Part SYS\wall Est. Clock Time Remaining: 9s        
Cycle:     3387, Time:  1.076E-02s, Progress:  53.82%, Time Inc.: 3.180E-06s @ element    1118 in Part SYS\wall Est. Clock Time Remaining: 9s        
Cycle:     3388, Time:  1.077E-02s, Progress:  53.84%, Time Inc.: 3.180E-06s @ element    1118 in Part SYS\wall Est. Clock Time Remaining: 9s        
Cycle:     3389, Time:  1.077E-02s, Progress:  53.86%, Time Inc.: 3.180E-06s @ element    1118 in Part SYS\wall Est. Clock Time Remaining: 9s        
Cycle:     3390, Time:  1.077E-02s, Progress:  53.87%, Time Inc.: 3.180E-06s @ element    1118 in Part SYS\wall Est. Clock Time Remaining: 9s        
Cycle:     3391, Time:  1.078E-02s, Progress:  53.89%, Time Inc.: 3.180E-06s @ element    1118 in Part SYS\wall Est. Clock Time Remaining: 9s        
Cycle:     3392, Time:  1.078E-02s, Progress:  53.90%, Time Inc.: 3.180E-06s @ element    1118 in Part SYS\wall Est. Clock Time Remaining: 9s        
Cycle:     3393, Time:  1.078E-02s, Progress:  53.92%, Time Inc.: 3.180E-06s @ element    1118 in Part SYS\wall Est. Clock Time Remaining: 9s        
Cycle:     3394, Time:  1.079E-02s, Progress:  53.94%, Time Inc.: 3.180E-06s @ element    1118 in Part SYS\wall Est. Clock Time Remaining: 9s        
Cycle:     3395, Time:  1.079E-02s, Progress:  53.95%, Time Inc.: 3.180E-06s @ element    1118 in Part SYS\wall Est. Clock Time Remaining: 9s        
Cycle:     3396, Time:  1.079E-02s, Progress:  53.97%, Time Inc.: 3.180E-06s @ element    1118 in Part SYS\wall Est. Clock Time Remaining: 9s        
Cycle:     3397, Time:  1.080E-02s, Progress:  53.98%, Time Inc.: 3.180E-06s @ element    1118 in Part SYS\wall Est. Clock Time Remaining: 9s        
Cycle:     3398, Time:  1.080E-02s, Progress:  54.00%, Time Inc.: 3.180E-06s @ element    1118 in Part SYS\wall Est. Clock Time Remaining: 9s        
Cycle:     3399, Time:  1.080E-02s, Progress:  54.02%, Time Inc.: 3.180E-06s @ element     894 in Part SYS\wall Est. Clock Time Remaining: 9s        
Cycle:     3400, Time:  1.081E-02s, Progress:  54.03%, Time Inc.: 3.180E-06s @ element     894 in Part SYS\wall Est. Clock Time Remaining: 9s        
Cycle:     3401, Time:  1.081E-02s, Progress:  54.05%, Time Inc.: 3.180E-06s @ element     894 in Part SYS\wall Est. Clock Time Remaining: 9s        
Cycle:     3402, Time:  1.081E-02s, Progress:  54.06%, Time Inc.: 3.180E-06s @ element     894 in Part SYS\wall Est. Clock Time Remaining: 9s        
Cycle:     3403, Time:  1.082E-02s, Progress:  54.08%, Time Inc.: 3.180E-06s @ element     894 in Part SYS\wall Est. Clock Time Remaining: 9s        
Cycle:     3404, Time:  1.082E-02s, Progress:  54.09%, Time Inc.: 3.180E-06s @ element     894 in Part SYS\wall Est. Clock Time Remaining: 9s        
Cycle:     3405, Time:  1.082E-02s, Progress:  54.11%, Time Inc.: 3.180E-06s @ element     894 in Part SYS\wall Est. Clock Time Remaining: 9s        
Cycle:     3406, Time:  1.083E-02s, Progress:  54.13%, Time Inc.: 3.180E-06s @ element     894 in Part SYS\wall Est. Clock Time Remaining: 9s        
Cycle:     3407, Time:  1.083E-02s, Progress:  54.14%, Time Inc.: 3.180E-06s @ element     894 in Part SYS\wall Est. Clock Time Remaining: 9s        
Cycle:     3408, Time:  1.083E-02s, Progress:  54.16%, Time Inc.: 3.180E-06s @ element     894 in Part SYS\wall Est. Clock Time Remaining: 9s        
Cycle:     3409, Time:  1.083E-02s, Progress:  54.17%, Time Inc.: 3.180E-06s @ element     894 in Part SYS\wall Est. Clock Time Remaining: 9s        
Cycle:     3410, Time:  1.084E-02s, Progress:  54.19%, Time Inc.: 3.180E-06s @ element     894 in Part SYS\wall Est. Clock Time Remaining: 9s        
Cycle:     3411, Time:  1.084E-02s, Progress:  54.21%, Time Inc.: 3.180E-06s @ element     426 in Part SYS\wall Est. Clock Time Remaining: 9s        
Cycle:     3412, Time:  1.084E-02s, Progress:  54.22%, Time Inc.: 3.180E-06s @ element     426 in Part SYS\wall Est. Clock Time Remaining: 9s        
Cycle:     3413, Time:  1.085E-02s, Progress:  54.24%, Time Inc.: 3.180E-06s @ element     426 in Part SYS\wall Est. Clock Time Remaining: 9s        
Cycle:     3414, Time:  1.085E-02s, Progress:  54.25%, Time Inc.: 3.180E-06s @ element     426 in Part SYS\wall Est. Clock Time Remaining: 9s        
Cycle:     3415, Time:  1.085E-02s, Progress:  54.27%, Time Inc.: 3.180E-06s @ element     426 in Part SYS\wall Est. Clock Time Remaining: 9s        
Cycle:     3416, Time:  1.086E-02s, Progress:  54.29%, Time Inc.: 3.180E-06s @ element     426 in Part SYS\wall Est. Clock Time Remaining: 9s        
Cycle:     3417, Time:  1.086E-02s, Progress:  54.30%, Time Inc.: 3.180E-06s @ element     430 in Part SYS\wall Est. Clock Time Remaining: 9s        
Cycle:     3418, Time:  1.086E-02s, Progress:  54.32%, Time Inc.: 3.180E-06s @ element     430 in Part SYS\wall Est. Clock Time Remaining: 9s        
Cycle:     3419, Time:  1.087E-02s, Progress:  54.33%, Time Inc.: 3.180E-06s @ element     430 in Part SYS\wall Est. Clock Time Remaining: 9s        
Cycle:     3420, Time:  1.087E-02s, Progress:  54.35%, Time Inc.: 3.180E-06s @ element     430 in Part SYS\wall Est. Clock Time Remaining: 9s        
Cycle:     3421, Time:  1.087E-02s, Progress:  54.36%, Time Inc.: 3.180E-06s @ element     430 in Part SYS\wall Est. Clock Time Remaining: 9s        
Cycle:     3422, Time:  1.088E-02s, Progress:  54.38%, Time Inc.: 3.180E-06s @ element     430 in Part SYS\wall Est. Clock Time Remaining: 9s        
Cycle:     3423, Time:  1.088E-02s, Progress:  54.40%, Time Inc.: 3.180E-06s @ element     430 in Part SYS\wall Est. Clock Time Remaining: 9s        
Cycle:     3424, Time:  1.088E-02s, Progress:  54.41%, Time Inc.: 3.180E-06s @ element     430 in Part SYS\wall Est. Clock Time Remaining: 9s        
Cycle:     3425, Time:  1.089E-02s, Progress:  54.43%, Time Inc.: 3.180E-06s @ element     430 in Part SYS\wall Est. Clock Time Remaining: 9s        
Cycle:     3426, Time:  1.089E-02s, Progress:  54.44%, Time Inc.: 3.180E-06s @ element     430 in Part SYS\wall Est. Clock Time Remaining: 9s        
Cycle:     3427, Time:  1.089E-02s, Progress:  54.46%, Time Inc.: 3.180E-06s @ element     430 in Part SYS\wall Est. Clock Time Remaining: 9s        
Cycle:     3428, Time:  1.090E-02s, Progress:  54.48%, Time Inc.: 3.180E-06s @ element     394 in Part SYS\wall Est. Clock Time Remaining: 9s        
Cycle:     3429, Time:  1.090E-02s, Progress:  54.49%, Time Inc.: 3.180E-06s @ element     394 in Part SYS\wall Est. Clock Time Remaining: 9s        
Cycle:     3430, Time:  1.090E-02s, Progress:  54.51%, Time Inc.: 3.180E-06s @ element     394 in Part SYS\wall Est. Clock Time Remaining: 9s        
Cycle:     3431, Time:  1.090E-02s, Progress:  54.52%, Time Inc.: 3.180E-06s @ element     394 in Part SYS\wall Est. Clock Time Remaining: 9s        
Cycle:     3432, Time:  1.091E-02s, Progress:  54.54%, Time Inc.: 3.180E-06s @ element     393 in Part SYS\wall Est. Clock Time Remaining: 9s        
Cycle:     3433, Time:  1.091E-02s, Progress:  54.56%, Time Inc.: 3.180E-06s @ element     393 in Part SYS\wall Est. Clock Time Remaining: 9s        
Cycle:     3434, Time:  1.091E-02s, Progress:  54.57%, Time Inc.: 3.180E-06s @ element    1005 in Part SYS\wall Est. Clock Time Remaining: 9s        
Cycle:     3435, Time:  1.092E-02s, Progress:  54.59%, Time Inc.: 3.180E-06s @ element    1005 in Part SYS\wall Est. Clock Time Remaining: 9s        
Cycle:     3436, Time:  1.092E-02s, Progress:  54.60%, Time Inc.: 3.180E-06s @ element    1005 in Part SYS\wall Est. Clock Time Remaining: 9s        
Cycle:     3437, Time:  1.092E-02s, Progress:  54.62%, Time Inc.: 3.180E-06s @ element    1005 in Part SYS\wall Est. Clock Time Remaining: 9s        
Cycle:     3438, Time:  1.093E-02s, Progress:  54.64%, Time Inc.: 3.180E-06s @ element    1005 in Part SYS\wall Est. Clock Time Remaining: 9s        
Cycle:     3439, Time:  1.093E-02s, Progress:  54.65%, Time Inc.: 3.180E-06s @ element    1005 in Part SYS\wall Est. Clock Time Remaining: 9s        
Cycle:     3440, Time:  1.093E-02s, Progress:  54.67%, Time Inc.: 3.180E-06s @ element    1005 in Part SYS\wall Est. Clock Time Remaining: 9s        
Cycle:     3441, Time:  1.094E-02s, Progress:  54.68%, Time Inc.: 3.180E-06s @ element    1005 in Part SYS\wall Est. Clock Time Remaining: 9s        
Cycle:     3442, Time:  1.094E-02s, Progress:  54.70%, Time Inc.: 3.180E-06s @ element    1005 in Part SYS\wall Est. Clock Time Remaining: 9s        
Cycle:     3443, Time:  1.094E-02s, Progress:  54.71%, Time Inc.: 3.180E-06s @ element    1005 in Part SYS\wall Est. Clock Time Remaining: 9s        
Cycle:     3444, Time:  1.095E-02s, Progress:  54.73%, Time Inc.: 3.180E-06s @ element    1005 in Part SYS\wall Est. Clock Time Remaining: 9s        
Cycle:     3445, Time:  1.095E-02s, Progress:  54.75%, Time Inc.: 3.180E-06s @ element    1005 in Part SYS\wall Est. Clock Time Remaining: 9s        
Cycle:     3446, Time:  1.095E-02s, Progress:  54.76%, Time Inc.: 3.180E-06s @ element    1005 in Part SYS\wall Est. Clock Time Remaining: 9s        
Cycle:     3447, Time:  1.096E-02s, Progress:  54.78%, Time Inc.: 3.180E-06s @ element    1005 in Part SYS\wall Est. Clock Time Remaining: 9s        
Cycle:     3448, Time:  1.096E-02s, Progress:  54.79%, Time Inc.: 3.180E-06s @ element    1005 in Part SYS\wall Est. Clock Time Remaining: 9s        
Cycle:     3449, Time:  1.096E-02s, Progress:  54.81%, Time Inc.: 3.180E-06s @ element    1005 in Part SYS\wall Est. Clock Time Remaining: 9s        
Cycle:     3450, Time:  1.097E-02s, Progress:  54.83%, Time Inc.: 3.180E-06s @ element    1005 in Part SYS\wall Est. Clock Time Remaining: 9s        
Cycle:     3451, Time:  1.097E-02s, Progress:  54.84%, Time Inc.: 3.180E-06s @ element    1005 in Part SYS\wall Est. Clock Time Remaining: 9s        
Cycle:     3452, Time:  1.097E-02s, Progress:  54.86%, Time Inc.: 3.180E-06s @ element    1005 in Part SYS\wall Est. Clock Time Remaining: 9s        
Cycle:     3453, Time:  1.097E-02s, Progress:  54.87%, Time Inc.: 3.180E-06s @ element    1005 in Part SYS\wall Est. Clock Time Remaining: 9s        
Cycle:     3454, Time:  1.098E-02s, Progress:  54.89%, Time Inc.: 3.180E-06s @ element    1005 in Part SYS\wall Est. Clock Time Remaining: 9s        
Cycle:     3455, Time:  1.098E-02s, Progress:  54.91%, Time Inc.: 3.180E-06s @ element    1005 in Part SYS\wall Est. Clock Time Remaining: 9s        
Cycle:     3456, Time:  1.098E-02s, Progress:  54.92%, Time Inc.: 3.180E-06s @ element    1005 in Part SYS\wall Est. Clock Time Remaining: 9s        
Cycle:     3457, Time:  1.099E-02s, Progress:  54.94%, Time Inc.: 3.180E-06s @ element    1005 in Part SYS\wall Est. Clock Time Remaining: 9s        
Cycle:     3458, Time:  1.099E-02s, Progress:  54.95%, Time Inc.: 3.180E-06s @ element    1005 in Part SYS\wall Est. Clock Time Remaining: 9s        
Cycle:     3459, Time:  1.099E-02s, Progress:  54.97%, Time Inc.: 3.180E-06s @ element    1005 in Part SYS\wall Est. Clock Time Remaining: 9s        
Cycle:     3460, Time:  1.100E-02s, Progress:  54.99%, Time Inc.: 3.180E-06s @ element    1005 in Part SYS\wall Est. Clock Time Remaining: 9s        
Cycle:     3461, Time:  1.100E-02s, Progress:  55.00%, Time Inc.: 3.180E-06s @ element    1005 in Part SYS\wall Est. Clock Time Remaining: 9s        
Cycle:     3462, Time:  1.100E-02s, Progress:  55.02%, Time Inc.: 3.180E-06s @ element    1005 in Part SYS\wall Est. Clock Time Remaining: 9s        
Cycle:     3463, Time:  1.101E-02s, Progress:  55.03%, Time Inc.: 3.180E-06s @ element    1005 in Part SYS\wall Est. Clock Time Remaining: 9s        
Cycle:     3464, Time:  1.101E-02s, Progress:  55.05%, Time Inc.: 3.180E-06s @ element     358 in Part SYS\wall Est. Clock Time Remaining: 9s        
Cycle:     3465, Time:  1.101E-02s, Progress:  55.06%, Time Inc.: 3.180E-06s @ element     358 in Part SYS\wall Est. Clock Time Remaining: 9s        
Cycle:     3466, Time:  1.102E-02s, Progress:  55.08%, Time Inc.: 3.180E-06s @ element     358 in Part SYS\wall Est. Clock Time Remaining: 9s        
Cycle:     3467, Time:  1.102E-02s, Progress:  55.10%, Time Inc.: 3.180E-06s @ element     358 in Part SYS\wall Est. Clock Time Remaining: 9s        
Cycle:     3468, Time:  1.102E-02s, Progress:  55.11%, Time Inc.: 3.180E-06s @ element     358 in Part SYS\wall Est. Clock Time Remaining: 9s        
Cycle:     3469, Time:  1.103E-02s, Progress:  55.13%, Time Inc.: 3.180E-06s @ element    1004 in Part SYS\wall Est. Clock Time Remaining: 9s        
Cycle:     3470, Time:  1.103E-02s, Progress:  55.14%, Time Inc.: 3.180E-06s @ element    1004 in Part SYS\wall Est. Clock Time Remaining: 9s        
Cycle:     3471, Time:  1.103E-02s, Progress:  55.16%, Time Inc.: 3.180E-06s @ element    1004 in Part SYS\wall Est. Clock Time Remaining: 9s        
Cycle:     3472, Time:  1.104E-02s, Progress:  55.18%, Time Inc.: 3.180E-06s @ element    1004 in Part SYS\wall Est. Clock Time Remaining: 9s        
Cycle:     3473, Time:  1.104E-02s, Progress:  55.19%, Time Inc.: 3.180E-06s @ element    1000 in Part SYS\wall Est. Clock Time Remaining: 9s        
Cycle:     3474, Time:  1.104E-02s, Progress:  55.21%, Time Inc.: 3.180E-06s @ element    1000 in Part SYS\wall Est. Clock Time Remaining: 9s        
Cycle:     3475, Time:  1.104E-02s, Progress:  55.22%, Time Inc.: 3.180E-06s @ element    1000 in Part SYS\wall Est. Clock Time Remaining: 9s        
Cycle:     3476, Time:  1.105E-02s, Progress:  55.24%, Time Inc.: 3.180E-06s @ element    1000 in Part SYS\wall Est. Clock Time Remaining: 9s        
Cycle:     3477, Time:  1.105E-02s, Progress:  55.26%, Time Inc.: 3.180E-06s @ element    1000 in Part SYS\wall Est. Clock Time Remaining: 9s        
Cycle:     3478, Time:  1.105E-02s, Progress:  55.27%, Time Inc.: 3.180E-06s @ element    1000 in Part SYS\wall Est. Clock Time Remaining: 9s        
Cycle:     3479, Time:  1.106E-02s, Progress:  55.29%, Time Inc.: 3.180E-06s @ element    1000 in Part SYS\wall Est. Clock Time Remaining: 9s        
Cycle:     3480, Time:  1.106E-02s, Progress:  55.30%, Time Inc.: 3.180E-06s @ element    1000 in Part SYS\wall Est. Clock Time Remaining: 9s        
Cycle:     3481, Time:  1.106E-02s, Progress:  55.32%, Time Inc.: 3.180E-06s @ element    1000 in Part SYS\wall Est. Clock Time Remaining: 9s        
Cycle:     3482, Time:  1.107E-02s, Progress:  55.33%, Time Inc.: 3.180E-06s @ element    1000 in Part SYS\wall Est. Clock Time Remaining: 9s        
Cycle:     3483, Time:  1.107E-02s, Progress:  55.35%, Time Inc.: 3.180E-06s @ element    1000 in Part SYS\wall Est. Clock Time Remaining: 9s        
Cycle:     3484, Time:  1.107E-02s, Progress:  55.37%, Time Inc.: 3.180E-06s @ element    1000 in Part SYS\wall Est. Clock Time Remaining: 9s        
Cycle:     3485, Time:  1.108E-02s, Progress:  55.38%, Time Inc.: 3.180E-06s @ element    1000 in Part SYS\wall Est. Clock Time Remaining: 9s        
Cycle:     3486, Time:  1.108E-02s, Progress:  55.40%, Time Inc.: 3.180E-06s @ element    1000 in Part SYS\wall Est. Clock Time Remaining: 9s        
Cycle:     3487, Time:  1.108E-02s, Progress:  55.41%, Time Inc.: 3.180E-06s @ element    1000 in Part SYS\wall Est. Clock Time Remaining: 9s        
Cycle:     3488, Time:  1.109E-02s, Progress:  55.43%, Time Inc.: 3.180E-06s @ element    1000 in Part SYS\wall Est. Clock Time Remaining: 9s        
Cycle:     3489, Time:  1.109E-02s, Progress:  55.45%, Time Inc.: 3.180E-06s @ element    1000 in Part SYS\wall Est. Clock Time Remaining: 9s        
Cycle:     3490, Time:  1.109E-02s, Progress:  55.46%, Time Inc.: 3.180E-06s @ element    1000 in Part SYS\wall Est. Clock Time Remaining: 9s        
Cycle:     3491, Time:  1.110E-02s, Progress:  55.48%, Time Inc.: 3.180E-06s @ element    1000 in Part SYS\wall Est. Clock Time Remaining: 9s        
Cycle:     3492, Time:  1.110E-02s, Progress:  55.49%, Time Inc.: 3.180E-06s @ element    1072 in Part SYS\wall Est. Clock Time Remaining: 9s        
Cycle:     3493, Time:  1.110E-02s, Progress:  55.51%, Time Inc.: 3.180E-06s @ element    1072 in Part SYS\wall Est. Clock Time Remaining: 9s        
Cycle:     3494, Time:  1.111E-02s, Progress:  55.53%, Time Inc.: 3.180E-06s @ element    1072 in Part SYS\wall Est. Clock Time Remaining: 9s        
Cycle:     3495, Time:  1.111E-02s, Progress:  55.54%, Time Inc.: 3.180E-06s @ element    1072 in Part SYS\wall Est. Clock Time Remaining: 9s        
Cycle:     3496, Time:  1.111E-02s, Progress:  55.56%, Time Inc.: 3.180E-06s @ element    1072 in Part SYS\wall Est. Clock Time Remaining: 9s        
Cycle:     3497, Time:  1.111E-02s, Progress:  55.57%, Time Inc.: 3.180E-06s @ element    1072 in Part SYS\wall Est. Clock Time Remaining: 9s        
Cycle:     3498, Time:  1.112E-02s, Progress:  55.59%, Time Inc.: 3.180E-06s @ element    1072 in Part SYS\wall Est. Clock Time Remaining: 9s        
Cycle:     3499, Time:  1.112E-02s, Progress:  55.61%, Time Inc.: 3.180E-06s @ element    1072 in Part SYS\wall Est. Clock Time Remaining: 9s        
Cycle:     3500, Time:  1.112E-02s, Progress:  55.62%, Time Inc.: 3.180E-06s @ element    1072 in Part SYS\wall Est. Clock Time Remaining: 9s        
Cycle:     3501, Time:  1.113E-02s, Progress:  55.64%, Time Inc.: 3.180E-06s @ element      62 in Part SYS\wall Est. Clock Time Remaining: 9s        
Cycle:     3502, Time:  1.113E-02s, Progress:  55.65%, Time Inc.: 3.180E-06s @ element      62 in Part SYS\wall Est. Clock Time Remaining: 9s        
Cycle:     3503, Time:  1.113E-02s, Progress:  55.67%, Time Inc.: 3.180E-06s @ element      62 in Part SYS\wall Est. Clock Time Remaining: 9s        
Cycle:     3504, Time:  1.114E-02s, Progress:  55.68%, Time Inc.: 3.180E-06s @ element      62 in Part SYS\wall Est. Clock Time Remaining: 9s        
Cycle:     3505, Time:  1.114E-02s, Progress:  55.70%, Time Inc.: 3.180E-06s @ element      62 in Part SYS\wall Est. Clock Time Remaining: 9s        
Cycle:     3506, Time:  1.114E-02s, Progress:  55.72%, Time Inc.: 3.180E-06s @ element      62 in Part SYS\wall Est. Clock Time Remaining: 9s        
Cycle:     3507, Time:  1.115E-02s, Progress:  55.73%, Time Inc.: 3.180E-06s @ element    1248 in Part SYS\wall Est. Clock Time Remaining: 9s        
Cycle:     3508, Time:  1.115E-02s, Progress:  55.75%, Time Inc.: 3.180E-06s @ element    1248 in Part SYS\wall Est. Clock Time Remaining: 9s        
Cycle:     3509, Time:  1.115E-02s, Progress:  55.76%, Time Inc.: 3.180E-06s @ element    1248 in Part SYS\wall Est. Clock Time Remaining: 9s        
Cycle:     3510, Time:  1.116E-02s, Progress:  55.78%, Time Inc.: 3.180E-06s @ element    1248 in Part SYS\wall Est. Clock Time Remaining: 9s        
Cycle:     3511, Time:  1.116E-02s, Progress:  55.80%, Time Inc.: 3.180E-06s @ element    1248 in Part SYS\wall Est. Clock Time Remaining: 9s        
Cycle:     3512, Time:  1.116E-02s, Progress:  55.81%, Time Inc.: 3.180E-06s @ element    1248 in Part SYS\wall Est. Clock Time Remaining: 9s        
Cycle:     3513, Time:  1.117E-02s, Progress:  55.83%, Time Inc.: 3.180E-06s @ element    1248 in Part SYS\wall Est. Clock Time Remaining: 9s        
Cycle:     3514, Time:  1.117E-02s, Progress:  55.84%, Time Inc.: 3.180E-06s @ element    1248 in Part SYS\wall Est. Clock Time Remaining: 9s        
Cycle:     3515, Time:  1.117E-02s, Progress:  55.86%, Time Inc.: 3.180E-06s @ element    1248 in Part SYS\wall Est. Clock Time Remaining: 9s        
Cycle:     3516, Time:  1.118E-02s, Progress:  55.88%, Time Inc.: 3.180E-06s @ element    1248 in Part SYS\wall Est. Clock Time Remaining: 9s        
Cycle:     3517, Time:  1.118E-02s, Progress:  55.89%, Time Inc.: 3.180E-06s @ element    1248 in Part SYS\wall Est. Clock Time Remaining: 9s        
Cycle:     3518, Time:  1.118E-02s, Progress:  55.91%, Time Inc.: 3.180E-06s @ element    1248 in Part SYS\wall Est. Clock Time Remaining: 9s        
Cycle:     3519, Time:  1.118E-02s, Progress:  55.92%, Time Inc.: 3.180E-06s @ element    1248 in Part SYS\wall Est. Clock Time Remaining: 9s        
Cycle:     3520, Time:  1.119E-02s, Progress:  55.94%, Time Inc.: 3.180E-06s @ element    1248 in Part SYS\wall Est. Clock Time Remaining: 9s        
Cycle:     3521, Time:  1.119E-02s, Progress:  55.95%, Time Inc.: 3.180E-06s @ element    1248 in Part SYS\wall Est. Clock Time Remaining: 9s        
Cycle:     3522, Time:  1.119E-02s, Progress:  55.97%, Time Inc.: 3.180E-06s @ element    1248 in Part SYS\wall Est. Clock Time Remaining: 9s        
Cycle:     3523, Time:  1.120E-02s, Progress:  55.99%, Time Inc.: 3.180E-06s @ element    1248 in Part SYS\wall Est. Clock Time Remaining: 9s        
Cycle:     3524, Time:  1.120E-02s, Progress:  56.00%, Time Inc.: 3.180E-06s @ element    1248 in Part SYS\wall Est. Clock Time Remaining: 9s        
Cycle:     3525, Time:  1.120E-02s, Progress:  56.02%, Time Inc.: 3.180E-06s @ element    1248 in Part SYS\wall Est. Clock Time Remaining: 9s        
Cycle:     3526, Time:  1.121E-02s, Progress:  56.03%, Time Inc.: 3.180E-06s @ element    1248 in Part SYS\wall Est. Clock Time Remaining: 9s        
Cycle:     3527, Time:  1.121E-02s, Progress:  56.05%, Time Inc.: 3.180E-06s @ element    1248 in Part SYS\wall Est. Clock Time Remaining: 9s        
Cycle:     3528, Time:  1.121E-02s, Progress:  56.07%, Time Inc.: 3.180E-06s @ element    1248 in Part SYS\wall Est. Clock Time Remaining: 9s        
Cycle:     3529, Time:  1.122E-02s, Progress:  56.08%, Time Inc.: 3.180E-06s @ element    1248 in Part SYS\wall Est. Clock Time Remaining: 9s        
Cycle:     3530, Time:  1.122E-02s, Progress:  56.10%, Time Inc.: 3.180E-06s @ element    1248 in Part SYS\wall Est. Clock Time Remaining: 9s        
Cycle:     3531, Time:  1.122E-02s, Progress:  56.11%, Time Inc.: 3.180E-06s @ element    1248 in Part SYS\wall Est. Clock Time Remaining: 9s        
Cycle:     3532, Time:  1.123E-02s, Progress:  56.13%, Time Inc.: 3.180E-06s @ element    1248 in Part SYS\wall Est. Clock Time Remaining: 9s        
Cycle:     3533, Time:  1.123E-02s, Progress:  56.15%, Time Inc.: 3.180E-06s @ element    1248 in Part SYS\wall Est. Clock Time Remaining: 9s        
Cycle:     3534, Time:  1.123E-02s, Progress:  56.16%, Time Inc.: 3.180E-06s @ element    1248 in Part SYS\wall Est. Clock Time Remaining: 9s        
Cycle:     3535, Time:  1.124E-02s, Progress:  56.18%, Time Inc.: 3.180E-06s @ element    1248 in Part SYS\wall Est. Clock Time Remaining: 9s        
Cycle:     3536, Time:  1.124E-02s, Progress:  56.19%, Time Inc.: 3.180E-06s @ element    1248 in Part SYS\wall Est. Clock Time Remaining: 9s        
Cycle:     3537, Time:  1.124E-02s, Progress:  56.21%, Time Inc.: 3.180E-06s @ element    1248 in Part SYS\wall Est. Clock Time Remaining: 9s        
Cycle:     3538, Time:  1.125E-02s, Progress:  56.23%, Time Inc.: 3.180E-06s @ element    1248 in Part SYS\wall Est. Clock Time Remaining: 9s        
Cycle:     3539, Time:  1.125E-02s, Progress:  56.24%, Time Inc.: 3.180E-06s @ element    1248 in Part SYS\wall Est. Clock Time Remaining: 9s        
Cycle:     3540, Time:  1.125E-02s, Progress:  56.26%, Time Inc.: 3.180E-06s @ element    1248 in Part SYS\wall Est. Clock Time Remaining: 9s        
Cycle:     3541, Time:  1.125E-02s, Progress:  56.27%, Time Inc.: 3.180E-06s @ element    1248 in Part SYS\wall Est. Clock Time Remaining: 9s        
Cycle:     3542, Time:  1.126E-02s, Progress:  56.29%, Time Inc.: 3.180E-06s @ element    1248 in Part SYS\wall Est. Clock Time Remaining: 9s        
Cycle:     3543, Time:  1.126E-02s, Progress:  56.30%, Time Inc.: 3.180E-06s @ element    1248 in Part SYS\wall Est. Clock Time Remaining: 9s        
Cycle:     3544, Time:  1.126E-02s, Progress:  56.32%, Time Inc.: 3.180E-06s @ element    1248 in Part SYS\wall Est. Clock Time Remaining: 9s        
Cycle:     3545, Time:  1.127E-02s, Progress:  56.34%, Time Inc.: 3.180E-06s @ element    1248 in Part SYS\wall Est. Clock Time Remaining: 9s        
Cycle:     3546, Time:  1.127E-02s, Progress:  56.35%, Time Inc.: 3.180E-06s @ element    1248 in Part SYS\wall Est. Clock Time Remaining: 9s        
Cycle:     3547, Time:  1.127E-02s, Progress:  56.37%, Time Inc.: 3.180E-06s @ element      58 in Part SYS\wall Est. Clock Time Remaining: 9s        
Cycle:     3548, Time:  1.128E-02s, Progress:  56.38%, Time Inc.: 3.180E-06s @ element      58 in Part SYS\wall Est. Clock Time Remaining: 9s        
Cycle:     3549, Time:  1.128E-02s, Progress:  56.40%, Time Inc.: 3.180E-06s @ element      58 in Part SYS\wall Est. Clock Time Remaining: 9s        
Cycle:     3550, Time:  1.128E-02s, Progress:  56.42%, Time Inc.: 3.180E-06s @ element      58 in Part SYS\wall Est. Clock Time Remaining: 9s        
Cycle:     3551, Time:  1.129E-02s, Progress:  56.43%, Time Inc.: 3.180E-06s @ element      94 in Part SYS\wall Est. Clock Time Remaining: 9s        
Cycle:     3552, Time:  1.129E-02s, Progress:  56.45%, Time Inc.: 3.180E-06s @ element      94 in Part SYS\wall Est. Clock Time Remaining: 9s        
Cycle:     3553, Time:  1.129E-02s, Progress:  56.46%, Time Inc.: 3.180E-06s @ element      94 in Part SYS\wall Est. Clock Time Remaining: 9s        
Cycle:     3554, Time:  1.130E-02s, Progress:  56.48%, Time Inc.: 3.180E-06s @ element      94 in Part SYS\wall Est. Clock Time Remaining: 9s        
Cycle:     3555, Time:  1.130E-02s, Progress:  56.50%, Time Inc.: 3.180E-06s @ element      94 in Part SYS\wall Est. Clock Time Remaining: 9s        
Cycle:     3556, Time:  1.130E-02s, Progress:  56.51%, Time Inc.: 3.180E-06s @ element      94 in Part SYS\wall Est. Clock Time Remaining: 9s        
Cycle:     3557, Time:  1.131E-02s, Progress:  56.53%, Time Inc.: 3.180E-06s @ element      94 in Part SYS\wall Est. Clock Time Remaining: 9s        
Cycle:     3558, Time:  1.131E-02s, Progress:  56.54%, Time Inc.: 3.180E-06s @ element      94 in Part SYS\wall Est. Clock Time Remaining: 9s        
Cycle:     3559, Time:  1.131E-02s, Progress:  56.56%, Time Inc.: 3.180E-06s @ element      94 in Part SYS\wall Est. Clock Time Remaining: 9s        
Cycle:     3560, Time:  1.132E-02s, Progress:  56.57%, Time Inc.: 3.180E-06s @ element      94 in Part SYS\wall Est. Clock Time Remaining: 9s        
Cycle:     3561, Time:  1.132E-02s, Progress:  56.59%, Time Inc.: 3.180E-06s @ element      94 in Part SYS\wall Est. Clock Time Remaining: 9s        
Cycle:     3562, Time:  1.132E-02s, Progress:  56.61%, Time Inc.: 3.180E-06s @ element    1136 in Part SYS\wall Est. Clock Time Remaining: 9s        
Cycle:     3563, Time:  1.132E-02s, Progress:  56.62%, Time Inc.: 3.180E-06s @ element    1136 in Part SYS\wall Est. Clock Time Remaining: 9s        
Cycle:     3564, Time:  1.133E-02s, Progress:  56.64%, Time Inc.: 3.180E-06s @ element    1136 in Part SYS\wall Est. Clock Time Remaining: 9s        
Cycle:     3565, Time:  1.133E-02s, Progress:  56.65%, Time Inc.: 3.180E-06s @ element    1136 in Part SYS\wall Est. Clock Time Remaining: 9s        
Cycle:     3566, Time:  1.133E-02s, Progress:  56.67%, Time Inc.: 3.180E-06s @ element    1136 in Part SYS\wall Est. Clock Time Remaining: 9s        
Cycle:     3567, Time:  1.134E-02s, Progress:  56.69%, Time Inc.: 3.180E-06s @ element    1136 in Part SYS\wall Est. Clock Time Remaining: 9s        
Cycle:     3568, Time:  1.134E-02s, Progress:  56.70%, Time Inc.: 3.180E-06s @ element    1136 in Part SYS\wall Est. Clock Time Remaining: 9s        
Cycle:     3569, Time:  1.134E-02s, Progress:  56.72%, Time Inc.: 3.180E-06s @ element    1136 in Part SYS\wall Est. Clock Time Remaining: 9s        
Cycle:     3570, Time:  1.135E-02s, Progress:  56.73%, Time Inc.: 3.180E-06s @ element    1136 in Part SYS\wall Est. Clock Time Remaining: 9s        
Cycle:     3571, Time:  1.135E-02s, Progress:  56.75%, Time Inc.: 3.180E-06s @ element    1136 in Part SYS\wall Est. Clock Time Remaining: 9s        
Cycle:     3572, Time:  1.135E-02s, Progress:  56.77%, Time Inc.: 3.180E-06s @ element    1136 in Part SYS\wall Est. Clock Time Remaining: 9s        
Cycle:     3573, Time:  1.136E-02s, Progress:  56.78%, Time Inc.: 3.180E-06s @ element    1136 in Part SYS\wall Est. Clock Time Remaining: 9s        
Cycle:     3574, Time:  1.136E-02s, Progress:  56.80%, Time Inc.: 3.180E-06s @ element    1136 in Part SYS\wall Est. Clock Time Remaining: 9s        
Cycle:     3575, Time:  1.136E-02s, Progress:  56.81%, Time Inc.: 3.180E-06s @ element    1136 in Part SYS\wall Est. Clock Time Remaining: 9s        
Cycle:     3576, Time:  1.137E-02s, Progress:  56.83%, Time Inc.: 3.180E-06s @ element    1136 in Part SYS\wall Est. Clock Time Remaining: 9s        
Cycle:     3577, Time:  1.137E-02s, Progress:  56.85%, Time Inc.: 3.180E-06s @ element    1098 in Part SYS\wall Est. Clock Time Remaining: 9s        
Cycle:     3578, Time:  1.137E-02s, Progress:  56.86%, Time Inc.: 3.180E-06s @ element    1098 in Part SYS\wall Est. Clock Time Remaining: 9s        
Cycle:     3579, Time:  1.138E-02s, Progress:  56.88%, Time Inc.: 3.180E-06s @ element    1098 in Part SYS\wall Est. Clock Time Remaining: 9s        
Cycle:     3580, Time:  1.138E-02s, Progress:  56.89%, Time Inc.: 3.180E-06s @ element    1098 in Part SYS\wall Est. Clock Time Remaining: 9s        
Cycle:     3581, Time:  1.138E-02s, Progress:  56.91%, Time Inc.: 3.180E-06s @ element    1098 in Part SYS\wall Est. Clock Time Remaining: 9s        
Cycle:     3582, Time:  1.138E-02s, Progress:  56.92%, Time Inc.: 3.180E-06s @ element    1098 in Part SYS\wall Est. Clock Time Remaining: 9s        
Cycle:     3583, Time:  1.139E-02s, Progress:  56.94%, Time Inc.: 3.180E-06s @ element    1056 in Part SYS\wall Est. Clock Time Remaining: 9s        
Cycle:     3584, Time:  1.139E-02s, Progress:  56.96%, Time Inc.: 3.180E-06s @ element    1056 in Part SYS\wall Est. Clock Time Remaining: 9s        
Cycle:     3585, Time:  1.139E-02s, Progress:  56.97%, Time Inc.: 3.180E-06s @ element    1056 in Part SYS\wall Est. Clock Time Remaining: 9s        
Cycle:     3586, Time:  1.140E-02s, Progress:  56.99%, Time Inc.: 3.180E-06s @ element    1056 in Part SYS\wall Est. Clock Time Remaining: 9s        
Cycle:     3587, Time:  1.140E-02s, Progress:  57.00%, Time Inc.: 3.180E-06s @ element    1056 in Part SYS\wall Est. Clock Time Remaining: 9s        
Cycle:     3588, Time:  1.140E-02s, Progress:  57.02%, Time Inc.: 3.180E-06s @ element    1056 in Part SYS\wall Est. Clock Time Remaining: 9s        
Cycle:     3589, Time:  1.141E-02s, Progress:  57.04%, Time Inc.: 3.180E-06s @ element    1056 in Part SYS\wall Est. Clock Time Remaining: 9s        
Cycle:     3590, Time:  1.141E-02s, Progress:  57.05%, Time Inc.: 3.180E-06s @ element    1056 in Part SYS\wall Est. Clock Time Remaining: 9s        
Cycle:     3591, Time:  1.141E-02s, Progress:  57.07%, Time Inc.: 3.180E-06s @ element    1056 in Part SYS\wall Est. Clock Time Remaining: 9s        
Cycle:     3592, Time:  1.142E-02s, Progress:  57.08%, Time Inc.: 3.180E-06s @ element    1056 in Part SYS\wall Est. Clock Time Remaining: 9s        
Cycle:     3593, Time:  1.142E-02s, Progress:  57.10%, Time Inc.: 3.180E-06s @ element    1094 in Part SYS\wall Est. Clock Time Remaining: 9s        
Cycle:     3594, Time:  1.142E-02s, Progress:  57.12%, Time Inc.: 3.180E-06s @ element    1094 in Part SYS\wall Est. Clock Time Remaining: 9s        
Cycle:     3595, Time:  1.143E-02s, Progress:  57.13%, Time Inc.: 3.180E-06s @ element    1094 in Part SYS\wall Est. Clock Time Remaining: 9s        
Cycle:     3596, Time:  1.143E-02s, Progress:  57.15%, Time Inc.: 3.180E-06s @ element    1094 in Part SYS\wall Est. Clock Time Remaining: 9s        
Cycle:     3597, Time:  1.143E-02s, Progress:  57.16%, Time Inc.: 3.180E-06s @ element    1094 in Part SYS\wall Est. Clock Time Remaining: 9s        
Cycle:     3598, Time:  1.144E-02s, Progress:  57.18%, Time Inc.: 3.180E-06s @ element    1094 in Part SYS\wall Est. Clock Time Remaining: 9s        
Cycle:     3599, Time:  1.144E-02s, Progress:  57.20%, Time Inc.: 3.180E-06s @ element    1094 in Part SYS\wall Est. Clock Time Remaining: 9s        
Cycle:     3600, Time:  1.144E-02s, Progress:  57.21%, Time Inc.: 3.180E-06s @ element    1094 in Part SYS\wall Est. Clock Time Remaining: 9s        
Cycle:     3601, Time:  1.145E-02s, Progress:  57.23%, Time Inc.: 3.180E-06s @ element    1094 in Part SYS\wall Est. Clock Time Remaining: 9s        
Cycle:     3602, Time:  1.145E-02s, Progress:  57.24%, Time Inc.: 3.180E-06s @ element    1094 in Part SYS\wall Est. Clock Time Remaining: 9s        
Cycle:     3603, Time:  1.145E-02s, Progress:  57.26%, Time Inc.: 3.180E-06s @ element    1094 in Part SYS\wall Est. Clock Time Remaining: 9s        
Cycle:     3604, Time:  1.145E-02s, Progress:  57.27%, Time Inc.: 3.180E-06s @ element    1094 in Part SYS\wall Est. Clock Time Remaining: 9s        
Cycle:     3605, Time:  1.146E-02s, Progress:  57.29%, Time Inc.: 3.180E-06s @ element    1094 in Part SYS\wall Est. Clock Time Remaining: 9s        
Cycle:     3606, Time:  1.146E-02s, Progress:  57.31%, Time Inc.: 3.180E-06s @ element    1094 in Part SYS\wall Est. Clock Time Remaining: 9s        
Cycle:     3607, Time:  1.146E-02s, Progress:  57.32%, Time Inc.: 3.180E-06s @ element    1094 in Part SYS\wall Est. Clock Time Remaining: 9s        
Cycle:     3608, Time:  1.147E-02s, Progress:  57.34%, Time Inc.: 3.180E-06s @ element    1094 in Part SYS\wall Est. Clock Time Remaining: 9s        
Cycle:     3609, Time:  1.147E-02s, Progress:  57.35%, Time Inc.: 3.180E-06s @ element    1094 in Part SYS\wall Est. Clock Time Remaining: 9s        
Cycle:     3610, Time:  1.147E-02s, Progress:  57.37%, Time Inc.: 3.180E-06s @ element    1094 in Part SYS\wall Est. Clock Time Remaining: 9s        
Cycle:     3611, Time:  1.148E-02s, Progress:  57.39%, Time Inc.: 3.180E-06s @ element    1094 in Part SYS\wall Est. Clock Time Remaining: 9s        
Cycle:     3612, Time:  1.148E-02s, Progress:  57.40%, Time Inc.: 3.180E-06s @ element     190 in Part SYS\wall Est. Clock Time Remaining: 9s        
Cycle:     3613, Time:  1.148E-02s, Progress:  57.42%, Time Inc.: 3.180E-06s @ element     190 in Part SYS\wall Est. Clock Time Remaining: 9s        
Cycle:     3614, Time:  1.149E-02s, Progress:  57.43%, Time Inc.: 3.180E-06s @ element     190 in Part SYS\wall Est. Clock Time Remaining: 9s        
Cycle:     3615, Time:  1.149E-02s, Progress:  57.45%, Time Inc.: 3.180E-06s @ element     190 in Part SYS\wall Est. Clock Time Remaining: 9s        
Cycle:     3616, Time:  1.149E-02s, Progress:  57.47%, Time Inc.: 3.180E-06s @ element     190 in Part SYS\wall Est. Clock Time Remaining: 9s        
Cycle:     3617, Time:  1.150E-02s, Progress:  57.48%, Time Inc.: 3.180E-06s @ element     190 in Part SYS\wall Est. Clock Time Remaining: 9s        
Cycle:     3618, Time:  1.150E-02s, Progress:  57.50%, Time Inc.: 3.180E-06s @ element     190 in Part SYS\wall Est. Clock Time Remaining: 9s        
Cycle:     3619, Time:  1.150E-02s, Progress:  57.51%, Time Inc.: 3.180E-06s @ element     190 in Part SYS\wall Est. Clock Time Remaining: 9s        
Cycle:     3620, Time:  1.151E-02s, Progress:  57.53%, Time Inc.: 3.180E-06s @ element     190 in Part SYS\wall Est. Clock Time Remaining: 9s        
Cycle:     3621, Time:  1.151E-02s, Progress:  57.54%, Time Inc.: 3.180E-06s @ element     190 in Part SYS\wall Est. Clock Time Remaining: 9s        
Cycle:     3622, Time:  1.151E-02s, Progress:  57.56%, Time Inc.: 3.180E-06s @ element     190 in Part SYS\wall Est. Clock Time Remaining: 9s        
Cycle:     3623, Time:  1.152E-02s, Progress:  57.58%, Time Inc.: 3.180E-06s @ element     190 in Part SYS\wall Est. Clock Time Remaining: 9s        
Cycle:     3624, Time:  1.152E-02s, Progress:  57.59%, Time Inc.: 3.180E-06s @ element     190 in Part SYS\wall Est. Clock Time Remaining: 9s        
Cycle:     3625, Time:  1.152E-02s, Progress:  57.61%, Time Inc.: 3.180E-06s @ element     190 in Part SYS\wall Est. Clock Time Remaining: 9s        
Cycle:     3626, Time:  1.152E-02s, Progress:  57.62%, Time Inc.: 3.180E-06s @ element     190 in Part SYS\wall Est. Clock Time Remaining: 9s        
Cycle:     3627, Time:  1.153E-02s, Progress:  57.64%, Time Inc.: 3.180E-06s @ element     190 in Part SYS\wall Est. Clock Time Remaining: 9s        
Cycle:     3628, Time:  1.153E-02s, Progress:  57.66%, Time Inc.: 3.180E-06s @ element     190 in Part SYS\wall Est. Clock Time Remaining: 9s        
Cycle:     3629, Time:  1.153E-02s, Progress:  57.67%, Time Inc.: 3.180E-06s @ element     190 in Part SYS\wall Est. Clock Time Remaining: 9s        
Cycle:     3630, Time:  1.154E-02s, Progress:  57.69%, Time Inc.: 3.180E-06s @ element     190 in Part SYS\wall Est. Clock Time Remaining: 9s        
Cycle:     3631, Time:  1.154E-02s, Progress:  57.70%, Time Inc.: 3.180E-06s @ element     190 in Part SYS\wall Est. Clock Time Remaining: 9s        
Cycle:     3632, Time:  1.154E-02s, Progress:  57.72%, Time Inc.: 3.180E-06s @ element     190 in Part SYS\wall Est. Clock Time Remaining: 9s        
Cycle:     3633, Time:  1.155E-02s, Progress:  57.74%, Time Inc.: 3.180E-06s @ element     220 in Part SYS\wall Est. Clock Time Remaining: 9s        
Cycle:     3634, Time:  1.155E-02s, Progress:  57.75%, Time Inc.: 3.180E-06s @ element     220 in Part SYS\wall Est. Clock Time Remaining: 9s        
Cycle:     3635, Time:  1.155E-02s, Progress:  57.77%, Time Inc.: 3.180E-06s @ element     220 in Part SYS\wall Est. Clock Time Remaining: 9s        
Cycle:     3636, Time:  1.156E-02s, Progress:  57.78%, Time Inc.: 3.180E-06s @ element     220 in Part SYS\wall Est. Clock Time Remaining: 9s        
Cycle:     3637, Time:  1.156E-02s, Progress:  57.80%, Time Inc.: 3.180E-06s @ element     220 in Part SYS\wall Est. Clock Time Remaining: 9s        
Cycle:     3638, Time:  1.156E-02s, Progress:  57.82%, Time Inc.: 3.180E-06s @ element     220 in Part SYS\wall Est. Clock Time Remaining: 9s        
Cycle:     3639, Time:  1.157E-02s, Progress:  57.83%, Time Inc.: 3.180E-06s @ element     220 in Part SYS\wall Est. Clock Time Remaining: 9s        
Cycle:     3640, Time:  1.157E-02s, Progress:  57.85%, Time Inc.: 3.180E-06s @ element     220 in Part SYS\wall Est. Clock Time Remaining: 9s        
Cycle:     3641, Time:  1.157E-02s, Progress:  57.86%, Time Inc.: 3.180E-06s @ element     297 in Part SYS\wall Est. Clock Time Remaining: 9s        
Cycle:     3642, Time:  1.158E-02s, Progress:  57.88%, Time Inc.: 3.180E-06s @ element     297 in Part SYS\wall Est. Clock Time Remaining: 9s        
Cycle:     3643, Time:  1.158E-02s, Progress:  57.89%, Time Inc.: 3.180E-06s @ element     297 in Part SYS\wall Est. Clock Time Remaining: 9s        
Cycle:     3644, Time:  1.158E-02s, Progress:  57.91%, Time Inc.: 3.180E-06s @ element     297 in Part SYS\wall Est. Clock Time Remaining: 9s        
Cycle:     3645, Time:  1.159E-02s, Progress:  57.93%, Time Inc.: 3.180E-06s @ element     297 in Part SYS\wall Est. Clock Time Remaining: 9s        
Cycle:     3646, Time:  1.159E-02s, Progress:  57.94%, Time Inc.: 3.180E-06s @ element     297 in Part SYS\wall Est. Clock Time Remaining: 9s        
Cycle:     3647, Time:  1.159E-02s, Progress:  57.96%, Time Inc.: 3.180E-06s @ element     297 in Part SYS\wall Est. Clock Time Remaining: 9s        
Cycle:     3648, Time:  1.159E-02s, Progress:  57.97%, Time Inc.: 3.180E-06s @ element     297 in Part SYS\wall Est. Clock Time Remaining: 9s        
Cycle:     3649, Time:  1.160E-02s, Progress:  57.99%, Time Inc.: 3.180E-06s @ element     297 in Part SYS\wall Est. Clock Time Remaining: 9s        
Cycle:     3650, Time:  1.160E-02s, Progress:  58.01%, Time Inc.: 3.180E-06s @ element     297 in Part SYS\wall Est. Clock Time Remaining: 9s        
Cycle:     3651, Time:  1.160E-02s, Progress:  58.02%, Time Inc.: 3.180E-06s @ element     297 in Part SYS\wall Est. Clock Time Remaining: 9s        
Cycle:     3652, Time:  1.161E-02s, Progress:  58.04%, Time Inc.: 3.180E-06s @ element     297 in Part SYS\wall Est. Clock Time Remaining: 8s        
Cycle:     3653, Time:  1.161E-02s, Progress:  58.05%, Time Inc.: 3.180E-06s @ element     297 in Part SYS\wall Est. Clock Time Remaining: 8s        
Cycle:     3654, Time:  1.161E-02s, Progress:  58.07%, Time Inc.: 3.180E-06s @ element     297 in Part SYS\wall Est. Clock Time Remaining: 8s        
Cycle:     3655, Time:  1.162E-02s, Progress:  58.09%, Time Inc.: 3.180E-06s @ element     297 in Part SYS\wall Est. Clock Time Remaining: 8s        
Cycle:     3656, Time:  1.162E-02s, Progress:  58.10%, Time Inc.: 3.180E-06s @ element     297 in Part SYS\wall Est. Clock Time Remaining: 8s        
Cycle:     3657, Time:  1.162E-02s, Progress:  58.12%, Time Inc.: 3.180E-06s @ element     297 in Part SYS\wall Est. Clock Time Remaining: 8s        
Cycle:     3658, Time:  1.163E-02s, Progress:  58.13%, Time Inc.: 3.180E-06s @ element     297 in Part SYS\wall Est. Clock Time Remaining: 8s        
Cycle:     3659, Time:  1.163E-02s, Progress:  58.15%, Time Inc.: 3.180E-06s @ element     297 in Part SYS\wall Est. Clock Time Remaining: 8s        
Cycle:     3660, Time:  1.163E-02s, Progress:  58.17%, Time Inc.: 3.180E-06s @ element     328 in Part SYS\wall Est. Clock Time Remaining: 8s        
Cycle:     3661, Time:  1.164E-02s, Progress:  58.18%, Time Inc.: 3.180E-06s @ element     328 in Part SYS\wall Est. Clock Time Remaining: 8s        
Cycle:     3662, Time:  1.164E-02s, Progress:  58.20%, Time Inc.: 3.180E-06s @ element     328 in Part SYS\wall Est. Clock Time Remaining: 8s        
Cycle:     3663, Time:  1.164E-02s, Progress:  58.21%, Time Inc.: 3.180E-06s @ element     328 in Part SYS\wall Est. Clock Time Remaining: 8s        
Cycle:     3664, Time:  1.165E-02s, Progress:  58.23%, Time Inc.: 3.180E-06s @ element     328 in Part SYS\wall Est. Clock Time Remaining: 8s        
Cycle:     3665, Time:  1.165E-02s, Progress:  58.24%, Time Inc.: 3.180E-06s @ element     328 in Part SYS\wall Est. Clock Time Remaining: 8s        
Cycle:     3666, Time:  1.165E-02s, Progress:  58.26%, Time Inc.: 3.180E-06s @ element     328 in Part SYS\wall Est. Clock Time Remaining: 8s        
Cycle:     3667, Time:  1.166E-02s, Progress:  58.28%, Time Inc.: 3.180E-06s @ element     328 in Part SYS\wall Est. Clock Time Remaining: 8s        
Cycle:     3668, Time:  1.166E-02s, Progress:  58.29%, Time Inc.: 3.180E-06s @ element     328 in Part SYS\wall Est. Clock Time Remaining: 8s        
Cycle:     3669, Time:  1.166E-02s, Progress:  58.31%, Time Inc.: 3.180E-06s @ element     328 in Part SYS\wall Est. Clock Time Remaining: 8s        
Cycle:     3670, Time:  1.166E-02s, Progress:  58.32%, Time Inc.: 3.180E-06s @ element    1018 in Part SYS\wall Est. Clock Time Remaining: 8s        
Cycle:     3671, Time:  1.167E-02s, Progress:  58.34%, Time Inc.: 3.180E-06s @ element    1018 in Part SYS\wall Est. Clock Time Remaining: 8s        
Cycle:     3672, Time:  1.167E-02s, Progress:  58.36%, Time Inc.: 3.180E-06s @ element    1018 in Part SYS\wall Est. Clock Time Remaining: 8s        
Cycle:     3673, Time:  1.167E-02s, Progress:  58.37%, Time Inc.: 3.180E-06s @ element    1018 in Part SYS\wall Est. Clock Time Remaining: 8s        
Cycle:     3674, Time:  1.168E-02s, Progress:  58.39%, Time Inc.: 3.180E-06s @ element    1018 in Part SYS\wall Est. Clock Time Remaining: 8s        
Cycle:     3675, Time:  1.168E-02s, Progress:  58.40%, Time Inc.: 3.180E-06s @ element    1018 in Part SYS\wall Est. Clock Time Remaining: 8s        
Cycle:     3676, Time:  1.168E-02s, Progress:  58.42%, Time Inc.: 3.180E-06s @ element     934 in Part SYS\wall Est. Clock Time Remaining: 8s        
Cycle:     3677, Time:  1.169E-02s, Progress:  58.44%, Time Inc.: 3.180E-06s @ element     934 in Part SYS\wall Est. Clock Time Remaining: 8s        
Cycle:     3678, Time:  1.169E-02s, Progress:  58.45%, Time Inc.: 3.180E-06s @ element     934 in Part SYS\wall Est. Clock Time Remaining: 8s        
Cycle:     3679, Time:  1.169E-02s, Progress:  58.47%, Time Inc.: 3.180E-06s @ element     934 in Part SYS\wall Est. Clock Time Remaining: 8s        
Cycle:     3680, Time:  1.170E-02s, Progress:  58.48%, Time Inc.: 3.180E-06s @ element     934 in Part SYS\wall Est. Clock Time Remaining: 8s        
Cycle:     3681, Time:  1.170E-02s, Progress:  58.50%, Time Inc.: 3.180E-06s @ element     934 in Part SYS\wall Est. Clock Time Remaining: 8s        
Cycle:     3682, Time:  1.170E-02s, Progress:  58.51%, Time Inc.: 3.180E-06s @ element     934 in Part SYS\wall Est. Clock Time Remaining: 8s        
Cycle:     3683, Time:  1.171E-02s, Progress:  58.53%, Time Inc.: 3.180E-06s @ element     934 in Part SYS\wall Est. Clock Time Remaining: 8s        
Cycle:     3684, Time:  1.171E-02s, Progress:  58.55%, Time Inc.: 3.180E-06s @ element     934 in Part SYS\wall Est. Clock Time Remaining: 8s        
Cycle:     3685, Time:  1.171E-02s, Progress:  58.56%, Time Inc.: 3.180E-06s @ element     934 in Part SYS\wall Est. Clock Time Remaining: 8s        
Cycle:     3686, Time:  1.172E-02s, Progress:  58.58%, Time Inc.: 3.180E-06s @ element     394 in Part SYS\wall Est. Clock Time Remaining: 8s        
Cycle:     3687, Time:  1.172E-02s, Progress:  58.59%, Time Inc.: 3.180E-06s @ element     394 in Part SYS\wall Est. Clock Time Remaining: 8s        
Cycle:     3688, Time:  1.172E-02s, Progress:  58.61%, Time Inc.: 3.180E-06s @ element     394 in Part SYS\wall Est. Clock Time Remaining: 8s        
Cycle:     3689, Time:  1.173E-02s, Progress:  58.63%, Time Inc.: 3.180E-06s @ element     394 in Part SYS\wall Est. Clock Time Remaining: 8s        
Cycle:     3690, Time:  1.173E-02s, Progress:  58.64%, Time Inc.: 3.180E-06s @ element     394 in Part SYS\wall Est. Clock Time Remaining: 8s        
Cycle:     3691, Time:  1.173E-02s, Progress:  58.66%, Time Inc.: 3.180E-06s @ element     394 in Part SYS\wall Est. Clock Time Remaining: 8s        
Cycle:     3692, Time:  1.173E-02s, Progress:  58.67%, Time Inc.: 3.180E-06s @ element     963 in Part SYS\wall Est. Clock Time Remaining: 8s        
Cycle:     3693, Time:  1.174E-02s, Progress:  58.69%, Time Inc.: 3.180E-06s @ element     963 in Part SYS\wall Est. Clock Time Remaining: 8s        
Cycle:     3694, Time:  1.174E-02s, Progress:  58.71%, Time Inc.: 3.180E-06s @ element     963 in Part SYS\wall Est. Clock Time Remaining: 8s        
Cycle:     3695, Time:  1.174E-02s, Progress:  58.72%, Time Inc.: 3.180E-06s @ element     963 in Part SYS\wall Est. Clock Time Remaining: 8s        
Cycle:     3696, Time:  1.175E-02s, Progress:  58.74%, Time Inc.: 3.180E-06s @ element     963 in Part SYS\wall Est. Clock Time Remaining: 8s        
Cycle:     3697, Time:  1.175E-02s, Progress:  58.75%, Time Inc.: 3.180E-06s @ element     963 in Part SYS\wall Est. Clock Time Remaining: 8s        
Cycle:     3698, Time:  1.175E-02s, Progress:  58.77%, Time Inc.: 3.180E-06s @ element     963 in Part SYS\wall Est. Clock Time Remaining: 8s        
Cycle:     3699, Time:  1.176E-02s, Progress:  58.79%, Time Inc.: 3.180E-06s @ element     963 in Part SYS\wall Est. Clock Time Remaining: 8s        
Cycle:     3700, Time:  1.176E-02s, Progress:  58.80%, Time Inc.: 3.180E-06s @ element     963 in Part SYS\wall Est. Clock Time Remaining: 8s        
Cycle:     3701, Time:  1.176E-02s, Progress:  58.82%, Time Inc.: 3.180E-06s @ element     963 in Part SYS\wall Est. Clock Time Remaining: 8s        
Cycle:     3702, Time:  1.177E-02s, Progress:  58.83%, Time Inc.: 3.180E-06s @ element     963 in Part SYS\wall Est. Clock Time Remaining: 8s        
Cycle:     3703, Time:  1.177E-02s, Progress:  58.85%, Time Inc.: 3.180E-06s @ element     963 in Part SYS\wall Est. Clock Time Remaining: 8s        
Cycle:     3704, Time:  1.177E-02s, Progress:  58.86%, Time Inc.: 3.180E-06s @ element     963 in Part SYS\wall Est. Clock Time Remaining: 8s        
Cycle:     3705, Time:  1.178E-02s, Progress:  58.88%, Time Inc.: 3.180E-06s @ element     963 in Part SYS\wall Est. Clock Time Remaining: 8s        
Cycle:     3706, Time:  1.178E-02s, Progress:  58.90%, Time Inc.: 3.180E-06s @ element     963 in Part SYS\wall Est. Clock Time Remaining: 8s        
Cycle:     3707, Time:  1.178E-02s, Progress:  58.91%, Time Inc.: 3.180E-06s @ element     963 in Part SYS\wall Est. Clock Time Remaining: 8s        
Cycle:     3708, Time:  1.179E-02s, Progress:  58.93%, Time Inc.: 3.180E-06s @ element     963 in Part SYS\wall Est. Clock Time Remaining: 8s        
Cycle:     3709, Time:  1.179E-02s, Progress:  58.94%, Time Inc.: 3.180E-06s @ element     963 in Part SYS\wall Est. Clock Time Remaining: 8s        
Cycle:     3710, Time:  1.179E-02s, Progress:  58.96%, Time Inc.: 3.180E-06s @ element     963 in Part SYS\wall Est. Clock Time Remaining: 8s        
Cycle:     3711, Time:  1.180E-02s, Progress:  58.98%, Time Inc.: 3.180E-06s @ element     963 in Part SYS\wall Est. Clock Time Remaining: 8s        
Cycle:     3712, Time:  1.180E-02s, Progress:  58.99%, Time Inc.: 3.180E-06s @ element     963 in Part SYS\wall Est. Clock Time Remaining: 8s        
Cycle:     3713, Time:  1.180E-02s, Progress:  59.01%, Time Inc.: 3.180E-06s @ element     963 in Part SYS\wall Est. Clock Time Remaining: 8s        
Cycle:     3714, Time:  1.180E-02s, Progress:  59.02%, Time Inc.: 3.180E-06s @ element     351 in Part SYS\wall Est. Clock Time Remaining: 8s        
Cycle:     3715, Time:  1.181E-02s, Progress:  59.04%, Time Inc.: 3.180E-06s @ element     925 in Part SYS\wall Est. Clock Time Remaining: 8s        
Cycle:     3716, Time:  1.181E-02s, Progress:  59.06%, Time Inc.: 3.180E-06s @ element     925 in Part SYS\wall Est. Clock Time Remaining: 8s        
Cycle:     3717, Time:  1.181E-02s, Progress:  59.07%, Time Inc.: 3.180E-06s @ element     925 in Part SYS\wall Est. Clock Time Remaining: 8s        
Cycle:     3718, Time:  1.182E-02s, Progress:  59.09%, Time Inc.: 3.180E-06s @ element     925 in Part SYS\wall Est. Clock Time Remaining: 8s        
Cycle:     3719, Time:  1.182E-02s, Progress:  59.10%, Time Inc.: 3.180E-06s @ element     385 in Part SYS\wall Est. Clock Time Remaining: 8s        
Cycle:     3720, Time:  1.182E-02s, Progress:  59.12%, Time Inc.: 3.180E-06s @ element     385 in Part SYS\wall Est. Clock Time Remaining: 8s        
Cycle:     3721, Time:  1.183E-02s, Progress:  59.13%, Time Inc.: 3.180E-06s @ element     385 in Part SYS\wall Est. Clock Time Remaining: 8s        
Cycle:     3722, Time:  1.183E-02s, Progress:  59.15%, Time Inc.: 3.180E-06s @ element     385 in Part SYS\wall Est. Clock Time Remaining: 8s        
Cycle:     3723, Time:  1.183E-02s, Progress:  59.17%, Time Inc.: 3.180E-06s @ element     385 in Part SYS\wall Est. Clock Time Remaining: 8s        
Cycle:     3724, Time:  1.184E-02s, Progress:  59.18%, Time Inc.: 3.180E-06s @ element     385 in Part SYS\wall Est. Clock Time Remaining: 8s        
Cycle:     3725, Time:  1.184E-02s, Progress:  59.20%, Time Inc.: 3.180E-06s @ element     385 in Part SYS\wall Est. Clock Time Remaining: 8s        
Cycle:     3726, Time:  1.184E-02s, Progress:  59.21%, Time Inc.: 3.180E-06s @ element     385 in Part SYS\wall Est. Clock Time Remaining: 8s        
Cycle:     3727, Time:  1.185E-02s, Progress:  59.23%, Time Inc.: 3.180E-06s @ element     385 in Part SYS\wall Est. Clock Time Remaining: 8s        
Cycle:     3728, Time:  1.185E-02s, Progress:  59.25%, Time Inc.: 3.180E-06s @ element     385 in Part SYS\wall Est. Clock Time Remaining: 8s        
Cycle:     3729, Time:  1.185E-02s, Progress:  59.26%, Time Inc.: 3.180E-06s @ element     423 in Part SYS\wall Est. Clock Time Remaining: 8s        
Cycle:     3730, Time:  1.186E-02s, Progress:  59.28%, Time Inc.: 3.180E-06s @ element     423 in Part SYS\wall Est. Clock Time Remaining: 8s        
Cycle:     3731, Time:  1.186E-02s, Progress:  59.29%, Time Inc.: 3.180E-06s @ element     423 in Part SYS\wall Est. Clock Time Remaining: 8s        
Cycle:     3732, Time:  1.186E-02s, Progress:  59.31%, Time Inc.: 3.180E-06s @ element     423 in Part SYS\wall Est. Clock Time Remaining: 8s        
Cycle:     3733, Time:  1.187E-02s, Progress:  59.33%, Time Inc.: 3.180E-06s @ element     423 in Part SYS\wall Est. Clock Time Remaining: 8s        
Cycle:     3734, Time:  1.187E-02s, Progress:  59.34%, Time Inc.: 3.180E-06s @ element     423 in Part SYS\wall Est. Clock Time Remaining: 8s        
Cycle:     3735, Time:  1.187E-02s, Progress:  59.36%, Time Inc.: 3.180E-06s @ element     891 in Part SYS\wall Est. Clock Time Remaining: 8s        
Cycle:     3736, Time:  1.187E-02s, Progress:  59.37%, Time Inc.: 3.180E-06s @ element     891 in Part SYS\wall Est. Clock Time Remaining: 8s        
Cycle:     3737, Time:  1.188E-02s, Progress:  59.39%, Time Inc.: 3.180E-06s @ element     891 in Part SYS\wall Est. Clock Time Remaining: 8s        
Cycle:     3738, Time:  1.188E-02s, Progress:  59.41%, Time Inc.: 3.180E-06s @ element     891 in Part SYS\wall Est. Clock Time Remaining: 8s        
Cycle:     3739, Time:  1.188E-02s, Progress:  59.42%, Time Inc.: 3.180E-06s @ element     891 in Part SYS\wall Est. Clock Time Remaining: 8s        
Cycle:     3740, Time:  1.189E-02s, Progress:  59.44%, Time Inc.: 3.180E-06s @ element     891 in Part SYS\wall Est. Clock Time Remaining: 8s        
Cycle:     3741, Time:  1.189E-02s, Progress:  59.45%, Time Inc.: 3.180E-06s @ element     891 in Part SYS\wall Est. Clock Time Remaining: 8s        
Cycle:     3742, Time:  1.189E-02s, Progress:  59.47%, Time Inc.: 3.180E-06s @ element     891 in Part SYS\wall Est. Clock Time Remaining: 8s        
Cycle:     3743, Time:  1.190E-02s, Progress:  59.48%, Time Inc.: 3.180E-06s @ element     891 in Part SYS\wall Est. Clock Time Remaining: 8s        
Cycle:     3744, Time:  1.190E-02s, Progress:  59.50%, Time Inc.: 3.180E-06s @ element     891 in Part SYS\wall Est. Clock Time Remaining: 8s        
Cycle:     3745, Time:  1.190E-02s, Progress:  59.52%, Time Inc.: 3.180E-06s @ element     891 in Part SYS\wall Est. Clock Time Remaining: 8s        
Cycle:     3746, Time:  1.191E-02s, Progress:  59.53%, Time Inc.: 3.180E-06s @ element     891 in Part SYS\wall Est. Clock Time Remaining: 8s        
Cycle:     3747, Time:  1.191E-02s, Progress:  59.55%, Time Inc.: 3.180E-06s @ element     891 in Part SYS\wall Est. Clock Time Remaining: 8s        
Cycle:     3748, Time:  1.191E-02s, Progress:  59.56%, Time Inc.: 3.180E-06s @ element     891 in Part SYS\wall Est. Clock Time Remaining: 8s        
Cycle:     3749, Time:  1.192E-02s, Progress:  59.58%, Time Inc.: 3.180E-06s @ element     891 in Part SYS\wall Est. Clock Time Remaining: 8s        
Cycle:     3750, Time:  1.192E-02s, Progress:  59.60%, Time Inc.: 3.180E-06s @ element     963 in Part SYS\wall Est. Clock Time Remaining: 8s        
Cycle:     3751, Time:  1.192E-02s, Progress:  59.61%, Time Inc.: 3.180E-06s @ element    1118 in Part SYS\wall Est. Clock Time Remaining: 8s        
Cycle:     3752, Time:  1.193E-02s, Progress:  59.63%, Time Inc.: 3.180E-06s @ element    1118 in Part SYS\wall Est. Clock Time Remaining: 8s        
Cycle:     3753, Time:  1.193E-02s, Progress:  59.64%, Time Inc.: 3.180E-06s @ element    1118 in Part SYS\wall Est. Clock Time Remaining: 8s        
Cycle:     3754, Time:  1.193E-02s, Progress:  59.66%, Time Inc.: 3.180E-06s @ element    1118 in Part SYS\wall Est. Clock Time Remaining: 8s        
Cycle:     3755, Time:  1.194E-02s, Progress:  59.68%, Time Inc.: 3.180E-06s @ element    1118 in Part SYS\wall Est. Clock Time Remaining: 8s        
Cycle:     3756, Time:  1.194E-02s, Progress:  59.69%, Time Inc.: 3.180E-06s @ element    1118 in Part SYS\wall Est. Clock Time Remaining: 8s        
Cycle:     3757, Time:  1.194E-02s, Progress:  59.71%, Time Inc.: 3.180E-06s @ element    1118 in Part SYS\wall Est. Clock Time Remaining: 8s        
Cycle:     3758, Time:  1.194E-02s, Progress:  59.72%, Time Inc.: 3.180E-06s @ element    1118 in Part SYS\wall Est. Clock Time Remaining: 8s        
Cycle:     3759, Time:  1.195E-02s, Progress:  59.74%, Time Inc.: 3.180E-06s @ element    1118 in Part SYS\wall Est. Clock Time Remaining: 8s        
Cycle:     3760, Time:  1.195E-02s, Progress:  59.76%, Time Inc.: 3.180E-06s @ element    1118 in Part SYS\wall Est. Clock Time Remaining: 8s        
Cycle:     3761, Time:  1.195E-02s, Progress:  59.77%, Time Inc.: 3.180E-06s @ element    1118 in Part SYS\wall Est. Clock Time Remaining: 8s        
Cycle:     3762, Time:  1.196E-02s, Progress:  59.79%, Time Inc.: 3.180E-06s @ element    1118 in Part SYS\wall Est. Clock Time Remaining: 8s        
Cycle:     3763, Time:  1.196E-02s, Progress:  59.80%, Time Inc.: 3.180E-06s @ element    1118 in Part SYS\wall Est. Clock Time Remaining: 8s        
Cycle:     3764, Time:  1.196E-02s, Progress:  59.82%, Time Inc.: 3.180E-06s @ element    1118 in Part SYS\wall Est. Clock Time Remaining: 8s        
Cycle:     3765, Time:  1.197E-02s, Progress:  59.83%, Time Inc.: 3.180E-06s @ element    1118 in Part SYS\wall Est. Clock Time Remaining: 8s        
Cycle:     3766, Time:  1.197E-02s, Progress:  59.85%, Time Inc.: 3.180E-06s @ element    1118 in Part SYS\wall Est. Clock Time Remaining: 8s        
Cycle:     3767, Time:  1.197E-02s, Progress:  59.87%, Time Inc.: 3.180E-06s @ element    1118 in Part SYS\wall Est. Clock Time Remaining: 8s        
Cycle:     3768, Time:  1.198E-02s, Progress:  59.88%, Time Inc.: 3.180E-06s @ element    1118 in Part SYS\wall Est. Clock Time Remaining: 8s        
Cycle:     3769, Time:  1.198E-02s, Progress:  59.90%, Time Inc.: 3.180E-06s @ element    1118 in Part SYS\wall Est. Clock Time Remaining: 8s        
Cycle:     3770, Time:  1.198E-02s, Progress:  59.91%, Time Inc.: 3.180E-06s @ element    1118 in Part SYS\wall Est. Clock Time Remaining: 8s        
Cycle:     3771, Time:  1.199E-02s, Progress:  59.93%, Time Inc.: 3.180E-06s @ element    1118 in Part SYS\wall Est. Clock Time Remaining: 8s        
Cycle:     3772, Time:  1.199E-02s, Progress:  59.95%, Time Inc.: 3.180E-06s @ element    1118 in Part SYS\wall Est. Clock Time Remaining: 8s        
Cycle:     3773, Time:  1.199E-02s, Progress:  59.96%, Time Inc.: 3.180E-06s @ element    1118 in Part SYS\wall Est. Clock Time Remaining: 8s        
Cycle:     3774, Time:  1.200E-02s, Progress:  59.98%, Time Inc.: 3.180E-06s @ element    1118 in Part SYS\wall Est. Clock Time Remaining: 8s        
Cycle:     3775, Time:  1.200E-02s, Progress:  59.99%, Time Inc.: 3.180E-06s @ element    1118 in Part SYS\wall Est. Clock Time Remaining: 8s        
Cycle:     3776, Time:  1.200E-02s, Progress:  60.01%, Time Inc.: 3.180E-06s @ element    1118 in Part SYS\wall Est. Clock Time Remaining: 8s        
Cycle:     3777, Time:  1.201E-02s, Progress:  60.03%, Time Inc.: 3.180E-06s @ element    1118 in Part SYS\wall Est. Clock Time Remaining: 8s        
Cycle:     3778, Time:  1.201E-02s, Progress:  60.04%, Time Inc.: 3.180E-06s @ element    1118 in Part SYS\wall Est. Clock Time Remaining: 8s        
Cycle:     3779, Time:  1.201E-02s, Progress:  60.06%, Time Inc.: 3.180E-06s @ element    1118 in Part SYS\wall Est. Clock Time Remaining: 8s        
Cycle:     3780, Time:  1.201E-02s, Progress:  60.07%, Time Inc.: 3.180E-06s @ element    1118 in Part SYS\wall Est. Clock Time Remaining: 8s        
Cycle:     3781, Time:  1.202E-02s, Progress:  60.09%, Time Inc.: 3.180E-06s @ element    1118 in Part SYS\wall Est. Clock Time Remaining: 8s        
Cycle:     3782, Time:  1.202E-02s, Progress:  60.10%, Time Inc.: 3.180E-06s @ element    1118 in Part SYS\wall Est. Clock Time Remaining: 8s        
Cycle:     3783, Time:  1.202E-02s, Progress:  60.12%, Time Inc.: 3.180E-06s @ element    1118 in Part SYS\wall Est. Clock Time Remaining: 8s        
Cycle:     3784, Time:  1.203E-02s, Progress:  60.14%, Time Inc.: 3.180E-06s @ element    1118 in Part SYS\wall Est. Clock Time Remaining: 8s        
Cycle:     3785, Time:  1.203E-02s, Progress:  60.15%, Time Inc.: 3.180E-06s @ element    1118 in Part SYS\wall Est. Clock Time Remaining: 8s        
Cycle:     3786, Time:  1.203E-02s, Progress:  60.17%, Time Inc.: 3.180E-06s @ element    1118 in Part SYS\wall Est. Clock Time Remaining: 8s        
Cycle:     3787, Time:  1.204E-02s, Progress:  60.18%, Time Inc.: 3.180E-06s @ element    1118 in Part SYS\wall Est. Clock Time Remaining: 8s        
Cycle:     3788, Time:  1.204E-02s, Progress:  60.20%, Time Inc.: 3.180E-06s @ element    1118 in Part SYS\wall Est. Clock Time Remaining: 8s        
Cycle:     3789, Time:  1.204E-02s, Progress:  60.22%, Time Inc.: 3.180E-06s @ element    1118 in Part SYS\wall Est. Clock Time Remaining: 8s        
Cycle:     3790, Time:  1.205E-02s, Progress:  60.23%, Time Inc.: 3.180E-06s @ element    1118 in Part SYS\wall Est. Clock Time Remaining: 8s        
Cycle:     3791, Time:  1.205E-02s, Progress:  60.25%, Time Inc.: 3.180E-06s @ element    1118 in Part SYS\wall Est. Clock Time Remaining: 8s        
Cycle:     3792, Time:  1.205E-02s, Progress:  60.26%, Time Inc.: 3.180E-06s @ element    1118 in Part SYS\wall Est. Clock Time Remaining: 8s        
Cycle:     3793, Time:  1.206E-02s, Progress:  60.28%, Time Inc.: 3.180E-06s @ element    1118 in Part SYS\wall Est. Clock Time Remaining: 8s        
Cycle:     3794, Time:  1.206E-02s, Progress:  60.30%, Time Inc.: 3.180E-06s @ element    1118 in Part SYS\wall Est. Clock Time Remaining: 8s        
Cycle:     3795, Time:  1.206E-02s, Progress:  60.31%, Time Inc.: 3.180E-06s @ element    1118 in Part SYS\wall Est. Clock Time Remaining: 8s        
Cycle:     3796, Time:  1.207E-02s, Progress:  60.33%, Time Inc.: 3.180E-06s @ element    1118 in Part SYS\wall Est. Clock Time Remaining: 8s        
Cycle:     3797, Time:  1.207E-02s, Progress:  60.34%, Time Inc.: 3.180E-06s @ element    1118 in Part SYS\wall Est. Clock Time Remaining: 8s        
Cycle:     3798, Time:  1.207E-02s, Progress:  60.36%, Time Inc.: 3.180E-06s @ element    1118 in Part SYS\wall Est. Clock Time Remaining: 8s        
Cycle:     3799, Time:  1.208E-02s, Progress:  60.38%, Time Inc.: 3.180E-06s @ element    1118 in Part SYS\wall Est. Clock Time Remaining: 8s        
Cycle:     3800, Time:  1.208E-02s, Progress:  60.39%, Time Inc.: 3.180E-06s @ element    1118 in Part SYS\wall Est. Clock Time Remaining: 8s        
Cycle:     3801, Time:  1.208E-02s, Progress:  60.41%, Time Inc.: 3.180E-06s @ element    1118 in Part SYS\wall Est. Clock Time Remaining: 8s        
Cycle:     3802, Time:  1.208E-02s, Progress:  60.42%, Time Inc.: 3.180E-06s @ element    1118 in Part SYS\wall Est. Clock Time Remaining: 8s        
Cycle:     3803, Time:  1.209E-02s, Progress:  60.44%, Time Inc.: 3.180E-06s @ element    1118 in Part SYS\wall Est. Clock Time Remaining: 8s        
Cycle:     3804, Time:  1.209E-02s, Progress:  60.45%, Time Inc.: 3.180E-06s @ element    1118 in Part SYS\wall Est. Clock Time Remaining: 8s        
Cycle:     3805, Time:  1.209E-02s, Progress:  60.47%, Time Inc.: 3.180E-06s @ element    1118 in Part SYS\wall Est. Clock Time Remaining: 8s        
Cycle:     3806, Time:  1.210E-02s, Progress:  60.49%, Time Inc.: 3.180E-06s @ element    1118 in Part SYS\wall Est. Clock Time Remaining: 8s        
Cycle:     3807, Time:  1.210E-02s, Progress:  60.50%, Time Inc.: 3.180E-06s @ element    1118 in Part SYS\wall Est. Clock Time Remaining: 8s        
Cycle:     3808, Time:  1.210E-02s, Progress:  60.52%, Time Inc.: 3.180E-06s @ element    1118 in Part SYS\wall Est. Clock Time Remaining: 8s        
Cycle:     3809, Time:  1.211E-02s, Progress:  60.53%, Time Inc.: 3.180E-06s @ element    1118 in Part SYS\wall Est. Clock Time Remaining: 8s        
Cycle:     3810, Time:  1.211E-02s, Progress:  60.55%, Time Inc.: 3.180E-06s @ element     290 in Part SYS\wall Est. Clock Time Remaining: 8s        
Cycle:     3811, Time:  1.211E-02s, Progress:  60.57%, Time Inc.: 3.180E-06s @ element     290 in Part SYS\wall Est. Clock Time Remaining: 8s        
Cycle:     3812, Time:  1.212E-02s, Progress:  60.58%, Time Inc.: 3.180E-06s @ element     290 in Part SYS\wall Est. Clock Time Remaining: 8s        
Cycle:     3813, Time:  1.212E-02s, Progress:  60.60%, Time Inc.: 3.180E-06s @ element     290 in Part SYS\wall Est. Clock Time Remaining: 8s        
Cycle:     3814, Time:  1.212E-02s, Progress:  60.61%, Time Inc.: 3.180E-06s @ element     290 in Part SYS\wall Est. Clock Time Remaining: 8s        
Cycle:     3815, Time:  1.213E-02s, Progress:  60.63%, Time Inc.: 3.180E-06s @ element     290 in Part SYS\wall Est. Clock Time Remaining: 8s        
Cycle:     3816, Time:  1.213E-02s, Progress:  60.65%, Time Inc.: 3.180E-06s @ element     290 in Part SYS\wall Est. Clock Time Remaining: 8s        
Cycle:     3817, Time:  1.213E-02s, Progress:  60.66%, Time Inc.: 3.180E-06s @ element     290 in Part SYS\wall Est. Clock Time Remaining: 8s        
Cycle:     3818, Time:  1.214E-02s, Progress:  60.68%, Time Inc.: 3.180E-06s @ element     290 in Part SYS\wall Est. Clock Time Remaining: 8s        
Cycle:     3819, Time:  1.214E-02s, Progress:  60.69%, Time Inc.: 3.180E-06s @ element     290 in Part SYS\wall Est. Clock Time Remaining: 8s        
Cycle:     3820, Time:  1.214E-02s, Progress:  60.71%, Time Inc.: 3.180E-06s @ element     290 in Part SYS\wall Est. Clock Time Remaining: 8s        
Cycle:     3821, Time:  1.215E-02s, Progress:  60.73%, Time Inc.: 3.180E-06s @ element     290 in Part SYS\wall Est. Clock Time Remaining: 8s        
Cycle:     3822, Time:  1.215E-02s, Progress:  60.74%, Time Inc.: 3.180E-06s @ element     290 in Part SYS\wall Est. Clock Time Remaining: 8s        
Cycle:     3823, Time:  1.215E-02s, Progress:  60.76%, Time Inc.: 3.180E-06s @ element     290 in Part SYS\wall Est. Clock Time Remaining: 8s        
Cycle:     3824, Time:  1.215E-02s, Progress:  60.77%, Time Inc.: 3.180E-06s @ element     290 in Part SYS\wall Est. Clock Time Remaining: 8s        
Cycle:     3825, Time:  1.216E-02s, Progress:  60.79%, Time Inc.: 3.180E-06s @ element     290 in Part SYS\wall Est. Clock Time Remaining: 8s        
Cycle:     3826, Time:  1.216E-02s, Progress:  60.80%, Time Inc.: 3.180E-06s @ element     290 in Part SYS\wall Est. Clock Time Remaining: 8s        
Cycle:     3827, Time:  1.216E-02s, Progress:  60.82%, Time Inc.: 3.180E-06s @ element     290 in Part SYS\wall Est. Clock Time Remaining: 8s        
Cycle:     3828, Time:  1.217E-02s, Progress:  60.84%, Time Inc.: 3.180E-06s @ element     290 in Part SYS\wall Est. Clock Time Remaining: 8s        
Cycle:     3829, Time:  1.217E-02s, Progress:  60.85%, Time Inc.: 3.180E-06s @ element     290 in Part SYS\wall Est. Clock Time Remaining: 8s        
Cycle:     3830, Time:  1.217E-02s, Progress:  60.87%, Time Inc.: 3.180E-06s @ element     362 in Part SYS\wall Est. Clock Time Remaining: 8s        
Cycle:     3831, Time:  1.218E-02s, Progress:  60.88%, Time Inc.: 3.180E-06s @ element     362 in Part SYS\wall Est. Clock Time Remaining: 8s        
Cycle:     3832, Time:  1.218E-02s, Progress:  60.90%, Time Inc.: 3.180E-06s @ element     362 in Part SYS\wall Est. Clock Time Remaining: 8s        
Cycle:     3833, Time:  1.218E-02s, Progress:  60.92%, Time Inc.: 3.180E-06s @ element     362 in Part SYS\wall Est. Clock Time Remaining: 8s        
Cycle:     3834, Time:  1.219E-02s, Progress:  60.93%, Time Inc.: 3.180E-06s @ element     362 in Part SYS\wall Est. Clock Time Remaining: 8s        
Cycle:     3835, Time:  1.219E-02s, Progress:  60.95%, Time Inc.: 3.180E-06s @ element     362 in Part SYS\wall Est. Clock Time Remaining: 8s        
Cycle:     3836, Time:  1.219E-02s, Progress:  60.96%, Time Inc.: 3.180E-06s @ element     362 in Part SYS\wall Est. Clock Time Remaining: 8s        
Cycle:     3837, Time:  1.220E-02s, Progress:  60.98%, Time Inc.: 3.180E-06s @ element     362 in Part SYS\wall Est. Clock Time Remaining: 8s        
Cycle:     3838, Time:  1.220E-02s, Progress:  61.00%, Time Inc.: 3.180E-06s @ element     362 in Part SYS\wall Est. Clock Time Remaining: 8s        
Cycle:     3839, Time:  1.220E-02s, Progress:  61.01%, Time Inc.: 3.180E-06s @ element     362 in Part SYS\wall Est. Clock Time Remaining: 8s        
Cycle:     3840, Time:  1.221E-02s, Progress:  61.03%, Time Inc.: 3.180E-06s @ element     362 in Part SYS\wall Est. Clock Time Remaining: 8s        
Cycle:     3841, Time:  1.221E-02s, Progress:  61.04%, Time Inc.: 3.180E-06s @ element     362 in Part SYS\wall Est. Clock Time Remaining: 8s        
Cycle:     3842, Time:  1.221E-02s, Progress:  61.06%, Time Inc.: 3.180E-06s @ element     362 in Part SYS\wall Est. Clock Time Remaining: 8s        
Cycle:     3843, Time:  1.221E-02s, Progress:  61.07%, Time Inc.: 3.180E-06s @ element     362 in Part SYS\wall Est. Clock Time Remaining: 8s        
Cycle:     3844, Time:  1.222E-02s, Progress:  61.09%, Time Inc.: 3.180E-06s @ element     362 in Part SYS\wall Est. Clock Time Remaining: 8s        
Cycle:     3845, Time:  1.222E-02s, Progress:  61.11%, Time Inc.: 3.180E-06s @ element     362 in Part SYS\wall Est. Clock Time Remaining: 8s        
Cycle:     3846, Time:  1.222E-02s, Progress:  61.12%, Time Inc.: 3.180E-06s @ element     362 in Part SYS\wall Est. Clock Time Remaining: 8s        
Cycle:     3847, Time:  1.223E-02s, Progress:  61.14%, Time Inc.: 3.180E-06s @ element     362 in Part SYS\wall Est. Clock Time Remaining: 8s        
Cycle:     3848, Time:  1.223E-02s, Progress:  61.15%, Time Inc.: 3.180E-06s @ element     362 in Part SYS\wall Est. Clock Time Remaining: 8s        
Cycle:     3849, Time:  1.223E-02s, Progress:  61.17%, Time Inc.: 3.180E-06s @ element     362 in Part SYS\wall Est. Clock Time Remaining: 8s        
Cycle:     3850, Time:  1.224E-02s, Progress:  61.19%, Time Inc.: 3.180E-06s @ element     362 in Part SYS\wall Est. Clock Time Remaining: 8s        
Cycle:     3851, Time:  1.224E-02s, Progress:  61.20%, Time Inc.: 3.180E-06s @ element     362 in Part SYS\wall Est. Clock Time Remaining: 8s        
Cycle:     3852, Time:  1.224E-02s, Progress:  61.22%, Time Inc.: 3.180E-06s @ element     362 in Part SYS\wall Est. Clock Time Remaining: 8s        
Cycle:     3853, Time:  1.225E-02s, Progress:  61.23%, Time Inc.: 3.180E-06s @ element     362 in Part SYS\wall Est. Clock Time Remaining: 8s        
Cycle:     3854, Time:  1.225E-02s, Progress:  61.25%, Time Inc.: 3.180E-06s @ element     362 in Part SYS\wall Est. Clock Time Remaining: 8s        
Cycle:     3855, Time:  1.225E-02s, Progress:  61.27%, Time Inc.: 3.180E-06s @ element     362 in Part SYS\wall Est. Clock Time Remaining: 8s        
Cycle:     3856, Time:  1.226E-02s, Progress:  61.28%, Time Inc.: 3.180E-06s @ element     362 in Part SYS\wall Est. Clock Time Remaining: 8s        
Cycle:     3857, Time:  1.226E-02s, Progress:  61.30%, Time Inc.: 3.180E-06s @ element     362 in Part SYS\wall Est. Clock Time Remaining: 8s        
Cycle:     3858, Time:  1.226E-02s, Progress:  61.31%, Time Inc.: 3.180E-06s @ element     362 in Part SYS\wall Est. Clock Time Remaining: 8s        
Cycle:     3859, Time:  1.227E-02s, Progress:  61.33%, Time Inc.: 3.180E-06s @ element     919 in Part SYS\wall Est. Clock Time Remaining: 8s        
Cycle:     3860, Time:  1.227E-02s, Progress:  61.35%, Time Inc.: 3.180E-06s @ element     919 in Part SYS\wall Est. Clock Time Remaining: 8s        
Cycle:     3861, Time:  1.227E-02s, Progress:  61.36%, Time Inc.: 3.180E-06s @ element     919 in Part SYS\wall Est. Clock Time Remaining: 8s        
Cycle:     3862, Time:  1.228E-02s, Progress:  61.38%, Time Inc.: 3.180E-06s @ element     919 in Part SYS\wall Est. Clock Time Remaining: 8s        
Cycle:     3863, Time:  1.228E-02s, Progress:  61.39%, Time Inc.: 3.180E-06s @ element     919 in Part SYS\wall Est. Clock Time Remaining: 8s        
Cycle:     3864, Time:  1.228E-02s, Progress:  61.41%, Time Inc.: 3.180E-06s @ element     919 in Part SYS\wall Est. Clock Time Remaining: 8s        
Cycle:     3865, Time:  1.228E-02s, Progress:  61.42%, Time Inc.: 3.180E-06s @ element     919 in Part SYS\wall Est. Clock Time Remaining: 8s        
Cycle:     3866, Time:  1.229E-02s, Progress:  61.44%, Time Inc.: 3.180E-06s @ element     919 in Part SYS\wall Est. Clock Time Remaining: 8s        
Cycle:     3867, Time:  1.229E-02s, Progress:  61.46%, Time Inc.: 3.180E-06s @ element     919 in Part SYS\wall Est. Clock Time Remaining: 8s        
Cycle:     3868, Time:  1.229E-02s, Progress:  61.47%, Time Inc.: 3.180E-06s @ element     919 in Part SYS\wall Est. Clock Time Remaining: 8s        
Cycle:     3869, Time:  1.230E-02s, Progress:  61.49%, Time Inc.: 3.180E-06s @ element     919 in Part SYS\wall Est. Clock Time Remaining: 8s        
Cycle:     3870, Time:  1.230E-02s, Progress:  61.50%, Time Inc.: 3.180E-06s @ element     919 in Part SYS\wall Est. Clock Time Remaining: 8s        
Cycle:     3871, Time:  1.230E-02s, Progress:  61.52%, Time Inc.: 3.180E-06s @ element     345 in Part SYS\wall Est. Clock Time Remaining: 8s        
Cycle:     3872, Time:  1.231E-02s, Progress:  61.54%, Time Inc.: 3.180E-06s @ element     345 in Part SYS\wall Est. Clock Time Remaining: 8s        
Cycle:     3873, Time:  1.231E-02s, Progress:  61.55%, Time Inc.: 3.180E-06s @ element     345 in Part SYS\wall Est. Clock Time Remaining: 8s        
Cycle:     3874, Time:  1.231E-02s, Progress:  61.57%, Time Inc.: 3.180E-06s @ element     345 in Part SYS\wall Est. Clock Time Remaining: 8s        
Cycle:     3875, Time:  1.232E-02s, Progress:  61.58%, Time Inc.: 3.180E-06s @ element     345 in Part SYS\wall Est. Clock Time Remaining: 8s        
Cycle:     3876, Time:  1.232E-02s, Progress:  61.60%, Time Inc.: 3.180E-06s @ element     345 in Part SYS\wall Est. Clock Time Remaining: 8s        
Cycle:     3877, Time:  1.232E-02s, Progress:  61.62%, Time Inc.: 3.180E-06s @ element     345 in Part SYS\wall Est. Clock Time Remaining: 8s        
Cycle:     3878, Time:  1.233E-02s, Progress:  61.63%, Time Inc.: 3.180E-06s @ element     362 in Part SYS\wall Est. Clock Time Remaining: 8s        
Cycle:     3879, Time:  1.233E-02s, Progress:  61.65%, Time Inc.: 3.180E-06s @ element     362 in Part SYS\wall Est. Clock Time Remaining: 8s        
Cycle:     3880, Time:  1.233E-02s, Progress:  61.66%, Time Inc.: 3.180E-06s @ element     362 in Part SYS\wall Est. Clock Time Remaining: 8s        
Cycle:     3881, Time:  1.234E-02s, Progress:  61.68%, Time Inc.: 3.180E-06s @ element     994 in Part SYS\wall Est. Clock Time Remaining: 8s        
Cycle:     3882, Time:  1.234E-02s, Progress:  61.70%, Time Inc.: 3.180E-06s @ element     994 in Part SYS\wall Est. Clock Time Remaining: 8s        
Cycle:     3883, Time:  1.234E-02s, Progress:  61.71%, Time Inc.: 3.180E-06s @ element     994 in Part SYS\wall Est. Clock Time Remaining: 8s        
Cycle:     3884, Time:  1.235E-02s, Progress:  61.73%, Time Inc.: 3.180E-06s @ element     994 in Part SYS\wall Est. Clock Time Remaining: 8s        
Cycle:     3885, Time:  1.235E-02s, Progress:  61.74%, Time Inc.: 3.180E-06s @ element     994 in Part SYS\wall Est. Clock Time Remaining: 8s        
Cycle:     3886, Time:  1.235E-02s, Progress:  61.76%, Time Inc.: 3.180E-06s @ element     994 in Part SYS\wall Est. Clock Time Remaining: 8s        
Cycle:     3887, Time:  1.235E-02s, Progress:  61.77%, Time Inc.: 3.180E-06s @ element     994 in Part SYS\wall Est. Clock Time Remaining: 8s        
Cycle:     3888, Time:  1.236E-02s, Progress:  61.79%, Time Inc.: 3.180E-06s @ element     994 in Part SYS\wall Est. Clock Time Remaining: 8s        
Cycle:     3889, Time:  1.236E-02s, Progress:  61.81%, Time Inc.: 3.180E-06s @ element     994 in Part SYS\wall Est. Clock Time Remaining: 8s        
Cycle:     3890, Time:  1.236E-02s, Progress:  61.82%, Time Inc.: 3.180E-06s @ element     994 in Part SYS\wall Est. Clock Time Remaining: 8s        
Cycle:     3891, Time:  1.237E-02s, Progress:  61.84%, Time Inc.: 3.180E-06s @ element     994 in Part SYS\wall Est. Clock Time Remaining: 8s        
Cycle:     3892, Time:  1.237E-02s, Progress:  61.85%, Time Inc.: 3.180E-06s @ element     994 in Part SYS\wall Est. Clock Time Remaining: 8s        
Cycle:     3893, Time:  1.237E-02s, Progress:  61.87%, Time Inc.: 3.180E-06s @ element     994 in Part SYS\wall Est. Clock Time Remaining: 8s        
Cycle:     3894, Time:  1.238E-02s, Progress:  61.89%, Time Inc.: 3.180E-06s @ element     994 in Part SYS\wall Est. Clock Time Remaining: 8s        
Cycle:     3895, Time:  1.238E-02s, Progress:  61.90%, Time Inc.: 3.180E-06s @ element     994 in Part SYS\wall Est. Clock Time Remaining: 8s        
Cycle:     3896, Time:  1.238E-02s, Progress:  61.92%, Time Inc.: 3.180E-06s @ element     990 in Part SYS\wall Est. Clock Time Remaining: 8s        
Cycle:     3897, Time:  1.239E-02s, Progress:  61.93%, Time Inc.: 3.180E-06s @ element     990 in Part SYS\wall Est. Clock Time Remaining: 8s        
Cycle:     3898, Time:  1.239E-02s, Progress:  61.95%, Time Inc.: 3.180E-06s @ element     990 in Part SYS\wall Est. Clock Time Remaining: 8s        
Cycle:     3899, Time:  1.239E-02s, Progress:  61.97%, Time Inc.: 3.180E-06s @ element     990 in Part SYS\wall Est. Clock Time Remaining: 8s        
Cycle:     3900, Time:  1.240E-02s, Progress:  61.98%, Time Inc.: 3.180E-06s @ element     990 in Part SYS\wall Est. Clock Time Remaining: 8s        
Cycle:     3901, Time:  1.240E-02s, Progress:  62.00%, Time Inc.: 3.180E-06s @ element     990 in Part SYS\wall Est. Clock Time Remaining: 8s        
Cycle:     3902, Time:  1.240E-02s, Progress:  62.01%, Time Inc.: 3.180E-06s @ element     990 in Part SYS\wall Est. Clock Time Remaining: 8s        
Cycle:     3903, Time:  1.241E-02s, Progress:  62.03%, Time Inc.: 3.180E-06s @ element     990 in Part SYS\wall Est. Clock Time Remaining: 8s        
Cycle:     3904, Time:  1.241E-02s, Progress:  62.04%, Time Inc.: 3.180E-06s @ element     990 in Part SYS\wall Est. Clock Time Remaining: 8s        
Cycle:     3905, Time:  1.241E-02s, Progress:  62.06%, Time Inc.: 3.180E-06s @ element     990 in Part SYS\wall Est. Clock Time Remaining: 8s        
Cycle:     3906, Time:  1.242E-02s, Progress:  62.08%, Time Inc.: 3.180E-06s @ element     990 in Part SYS\wall Est. Clock Time Remaining: 8s        
Cycle:     3907, Time:  1.242E-02s, Progress:  62.09%, Time Inc.: 3.180E-06s @ element     990 in Part SYS\wall Est. Clock Time Remaining: 8s        
Cycle:     3908, Time:  1.242E-02s, Progress:  62.11%, Time Inc.: 3.180E-06s @ element     990 in Part SYS\wall Est. Clock Time Remaining: 8s        
Cycle:     3909, Time:  1.242E-02s, Progress:  62.12%, Time Inc.: 3.180E-06s @ element     990 in Part SYS\wall Est. Clock Time Remaining: 8s        
Cycle:     3910, Time:  1.243E-02s, Progress:  62.14%, Time Inc.: 3.180E-06s @ element     990 in Part SYS\wall Est. Clock Time Remaining: 8s        
Cycle:     3911, Time:  1.243E-02s, Progress:  62.16%, Time Inc.: 3.180E-06s @ element     990 in Part SYS\wall Est. Clock Time Remaining: 8s        
Cycle:     3912, Time:  1.243E-02s, Progress:  62.17%, Time Inc.: 3.180E-06s @ element     990 in Part SYS\wall Est. Clock Time Remaining: 8s        
Cycle:     3913, Time:  1.244E-02s, Progress:  62.19%, Time Inc.: 3.180E-06s @ element     990 in Part SYS\wall Est. Clock Time Remaining: 8s        
Cycle:     3914, Time:  1.244E-02s, Progress:  62.20%, Time Inc.: 3.180E-06s @ element     990 in Part SYS\wall Est. Clock Time Remaining: 8s        
Cycle:     3915, Time:  1.244E-02s, Progress:  62.22%, Time Inc.: 3.180E-06s @ element     990 in Part SYS\wall Est. Clock Time Remaining: 8s        
Cycle:     3916, Time:  1.245E-02s, Progress:  62.24%, Time Inc.: 3.180E-06s @ element     990 in Part SYS\wall Est. Clock Time Remaining: 8s        
Cycle:     3917, Time:  1.245E-02s, Progress:  62.25%, Time Inc.: 3.180E-06s @ element     990 in Part SYS\wall Est. Clock Time Remaining: 8s        
Cycle:     3918, Time:  1.245E-02s, Progress:  62.27%, Time Inc.: 3.180E-06s @ element     990 in Part SYS\wall Est. Clock Time Remaining: 8s        
Cycle:     3919, Time:  1.246E-02s, Progress:  62.28%, Time Inc.: 3.180E-06s @ element     990 in Part SYS\wall Est. Clock Time Remaining: 8s        
Cycle:     3920, Time:  1.246E-02s, Progress:  62.30%, Time Inc.: 3.180E-06s @ element     990 in Part SYS\wall Est. Clock Time Remaining: 8s        
Cycle:     3921, Time:  1.246E-02s, Progress:  62.32%, Time Inc.: 3.180E-06s @ element     990 in Part SYS\wall Est. Clock Time Remaining: 8s        
Cycle:     3922, Time:  1.247E-02s, Progress:  62.33%, Time Inc.: 3.180E-06s @ element     990 in Part SYS\wall Est. Clock Time Remaining: 8s        
Cycle:     3923, Time:  1.247E-02s, Progress:  62.35%, Time Inc.: 3.180E-06s @ element     990 in Part SYS\wall Est. Clock Time Remaining: 8s        
Cycle:     3924, Time:  1.247E-02s, Progress:  62.36%, Time Inc.: 3.180E-06s @ element     990 in Part SYS\wall Est. Clock Time Remaining: 8s        
Cycle:     3925, Time:  1.248E-02s, Progress:  62.38%, Time Inc.: 3.180E-06s @ element     990 in Part SYS\wall Est. Clock Time Remaining: 8s        
Cycle:     3926, Time:  1.248E-02s, Progress:  62.39%, Time Inc.: 3.180E-06s @ element    1062 in Part SYS\wall Est. Clock Time Remaining: 8s        
Cycle:     3927, Time:  1.248E-02s, Progress:  62.41%, Time Inc.: 3.180E-06s @ element    1062 in Part SYS\wall Est. Clock Time Remaining: 8s        
Cycle:     3928, Time:  1.249E-02s, Progress:  62.43%, Time Inc.: 3.180E-06s @ element    1062 in Part SYS\wall Est. Clock Time Remaining: 8s        
Cycle:     3929, Time:  1.249E-02s, Progress:  62.44%, Time Inc.: 3.180E-06s @ element    1062 in Part SYS\wall Est. Clock Time Remaining: 8s        
Cycle:     3930, Time:  1.249E-02s, Progress:  62.46%, Time Inc.: 3.180E-06s @ element    1062 in Part SYS\wall Est. Clock Time Remaining: 8s        
Cycle:     3931, Time:  1.249E-02s, Progress:  62.47%, Time Inc.: 3.180E-06s @ element    1062 in Part SYS\wall Est. Clock Time Remaining: 8s        
Cycle:     3932, Time:  1.250E-02s, Progress:  62.49%, Time Inc.: 3.180E-06s @ element    1062 in Part SYS\wall Est. Clock Time Remaining: 8s        
Cycle:     3933, Time:  1.250E-02s, Progress:  62.51%, Time Inc.: 3.180E-06s @ element    1062 in Part SYS\wall Est. Clock Time Remaining: 8s        
Cycle:     3934, Time:  1.250E-02s, Progress:  62.52%, Time Inc.: 3.180E-06s @ element    1062 in Part SYS\wall Est. Clock Time Remaining: 8s        
Cycle:     3935, Time:  1.251E-02s, Progress:  62.54%, Time Inc.: 3.180E-06s @ element    1062 in Part SYS\wall Est. Clock Time Remaining: 8s        
Cycle:     3936, Time:  1.251E-02s, Progress:  62.55%, Time Inc.: 3.180E-06s @ element    1134 in Part SYS\wall Est. Clock Time Remaining: 8s        
Cycle:     3937, Time:  1.251E-02s, Progress:  62.57%, Time Inc.: 3.180E-06s @ element     162 in Part SYS\wall Est. Clock Time Remaining: 8s        
Cycle:     3938, Time:  1.252E-02s, Progress:  62.59%, Time Inc.: 3.180E-06s @ element     162 in Part SYS\wall Est. Clock Time Remaining: 8s        
Cycle:     3939, Time:  1.252E-02s, Progress:  62.60%, Time Inc.: 3.180E-06s @ element     162 in Part SYS\wall Est. Clock Time Remaining: 8s        
Cycle:     3940, Time:  1.252E-02s, Progress:  62.62%, Time Inc.: 3.180E-06s @ element     162 in Part SYS\wall Est. Clock Time Remaining: 8s        
Cycle:     3941, Time:  1.253E-02s, Progress:  62.63%, Time Inc.: 3.180E-06s @ element     162 in Part SYS\wall Est. Clock Time Remaining: 8s        
Cycle:     3942, Time:  1.253E-02s, Progress:  62.65%, Time Inc.: 3.180E-06s @ element     162 in Part SYS\wall Est. Clock Time Remaining: 8s        
Cycle:     3943, Time:  1.253E-02s, Progress:  62.66%, Time Inc.: 3.180E-06s @ element    1130 in Part SYS\wall Est. Clock Time Remaining: 8s        
Cycle:     3944, Time:  1.254E-02s, Progress:  62.68%, Time Inc.: 3.180E-06s @ element    1126 in Part SYS\wall Est. Clock Time Remaining: 8s        
Cycle:     3945, Time:  1.254E-02s, Progress:  62.70%, Time Inc.: 3.180E-06s @ element    1126 in Part SYS\wall Est. Clock Time Remaining: 8s        
Cycle:     3946, Time:  1.254E-02s, Progress:  62.71%, Time Inc.: 3.180E-06s @ element    1126 in Part SYS\wall Est. Clock Time Remaining: 8s        
Cycle:     3947, Time:  1.255E-02s, Progress:  62.73%, Time Inc.: 3.180E-06s @ element    1126 in Part SYS\wall Est. Clock Time Remaining: 8s        
Cycle:     3948, Time:  1.255E-02s, Progress:  62.74%, Time Inc.: 3.180E-06s @ element    1126 in Part SYS\wall Est. Clock Time Remaining: 8s        
Cycle:     3949, Time:  1.255E-02s, Progress:  62.76%, Time Inc.: 3.180E-06s @ element    1126 in Part SYS\wall Est. Clock Time Remaining: 8s        
Cycle:     3950, Time:  1.256E-02s, Progress:  62.78%, Time Inc.: 3.180E-06s @ element    1126 in Part SYS\wall Est. Clock Time Remaining: 8s        
Cycle:     3951, Time:  1.256E-02s, Progress:  62.79%, Time Inc.: 3.180E-06s @ element    1126 in Part SYS\wall Est. Clock Time Remaining: 8s        
Cycle:     3952, Time:  1.256E-02s, Progress:  62.81%, Time Inc.: 3.180E-06s @ element    1126 in Part SYS\wall Est. Clock Time Remaining: 8s        
Cycle:     3953, Time:  1.256E-02s, Progress:  62.82%, Time Inc.: 3.180E-06s @ element    1126 in Part SYS\wall Est. Clock Time Remaining: 8s        
Cycle:     3954, Time:  1.257E-02s, Progress:  62.84%, Time Inc.: 3.180E-06s @ element    1126 in Part SYS\wall Est. Clock Time Remaining: 8s        
Cycle:     3955, Time:  1.257E-02s, Progress:  62.86%, Time Inc.: 3.180E-06s @ element    1126 in Part SYS\wall Est. Clock Time Remaining: 8s        
Cycle:     3956, Time:  1.257E-02s, Progress:  62.87%, Time Inc.: 3.180E-06s @ element    1126 in Part SYS\wall Est. Clock Time Remaining: 8s        
Cycle:     3957, Time:  1.258E-02s, Progress:  62.89%, Time Inc.: 3.180E-06s @ element    1126 in Part SYS\wall Est. Clock Time Remaining: 8s        
Cycle:     3958, Time:  1.258E-02s, Progress:  62.90%, Time Inc.: 3.180E-06s @ element    1126 in Part SYS\wall Est. Clock Time Remaining: 8s        
Cycle:     3959, Time:  1.258E-02s, Progress:  62.92%, Time Inc.: 3.180E-06s @ element    1126 in Part SYS\wall Est. Clock Time Remaining: 8s        
Cycle:     3960, Time:  1.259E-02s, Progress:  62.94%, Time Inc.: 3.180E-06s @ element    1126 in Part SYS\wall Est. Clock Time Remaining: 8s        
Cycle:     3961, Time:  1.259E-02s, Progress:  62.95%, Time Inc.: 3.180E-06s @ element    1126 in Part SYS\wall Est. Clock Time Remaining: 8s        
Cycle:     3962, Time:  1.259E-02s, Progress:  62.97%, Time Inc.: 3.180E-06s @ element    1126 in Part SYS\wall Est. Clock Time Remaining: 8s        
Cycle:     3963, Time:  1.260E-02s, Progress:  62.98%, Time Inc.: 3.180E-06s @ element    1126 in Part SYS\wall Est. Clock Time Remaining: 8s        
Cycle:     3964, Time:  1.260E-02s, Progress:  63.00%, Time Inc.: 3.180E-06s @ element    1126 in Part SYS\wall Est. Clock Time Remaining: 8s        
Cycle:     3965, Time:  1.260E-02s, Progress:  63.01%, Time Inc.: 3.180E-06s @ element    1126 in Part SYS\wall Est. Clock Time Remaining: 8s        
Cycle:     3966, Time:  1.261E-02s, Progress:  63.03%, Time Inc.: 3.180E-06s @ element    1126 in Part SYS\wall Est. Clock Time Remaining: 8s        
Cycle:     3967, Time:  1.261E-02s, Progress:  63.05%, Time Inc.: 3.180E-06s @ element    1126 in Part SYS\wall Est. Clock Time Remaining: 8s        
Cycle:     3968, Time:  1.261E-02s, Progress:  63.06%, Time Inc.: 3.180E-06s @ element    1126 in Part SYS\wall Est. Clock Time Remaining: 8s        
Cycle:     3969, Time:  1.262E-02s, Progress:  63.08%, Time Inc.: 3.180E-06s @ element    1126 in Part SYS\wall Est. Clock Time Remaining: 8s        
Cycle:     3970, Time:  1.262E-02s, Progress:  63.09%, Time Inc.: 3.180E-06s @ element    1126 in Part SYS\wall Est. Clock Time Remaining: 8s        
Cycle:     3971, Time:  1.262E-02s, Progress:  63.11%, Time Inc.: 3.180E-06s @ element    1126 in Part SYS\wall Est. Clock Time Remaining: 8s        
Cycle:     3972, Time:  1.263E-02s, Progress:  63.13%, Time Inc.: 3.180E-06s @ element    1126 in Part SYS\wall Est. Clock Time Remaining: 8s        
Cycle:     3973, Time:  1.263E-02s, Progress:  63.14%, Time Inc.: 3.180E-06s @ element    1126 in Part SYS\wall Est. Clock Time Remaining: 8s        
Cycle:     3974, Time:  1.263E-02s, Progress:  63.16%, Time Inc.: 3.180E-06s @ element    1126 in Part SYS\wall Est. Clock Time Remaining: 8s        
Cycle:     3975, Time:  1.263E-02s, Progress:  63.17%, Time Inc.: 3.180E-06s @ element    1126 in Part SYS\wall Est. Clock Time Remaining: 8s        
Cycle:     3976, Time:  1.264E-02s, Progress:  63.19%, Time Inc.: 3.180E-06s @ element    1126 in Part SYS\wall Est. Clock Time Remaining: 8s        
Cycle:     3977, Time:  1.264E-02s, Progress:  63.21%, Time Inc.: 3.180E-06s @ element    1126 in Part SYS\wall Est. Clock Time Remaining: 8s        
Cycle:     3978, Time:  1.264E-02s, Progress:  63.22%, Time Inc.: 3.180E-06s @ element    1126 in Part SYS\wall Est. Clock Time Remaining: 8s        
Cycle:     3979, Time:  1.265E-02s, Progress:  63.24%, Time Inc.: 3.180E-06s @ element    1126 in Part SYS\wall Est. Clock Time Remaining: 8s        
Cycle:     3980, Time:  1.265E-02s, Progress:  63.25%, Time Inc.: 3.180E-06s @ element    1126 in Part SYS\wall Est. Clock Time Remaining: 8s        
Cycle:     3981, Time:  1.265E-02s, Progress:  63.27%, Time Inc.: 3.180E-06s @ element    1126 in Part SYS\wall Est. Clock Time Remaining: 8s        
Cycle:     3982, Time:  1.266E-02s, Progress:  63.29%, Time Inc.: 3.180E-06s @ element    1126 in Part SYS\wall Est. Clock Time Remaining: 8s        
Cycle:     3983, Time:  1.266E-02s, Progress:  63.30%, Time Inc.: 3.180E-06s @ element    1126 in Part SYS\wall Est. Clock Time Remaining: 8s        
Cycle:     3984, Time:  1.266E-02s, Progress:  63.32%, Time Inc.: 3.180E-06s @ element    1126 in Part SYS\wall Est. Clock Time Remaining: 8s        
Cycle:     3985, Time:  1.267E-02s, Progress:  63.33%, Time Inc.: 3.180E-06s @ element    1126 in Part SYS\wall Est. Clock Time Remaining: 8s        
Cycle:     3986, Time:  1.267E-02s, Progress:  63.35%, Time Inc.: 3.180E-06s @ element    1126 in Part SYS\wall Est. Clock Time Remaining: 8s        
Cycle:     3987, Time:  1.267E-02s, Progress:  63.36%, Time Inc.: 3.180E-06s @ element    1126 in Part SYS\wall Est. Clock Time Remaining: 8s        
Cycle:     3988, Time:  1.268E-02s, Progress:  63.38%, Time Inc.: 3.180E-06s @ element    1126 in Part SYS\wall Est. Clock Time Remaining: 8s        
Cycle:     3989, Time:  1.268E-02s, Progress:  63.40%, Time Inc.: 3.180E-06s @ element    1126 in Part SYS\wall Est. Clock Time Remaining: 8s        
Cycle:     3990, Time:  1.268E-02s, Progress:  63.41%, Time Inc.: 3.180E-06s @ element    1126 in Part SYS\wall Est. Clock Time Remaining: 8s        
Cycle:     3991, Time:  1.269E-02s, Progress:  63.43%, Time Inc.: 3.180E-06s @ element    1126 in Part SYS\wall Est. Clock Time Remaining: 8s        
Cycle:     3992, Time:  1.269E-02s, Progress:  63.44%, Time Inc.: 3.180E-06s @ element    1126 in Part SYS\wall Est. Clock Time Remaining: 8s        
Cycle:     3993, Time:  1.269E-02s, Progress:  63.46%, Time Inc.: 3.180E-06s @ element    1126 in Part SYS\wall Est. Clock Time Remaining: 8s        
Cycle:     3994, Time:  1.270E-02s, Progress:  63.48%, Time Inc.: 3.180E-06s @ element    1126 in Part SYS\wall Est. Clock Time Remaining: 8s        
Cycle:     3995, Time:  1.270E-02s, Progress:  63.49%, Time Inc.: 3.180E-06s @ element    1126 in Part SYS\wall Est. Clock Time Remaining: 8s        
Cycle:     3996, Time:  1.270E-02s, Progress:  63.51%, Time Inc.: 3.180E-06s @ element    1126 in Part SYS\wall Est. Clock Time Remaining: 8s        
Cycle:     3997, Time:  1.270E-02s, Progress:  63.52%, Time Inc.: 3.180E-06s @ element    1126 in Part SYS\wall Est. Clock Time Remaining: 8s        
Cycle:     3998, Time:  1.271E-02s, Progress:  63.54%, Time Inc.: 3.180E-06s @ element    1126 in Part SYS\wall Est. Clock Time Remaining: 8s        
Cycle:     3999, Time:  1.271E-02s, Progress:  63.56%, Time Inc.: 3.180E-06s @ element    1126 in Part SYS\wall Est. Clock Time Remaining: 8s        
Cycle:     4000, Time:  1.271E-02s, Progress:  63.57%, Time Inc.: 3.180E-06s @ element    1126 in Part SYS\wall Est. Clock Time Remaining: 8s        
Cycle:     4001, Time:  1.272E-02s, Progress:  63.59%, Time Inc.: 3.180E-06s @ element    1126 in Part SYS\wall Est. Clock Time Remaining: 8s        
Cycle:     4002, Time:  1.272E-02s, Progress:  63.60%, Time Inc.: 3.180E-06s @ element    1126 in Part SYS\wall Est. Clock Time Remaining: 8s        
Cycle:     4003, Time:  1.272E-02s, Progress:  63.62%, Time Inc.: 3.180E-06s @ element    1126 in Part SYS\wall Est. Clock Time Remaining: 8s        
Cycle:     4004, Time:  1.273E-02s, Progress:  63.63%, Time Inc.: 3.180E-06s @ element    1126 in Part SYS\wall Est. Clock Time Remaining: 8s        
Cycle:     4005, Time:  1.273E-02s, Progress:  63.65%, Time Inc.: 3.180E-06s @ element    1126 in Part SYS\wall Est. Clock Time Remaining: 8s        
Cycle:     4006, Time:  1.273E-02s, Progress:  63.67%, Time Inc.: 3.180E-06s @ element    1126 in Part SYS\wall Est. Clock Time Remaining: 8s        
Cycle:     4007, Time:  1.274E-02s, Progress:  63.68%, Time Inc.: 3.180E-06s @ element    1126 in Part SYS\wall Est. Clock Time Remaining: 8s        
Cycle:     4008, Time:  1.274E-02s, Progress:  63.70%, Time Inc.: 3.180E-06s @ element    1126 in Part SYS\wall Est. Clock Time Remaining: 8s        
Cycle:     4009, Time:  1.274E-02s, Progress:  63.71%, Time Inc.: 3.180E-06s @ element    1054 in Part SYS\wall Est. Clock Time Remaining: 7s        
Cycle:     4010, Time:  1.275E-02s, Progress:  63.73%, Time Inc.: 3.180E-06s @ element    1054 in Part SYS\wall Est. Clock Time Remaining: 7s        
Cycle:     4011, Time:  1.275E-02s, Progress:  63.75%, Time Inc.: 3.180E-06s @ element    1054 in Part SYS\wall Est. Clock Time Remaining: 7s        
Cycle:     4012, Time:  1.275E-02s, Progress:  63.76%, Time Inc.: 3.180E-06s @ element    1054 in Part SYS\wall Est. Clock Time Remaining: 7s        
Cycle:     4013, Time:  1.276E-02s, Progress:  63.78%, Time Inc.: 3.180E-06s @ element    1054 in Part SYS\wall Est. Clock Time Remaining: 7s        
Cycle:     4014, Time:  1.276E-02s, Progress:  63.79%, Time Inc.: 3.180E-06s @ element    1054 in Part SYS\wall Est. Clock Time Remaining: 7s        
Cycle:     4015, Time:  1.276E-02s, Progress:  63.81%, Time Inc.: 3.180E-06s @ element    1054 in Part SYS\wall Est. Clock Time Remaining: 7s        
Cycle:     4016, Time:  1.277E-02s, Progress:  63.83%, Time Inc.: 3.180E-06s @ element    1054 in Part SYS\wall Est. Clock Time Remaining: 7s        
Cycle:     4017, Time:  1.277E-02s, Progress:  63.84%, Time Inc.: 3.180E-06s @ element    1054 in Part SYS\wall Est. Clock Time Remaining: 7s        
Cycle:     4018, Time:  1.277E-02s, Progress:  63.86%, Time Inc.: 3.180E-06s @ element    1054 in Part SYS\wall Est. Clock Time Remaining: 7s        
Cycle:     4019, Time:  1.277E-02s, Progress:  63.87%, Time Inc.: 3.180E-06s @ element    1126 in Part SYS\wall Est. Clock Time Remaining: 7s        
Cycle:     4020, Time:  1.278E-02s, Progress:  63.89%, Time Inc.: 3.180E-06s @ element    1126 in Part SYS\wall Est. Clock Time Remaining: 7s        
Cycle:     4021, Time:  1.278E-02s, Progress:  63.91%, Time Inc.: 3.180E-06s @ element    1126 in Part SYS\wall Est. Clock Time Remaining: 7s        
Cycle:     4022, Time:  1.278E-02s, Progress:  63.92%, Time Inc.: 3.180E-06s @ element    1126 in Part SYS\wall Est. Clock Time Remaining: 7s        
Cycle:     4023, Time:  1.279E-02s, Progress:  63.94%, Time Inc.: 3.180E-06s @ element    1126 in Part SYS\wall Est. Clock Time Remaining: 7s        
Cycle:     4024, Time:  1.279E-02s, Progress:  63.95%, Time Inc.: 3.180E-06s @ element    1126 in Part SYS\wall Est. Clock Time Remaining: 7s        
Cycle:     4025, Time:  1.279E-02s, Progress:  63.97%, Time Inc.: 3.180E-06s @ element    1126 in Part SYS\wall Est. Clock Time Remaining: 7s        
Cycle:     4026, Time:  1.280E-02s, Progress:  63.98%, Time Inc.: 3.180E-06s @ element    1126 in Part SYS\wall Est. Clock Time Remaining: 7s        
Cycle:     4027, Time:  1.280E-02s, Progress:  64.00%, Time Inc.: 3.180E-06s @ element    1126 in Part SYS\wall Est. Clock Time Remaining: 7s        
Cycle:     4028, Time:  1.280E-02s, Progress:  64.02%, Time Inc.: 3.180E-06s @ element    1126 in Part SYS\wall Est. Clock Time Remaining: 7s        
Cycle:     4029, Time:  1.281E-02s, Progress:  64.03%, Time Inc.: 3.180E-06s @ element    1126 in Part SYS\wall Est. Clock Time Remaining: 7s        
Cycle:     4030, Time:  1.281E-02s, Progress:  64.05%, Time Inc.: 3.180E-06s @ element    1126 in Part SYS\wall Est. Clock Time Remaining: 7s        
Cycle:     4031, Time:  1.281E-02s, Progress:  64.06%, Time Inc.: 3.180E-06s @ element    1126 in Part SYS\wall Est. Clock Time Remaining: 7s        
Cycle:     4032, Time:  1.282E-02s, Progress:  64.08%, Time Inc.: 3.180E-06s @ element    1126 in Part SYS\wall Est. Clock Time Remaining: 7s        
Cycle:     4033, Time:  1.282E-02s, Progress:  64.10%, Time Inc.: 3.180E-06s @ element    1126 in Part SYS\wall Est. Clock Time Remaining: 7s        
Cycle:     4034, Time:  1.282E-02s, Progress:  64.11%, Time Inc.: 3.180E-06s @ element    1126 in Part SYS\wall Est. Clock Time Remaining: 7s        
Cycle:     4035, Time:  1.283E-02s, Progress:  64.13%, Time Inc.: 3.180E-06s @ element    1126 in Part SYS\wall Est. Clock Time Remaining: 7s        
Cycle:     4036, Time:  1.283E-02s, Progress:  64.14%, Time Inc.: 3.180E-06s @ element    1126 in Part SYS\wall Est. Clock Time Remaining: 7s        
Cycle:     4037, Time:  1.283E-02s, Progress:  64.16%, Time Inc.: 3.180E-06s @ element    1126 in Part SYS\wall Est. Clock Time Remaining: 7s        
Cycle:     4038, Time:  1.284E-02s, Progress:  64.18%, Time Inc.: 3.180E-06s @ element    1126 in Part SYS\wall Est. Clock Time Remaining: 7s        
Cycle:     4039, Time:  1.284E-02s, Progress:  64.19%, Time Inc.: 3.180E-06s @ element    1126 in Part SYS\wall Est. Clock Time Remaining: 7s        
Cycle:     4040, Time:  1.284E-02s, Progress:  64.21%, Time Inc.: 3.180E-06s @ element    1126 in Part SYS\wall Est. Clock Time Remaining: 7s        
Cycle:     4041, Time:  1.284E-02s, Progress:  64.22%, Time Inc.: 3.180E-06s @ element    1126 in Part SYS\wall Est. Clock Time Remaining: 7s        
Cycle:     4042, Time:  1.285E-02s, Progress:  64.24%, Time Inc.: 3.180E-06s @ element    1126 in Part SYS\wall Est. Clock Time Remaining: 7s        
Cycle:     4043, Time:  1.285E-02s, Progress:  64.25%, Time Inc.: 3.180E-06s @ element    1126 in Part SYS\wall Est. Clock Time Remaining: 7s        
Cycle:     4044, Time:  1.285E-02s, Progress:  64.27%, Time Inc.: 3.180E-06s @ element    1126 in Part SYS\wall Est. Clock Time Remaining: 7s        
Cycle:     4045, Time:  1.286E-02s, Progress:  64.29%, Time Inc.: 3.180E-06s @ element    1126 in Part SYS\wall Est. Clock Time Remaining: 7s        
Cycle:     4046, Time:  1.286E-02s, Progress:  64.30%, Time Inc.: 3.180E-06s @ element    1126 in Part SYS\wall Est. Clock Time Remaining: 7s        
Cycle:     4047, Time:  1.286E-02s, Progress:  64.32%, Time Inc.: 3.180E-06s @ element    1126 in Part SYS\wall Est. Clock Time Remaining: 7s        
Cycle:     4048, Time:  1.287E-02s, Progress:  64.33%, Time Inc.: 3.180E-06s @ element    1126 in Part SYS\wall Est. Clock Time Remaining: 7s        
Cycle:     4049, Time:  1.287E-02s, Progress:  64.35%, Time Inc.: 3.180E-06s @ element    1126 in Part SYS\wall Est. Clock Time Remaining: 7s        
Cycle:     4050, Time:  1.287E-02s, Progress:  64.37%, Time Inc.: 3.180E-06s @ element    1126 in Part SYS\wall Est. Clock Time Remaining: 7s        
Cycle:     4051, Time:  1.288E-02s, Progress:  64.38%, Time Inc.: 3.180E-06s @ element     290 in Part SYS\wall Est. Clock Time Remaining: 7s        
Cycle:     4052, Time:  1.288E-02s, Progress:  64.40%, Time Inc.: 3.180E-06s @ element     290 in Part SYS\wall Est. Clock Time Remaining: 7s        
Cycle:     4053, Time:  1.288E-02s, Progress:  64.41%, Time Inc.: 3.180E-06s @ element     290 in Part SYS\wall Est. Clock Time Remaining: 7s        
Cycle:     4054, Time:  1.289E-02s, Progress:  64.43%, Time Inc.: 3.180E-06s @ element     290 in Part SYS\wall Est. Clock Time Remaining: 7s        
Cycle:     4055, Time:  1.289E-02s, Progress:  64.45%, Time Inc.: 3.180E-06s @ element     290 in Part SYS\wall Est. Clock Time Remaining: 7s        
Cycle:     4056, Time:  1.289E-02s, Progress:  64.46%, Time Inc.: 3.180E-06s @ element     290 in Part SYS\wall Est. Clock Time Remaining: 7s        
Cycle:     4057, Time:  1.290E-02s, Progress:  64.48%, Time Inc.: 3.180E-06s @ element     290 in Part SYS\wall Est. Clock Time Remaining: 7s        
Cycle:     4058, Time:  1.290E-02s, Progress:  64.49%, Time Inc.: 3.180E-06s @ element     290 in Part SYS\wall Est. Clock Time Remaining: 7s        
Cycle:     4059, Time:  1.290E-02s, Progress:  64.51%, Time Inc.: 3.180E-06s @ element     290 in Part SYS\wall Est. Clock Time Remaining: 7s        
Cycle:     4060, Time:  1.291E-02s, Progress:  64.53%, Time Inc.: 3.180E-06s @ element     290 in Part SYS\wall Est. Clock Time Remaining: 7s        
Cycle:     4061, Time:  1.291E-02s, Progress:  64.54%, Time Inc.: 3.180E-06s @ element     290 in Part SYS\wall Est. Clock Time Remaining: 7s        
Cycle:     4062, Time:  1.291E-02s, Progress:  64.56%, Time Inc.: 3.180E-06s @ element     290 in Part SYS\wall Est. Clock Time Remaining: 7s        
Cycle:     4063, Time:  1.291E-02s, Progress:  64.57%, Time Inc.: 3.180E-06s @ element     290 in Part SYS\wall Est. Clock Time Remaining: 7s        
Cycle:     4064, Time:  1.292E-02s, Progress:  64.59%, Time Inc.: 3.180E-06s @ element     290 in Part SYS\wall Est. Clock Time Remaining: 7s        
Cycle:     4065, Time:  1.292E-02s, Progress:  64.60%, Time Inc.: 3.180E-06s @ element     290 in Part SYS\wall Est. Clock Time Remaining: 7s        
Cycle:     4066, Time:  1.292E-02s, Progress:  64.62%, Time Inc.: 3.180E-06s @ element     290 in Part SYS\wall Est. Clock Time Remaining: 7s        
Cycle:     4067, Time:  1.293E-02s, Progress:  64.64%, Time Inc.: 3.180E-06s @ element     290 in Part SYS\wall Est. Clock Time Remaining: 7s        
Cycle:     4068, Time:  1.293E-02s, Progress:  64.65%, Time Inc.: 3.180E-06s @ element     290 in Part SYS\wall Est. Clock Time Remaining: 7s        
Cycle:     4069, Time:  1.293E-02s, Progress:  64.67%, Time Inc.: 3.180E-06s @ element     290 in Part SYS\wall Est. Clock Time Remaining: 7s        
Cycle:     4070, Time:  1.294E-02s, Progress:  64.68%, Time Inc.: 3.180E-06s @ element     290 in Part SYS\wall Est. Clock Time Remaining: 7s        
Cycle:     4071, Time:  1.294E-02s, Progress:  64.70%, Time Inc.: 3.180E-06s @ element     290 in Part SYS\wall Est. Clock Time Remaining: 7s        
Cycle:     4072, Time:  1.294E-02s, Progress:  64.72%, Time Inc.: 3.180E-06s @ element     290 in Part SYS\wall Est. Clock Time Remaining: 7s        
Cycle:     4073, Time:  1.295E-02s, Progress:  64.73%, Time Inc.: 3.180E-06s @ element     290 in Part SYS\wall Est. Clock Time Remaining: 7s        
Cycle:     4074, Time:  1.295E-02s, Progress:  64.75%, Time Inc.: 3.180E-06s @ element     290 in Part SYS\wall Est. Clock Time Remaining: 7s        
Cycle:     4075, Time:  1.295E-02s, Progress:  64.76%, Time Inc.: 3.180E-06s @ element     290 in Part SYS\wall Est. Clock Time Remaining: 7s        
Cycle:     4076, Time:  1.296E-02s, Progress:  64.78%, Time Inc.: 3.180E-06s @ element     290 in Part SYS\wall Est. Clock Time Remaining: 7s        
Cycle:     4077, Time:  1.296E-02s, Progress:  64.80%, Time Inc.: 3.180E-06s @ element     290 in Part SYS\wall Est. Clock Time Remaining: 7s        
Cycle:     4078, Time:  1.296E-02s, Progress:  64.81%, Time Inc.: 3.180E-06s @ element     290 in Part SYS\wall Est. Clock Time Remaining: 7s        
Cycle:     4079, Time:  1.297E-02s, Progress:  64.83%, Time Inc.: 3.180E-06s @ element     290 in Part SYS\wall Est. Clock Time Remaining: 7s        
Cycle:     4080, Time:  1.297E-02s, Progress:  64.84%, Time Inc.: 3.180E-06s @ element     290 in Part SYS\wall Est. Clock Time Remaining: 7s        
Cycle:     4081, Time:  1.297E-02s, Progress:  64.86%, Time Inc.: 3.180E-06s @ element     290 in Part SYS\wall Est. Clock Time Remaining: 7s        
Cycle:     4082, Time:  1.298E-02s, Progress:  64.88%, Time Inc.: 3.180E-06s @ element     904 in Part SYS\wall Est. Clock Time Remaining: 7s        
Cycle:     4083, Time:  1.298E-02s, Progress:  64.89%, Time Inc.: 3.180E-06s @ element     904 in Part SYS\wall Est. Clock Time Remaining: 7s        
Cycle:     4084, Time:  1.298E-02s, Progress:  64.91%, Time Inc.: 3.180E-06s @ element     904 in Part SYS\wall Est. Clock Time Remaining: 7s        
Cycle:     4085, Time:  1.298E-02s, Progress:  64.92%, Time Inc.: 3.180E-06s @ element     904 in Part SYS\wall Est. Clock Time Remaining: 7s        
Cycle:     4086, Time:  1.299E-02s, Progress:  64.94%, Time Inc.: 3.180E-06s @ element     904 in Part SYS\wall Est. Clock Time Remaining: 7s        
Cycle:     4087, Time:  1.299E-02s, Progress:  64.95%, Time Inc.: 3.180E-06s @ element     904 in Part SYS\wall Est. Clock Time Remaining: 7s        
Cycle:     4088, Time:  1.299E-02s, Progress:  64.97%, Time Inc.: 3.180E-06s @ element     904 in Part SYS\wall Est. Clock Time Remaining: 7s        
Cycle:     4089, Time:  1.300E-02s, Progress:  64.99%, Time Inc.: 3.180E-06s @ element     904 in Part SYS\wall Est. Clock Time Remaining: 7s        
Cycle:     4090, Time:  1.300E-02s, Progress:  65.00%, Time Inc.: 3.180E-06s @ element     904 in Part SYS\wall Est. Clock Time Remaining: 7s        
Cycle:     4091, Time:  1.300E-02s, Progress:  65.02%, Time Inc.: 3.180E-06s @ element     904 in Part SYS\wall Est. Clock Time Remaining: 7s        
Cycle:     4092, Time:  1.301E-02s, Progress:  65.03%, Time Inc.: 3.180E-06s @ element     904 in Part SYS\wall Est. Clock Time Remaining: 7s        
Cycle:     4093, Time:  1.301E-02s, Progress:  65.05%, Time Inc.: 3.180E-06s @ element     904 in Part SYS\wall Est. Clock Time Remaining: 7s        
Cycle:     4094, Time:  1.301E-02s, Progress:  65.07%, Time Inc.: 3.180E-06s @ element     904 in Part SYS\wall Est. Clock Time Remaining: 7s        
Cycle:     4095, Time:  1.302E-02s, Progress:  65.08%, Time Inc.: 3.180E-06s @ element     904 in Part SYS\wall Est. Clock Time Remaining: 7s        
Cycle:     4096, Time:  1.302E-02s, Progress:  65.10%, Time Inc.: 3.180E-06s @ element     904 in Part SYS\wall Est. Clock Time Remaining: 7s        
Cycle:     4097, Time:  1.302E-02s, Progress:  65.11%, Time Inc.: 3.180E-06s @ element     904 in Part SYS\wall Est. Clock Time Remaining: 7s        
Cycle:     4098, Time:  1.303E-02s, Progress:  65.13%, Time Inc.: 3.180E-06s @ element     904 in Part SYS\wall Est. Clock Time Remaining: 7s        
Cycle:     4099, Time:  1.303E-02s, Progress:  65.15%, Time Inc.: 3.180E-06s @ element     904 in Part SYS\wall Est. Clock Time Remaining: 7s        
Cycle:     4100, Time:  1.303E-02s, Progress:  65.16%, Time Inc.: 3.180E-06s @ element     904 in Part SYS\wall Est. Clock Time Remaining: 7s        
Cycle:     4101, Time:  1.304E-02s, Progress:  65.18%, Time Inc.: 3.180E-06s @ element     904 in Part SYS\wall Est. Clock Time Remaining: 7s        
Cycle:     4102, Time:  1.304E-02s, Progress:  65.19%, Time Inc.: 3.180E-06s @ element     904 in Part SYS\wall Est. Clock Time Remaining: 7s        
Cycle:     4103, Time:  1.304E-02s, Progress:  65.21%, Time Inc.: 3.180E-06s @ element     904 in Part SYS\wall Est. Clock Time Remaining: 7s        
Cycle:     4104, Time:  1.304E-02s, Progress:  65.22%, Time Inc.: 3.180E-06s @ element     904 in Part SYS\wall Est. Clock Time Remaining: 7s        
Cycle:     4105, Time:  1.305E-02s, Progress:  65.24%, Time Inc.: 3.180E-06s @ element     904 in Part SYS\wall Est. Clock Time Remaining: 7s        
Cycle:     4106, Time:  1.305E-02s, Progress:  65.26%, Time Inc.: 3.180E-06s @ element     904 in Part SYS\wall Est. Clock Time Remaining: 7s        
Cycle:     4107, Time:  1.305E-02s, Progress:  65.27%, Time Inc.: 3.180E-06s @ element     904 in Part SYS\wall Est. Clock Time Remaining: 7s        
Cycle:     4108, Time:  1.306E-02s, Progress:  65.29%, Time Inc.: 3.180E-06s @ element     904 in Part SYS\wall Est. Clock Time Remaining: 7s        
Cycle:     4109, Time:  1.306E-02s, Progress:  65.30%, Time Inc.: 3.180E-06s @ element     904 in Part SYS\wall Est. Clock Time Remaining: 7s        
Cycle:     4110, Time:  1.306E-02s, Progress:  65.32%, Time Inc.: 3.180E-06s @ element     362 in Part SYS\wall Est. Clock Time Remaining: 7s        
Cycle:     4111, Time:  1.307E-02s, Progress:  65.34%, Time Inc.: 3.180E-06s @ element     362 in Part SYS\wall Est. Clock Time Remaining: 7s        
Cycle:     4112, Time:  1.307E-02s, Progress:  65.35%, Time Inc.: 3.180E-06s @ element     362 in Part SYS\wall Est. Clock Time Remaining: 7s        
Cycle:     4113, Time:  1.307E-02s, Progress:  65.37%, Time Inc.: 3.180E-06s @ element     362 in Part SYS\wall Est. Clock Time Remaining: 7s        
Cycle:     4114, Time:  1.308E-02s, Progress:  65.38%, Time Inc.: 3.180E-06s @ element     362 in Part SYS\wall Est. Clock Time Remaining: 7s        
Cycle:     4115, Time:  1.308E-02s, Progress:  65.40%, Time Inc.: 3.180E-06s @ element     362 in Part SYS\wall Est. Clock Time Remaining: 7s        
Cycle:     4116, Time:  1.308E-02s, Progress:  65.42%, Time Inc.: 3.180E-06s @ element     362 in Part SYS\wall Est. Clock Time Remaining: 7s        
Cycle:     4117, Time:  1.309E-02s, Progress:  65.43%, Time Inc.: 3.180E-06s @ element     362 in Part SYS\wall Est. Clock Time Remaining: 7s        
Cycle:     4118, Time:  1.309E-02s, Progress:  65.45%, Time Inc.: 3.180E-06s @ element     362 in Part SYS\wall Est. Clock Time Remaining: 7s        
Cycle:     4119, Time:  1.309E-02s, Progress:  65.46%, Time Inc.: 3.180E-06s @ element     362 in Part SYS\wall Est. Clock Time Remaining: 7s        
Cycle:     4120, Time:  1.310E-02s, Progress:  65.48%, Time Inc.: 3.180E-06s @ element     362 in Part SYS\wall Est. Clock Time Remaining: 7s        
Cycle:     4121, Time:  1.310E-02s, Progress:  65.50%, Time Inc.: 3.180E-06s @ element     362 in Part SYS\wall Est. Clock Time Remaining: 7s        
Cycle:     4122, Time:  1.310E-02s, Progress:  65.51%, Time Inc.: 3.180E-06s @ element     362 in Part SYS\wall Est. Clock Time Remaining: 7s        
Cycle:     4123, Time:  1.311E-02s, Progress:  65.53%, Time Inc.: 3.180E-06s @ element     362 in Part SYS\wall Est. Clock Time Remaining: 7s        
Cycle:     4124, Time:  1.311E-02s, Progress:  65.54%, Time Inc.: 3.180E-06s @ element     362 in Part SYS\wall Est. Clock Time Remaining: 7s        
Cycle:     4125, Time:  1.311E-02s, Progress:  65.56%, Time Inc.: 3.180E-06s @ element     362 in Part SYS\wall Est. Clock Time Remaining: 7s        
Cycle:     4126, Time:  1.311E-02s, Progress:  65.57%, Time Inc.: 3.180E-06s @ element     362 in Part SYS\wall Est. Clock Time Remaining: 7s        
Cycle:     4127, Time:  1.312E-02s, Progress:  65.59%, Time Inc.: 3.180E-06s @ element     362 in Part SYS\wall Est. Clock Time Remaining: 7s        
Cycle:     4128, Time:  1.312E-02s, Progress:  65.61%, Time Inc.: 3.180E-06s @ element     362 in Part SYS\wall Est. Clock Time Remaining: 7s        
Cycle:     4129, Time:  1.312E-02s, Progress:  65.62%, Time Inc.: 3.180E-06s @ element     362 in Part SYS\wall Est. Clock Time Remaining: 7s        
Cycle:     4130, Time:  1.313E-02s, Progress:  65.64%, Time Inc.: 3.180E-06s @ element     362 in Part SYS\wall Est. Clock Time Remaining: 7s        
Cycle:     4131, Time:  1.313E-02s, Progress:  65.65%, Time Inc.: 3.180E-06s @ element     362 in Part SYS\wall Est. Clock Time Remaining: 7s        
Cycle:     4132, Time:  1.313E-02s, Progress:  65.67%, Time Inc.: 3.180E-06s @ element     362 in Part SYS\wall Est. Clock Time Remaining: 7s        
Cycle:     4133, Time:  1.314E-02s, Progress:  65.69%, Time Inc.: 3.180E-06s @ element     362 in Part SYS\wall Est. Clock Time Remaining: 7s        
Cycle:     4134, Time:  1.314E-02s, Progress:  65.70%, Time Inc.: 3.180E-06s @ element    1118 in Part SYS\wall Est. Clock Time Remaining: 7s        
Cycle:     4135, Time:  1.314E-02s, Progress:  65.72%, Time Inc.: 3.180E-06s @ element    1118 in Part SYS\wall Est. Clock Time Remaining: 7s        
Cycle:     4136, Time:  1.315E-02s, Progress:  65.73%, Time Inc.: 3.180E-06s @ element    1118 in Part SYS\wall Est. Clock Time Remaining: 7s        
Cycle:     4137, Time:  1.315E-02s, Progress:  65.75%, Time Inc.: 3.180E-06s @ element    1118 in Part SYS\wall Est. Clock Time Remaining: 7s        
Cycle:     4138, Time:  1.315E-02s, Progress:  65.77%, Time Inc.: 3.180E-06s @ element    1118 in Part SYS\wall Est. Clock Time Remaining: 7s        
Cycle:     4139, Time:  1.316E-02s, Progress:  65.78%, Time Inc.: 3.180E-06s @ element    1118 in Part SYS\wall Est. Clock Time Remaining: 7s        
Cycle:     4140, Time:  1.316E-02s, Progress:  65.80%, Time Inc.: 3.180E-06s @ element    1118 in Part SYS\wall Est. Clock Time Remaining: 7s        
Cycle:     4141, Time:  1.316E-02s, Progress:  65.81%, Time Inc.: 3.180E-06s @ element    1118 in Part SYS\wall Est. Clock Time Remaining: 7s        
Cycle:     4142, Time:  1.317E-02s, Progress:  65.83%, Time Inc.: 3.180E-06s @ element    1118 in Part SYS\wall Est. Clock Time Remaining: 7s        
Cycle:     4143, Time:  1.317E-02s, Progress:  65.84%, Time Inc.: 3.180E-06s @ element    1118 in Part SYS\wall Est. Clock Time Remaining: 7s        
Cycle:     4144, Time:  1.317E-02s, Progress:  65.86%, Time Inc.: 3.180E-06s @ element    1118 in Part SYS\wall Est. Clock Time Remaining: 7s        
Cycle:     4145, Time:  1.318E-02s, Progress:  65.88%, Time Inc.: 3.180E-06s @ element    1118 in Part SYS\wall Est. Clock Time Remaining: 7s        
Cycle:     4146, Time:  1.318E-02s, Progress:  65.89%, Time Inc.: 3.180E-06s @ element    1118 in Part SYS\wall Est. Clock Time Remaining: 7s        
Cycle:     4147, Time:  1.318E-02s, Progress:  65.91%, Time Inc.: 3.180E-06s @ element    1118 in Part SYS\wall Est. Clock Time Remaining: 7s        
Cycle:     4148, Time:  1.318E-02s, Progress:  65.92%, Time Inc.: 3.180E-06s @ element    1118 in Part SYS\wall Est. Clock Time Remaining: 7s        
Cycle:     4149, Time:  1.319E-02s, Progress:  65.94%, Time Inc.: 3.180E-06s @ element    1118 in Part SYS\wall Est. Clock Time Remaining: 7s        
Cycle:     4150, Time:  1.319E-02s, Progress:  65.96%, Time Inc.: 3.180E-06s @ element    1118 in Part SYS\wall Est. Clock Time Remaining: 7s        
Cycle:     4151, Time:  1.319E-02s, Progress:  65.97%, Time Inc.: 3.180E-06s @ element    1118 in Part SYS\wall Est. Clock Time Remaining: 7s        
Cycle:     4152, Time:  1.320E-02s, Progress:  65.99%, Time Inc.: 3.180E-06s @ element       9 in Part SYS\wall Est. Clock Time Remaining: 7s        
Cycle:     4153, Time:  1.320E-02s, Progress:  66.00%, Time Inc.: 3.180E-06s @ element       9 in Part SYS\wall Est. Clock Time Remaining: 7s        
Cycle:     4154, Time:  1.320E-02s, Progress:  66.02%, Time Inc.: 3.180E-06s @ element       9 in Part SYS\wall Est. Clock Time Remaining: 7s        
Cycle:     4155, Time:  1.321E-02s, Progress:  66.04%, Time Inc.: 3.180E-06s @ element       9 in Part SYS\wall Est. Clock Time Remaining: 7s        
Cycle:     4156, Time:  1.321E-02s, Progress:  66.05%, Time Inc.: 3.180E-06s @ element       9 in Part SYS\wall Est. Clock Time Remaining: 7s        
Cycle:     4157, Time:  1.321E-02s, Progress:  66.07%, Time Inc.: 3.180E-06s @ element       9 in Part SYS\wall Est. Clock Time Remaining: 7s        
Cycle:     4158, Time:  1.322E-02s, Progress:  66.08%, Time Inc.: 3.180E-06s @ element       9 in Part SYS\wall Est. Clock Time Remaining: 7s        
Cycle:     4159, Time:  1.322E-02s, Progress:  66.10%, Time Inc.: 3.180E-06s @ element       9 in Part SYS\wall Est. Clock Time Remaining: 7s        
Cycle:     4160, Time:  1.322E-02s, Progress:  66.12%, Time Inc.: 3.180E-06s @ element       9 in Part SYS\wall Est. Clock Time Remaining: 7s        
Cycle:     4161, Time:  1.323E-02s, Progress:  66.13%, Time Inc.: 3.180E-06s @ element       9 in Part SYS\wall Est. Clock Time Remaining: 7s        
Cycle:     4162, Time:  1.323E-02s, Progress:  66.15%, Time Inc.: 3.180E-06s @ element       9 in Part SYS\wall Est. Clock Time Remaining: 7s        
Cycle:     4163, Time:  1.323E-02s, Progress:  66.16%, Time Inc.: 3.180E-06s @ element       9 in Part SYS\wall Est. Clock Time Remaining: 7s        
Cycle:     4164, Time:  1.324E-02s, Progress:  66.18%, Time Inc.: 3.180E-06s @ element       9 in Part SYS\wall Est. Clock Time Remaining: 7s        
Cycle:     4165, Time:  1.324E-02s, Progress:  66.19%, Time Inc.: 3.180E-06s @ element       9 in Part SYS\wall Est. Clock Time Remaining: 7s        
Cycle:     4166, Time:  1.324E-02s, Progress:  66.21%, Time Inc.: 3.180E-06s @ element       9 in Part SYS\wall Est. Clock Time Remaining: 7s        
Cycle:     4167, Time:  1.325E-02s, Progress:  66.23%, Time Inc.: 3.180E-06s @ element       9 in Part SYS\wall Est. Clock Time Remaining: 7s        
Cycle:     4168, Time:  1.325E-02s, Progress:  66.24%, Time Inc.: 3.180E-06s @ element       9 in Part SYS\wall Est. Clock Time Remaining: 7s        
Cycle:     4169, Time:  1.325E-02s, Progress:  66.26%, Time Inc.: 3.180E-06s @ element       9 in Part SYS\wall Est. Clock Time Remaining: 7s        
Cycle:     4170, Time:  1.325E-02s, Progress:  66.27%, Time Inc.: 3.180E-06s @ element       9 in Part SYS\wall Est. Clock Time Remaining: 7s        
Cycle:     4171, Time:  1.326E-02s, Progress:  66.29%, Time Inc.: 3.180E-06s @ element       9 in Part SYS\wall Est. Clock Time Remaining: 7s        
Cycle:     4172, Time:  1.326E-02s, Progress:  66.31%, Time Inc.: 3.180E-06s @ element       9 in Part SYS\wall Est. Clock Time Remaining: 7s        
Cycle:     4173, Time:  1.326E-02s, Progress:  66.32%, Time Inc.: 3.180E-06s @ element       9 in Part SYS\wall Est. Clock Time Remaining: 7s        
Cycle:     4174, Time:  1.327E-02s, Progress:  66.34%, Time Inc.: 3.180E-06s @ element       9 in Part SYS\wall Est. Clock Time Remaining: 7s        
Cycle:     4175, Time:  1.327E-02s, Progress:  66.35%, Time Inc.: 3.180E-06s @ element       9 in Part SYS\wall Est. Clock Time Remaining: 7s        
Cycle:     4176, Time:  1.327E-02s, Progress:  66.37%, Time Inc.: 3.180E-06s @ element       9 in Part SYS\wall Est. Clock Time Remaining: 7s        
Cycle:     4177, Time:  1.328E-02s, Progress:  66.39%, Time Inc.: 3.180E-06s @ element       9 in Part SYS\wall Est. Clock Time Remaining: 7s        
Cycle:     4178, Time:  1.328E-02s, Progress:  66.40%, Time Inc.: 3.180E-06s @ element       9 in Part SYS\wall Est. Clock Time Remaining: 7s        
Cycle:     4179, Time:  1.328E-02s, Progress:  66.42%, Time Inc.: 3.180E-06s @ element       9 in Part SYS\wall Est. Clock Time Remaining: 7s        
Cycle:     4180, Time:  1.329E-02s, Progress:  66.43%, Time Inc.: 3.180E-06s @ element       9 in Part SYS\wall Est. Clock Time Remaining: 7s        
Cycle:     4181, Time:  1.329E-02s, Progress:  66.45%, Time Inc.: 3.180E-06s @ element       9 in Part SYS\wall Est. Clock Time Remaining: 7s        
Cycle:     4182, Time:  1.329E-02s, Progress:  66.47%, Time Inc.: 3.180E-06s @ element       9 in Part SYS\wall Est. Clock Time Remaining: 7s        
Cycle:     4183, Time:  1.330E-02s, Progress:  66.48%, Time Inc.: 3.180E-06s @ element       9 in Part SYS\wall Est. Clock Time Remaining: 7s        
Cycle:     4184, Time:  1.330E-02s, Progress:  66.50%, Time Inc.: 3.180E-06s @ element       9 in Part SYS\wall Est. Clock Time Remaining: 7s        
Cycle:     4185, Time:  1.330E-02s, Progress:  66.51%, Time Inc.: 3.180E-06s @ element       9 in Part SYS\wall Est. Clock Time Remaining: 7s        
Cycle:     4186, Time:  1.331E-02s, Progress:  66.53%, Time Inc.: 3.180E-06s @ element       9 in Part SYS\wall Est. Clock Time Remaining: 7s        
Cycle:     4187, Time:  1.331E-02s, Progress:  66.54%, Time Inc.: 3.180E-06s @ element       9 in Part SYS\wall Est. Clock Time Remaining: 7s        
Cycle:     4188, Time:  1.331E-02s, Progress:  66.56%, Time Inc.: 3.180E-06s @ element       9 in Part SYS\wall Est. Clock Time Remaining: 7s        
Cycle:     4189, Time:  1.332E-02s, Progress:  66.58%, Time Inc.: 3.180E-06s @ element       9 in Part SYS\wall Est. Clock Time Remaining: 7s        
Cycle:     4190, Time:  1.332E-02s, Progress:  66.59%, Time Inc.: 3.180E-06s @ element       9 in Part SYS\wall Est. Clock Time Remaining: 7s        
Cycle:     4191, Time:  1.332E-02s, Progress:  66.61%, Time Inc.: 3.180E-06s @ element       9 in Part SYS\wall Est. Clock Time Remaining: 7s        
Cycle:     4192, Time:  1.332E-02s, Progress:  66.62%, Time Inc.: 3.180E-06s @ element       9 in Part SYS\wall Est. Clock Time Remaining: 7s        
Cycle:     4193, Time:  1.333E-02s, Progress:  66.64%, Time Inc.: 3.180E-06s @ element       9 in Part SYS\wall Est. Clock Time Remaining: 7s        
Cycle:     4194, Time:  1.333E-02s, Progress:  66.66%, Time Inc.: 3.180E-06s @ element       9 in Part SYS\wall Est. Clock Time Remaining: 7s        
Cycle:     4195, Time:  1.333E-02s, Progress:  66.67%, Time Inc.: 3.180E-06s @ element       9 in Part SYS\wall Est. Clock Time Remaining: 7s        
Cycle:     4196, Time:  1.334E-02s, Progress:  66.69%, Time Inc.: 3.180E-06s @ element       9 in Part SYS\wall Est. Clock Time Remaining: 7s        
Cycle:     4197, Time:  1.334E-02s, Progress:  66.70%, Time Inc.: 3.180E-06s @ element       9 in Part SYS\wall Est. Clock Time Remaining: 7s        
Cycle:     4198, Time:  1.334E-02s, Progress:  66.72%, Time Inc.: 3.180E-06s @ element       9 in Part SYS\wall Est. Clock Time Remaining: 7s        
Cycle:     4199, Time:  1.335E-02s, Progress:  66.74%, Time Inc.: 3.180E-06s @ element       9 in Part SYS\wall Est. Clock Time Remaining: 7s        
Cycle:     4200, Time:  1.335E-02s, Progress:  66.75%, Time Inc.: 3.180E-06s @ element       9 in Part SYS\wall Est. Clock Time Remaining: 7s        
Cycle:     4201, Time:  1.335E-02s, Progress:  66.77%, Time Inc.: 3.180E-06s @ element       9 in Part SYS\wall Est. Clock Time Remaining: 7s        
Cycle:     4202, Time:  1.336E-02s, Progress:  66.78%, Time Inc.: 3.180E-06s @ element       9 in Part SYS\wall Est. Clock Time Remaining: 7s        
Cycle:     4203, Time:  1.336E-02s, Progress:  66.80%, Time Inc.: 3.180E-06s @ element       9 in Part SYS\wall Est. Clock Time Remaining: 7s        
Cycle:     4204, Time:  1.336E-02s, Progress:  66.81%, Time Inc.: 3.180E-06s @ element       9 in Part SYS\wall Est. Clock Time Remaining: 7s        
Cycle:     4205, Time:  1.337E-02s, Progress:  66.83%, Time Inc.: 3.180E-06s @ element       9 in Part SYS\wall Est. Clock Time Remaining: 7s        
Cycle:     4206, Time:  1.337E-02s, Progress:  66.85%, Time Inc.: 3.180E-06s @ element       9 in Part SYS\wall Est. Clock Time Remaining: 7s        
Cycle:     4207, Time:  1.337E-02s, Progress:  66.86%, Time Inc.: 3.180E-06s @ element       9 in Part SYS\wall Est. Clock Time Remaining: 7s        
Cycle:     4208, Time:  1.338E-02s, Progress:  66.88%, Time Inc.: 3.180E-06s @ element       9 in Part SYS\wall Est. Clock Time Remaining: 7s        
Cycle:     4209, Time:  1.338E-02s, Progress:  66.89%, Time Inc.: 3.180E-06s @ element       9 in Part SYS\wall Est. Clock Time Remaining: 7s        
Cycle:     4210, Time:  1.338E-02s, Progress:  66.91%, Time Inc.: 3.180E-06s @ element       9 in Part SYS\wall Est. Clock Time Remaining: 7s        
Cycle:     4211, Time:  1.339E-02s, Progress:  66.93%, Time Inc.: 3.180E-06s @ element       9 in Part SYS\wall Est. Clock Time Remaining: 7s        
Cycle:     4212, Time:  1.339E-02s, Progress:  66.94%, Time Inc.: 3.180E-06s @ element       9 in Part SYS\wall Est. Clock Time Remaining: 7s        
Cycle:     4213, Time:  1.339E-02s, Progress:  66.96%, Time Inc.: 3.180E-06s @ element       9 in Part SYS\wall Est. Clock Time Remaining: 7s        
Cycle:     4214, Time:  1.339E-02s, Progress:  66.97%, Time Inc.: 3.180E-06s @ element       9 in Part SYS\wall Est. Clock Time Remaining: 7s        
Cycle:     4215, Time:  1.340E-02s, Progress:  66.99%, Time Inc.: 3.180E-06s @ element       9 in Part SYS\wall Est. Clock Time Remaining: 7s        
Cycle:     4216, Time:  1.340E-02s, Progress:  67.01%, Time Inc.: 3.180E-06s @ element       9 in Part SYS\wall Est. Clock Time Remaining: 7s        
Cycle:     4217, Time:  1.340E-02s, Progress:  67.02%, Time Inc.: 3.180E-06s @ element       9 in Part SYS\wall Est. Clock Time Remaining: 7s        
Cycle:     4218, Time:  1.341E-02s, Progress:  67.04%, Time Inc.: 3.180E-06s @ element       9 in Part SYS\wall Est. Clock Time Remaining: 7s        
Cycle:     4219, Time:  1.341E-02s, Progress:  67.05%, Time Inc.: 3.180E-06s @ element       9 in Part SYS\wall Est. Clock Time Remaining: 7s        
Cycle:     4220, Time:  1.341E-02s, Progress:  67.07%, Time Inc.: 3.180E-06s @ element       9 in Part SYS\wall Est. Clock Time Remaining: 7s        
Cycle:     4221, Time:  1.342E-02s, Progress:  67.09%, Time Inc.: 3.180E-06s @ element       9 in Part SYS\wall Est. Clock Time Remaining: 7s        
Cycle:     4222, Time:  1.342E-02s, Progress:  67.10%, Time Inc.: 3.180E-06s @ element       9 in Part SYS\wall Est. Clock Time Remaining: 7s        
Cycle:     4223, Time:  1.342E-02s, Progress:  67.12%, Time Inc.: 3.180E-06s @ element       9 in Part SYS\wall Est. Clock Time Remaining: 7s        
Cycle:     4224, Time:  1.343E-02s, Progress:  67.13%, Time Inc.: 3.180E-06s @ element       9 in Part SYS\wall Est. Clock Time Remaining: 7s        
Cycle:     4225, Time:  1.343E-02s, Progress:  67.15%, Time Inc.: 3.180E-06s @ element       9 in Part SYS\wall Est. Clock Time Remaining: 7s        
Cycle:     4226, Time:  1.343E-02s, Progress:  67.16%, Time Inc.: 3.180E-06s @ element       9 in Part SYS\wall Est. Clock Time Remaining: 7s        
Cycle:     4227, Time:  1.344E-02s, Progress:  67.18%, Time Inc.: 3.180E-06s @ element       9 in Part SYS\wall Est. Clock Time Remaining: 7s        
Cycle:     4228, Time:  1.344E-02s, Progress:  67.20%, Time Inc.: 3.180E-06s @ element     220 in Part SYS\wall Est. Clock Time Remaining: 7s        
Cycle:     4229, Time:  1.344E-02s, Progress:  67.21%, Time Inc.: 3.180E-06s @ element     220 in Part SYS\wall Est. Clock Time Remaining: 7s        
Cycle:     4230, Time:  1.345E-02s, Progress:  67.23%, Time Inc.: 3.180E-06s @ element     220 in Part SYS\wall Est. Clock Time Remaining: 7s        
Cycle:     4231, Time:  1.345E-02s, Progress:  67.24%, Time Inc.: 3.180E-06s @ element     220 in Part SYS\wall Est. Clock Time Remaining: 7s        
Cycle:     4232, Time:  1.345E-02s, Progress:  67.26%, Time Inc.: 3.180E-06s @ element     220 in Part SYS\wall Est. Clock Time Remaining: 7s        
Cycle:     4233, Time:  1.346E-02s, Progress:  67.28%, Time Inc.: 3.180E-06s @ element     220 in Part SYS\wall Est. Clock Time Remaining: 7s        
Cycle:     4234, Time:  1.346E-02s, Progress:  67.29%, Time Inc.: 3.180E-06s @ element     220 in Part SYS\wall Est. Clock Time Remaining: 7s        
Cycle:     4235, Time:  1.346E-02s, Progress:  67.31%, Time Inc.: 3.180E-06s @ element     220 in Part SYS\wall Est. Clock Time Remaining: 7s        
Cycle:     4236, Time:  1.346E-02s, Progress:  67.32%, Time Inc.: 3.180E-06s @ element     220 in Part SYS\wall Est. Clock Time Remaining: 7s        
Cycle:     4237, Time:  1.347E-02s, Progress:  67.34%, Time Inc.: 3.180E-06s @ element     220 in Part SYS\wall Est. Clock Time Remaining: 7s        
Cycle:     4238, Time:  1.347E-02s, Progress:  67.36%, Time Inc.: 3.180E-06s @ element     940 in Part SYS\wall Est. Clock Time Remaining: 7s        
Cycle:     4239, Time:  1.347E-02s, Progress:  67.37%, Time Inc.: 3.180E-06s @ element     940 in Part SYS\wall Est. Clock Time Remaining: 7s        
Cycle:     4240, Time:  1.348E-02s, Progress:  67.39%, Time Inc.: 3.180E-06s @ element     940 in Part SYS\wall Est. Clock Time Remaining: 7s        
Cycle:     4241, Time:  1.348E-02s, Progress:  67.40%, Time Inc.: 3.180E-06s @ element     940 in Part SYS\wall Est. Clock Time Remaining: 7s        
Cycle:     4242, Time:  1.348E-02s, Progress:  67.42%, Time Inc.: 3.180E-06s @ element     940 in Part SYS\wall Est. Clock Time Remaining: 7s        
Cycle:     4243, Time:  1.349E-02s, Progress:  67.44%, Time Inc.: 3.180E-06s @ element     940 in Part SYS\wall Est. Clock Time Remaining: 7s        
Cycle:     4244, Time:  1.349E-02s, Progress:  67.45%, Time Inc.: 3.180E-06s @ element     940 in Part SYS\wall Est. Clock Time Remaining: 7s        
Cycle:     4245, Time:  1.349E-02s, Progress:  67.47%, Time Inc.: 3.180E-06s @ element     940 in Part SYS\wall Est. Clock Time Remaining: 7s        
Cycle:     4246, Time:  1.350E-02s, Progress:  67.48%, Time Inc.: 3.180E-06s @ element     940 in Part SYS\wall Est. Clock Time Remaining: 7s        
Cycle:     4247, Time:  1.350E-02s, Progress:  67.50%, Time Inc.: 3.180E-06s @ element     940 in Part SYS\wall Est. Clock Time Remaining: 7s        
Cycle:     4248, Time:  1.350E-02s, Progress:  67.51%, Time Inc.: 3.180E-06s @ element     940 in Part SYS\wall Est. Clock Time Remaining: 7s        
Cycle:     4249, Time:  1.351E-02s, Progress:  67.53%, Time Inc.: 3.180E-06s @ element     940 in Part SYS\wall Est. Clock Time Remaining: 7s        
Cycle:     4250, Time:  1.351E-02s, Progress:  67.55%, Time Inc.: 3.180E-06s @ element     940 in Part SYS\wall Est. Clock Time Remaining: 7s        
Cycle:     4251, Time:  1.351E-02s, Progress:  67.56%, Time Inc.: 3.180E-06s @ element     940 in Part SYS\wall Est. Clock Time Remaining: 7s        
Cycle:     4252, Time:  1.352E-02s, Progress:  67.58%, Time Inc.: 3.180E-06s @ element     940 in Part SYS\wall Est. Clock Time Remaining: 7s        
Cycle:     4253, Time:  1.352E-02s, Progress:  67.59%, Time Inc.: 3.180E-06s @ element     940 in Part SYS\wall Est. Clock Time Remaining: 7s        
Cycle:     4254, Time:  1.352E-02s, Progress:  67.61%, Time Inc.: 3.180E-06s @ element     940 in Part SYS\wall Est. Clock Time Remaining: 7s        
Cycle:     4255, Time:  1.353E-02s, Progress:  67.63%, Time Inc.: 3.180E-06s @ element     940 in Part SYS\wall Est. Clock Time Remaining: 7s        
Cycle:     4256, Time:  1.353E-02s, Progress:  67.64%, Time Inc.: 3.180E-06s @ element     940 in Part SYS\wall Est. Clock Time Remaining: 7s        
Cycle:     4257, Time:  1.353E-02s, Progress:  67.66%, Time Inc.: 3.180E-06s @ element     940 in Part SYS\wall Est. Clock Time Remaining: 7s        
Cycle:     4258, Time:  1.353E-02s, Progress:  67.67%, Time Inc.: 3.180E-06s @ element     940 in Part SYS\wall Est. Clock Time Remaining: 7s        
Cycle:     4259, Time:  1.354E-02s, Progress:  67.69%, Time Inc.: 3.180E-06s @ element     940 in Part SYS\wall Est. Clock Time Remaining: 7s        
Cycle:     4260, Time:  1.354E-02s, Progress:  67.71%, Time Inc.: 3.180E-06s @ element     940 in Part SYS\wall Est. Clock Time Remaining: 7s        
Cycle:     4261, Time:  1.354E-02s, Progress:  67.72%, Time Inc.: 3.180E-06s @ element     940 in Part SYS\wall Est. Clock Time Remaining: 7s        
Cycle:     4262, Time:  1.355E-02s, Progress:  67.74%, Time Inc.: 3.180E-06s @ element     331 in Part SYS\wall Est. Clock Time Remaining: 7s        
Cycle:     4263, Time:  1.355E-02s, Progress:  67.75%, Time Inc.: 3.180E-06s @ element     331 in Part SYS\wall Est. Clock Time Remaining: 7s        
Cycle:     4264, Time:  1.355E-02s, Progress:  67.77%, Time Inc.: 3.180E-06s @ element     331 in Part SYS\wall Est. Clock Time Remaining: 7s        
Cycle:     4265, Time:  1.356E-02s, Progress:  67.78%, Time Inc.: 3.180E-06s @ element     331 in Part SYS\wall Est. Clock Time Remaining: 7s        
Cycle:     4266, Time:  1.356E-02s, Progress:  67.80%, Time Inc.: 3.180E-06s @ element     331 in Part SYS\wall Est. Clock Time Remaining: 7s        
Cycle:     4267, Time:  1.356E-02s, Progress:  67.82%, Time Inc.: 3.180E-06s @ element     331 in Part SYS\wall Est. Clock Time Remaining: 7s        
Cycle:     4268, Time:  1.357E-02s, Progress:  67.83%, Time Inc.: 3.180E-06s @ element     331 in Part SYS\wall Est. Clock Time Remaining: 7s        
Cycle:     4269, Time:  1.357E-02s, Progress:  67.85%, Time Inc.: 3.180E-06s @ element     331 in Part SYS\wall Est. Clock Time Remaining: 7s        
Cycle:     4270, Time:  1.357E-02s, Progress:  67.86%, Time Inc.: 3.180E-06s @ element     331 in Part SYS\wall Est. Clock Time Remaining: 7s        
Cycle:     4271, Time:  1.358E-02s, Progress:  67.88%, Time Inc.: 3.180E-06s @ element     331 in Part SYS\wall Est. Clock Time Remaining: 7s        
Cycle:     4272, Time:  1.358E-02s, Progress:  67.90%, Time Inc.: 3.180E-06s @ element     331 in Part SYS\wall Est. Clock Time Remaining: 7s        
Cycle:     4273, Time:  1.358E-02s, Progress:  67.91%, Time Inc.: 3.180E-06s @ element     331 in Part SYS\wall Est. Clock Time Remaining: 7s        
Cycle:     4274, Time:  1.359E-02s, Progress:  67.93%, Time Inc.: 3.180E-06s @ element     331 in Part SYS\wall Est. Clock Time Remaining: 7s        
Cycle:     4275, Time:  1.359E-02s, Progress:  67.94%, Time Inc.: 3.180E-06s @ element     331 in Part SYS\wall Est. Clock Time Remaining: 7s        
Cycle:     4276, Time:  1.359E-02s, Progress:  67.96%, Time Inc.: 3.180E-06s @ element     331 in Part SYS\wall Est. Clock Time Remaining: 7s        
Cycle:     4277, Time:  1.360E-02s, Progress:  67.98%, Time Inc.: 3.180E-06s @ element     331 in Part SYS\wall Est. Clock Time Remaining: 7s        
Cycle:     4278, Time:  1.360E-02s, Progress:  67.99%, Time Inc.: 3.180E-06s @ element     331 in Part SYS\wall Est. Clock Time Remaining: 7s        
Cycle:     4279, Time:  1.360E-02s, Progress:  68.01%, Time Inc.: 3.180E-06s @ element     331 in Part SYS\wall Est. Clock Time Remaining: 7s        
Cycle:     4280, Time:  1.360E-02s, Progress:  68.02%, Time Inc.: 3.180E-06s @ element     331 in Part SYS\wall Est. Clock Time Remaining: 7s        
Cycle:     4281, Time:  1.361E-02s, Progress:  68.04%, Time Inc.: 3.180E-06s @ element     331 in Part SYS\wall Est. Clock Time Remaining: 7s        
Cycle:     4282, Time:  1.361E-02s, Progress:  68.06%, Time Inc.: 3.180E-06s @ element     331 in Part SYS\wall Est. Clock Time Remaining: 7s        
Cycle:     4283, Time:  1.361E-02s, Progress:  68.07%, Time Inc.: 3.180E-06s @ element     369 in Part SYS\wall Est. Clock Time Remaining: 7s        
Cycle:     4284, Time:  1.362E-02s, Progress:  68.09%, Time Inc.: 3.180E-06s @ element     369 in Part SYS\wall Est. Clock Time Remaining: 7s        
Cycle:     4285, Time:  1.362E-02s, Progress:  68.10%, Time Inc.: 3.180E-06s @ element     369 in Part SYS\wall Est. Clock Time Remaining: 7s        
Cycle:     4286, Time:  1.362E-02s, Progress:  68.12%, Time Inc.: 3.180E-06s @ element     369 in Part SYS\wall Est. Clock Time Remaining: 7s        
Cycle:     4287, Time:  1.363E-02s, Progress:  68.13%, Time Inc.: 3.180E-06s @ element     369 in Part SYS\wall Est. Clock Time Remaining: 7s        
Cycle:     4288, Time:  1.363E-02s, Progress:  68.15%, Time Inc.: 3.180E-06s @ element     369 in Part SYS\wall Est. Clock Time Remaining: 7s        
Cycle:     4289, Time:  1.363E-02s, Progress:  68.17%, Time Inc.: 3.180E-06s @ element     369 in Part SYS\wall Est. Clock Time Remaining: 7s        
Cycle:     4290, Time:  1.364E-02s, Progress:  68.18%, Time Inc.: 3.180E-06s @ element     369 in Part SYS\wall Est. Clock Time Remaining: 7s        
Cycle:     4291, Time:  1.364E-02s, Progress:  68.20%, Time Inc.: 3.180E-06s @ element     369 in Part SYS\wall Est. Clock Time Remaining: 7s        
Cycle:     4292, Time:  1.364E-02s, Progress:  68.21%, Time Inc.: 3.180E-06s @ element     369 in Part SYS\wall Est. Clock Time Remaining: 7s        
Cycle:     4293, Time:  1.365E-02s, Progress:  68.23%, Time Inc.: 3.180E-06s @ element     369 in Part SYS\wall Est. Clock Time Remaining: 7s        
Cycle:     4294, Time:  1.365E-02s, Progress:  68.25%, Time Inc.: 3.180E-06s @ element     369 in Part SYS\wall Est. Clock Time Remaining: 7s        
Cycle:     4295, Time:  1.365E-02s, Progress:  68.26%, Time Inc.: 3.180E-06s @ element     369 in Part SYS\wall Est. Clock Time Remaining: 6s        
Cycle:     4296, Time:  1.366E-02s, Progress:  68.28%, Time Inc.: 3.180E-06s @ element     369 in Part SYS\wall Est. Clock Time Remaining: 6s        
Cycle:     4297, Time:  1.366E-02s, Progress:  68.29%, Time Inc.: 3.180E-06s @ element     369 in Part SYS\wall Est. Clock Time Remaining: 6s        
Cycle:     4298, Time:  1.366E-02s, Progress:  68.31%, Time Inc.: 3.180E-06s @ element     335 in Part SYS\wall Est. Clock Time Remaining: 6s        
Cycle:     4299, Time:  1.367E-02s, Progress:  68.33%, Time Inc.: 3.180E-06s @ element     335 in Part SYS\wall Est. Clock Time Remaining: 6s        
Cycle:     4300, Time:  1.367E-02s, Progress:  68.34%, Time Inc.: 3.180E-06s @ element     335 in Part SYS\wall Est. Clock Time Remaining: 6s        
Cycle:     4301, Time:  1.367E-02s, Progress:  68.36%, Time Inc.: 3.180E-06s @ element     335 in Part SYS\wall Est. Clock Time Remaining: 6s        
Cycle:     4302, Time:  1.367E-02s, Progress:  68.37%, Time Inc.: 3.180E-06s @ element     335 in Part SYS\wall Est. Clock Time Remaining: 6s        
Cycle:     4303, Time:  1.368E-02s, Progress:  68.39%, Time Inc.: 3.180E-06s @ element     335 in Part SYS\wall Est. Clock Time Remaining: 6s        
Cycle:     4304, Time:  1.368E-02s, Progress:  68.40%, Time Inc.: 3.180E-06s @ element     335 in Part SYS\wall Est. Clock Time Remaining: 6s        
Cycle:     4305, Time:  1.368E-02s, Progress:  68.42%, Time Inc.: 3.180E-06s @ element     335 in Part SYS\wall Est. Clock Time Remaining: 6s        
Cycle:     4306, Time:  1.369E-02s, Progress:  68.44%, Time Inc.: 3.180E-06s @ element     335 in Part SYS\wall Est. Clock Time Remaining: 6s        
Cycle:     4307, Time:  1.369E-02s, Progress:  68.45%, Time Inc.: 3.180E-06s @ element     335 in Part SYS\wall Est. Clock Time Remaining: 6s        
Cycle:     4308, Time:  1.369E-02s, Progress:  68.47%, Time Inc.: 3.180E-06s @ element     335 in Part SYS\wall Est. Clock Time Remaining: 6s        
Cycle:     4309, Time:  1.370E-02s, Progress:  68.48%, Time Inc.: 3.180E-06s @ element     335 in Part SYS\wall Est. Clock Time Remaining: 6s        
Cycle:     4310, Time:  1.370E-02s, Progress:  68.50%, Time Inc.: 3.180E-06s @ element     297 in Part SYS\wall Est. Clock Time Remaining: 6s        
Cycle:     4311, Time:  1.370E-02s, Progress:  68.52%, Time Inc.: 3.180E-06s @ element     297 in Part SYS\wall Est. Clock Time Remaining: 6s        
Cycle:     4312, Time:  1.371E-02s, Progress:  68.53%, Time Inc.: 3.180E-06s @ element     297 in Part SYS\wall Est. Clock Time Remaining: 6s        
Cycle:     4313, Time:  1.371E-02s, Progress:  68.55%, Time Inc.: 3.180E-06s @ element     937 in Part SYS\wall Est. Clock Time Remaining: 6s        
Cycle:     4314, Time:  1.371E-02s, Progress:  68.56%, Time Inc.: 3.180E-06s @ element    1010 in Part SYS\wall Est. Clock Time Remaining: 6s        
Cycle:     4315, Time:  1.372E-02s, Progress:  68.58%, Time Inc.: 3.180E-06s @ element    1010 in Part SYS\wall Est. Clock Time Remaining: 6s        
Cycle:     4316, Time:  1.372E-02s, Progress:  68.60%, Time Inc.: 3.180E-06s @ element    1010 in Part SYS\wall Est. Clock Time Remaining: 6s        
Cycle:     4317, Time:  1.372E-02s, Progress:  68.61%, Time Inc.: 3.180E-06s @ element    1010 in Part SYS\wall Est. Clock Time Remaining: 6s        
Cycle:     4318, Time:  1.373E-02s, Progress:  68.63%, Time Inc.: 3.180E-06s @ element    1010 in Part SYS\wall Est. Clock Time Remaining: 6s        
Cycle:     4319, Time:  1.373E-02s, Progress:  68.64%, Time Inc.: 3.180E-06s @ element    1010 in Part SYS\wall Est. Clock Time Remaining: 6s        
Cycle:     4320, Time:  1.373E-02s, Progress:  68.66%, Time Inc.: 3.180E-06s @ element    1010 in Part SYS\wall Est. Clock Time Remaining: 6s        
Cycle:     4321, Time:  1.374E-02s, Progress:  68.68%, Time Inc.: 3.180E-06s @ element    1010 in Part SYS\wall Est. Clock Time Remaining: 6s        
Cycle:     4322, Time:  1.374E-02s, Progress:  68.69%, Time Inc.: 3.180E-06s @ element    1010 in Part SYS\wall Est. Clock Time Remaining: 6s        
Cycle:     4323, Time:  1.374E-02s, Progress:  68.71%, Time Inc.: 3.180E-06s @ element    1010 in Part SYS\wall Est. Clock Time Remaining: 6s        
Cycle:     4324, Time:  1.374E-02s, Progress:  68.72%, Time Inc.: 3.180E-06s @ element    1010 in Part SYS\wall Est. Clock Time Remaining: 6s        
Cycle:     4325, Time:  1.375E-02s, Progress:  68.74%, Time Inc.: 3.180E-06s @ element    1010 in Part SYS\wall Est. Clock Time Remaining: 6s        
Cycle:     4326, Time:  1.375E-02s, Progress:  68.75%, Time Inc.: 3.180E-06s @ element    1010 in Part SYS\wall Est. Clock Time Remaining: 6s        
Cycle:     4327, Time:  1.375E-02s, Progress:  68.77%, Time Inc.: 3.180E-06s @ element    1010 in Part SYS\wall Est. Clock Time Remaining: 6s        
Cycle:     4328, Time:  1.376E-02s, Progress:  68.79%, Time Inc.: 3.180E-06s @ element    1010 in Part SYS\wall Est. Clock Time Remaining: 6s        
Cycle:     4329, Time:  1.376E-02s, Progress:  68.80%, Time Inc.: 3.180E-06s @ element    1010 in Part SYS\wall Est. Clock Time Remaining: 6s        
Cycle:     4330, Time:  1.376E-02s, Progress:  68.82%, Time Inc.: 3.180E-06s @ element    1010 in Part SYS\wall Est. Clock Time Remaining: 6s        
Cycle:     4331, Time:  1.377E-02s, Progress:  68.83%, Time Inc.: 3.180E-06s @ element      51 in Part SYS\wall Est. Clock Time Remaining: 6s        
Cycle:     4332, Time:  1.377E-02s, Progress:  68.85%, Time Inc.: 3.180E-06s @ element      51 in Part SYS\wall Est. Clock Time Remaining: 6s        
Cycle:     4333, Time:  1.377E-02s, Progress:  68.87%, Time Inc.: 3.180E-06s @ element      51 in Part SYS\wall Est. Clock Time Remaining: 6s        
Cycle:     4334, Time:  1.378E-02s, Progress:  68.88%, Time Inc.: 3.180E-06s @ element    1006 in Part SYS\wall Est. Clock Time Remaining: 6s        
Cycle:     4335, Time:  1.378E-02s, Progress:  68.90%, Time Inc.: 3.180E-06s @ element    1006 in Part SYS\wall Est. Clock Time Remaining: 6s        
Cycle:     4336, Time:  1.378E-02s, Progress:  68.91%, Time Inc.: 3.180E-06s @ element    1006 in Part SYS\wall Est. Clock Time Remaining: 6s        
Cycle:     4337, Time:  1.379E-02s, Progress:  68.93%, Time Inc.: 3.180E-06s @ element    1006 in Part SYS\wall Est. Clock Time Remaining: 6s        
Cycle:     4338, Time:  1.379E-02s, Progress:  68.95%, Time Inc.: 3.180E-06s @ element    1006 in Part SYS\wall Est. Clock Time Remaining: 6s        
Cycle:     4339, Time:  1.379E-02s, Progress:  68.96%, Time Inc.: 3.180E-06s @ element    1006 in Part SYS\wall Est. Clock Time Remaining: 6s        
Cycle:     4340, Time:  1.380E-02s, Progress:  68.98%, Time Inc.: 3.180E-06s @ element    1006 in Part SYS\wall Est. Clock Time Remaining: 6s        
Cycle:     4341, Time:  1.380E-02s, Progress:  68.99%, Time Inc.: 3.180E-06s @ element    1006 in Part SYS\wall Est. Clock Time Remaining: 6s        
Cycle:     4342, Time:  1.380E-02s, Progress:  69.01%, Time Inc.: 3.180E-06s @ element    1006 in Part SYS\wall Est. Clock Time Remaining: 6s        
Cycle:     4343, Time:  1.381E-02s, Progress:  69.03%, Time Inc.: 3.180E-06s @ element    1006 in Part SYS\wall Est. Clock Time Remaining: 6s        
Cycle:     4344, Time:  1.381E-02s, Progress:  69.04%, Time Inc.: 3.180E-06s @ element    1006 in Part SYS\wall Est. Clock Time Remaining: 6s        
Cycle:     4345, Time:  1.381E-02s, Progress:  69.06%, Time Inc.: 3.180E-06s @ element    1006 in Part SYS\wall Est. Clock Time Remaining: 6s        
Cycle:     4346, Time:  1.381E-02s, Progress:  69.07%, Time Inc.: 3.180E-06s @ element    1006 in Part SYS\wall Est. Clock Time Remaining: 6s        
Cycle:     4347, Time:  1.382E-02s, Progress:  69.09%, Time Inc.: 3.180E-06s @ element     322 in Part SYS\wall Est. Clock Time Remaining: 6s        
Cycle:     4348, Time:  1.382E-02s, Progress:  69.10%, Time Inc.: 3.180E-06s @ element     322 in Part SYS\wall Est. Clock Time Remaining: 6s        
Cycle:     4349, Time:  1.382E-02s, Progress:  69.12%, Time Inc.: 3.180E-06s @ element     322 in Part SYS\wall Est. Clock Time Remaining: 6s        
Cycle:     4350, Time:  1.383E-02s, Progress:  69.14%, Time Inc.: 3.180E-06s @ element     322 in Part SYS\wall Est. Clock Time Remaining: 6s        
Cycle:     4351, Time:  1.383E-02s, Progress:  69.15%, Time Inc.: 3.180E-06s @ element     322 in Part SYS\wall Est. Clock Time Remaining: 6s        
Cycle:     4352, Time:  1.383E-02s, Progress:  69.17%, Time Inc.: 3.180E-06s @ element     322 in Part SYS\wall Est. Clock Time Remaining: 6s        
Cycle:     4353, Time:  1.384E-02s, Progress:  69.18%, Time Inc.: 3.180E-06s @ element     322 in Part SYS\wall Est. Clock Time Remaining: 6s        
Cycle:     4354, Time:  1.384E-02s, Progress:  69.20%, Time Inc.: 3.180E-06s @ element     322 in Part SYS\wall Est. Clock Time Remaining: 6s        
Cycle:     4355, Time:  1.384E-02s, Progress:  69.22%, Time Inc.: 3.180E-06s @ element     322 in Part SYS\wall Est. Clock Time Remaining: 6s        
Cycle:     4356, Time:  1.385E-02s, Progress:  69.23%, Time Inc.: 3.180E-06s @ element     322 in Part SYS\wall Est. Clock Time Remaining: 6s        
Cycle:     4357, Time:  1.385E-02s, Progress:  69.25%, Time Inc.: 3.180E-06s @ element     322 in Part SYS\wall Est. Clock Time Remaining: 6s        
Cycle:     4358, Time:  1.385E-02s, Progress:  69.26%, Time Inc.: 3.180E-06s @ element     322 in Part SYS\wall Est. Clock Time Remaining: 6s        
Cycle:     4359, Time:  1.386E-02s, Progress:  69.28%, Time Inc.: 3.180E-06s @ element     322 in Part SYS\wall Est. Clock Time Remaining: 6s        
Cycle:     4360, Time:  1.386E-02s, Progress:  69.30%, Time Inc.: 3.180E-06s @ element     322 in Part SYS\wall Est. Clock Time Remaining: 6s        
Cycle:     4361, Time:  1.386E-02s, Progress:  69.31%, Time Inc.: 3.180E-06s @ element     322 in Part SYS\wall Est. Clock Time Remaining: 6s        
Cycle:     4362, Time:  1.387E-02s, Progress:  69.33%, Time Inc.: 3.180E-06s @ element     322 in Part SYS\wall Est. Clock Time Remaining: 6s        
Cycle:     4363, Time:  1.387E-02s, Progress:  69.34%, Time Inc.: 3.180E-06s @ element     322 in Part SYS\wall Est. Clock Time Remaining: 6s        
Cycle:     4364, Time:  1.387E-02s, Progress:  69.36%, Time Inc.: 3.180E-06s @ element     286 in Part SYS\wall Est. Clock Time Remaining: 6s        
Cycle:     4365, Time:  1.387E-02s, Progress:  69.37%, Time Inc.: 3.180E-06s @ element    1247 in Part SYS\wall Est. Clock Time Remaining: 6s        
Cycle:     4366, Time:  1.388E-02s, Progress:  69.39%, Time Inc.: 3.180E-06s @ element    1071 in Part SYS\wall Est. Clock Time Remaining: 6s        
Cycle:     4367, Time:  1.388E-02s, Progress:  69.41%, Time Inc.: 3.180E-06s @ element    1071 in Part SYS\wall Est. Clock Time Remaining: 6s        
Cycle:     4368, Time:  1.388E-02s, Progress:  69.42%, Time Inc.: 3.180E-06s @ element    1071 in Part SYS\wall Est. Clock Time Remaining: 6s        
Cycle:     4369, Time:  1.389E-02s, Progress:  69.44%, Time Inc.: 3.180E-06s @ element    1071 in Part SYS\wall Est. Clock Time Remaining: 6s        
Cycle:     4370, Time:  1.389E-02s, Progress:  69.45%, Time Inc.: 3.180E-06s @ element    1071 in Part SYS\wall Est. Clock Time Remaining: 6s        
Cycle:     4371, Time:  1.389E-02s, Progress:  69.47%, Time Inc.: 3.180E-06s @ element    1139 in Part SYS\wall Est. Clock Time Remaining: 6s        
Cycle:     4372, Time:  1.390E-02s, Progress:  69.49%, Time Inc.: 3.180E-06s @ element    1139 in Part SYS\wall Est. Clock Time Remaining: 6s        
Cycle:     4373, Time:  1.390E-02s, Progress:  69.50%, Time Inc.: 3.180E-06s @ element    1139 in Part SYS\wall Est. Clock Time Remaining: 6s        
Cycle:     4374, Time:  1.390E-02s, Progress:  69.52%, Time Inc.: 3.180E-06s @ element    1139 in Part SYS\wall Est. Clock Time Remaining: 6s        
Cycle:     4375, Time:  1.391E-02s, Progress:  69.53%, Time Inc.: 3.180E-06s @ element    1139 in Part SYS\wall Est. Clock Time Remaining: 6s        
Cycle:     4376, Time:  1.391E-02s, Progress:  69.55%, Time Inc.: 3.180E-06s @ element    1139 in Part SYS\wall Est. Clock Time Remaining: 6s        
Cycle:     4377, Time:  1.391E-02s, Progress:  69.57%, Time Inc.: 3.180E-06s @ element    1139 in Part SYS\wall Est. Clock Time Remaining: 6s        
Cycle:     4378, Time:  1.392E-02s, Progress:  69.58%, Time Inc.: 3.180E-06s @ element    1139 in Part SYS\wall Est. Clock Time Remaining: 6s        
Cycle:     4379, Time:  1.392E-02s, Progress:  69.60%, Time Inc.: 3.180E-06s @ element    1139 in Part SYS\wall Est. Clock Time Remaining: 6s        
Cycle:     4380, Time:  1.392E-02s, Progress:  69.61%, Time Inc.: 3.180E-06s @ element    1139 in Part SYS\wall Est. Clock Time Remaining: 6s        
Cycle:     4381, Time:  1.393E-02s, Progress:  69.63%, Time Inc.: 3.180E-06s @ element    1139 in Part SYS\wall Est. Clock Time Remaining: 6s        
Cycle:     4382, Time:  1.393E-02s, Progress:  69.65%, Time Inc.: 3.180E-06s @ element    1139 in Part SYS\wall Est. Clock Time Remaining: 6s        
Cycle:     4383, Time:  1.393E-02s, Progress:  69.66%, Time Inc.: 3.180E-06s @ element    1139 in Part SYS\wall Est. Clock Time Remaining: 6s        
Cycle:     4384, Time:  1.394E-02s, Progress:  69.68%, Time Inc.: 3.180E-06s @ element    1139 in Part SYS\wall Est. Clock Time Remaining: 6s        
Cycle:     4385, Time:  1.394E-02s, Progress:  69.69%, Time Inc.: 3.180E-06s @ element    1139 in Part SYS\wall Est. Clock Time Remaining: 6s        
Cycle:     4386, Time:  1.394E-02s, Progress:  69.71%, Time Inc.: 3.180E-06s @ element    1139 in Part SYS\wall Est. Clock Time Remaining: 6s        
Cycle:     4387, Time:  1.394E-02s, Progress:  69.72%, Time Inc.: 3.180E-06s @ element    1139 in Part SYS\wall Est. Clock Time Remaining: 6s        
Cycle:     4388, Time:  1.395E-02s, Progress:  69.74%, Time Inc.: 3.180E-06s @ element    1139 in Part SYS\wall Est. Clock Time Remaining: 6s        
Cycle:     4389, Time:  1.395E-02s, Progress:  69.76%, Time Inc.: 3.180E-06s @ element    1139 in Part SYS\wall Est. Clock Time Remaining: 6s        
Cycle:     4390, Time:  1.395E-02s, Progress:  69.77%, Time Inc.: 3.180E-06s @ element    1139 in Part SYS\wall Est. Clock Time Remaining: 6s        
Cycle:     4391, Time:  1.396E-02s, Progress:  69.79%, Time Inc.: 3.180E-06s @ element    1139 in Part SYS\wall Est. Clock Time Remaining: 6s        
Cycle:     4392, Time:  1.396E-02s, Progress:  69.80%, Time Inc.: 3.180E-06s @ element    1139 in Part SYS\wall Est. Clock Time Remaining: 6s        
Cycle:     4393, Time:  1.396E-02s, Progress:  69.82%, Time Inc.: 3.180E-06s @ element    1139 in Part SYS\wall Est. Clock Time Remaining: 6s        
Cycle:     4394, Time:  1.397E-02s, Progress:  69.84%, Time Inc.: 3.180E-06s @ element    1139 in Part SYS\wall Est. Clock Time Remaining: 6s        
Cycle:     4395, Time:  1.397E-02s, Progress:  69.85%, Time Inc.: 3.180E-06s @ element    1139 in Part SYS\wall Est. Clock Time Remaining: 6s        
Cycle:     4396, Time:  1.397E-02s, Progress:  69.87%, Time Inc.: 3.180E-06s @ element    1139 in Part SYS\wall Est. Clock Time Remaining: 6s        
Cycle:     4397, Time:  1.398E-02s, Progress:  69.88%, Time Inc.: 3.180E-06s @ element    1139 in Part SYS\wall Est. Clock Time Remaining: 6s        
Cycle:     4398, Time:  1.398E-02s, Progress:  69.90%, Time Inc.: 3.180E-06s @ element    1139 in Part SYS\wall Est. Clock Time Remaining: 6s        
Cycle:     4399, Time:  1.398E-02s, Progress:  69.92%, Time Inc.: 3.180E-06s @ element    1139 in Part SYS\wall Est. Clock Time Remaining: 6s        
Cycle:     4400, Time:  1.399E-02s, Progress:  69.93%, Time Inc.: 3.180E-06s @ element    1248 in Part SYS\wall Est. Clock Time Remaining: 6s        
Cycle:     4401, Time:  1.399E-02s, Progress:  69.95%, Time Inc.: 3.180E-06s @ element    1248 in Part SYS\wall Est. Clock Time Remaining: 6s        
Cycle:     4402, Time:  1.399E-02s, Progress:  69.96%, Time Inc.: 3.180E-06s @ element    1248 in Part SYS\wall Est. Clock Time Remaining: 6s        
Cycle:     4403, Time:  1.400E-02s, Progress:  69.98%, Time Inc.: 3.180E-06s @ element    1248 in Part SYS\wall Est. Clock Time Remaining: 6s        
Cycle:     4404, Time:  1.400E-02s, Progress:  70.00%, Time Inc.: 3.180E-06s @ element    1248 in Part SYS\wall Est. Clock Time Remaining: 6s        
Cycle:     4405, Time:  1.400E-02s, Progress:  70.01%, Time Inc.: 3.180E-06s @ element    1248 in Part SYS\wall Est. Clock Time Remaining: 6s        
Cycle:     4406, Time:  1.401E-02s, Progress:  70.03%, Time Inc.: 3.180E-06s @ element    1248 in Part SYS\wall Est. Clock Time Remaining: 6s        
Cycle:     4407, Time:  1.401E-02s, Progress:  70.04%, Time Inc.: 3.180E-06s @ element    1248 in Part SYS\wall Est. Clock Time Remaining: 6s        
Cycle:     4408, Time:  1.401E-02s, Progress:  70.06%, Time Inc.: 3.180E-06s @ element    1248 in Part SYS\wall Est. Clock Time Remaining: 6s        
Cycle:     4409, Time:  1.401E-02s, Progress:  70.07%, Time Inc.: 3.180E-06s @ element    1248 in Part SYS\wall Est. Clock Time Remaining: 6s        
Cycle:     4410, Time:  1.402E-02s, Progress:  70.09%, Time Inc.: 3.180E-06s @ element    1248 in Part SYS\wall Est. Clock Time Remaining: 6s        
Cycle:     4411, Time:  1.402E-02s, Progress:  70.11%, Time Inc.: 3.180E-06s @ element    1248 in Part SYS\wall Est. Clock Time Remaining: 6s        
Cycle:     4412, Time:  1.402E-02s, Progress:  70.12%, Time Inc.: 3.180E-06s @ element    1248 in Part SYS\wall Est. Clock Time Remaining: 6s        
Cycle:     4413, Time:  1.403E-02s, Progress:  70.14%, Time Inc.: 3.180E-06s @ element    1248 in Part SYS\wall Est. Clock Time Remaining: 6s        
Cycle:     4414, Time:  1.403E-02s, Progress:  70.15%, Time Inc.: 3.180E-06s @ element    1248 in Part SYS\wall Est. Clock Time Remaining: 6s        
Cycle:     4415, Time:  1.403E-02s, Progress:  70.17%, Time Inc.: 3.180E-06s @ element    1248 in Part SYS\wall Est. Clock Time Remaining: 6s        
Cycle:     4416, Time:  1.404E-02s, Progress:  70.19%, Time Inc.: 3.180E-06s @ element    1248 in Part SYS\wall Est. Clock Time Remaining: 6s        
Cycle:     4417, Time:  1.404E-02s, Progress:  70.20%, Time Inc.: 3.180E-06s @ element    1248 in Part SYS\wall Est. Clock Time Remaining: 6s        
Cycle:     4418, Time:  1.404E-02s, Progress:  70.22%, Time Inc.: 3.180E-06s @ element    1248 in Part SYS\wall Est. Clock Time Remaining: 6s        
Cycle:     4419, Time:  1.405E-02s, Progress:  70.23%, Time Inc.: 3.180E-06s @ element    1248 in Part SYS\wall Est. Clock Time Remaining: 6s        
Cycle:     4420, Time:  1.405E-02s, Progress:  70.25%, Time Inc.: 3.180E-06s @ element    1248 in Part SYS\wall Est. Clock Time Remaining: 6s        
Cycle:     4421, Time:  1.405E-02s, Progress:  70.27%, Time Inc.: 3.180E-06s @ element    1248 in Part SYS\wall Est. Clock Time Remaining: 6s        
Cycle:     4422, Time:  1.406E-02s, Progress:  70.28%, Time Inc.: 3.180E-06s @ element    1248 in Part SYS\wall Est. Clock Time Remaining: 6s        
Cycle:     4423, Time:  1.406E-02s, Progress:  70.30%, Time Inc.: 3.180E-06s @ element    1248 in Part SYS\wall Est. Clock Time Remaining: 6s        
Cycle:     4424, Time:  1.406E-02s, Progress:  70.31%, Time Inc.: 3.180E-06s @ element    1248 in Part SYS\wall Est. Clock Time Remaining: 6s        
Cycle:     4425, Time:  1.407E-02s, Progress:  70.33%, Time Inc.: 3.180E-06s @ element    1248 in Part SYS\wall Est. Clock Time Remaining: 6s        
Cycle:     4426, Time:  1.407E-02s, Progress:  70.34%, Time Inc.: 3.180E-06s @ element    1248 in Part SYS\wall Est. Clock Time Remaining: 6s        
Cycle:     4427, Time:  1.407E-02s, Progress:  70.36%, Time Inc.: 3.180E-06s @ element    1248 in Part SYS\wall Est. Clock Time Remaining: 6s        
Cycle:     4428, Time:  1.408E-02s, Progress:  70.38%, Time Inc.: 3.180E-06s @ element    1248 in Part SYS\wall Est. Clock Time Remaining: 6s        
Cycle:     4429, Time:  1.408E-02s, Progress:  70.39%, Time Inc.: 3.180E-06s @ element    1248 in Part SYS\wall Est. Clock Time Remaining: 6s        
Cycle:     4430, Time:  1.408E-02s, Progress:  70.41%, Time Inc.: 3.180E-06s @ element    1072 in Part SYS\wall Est. Clock Time Remaining: 6s        
Cycle:     4431, Time:  1.408E-02s, Progress:  70.42%, Time Inc.: 3.180E-06s @ element    1072 in Part SYS\wall Est. Clock Time Remaining: 6s        
Cycle:     4432, Time:  1.409E-02s, Progress:  70.44%, Time Inc.: 3.180E-06s @ element    1072 in Part SYS\wall Est. Clock Time Remaining: 6s        
Cycle:     4433, Time:  1.409E-02s, Progress:  70.46%, Time Inc.: 3.180E-06s @ element    1072 in Part SYS\wall Est. Clock Time Remaining: 6s        
Cycle:     4434, Time:  1.409E-02s, Progress:  70.47%, Time Inc.: 3.180E-06s @ element    1072 in Part SYS\wall Est. Clock Time Remaining: 6s        
Cycle:     4435, Time:  1.410E-02s, Progress:  70.49%, Time Inc.: 3.180E-06s @ element    1072 in Part SYS\wall Est. Clock Time Remaining: 6s        
Cycle:     4436, Time:  1.410E-02s, Progress:  70.50%, Time Inc.: 3.180E-06s @ element    1072 in Part SYS\wall Est. Clock Time Remaining: 6s        
Cycle:     4437, Time:  1.410E-02s, Progress:  70.52%, Time Inc.: 3.180E-06s @ element    1072 in Part SYS\wall Est. Clock Time Remaining: 6s        
Cycle:     4438, Time:  1.411E-02s, Progress:  70.54%, Time Inc.: 3.180E-06s @ element    1072 in Part SYS\wall Est. Clock Time Remaining: 6s        
Cycle:     4439, Time:  1.411E-02s, Progress:  70.55%, Time Inc.: 3.180E-06s @ element    1072 in Part SYS\wall Est. Clock Time Remaining: 6s        
Cycle:     4440, Time:  1.411E-02s, Progress:  70.57%, Time Inc.: 3.180E-06s @ element    1072 in Part SYS\wall Est. Clock Time Remaining: 6s        
Cycle:     4441, Time:  1.412E-02s, Progress:  70.58%, Time Inc.: 3.180E-06s @ element    1072 in Part SYS\wall Est. Clock Time Remaining: 6s        
Cycle:     4442, Time:  1.412E-02s, Progress:  70.60%, Time Inc.: 3.180E-06s @ element    1072 in Part SYS\wall Est. Clock Time Remaining: 6s        
Cycle:     4443, Time:  1.412E-02s, Progress:  70.62%, Time Inc.: 3.180E-06s @ element    1072 in Part SYS\wall Est. Clock Time Remaining: 6s        
Cycle:     4444, Time:  1.413E-02s, Progress:  70.63%, Time Inc.: 3.180E-06s @ element    1144 in Part SYS\wall Est. Clock Time Remaining: 6s        
Cycle:     4445, Time:  1.413E-02s, Progress:  70.65%, Time Inc.: 3.180E-06s @ element    1144 in Part SYS\wall Est. Clock Time Remaining: 6s        
Cycle:     4446, Time:  1.413E-02s, Progress:  70.66%, Time Inc.: 3.180E-06s @ element    1248 in Part SYS\wall Est. Clock Time Remaining: 6s        
Cycle:     4447, Time:  1.414E-02s, Progress:  70.68%, Time Inc.: 3.180E-06s @ element    1248 in Part SYS\wall Est. Clock Time Remaining: 6s        
Cycle:     4448, Time:  1.414E-02s, Progress:  70.69%, Time Inc.: 3.180E-06s @ element    1248 in Part SYS\wall Est. Clock Time Remaining: 6s        
Cycle:     4449, Time:  1.414E-02s, Progress:  70.71%, Time Inc.: 3.180E-06s @ element    1248 in Part SYS\wall Est. Clock Time Remaining: 6s        
Cycle:     4450, Time:  1.415E-02s, Progress:  70.73%, Time Inc.: 3.180E-06s @ element    1248 in Part SYS\wall Est. Clock Time Remaining: 6s        
Cycle:     4451, Time:  1.415E-02s, Progress:  70.74%, Time Inc.: 3.180E-06s @ element    1248 in Part SYS\wall Est. Clock Time Remaining: 6s        
Cycle:     4452, Time:  1.415E-02s, Progress:  70.76%, Time Inc.: 3.180E-06s @ element    1248 in Part SYS\wall Est. Clock Time Remaining: 6s        
Cycle:     4453, Time:  1.415E-02s, Progress:  70.77%, Time Inc.: 3.180E-06s @ element    1248 in Part SYS\wall Est. Clock Time Remaining: 6s        
Cycle:     4454, Time:  1.416E-02s, Progress:  70.79%, Time Inc.: 3.180E-06s @ element    1248 in Part SYS\wall Est. Clock Time Remaining: 6s        
Cycle:     4455, Time:  1.416E-02s, Progress:  70.81%, Time Inc.: 3.180E-06s @ element    1248 in Part SYS\wall Est. Clock Time Remaining: 6s        
Cycle:     4456, Time:  1.416E-02s, Progress:  70.82%, Time Inc.: 3.180E-06s @ element    1248 in Part SYS\wall Est. Clock Time Remaining: 6s        
Cycle:     4457, Time:  1.417E-02s, Progress:  70.84%, Time Inc.: 3.180E-06s @ element    1248 in Part SYS\wall Est. Clock Time Remaining: 6s        
Cycle:     4458, Time:  1.417E-02s, Progress:  70.85%, Time Inc.: 3.180E-06s @ element    1248 in Part SYS\wall Est. Clock Time Remaining: 6s        
Cycle:     4459, Time:  1.417E-02s, Progress:  70.87%, Time Inc.: 3.180E-06s @ element    1248 in Part SYS\wall Est. Clock Time Remaining: 6s        
Cycle:     4460, Time:  1.418E-02s, Progress:  70.89%, Time Inc.: 3.180E-06s @ element    1248 in Part SYS\wall Est. Clock Time Remaining: 6s        
Cycle:     4461, Time:  1.418E-02s, Progress:  70.90%, Time Inc.: 3.180E-06s @ element    1248 in Part SYS\wall Est. Clock Time Remaining: 6s        
Cycle:     4462, Time:  1.418E-02s, Progress:  70.92%, Time Inc.: 3.180E-06s @ element    1248 in Part SYS\wall Est. Clock Time Remaining: 6s        
Cycle:     4463, Time:  1.419E-02s, Progress:  70.93%, Time Inc.: 3.180E-06s @ element    1248 in Part SYS\wall Est. Clock Time Remaining: 6s        
Cycle:     4464, Time:  1.419E-02s, Progress:  70.95%, Time Inc.: 3.180E-06s @ element    1248 in Part SYS\wall Est. Clock Time Remaining: 6s        
Cycle:     4465, Time:  1.419E-02s, Progress:  70.96%, Time Inc.: 3.180E-06s @ element    1248 in Part SYS\wall Est. Clock Time Remaining: 6s        
Cycle:     4466, Time:  1.420E-02s, Progress:  70.98%, Time Inc.: 3.180E-06s @ element    1248 in Part SYS\wall Est. Clock Time Remaining: 6s        
Cycle:     4467, Time:  1.420E-02s, Progress:  71.00%, Time Inc.: 3.180E-06s @ element    1248 in Part SYS\wall Est. Clock Time Remaining: 6s        
Cycle:     4468, Time:  1.420E-02s, Progress:  71.01%, Time Inc.: 3.180E-06s @ element    1248 in Part SYS\wall Est. Clock Time Remaining: 6s        
Cycle:     4469, Time:  1.421E-02s, Progress:  71.03%, Time Inc.: 3.180E-06s @ element      24 in Part SYS\wall Est. Clock Time Remaining: 6s        
Cycle:     4470, Time:  1.421E-02s, Progress:  71.04%, Time Inc.: 3.180E-06s @ element      24 in Part SYS\wall Est. Clock Time Remaining: 6s        
Cycle:     4471, Time:  1.421E-02s, Progress:  71.06%, Time Inc.: 3.180E-06s @ element      24 in Part SYS\wall Est. Clock Time Remaining: 6s        
Cycle:     4472, Time:  1.422E-02s, Progress:  71.08%, Time Inc.: 3.180E-06s @ element      24 in Part SYS\wall Est. Clock Time Remaining: 6s        
Cycle:     4473, Time:  1.422E-02s, Progress:  71.09%, Time Inc.: 3.180E-06s @ element      24 in Part SYS\wall Est. Clock Time Remaining: 6s        
Cycle:     4474, Time:  1.422E-02s, Progress:  71.11%, Time Inc.: 3.180E-06s @ element    1286 in Part SYS\wall Est. Clock Time Remaining: 6s        
Cycle:     4475, Time:  1.422E-02s, Progress:  71.12%, Time Inc.: 3.180E-06s @ element    1286 in Part SYS\wall Est. Clock Time Remaining: 6s        
Cycle:     4476, Time:  1.423E-02s, Progress:  71.14%, Time Inc.: 3.180E-06s @ element    1286 in Part SYS\wall Est. Clock Time Remaining: 6s        
Cycle:     4477, Time:  1.423E-02s, Progress:  71.16%, Time Inc.: 3.180E-06s @ element    1286 in Part SYS\wall Est. Clock Time Remaining: 6s        
Cycle:     4478, Time:  1.423E-02s, Progress:  71.17%, Time Inc.: 3.180E-06s @ element    1286 in Part SYS\wall Est. Clock Time Remaining: 6s        
Cycle:     4479, Time:  1.424E-02s, Progress:  71.19%, Time Inc.: 3.180E-06s @ element    1286 in Part SYS\wall Est. Clock Time Remaining: 6s        
Cycle:     4480, Time:  1.424E-02s, Progress:  71.20%, Time Inc.: 3.180E-06s @ element    1286 in Part SYS\wall Est. Clock Time Remaining: 6s        
Cycle:     4481, Time:  1.424E-02s, Progress:  71.22%, Time Inc.: 3.180E-06s @ element    1286 in Part SYS\wall Est. Clock Time Remaining: 6s        
Cycle:     4482, Time:  1.425E-02s, Progress:  71.24%, Time Inc.: 3.180E-06s @ element    1286 in Part SYS\wall Est. Clock Time Remaining: 6s        
Cycle:     4483, Time:  1.425E-02s, Progress:  71.25%, Time Inc.: 3.180E-06s @ element    1286 in Part SYS\wall Est. Clock Time Remaining: 6s        
Cycle:     4484, Time:  1.425E-02s, Progress:  71.27%, Time Inc.: 3.180E-06s @ element    1286 in Part SYS\wall Est. Clock Time Remaining: 6s        
Cycle:     4485, Time:  1.426E-02s, Progress:  71.28%, Time Inc.: 3.180E-06s @ element    1286 in Part SYS\wall Est. Clock Time Remaining: 6s        
Cycle:     4486, Time:  1.426E-02s, Progress:  71.30%, Time Inc.: 3.180E-06s @ element    1286 in Part SYS\wall Est. Clock Time Remaining: 6s        
Cycle:     4487, Time:  1.426E-02s, Progress:  71.31%, Time Inc.: 3.180E-06s @ element    1286 in Part SYS\wall Est. Clock Time Remaining: 6s        
Cycle:     4488, Time:  1.427E-02s, Progress:  71.33%, Time Inc.: 3.180E-06s @ element    1286 in Part SYS\wall Est. Clock Time Remaining: 6s        
Cycle:     4489, Time:  1.427E-02s, Progress:  71.35%, Time Inc.: 3.180E-06s @ element    1286 in Part SYS\wall Est. Clock Time Remaining: 6s        
Cycle:     4490, Time:  1.427E-02s, Progress:  71.36%, Time Inc.: 3.180E-06s @ element    1286 in Part SYS\wall Est. Clock Time Remaining: 6s        
Cycle:     4491, Time:  1.428E-02s, Progress:  71.38%, Time Inc.: 3.180E-06s @ element    1286 in Part SYS\wall Est. Clock Time Remaining: 6s        
Cycle:     4492, Time:  1.428E-02s, Progress:  71.39%, Time Inc.: 3.180E-06s @ element    1286 in Part SYS\wall Est. Clock Time Remaining: 6s        
Cycle:     4493, Time:  1.428E-02s, Progress:  71.41%, Time Inc.: 3.180E-06s @ element    1286 in Part SYS\wall Est. Clock Time Remaining: 6s        
Cycle:     4494, Time:  1.429E-02s, Progress:  71.43%, Time Inc.: 3.180E-06s @ element    1286 in Part SYS\wall Est. Clock Time Remaining: 6s        
Cycle:     4495, Time:  1.429E-02s, Progress:  71.44%, Time Inc.: 3.180E-06s @ element    1286 in Part SYS\wall Est. Clock Time Remaining: 6s        
Cycle:     4496, Time:  1.429E-02s, Progress:  71.46%, Time Inc.: 3.180E-06s @ element    1286 in Part SYS\wall Est. Clock Time Remaining: 6s        
Cycle:     4497, Time:  1.429E-02s, Progress:  71.47%, Time Inc.: 3.180E-06s @ element    1286 in Part SYS\wall Est. Clock Time Remaining: 6s        
Cycle:     4498, Time:  1.430E-02s, Progress:  71.49%, Time Inc.: 3.180E-06s @ element    1286 in Part SYS\wall Est. Clock Time Remaining: 6s        
Cycle:     4499, Time:  1.430E-02s, Progress:  71.51%, Time Inc.: 3.180E-06s @ element    1286 in Part SYS\wall Est. Clock Time Remaining: 6s        
Cycle:     4500, Time:  1.430E-02s, Progress:  71.52%, Time Inc.: 3.180E-06s @ element    1286 in Part SYS\wall Est. Clock Time Remaining: 6s        
Cycle:     4501, Time:  1.431E-02s, Progress:  71.54%, Time Inc.: 3.180E-06s @ element    1286 in Part SYS\wall Est. Clock Time Remaining: 6s        
Cycle:     4502, Time:  1.431E-02s, Progress:  71.55%, Time Inc.: 3.180E-06s @ element    1286 in Part SYS\wall Est. Clock Time Remaining: 6s        
Cycle:     4503, Time:  1.431E-02s, Progress:  71.57%, Time Inc.: 3.180E-06s @ element     924 in Part SYS\wall Est. Clock Time Remaining: 6s        
Cycle:     4504, Time:  1.432E-02s, Progress:  71.59%, Time Inc.: 3.180E-06s @ element     924 in Part SYS\wall Est. Clock Time Remaining: 6s        
Cycle:     4505, Time:  1.432E-02s, Progress:  71.60%, Time Inc.: 3.180E-06s @ element     924 in Part SYS\wall Est. Clock Time Remaining: 6s        
Cycle:     4506, Time:  1.432E-02s, Progress:  71.62%, Time Inc.: 3.180E-06s @ element     924 in Part SYS\wall Est. Clock Time Remaining: 6s        
Cycle:     4507, Time:  1.433E-02s, Progress:  71.63%, Time Inc.: 3.180E-06s @ element     924 in Part SYS\wall Est. Clock Time Remaining: 6s        
Cycle:     4508, Time:  1.433E-02s, Progress:  71.65%, Time Inc.: 3.180E-06s @ element     924 in Part SYS\wall Est. Clock Time Remaining: 6s        
Cycle:     4509, Time:  1.433E-02s, Progress:  71.66%, Time Inc.: 3.180E-06s @ element     924 in Part SYS\wall Est. Clock Time Remaining: 6s        
Cycle:     4510, Time:  1.434E-02s, Progress:  71.68%, Time Inc.: 3.180E-06s @ element     924 in Part SYS\wall Est. Clock Time Remaining: 6s        
Cycle:     4511, Time:  1.434E-02s, Progress:  71.70%, Time Inc.: 3.180E-06s @ element     852 in Part SYS\wall Est. Clock Time Remaining: 6s        
Cycle:     4512, Time:  1.434E-02s, Progress:  71.71%, Time Inc.: 3.180E-06s @ element     852 in Part SYS\wall Est. Clock Time Remaining: 6s        
Cycle:     4513, Time:  1.435E-02s, Progress:  71.73%, Time Inc.: 3.180E-06s @ element     852 in Part SYS\wall Est. Clock Time Remaining: 6s        
Cycle:     4514, Time:  1.435E-02s, Progress:  71.74%, Time Inc.: 3.180E-06s @ element     852 in Part SYS\wall Est. Clock Time Remaining: 6s        
Cycle:     4515, Time:  1.435E-02s, Progress:  71.76%, Time Inc.: 3.180E-06s @ element     852 in Part SYS\wall Est. Clock Time Remaining: 6s        
Cycle:     4516, Time:  1.436E-02s, Progress:  71.78%, Time Inc.: 3.180E-06s @ element     852 in Part SYS\wall Est. Clock Time Remaining: 6s        
Cycle:     4517, Time:  1.436E-02s, Progress:  71.79%, Time Inc.: 3.180E-06s @ element     852 in Part SYS\wall Est. Clock Time Remaining: 6s        
Cycle:     4518, Time:  1.436E-02s, Progress:  71.81%, Time Inc.: 3.180E-06s @ element     852 in Part SYS\wall Est. Clock Time Remaining: 6s        
Cycle:     4519, Time:  1.436E-02s, Progress:  71.82%, Time Inc.: 3.180E-06s @ element     852 in Part SYS\wall Est. Clock Time Remaining: 6s        
Cycle:     4520, Time:  1.437E-02s, Progress:  71.84%, Time Inc.: 3.180E-06s @ element     852 in Part SYS\wall Est. Clock Time Remaining: 6s        
Cycle:     4521, Time:  1.437E-02s, Progress:  71.86%, Time Inc.: 3.180E-06s @ element     852 in Part SYS\wall Est. Clock Time Remaining: 6s        
Cycle:     4522, Time:  1.437E-02s, Progress:  71.87%, Time Inc.: 3.180E-06s @ element     852 in Part SYS\wall Est. Clock Time Remaining: 6s        
Cycle:     4523, Time:  1.438E-02s, Progress:  71.89%, Time Inc.: 3.180E-06s @ element     852 in Part SYS\wall Est. Clock Time Remaining: 6s        
Cycle:     4524, Time:  1.438E-02s, Progress:  71.90%, Time Inc.: 3.180E-06s @ element     852 in Part SYS\wall Est. Clock Time Remaining: 6s        
Cycle:     4525, Time:  1.438E-02s, Progress:  71.92%, Time Inc.: 3.180E-06s @ element     852 in Part SYS\wall Est. Clock Time Remaining: 6s        
Cycle:     4526, Time:  1.439E-02s, Progress:  71.93%, Time Inc.: 3.180E-06s @ element     852 in Part SYS\wall Est. Clock Time Remaining: 6s        
Cycle:     4527, Time:  1.439E-02s, Progress:  71.95%, Time Inc.: 3.180E-06s @ element     852 in Part SYS\wall Est. Clock Time Remaining: 6s        
Cycle:     4528, Time:  1.439E-02s, Progress:  71.97%, Time Inc.: 3.180E-06s @ element     852 in Part SYS\wall Est. Clock Time Remaining: 6s        
Cycle:     4529, Time:  1.440E-02s, Progress:  71.98%, Time Inc.: 3.180E-06s @ element     852 in Part SYS\wall Est. Clock Time Remaining: 6s        
Cycle:     4530, Time:  1.440E-02s, Progress:  72.00%, Time Inc.: 3.180E-06s @ element     852 in Part SYS\wall Est. Clock Time Remaining: 6s        
Cycle:     4531, Time:  1.440E-02s, Progress:  72.01%, Time Inc.: 3.180E-06s @ element      10 in Part SYS\wall Est. Clock Time Remaining: 6s        
Cycle:     4532, Time:  1.441E-02s, Progress:  72.03%, Time Inc.: 3.180E-06s @ element      10 in Part SYS\wall Est. Clock Time Remaining: 6s        
Cycle:     4533, Time:  1.441E-02s, Progress:  72.05%, Time Inc.: 3.180E-06s @ element      10 in Part SYS\wall Est. Clock Time Remaining: 6s        
Cycle:     4534, Time:  1.441E-02s, Progress:  72.06%, Time Inc.: 3.180E-06s @ element      10 in Part SYS\wall Est. Clock Time Remaining: 6s        
Cycle:     4535, Time:  1.442E-02s, Progress:  72.08%, Time Inc.: 3.180E-06s @ element      10 in Part SYS\wall Est. Clock Time Remaining: 6s        
Cycle:     4536, Time:  1.442E-02s, Progress:  72.09%, Time Inc.: 3.180E-06s @ element      10 in Part SYS\wall Est. Clock Time Remaining: 6s        
Cycle:     4537, Time:  1.442E-02s, Progress:  72.11%, Time Inc.: 3.180E-06s @ element      10 in Part SYS\wall Est. Clock Time Remaining: 6s        
Cycle:     4538, Time:  1.443E-02s, Progress:  72.13%, Time Inc.: 3.180E-06s @ element      10 in Part SYS\wall Est. Clock Time Remaining: 6s        
Cycle:     4539, Time:  1.443E-02s, Progress:  72.14%, Time Inc.: 3.180E-06s @ element      10 in Part SYS\wall Est. Clock Time Remaining: 6s        
Cycle:     4540, Time:  1.443E-02s, Progress:  72.16%, Time Inc.: 3.180E-06s @ element      10 in Part SYS\wall Est. Clock Time Remaining: 6s        
Cycle:     4541, Time:  1.443E-02s, Progress:  72.17%, Time Inc.: 3.180E-06s @ element      10 in Part SYS\wall Est. Clock Time Remaining: 6s        
Cycle:     4542, Time:  1.444E-02s, Progress:  72.19%, Time Inc.: 3.180E-06s @ element      10 in Part SYS\wall Est. Clock Time Remaining: 6s        
Cycle:     4543, Time:  1.444E-02s, Progress:  72.21%, Time Inc.: 3.180E-06s @ element      10 in Part SYS\wall Est. Clock Time Remaining: 6s        
Cycle:     4544, Time:  1.444E-02s, Progress:  72.22%, Time Inc.: 3.180E-06s @ element      10 in Part SYS\wall Est. Clock Time Remaining: 6s        
Cycle:     4545, Time:  1.445E-02s, Progress:  72.24%, Time Inc.: 3.180E-06s @ element      10 in Part SYS\wall Est. Clock Time Remaining: 6s        
Cycle:     4546, Time:  1.445E-02s, Progress:  72.25%, Time Inc.: 3.180E-06s @ element      10 in Part SYS\wall Est. Clock Time Remaining: 6s        
Cycle:     4547, Time:  1.445E-02s, Progress:  72.27%, Time Inc.: 3.180E-06s @ element      10 in Part SYS\wall Est. Clock Time Remaining: 6s        
Cycle:     4548, Time:  1.446E-02s, Progress:  72.28%, Time Inc.: 3.180E-06s @ element      10 in Part SYS\wall Est. Clock Time Remaining: 6s        
Cycle:     4549, Time:  1.446E-02s, Progress:  72.30%, Time Inc.: 3.180E-06s @ element      10 in Part SYS\wall Est. Clock Time Remaining: 6s        
Cycle:     4550, Time:  1.446E-02s, Progress:  72.32%, Time Inc.: 3.180E-06s @ element      10 in Part SYS\wall Est. Clock Time Remaining: 6s        
Cycle:     4551, Time:  1.447E-02s, Progress:  72.33%, Time Inc.: 3.180E-06s @ element      10 in Part SYS\wall Est. Clock Time Remaining: 6s        
Cycle:     4552, Time:  1.447E-02s, Progress:  72.35%, Time Inc.: 3.180E-06s @ element      10 in Part SYS\wall Est. Clock Time Remaining: 6s        
Cycle:     4553, Time:  1.447E-02s, Progress:  72.36%, Time Inc.: 3.180E-06s @ element    1142 in Part SYS\wall Est. Clock Time Remaining: 6s        
Cycle:     4554, Time:  1.448E-02s, Progress:  72.38%, Time Inc.: 3.180E-06s @ element    1142 in Part SYS\wall Est. Clock Time Remaining: 6s        
Cycle:     4555, Time:  1.448E-02s, Progress:  72.40%, Time Inc.: 3.180E-06s @ element    1142 in Part SYS\wall Est. Clock Time Remaining: 6s        
Cycle:     4556, Time:  1.448E-02s, Progress:  72.41%, Time Inc.: 3.180E-06s @ element    1142 in Part SYS\wall Est. Clock Time Remaining: 6s        
Cycle:     4557, Time:  1.449E-02s, Progress:  72.43%, Time Inc.: 3.180E-06s @ element    1142 in Part SYS\wall Est. Clock Time Remaining: 6s        
Cycle:     4558, Time:  1.449E-02s, Progress:  72.44%, Time Inc.: 3.180E-06s @ element    1142 in Part SYS\wall Est. Clock Time Remaining: 6s        
Cycle:     4559, Time:  1.449E-02s, Progress:  72.46%, Time Inc.: 3.180E-06s @ element    1142 in Part SYS\wall Est. Clock Time Remaining: 6s        
Cycle:     4560, Time:  1.450E-02s, Progress:  72.48%, Time Inc.: 3.180E-06s @ element    1142 in Part SYS\wall Est. Clock Time Remaining: 6s        
Cycle:     4561, Time:  1.450E-02s, Progress:  72.49%, Time Inc.: 3.180E-06s @ element    1142 in Part SYS\wall Est. Clock Time Remaining: 6s        
Cycle:     4562, Time:  1.450E-02s, Progress:  72.51%, Time Inc.: 3.180E-06s @ element    1142 in Part SYS\wall Est. Clock Time Remaining: 6s        
Cycle:     4563, Time:  1.450E-02s, Progress:  72.52%, Time Inc.: 3.180E-06s @ element    1142 in Part SYS\wall Est. Clock Time Remaining: 6s        
Cycle:     4564, Time:  1.451E-02s, Progress:  72.54%, Time Inc.: 3.180E-06s @ element    1142 in Part SYS\wall Est. Clock Time Remaining: 6s        
Cycle:     4565, Time:  1.451E-02s, Progress:  72.56%, Time Inc.: 3.180E-06s @ element    1142 in Part SYS\wall Est. Clock Time Remaining: 6s        
Cycle:     4566, Time:  1.451E-02s, Progress:  72.57%, Time Inc.: 3.180E-06s @ element    1142 in Part SYS\wall Est. Clock Time Remaining: 6s        
Cycle:     4567, Time:  1.452E-02s, Progress:  72.59%, Time Inc.: 3.180E-06s @ element    1142 in Part SYS\wall Est. Clock Time Remaining: 6s        
Cycle:     4568, Time:  1.452E-02s, Progress:  72.60%, Time Inc.: 3.180E-06s @ element    1142 in Part SYS\wall Est. Clock Time Remaining: 6s        
Cycle:     4569, Time:  1.452E-02s, Progress:  72.62%, Time Inc.: 3.180E-06s @ element    1142 in Part SYS\wall Est. Clock Time Remaining: 6s        
Cycle:     4570, Time:  1.453E-02s, Progress:  72.63%, Time Inc.: 3.180E-06s @ element    1142 in Part SYS\wall Est. Clock Time Remaining: 6s        
Cycle:     4571, Time:  1.453E-02s, Progress:  72.65%, Time Inc.: 3.180E-06s @ element    1142 in Part SYS\wall Est. Clock Time Remaining: 6s        
Cycle:     4572, Time:  1.453E-02s, Progress:  72.67%, Time Inc.: 3.180E-06s @ element    1142 in Part SYS\wall Est. Clock Time Remaining: 6s        
Cycle:     4573, Time:  1.454E-02s, Progress:  72.68%, Time Inc.: 3.180E-06s @ element    1142 in Part SYS\wall Est. Clock Time Remaining: 6s        
Cycle:     4574, Time:  1.454E-02s, Progress:  72.70%, Time Inc.: 3.180E-06s @ element    1142 in Part SYS\wall Est. Clock Time Remaining: 6s        
Cycle:     4575, Time:  1.454E-02s, Progress:  72.71%, Time Inc.: 3.180E-06s @ element    1142 in Part SYS\wall Est. Clock Time Remaining: 6s        
Cycle:     4576, Time:  1.455E-02s, Progress:  72.73%, Time Inc.: 3.180E-06s @ element    1142 in Part SYS\wall Est. Clock Time Remaining: 6s        
Cycle:     4577, Time:  1.455E-02s, Progress:  72.75%, Time Inc.: 3.180E-06s @ element    1142 in Part SYS\wall Est. Clock Time Remaining: 6s        
Cycle:     4578, Time:  1.455E-02s, Progress:  72.76%, Time Inc.: 3.180E-06s @ element    1142 in Part SYS\wall Est. Clock Time Remaining: 6s        
Cycle:     4579, Time:  1.456E-02s, Progress:  72.78%, Time Inc.: 3.180E-06s @ element    1142 in Part SYS\wall Est. Clock Time Remaining: 6s        
Cycle:     4580, Time:  1.456E-02s, Progress:  72.79%, Time Inc.: 3.180E-06s @ element    1142 in Part SYS\wall Est. Clock Time Remaining: 6s        
Cycle:     4581, Time:  1.456E-02s, Progress:  72.81%, Time Inc.: 3.180E-06s @ element    1142 in Part SYS\wall Est. Clock Time Remaining: 6s        
Cycle:     4582, Time:  1.457E-02s, Progress:  72.83%, Time Inc.: 3.180E-06s @ element    1142 in Part SYS\wall Est. Clock Time Remaining: 6s        
Cycle:     4583, Time:  1.457E-02s, Progress:  72.84%, Time Inc.: 3.180E-06s @ element    1142 in Part SYS\wall Est. Clock Time Remaining: 6s        
Cycle:     4584, Time:  1.457E-02s, Progress:  72.86%, Time Inc.: 3.180E-06s @ element    1142 in Part SYS\wall Est. Clock Time Remaining: 6s        
Cycle:     4585, Time:  1.457E-02s, Progress:  72.87%, Time Inc.: 3.180E-06s @ element    1142 in Part SYS\wall Est. Clock Time Remaining: 6s        
Cycle:     4586, Time:  1.458E-02s, Progress:  72.89%, Time Inc.: 3.180E-06s @ element    1142 in Part SYS\wall Est. Clock Time Remaining: 6s        
Cycle:     4587, Time:  1.458E-02s, Progress:  72.90%, Time Inc.: 3.180E-06s @ element    1142 in Part SYS\wall Est. Clock Time Remaining: 6s        
Cycle:     4588, Time:  1.458E-02s, Progress:  72.92%, Time Inc.: 3.180E-06s @ element    1142 in Part SYS\wall Est. Clock Time Remaining: 6s        
Cycle:     4589, Time:  1.459E-02s, Progress:  72.94%, Time Inc.: 3.180E-06s @ element    1142 in Part SYS\wall Est. Clock Time Remaining: 6s        
Cycle:     4590, Time:  1.459E-02s, Progress:  72.95%, Time Inc.: 3.180E-06s @ element    1142 in Part SYS\wall Est. Clock Time Remaining: 6s        
Cycle:     4591, Time:  1.459E-02s, Progress:  72.97%, Time Inc.: 3.180E-06s @ element    1142 in Part SYS\wall Est. Clock Time Remaining: 6s        
Cycle:     4592, Time:  1.460E-02s, Progress:  72.98%, Time Inc.: 3.180E-06s @ element    1142 in Part SYS\wall Est. Clock Time Remaining: 6s        
Cycle:     4593, Time:  1.460E-02s, Progress:  73.00%, Time Inc.: 3.180E-06s @ element    1142 in Part SYS\wall Est. Clock Time Remaining: 6s        
Cycle:     4594, Time:  1.460E-02s, Progress:  73.02%, Time Inc.: 3.180E-06s @ element    1142 in Part SYS\wall Est. Clock Time Remaining: 6s        
Cycle:     4595, Time:  1.461E-02s, Progress:  73.03%, Time Inc.: 3.180E-06s @ element    1142 in Part SYS\wall Est. Clock Time Remaining: 6s        
Cycle:     4596, Time:  1.461E-02s, Progress:  73.05%, Time Inc.: 3.180E-06s @ element    1142 in Part SYS\wall Est. Clock Time Remaining: 5s        
Cycle:     4597, Time:  1.461E-02s, Progress:  73.06%, Time Inc.: 3.180E-06s @ element    1142 in Part SYS\wall Est. Clock Time Remaining: 5s        
Cycle:     4598, Time:  1.462E-02s, Progress:  73.08%, Time Inc.: 3.180E-06s @ element    1142 in Part SYS\wall Est. Clock Time Remaining: 5s        
Cycle:     4599, Time:  1.462E-02s, Progress:  73.10%, Time Inc.: 3.180E-06s @ element    1142 in Part SYS\wall Est. Clock Time Remaining: 5s        
Cycle:     4600, Time:  1.462E-02s, Progress:  73.11%, Time Inc.: 3.180E-06s @ element    1142 in Part SYS\wall Est. Clock Time Remaining: 5s        
Cycle:     4601, Time:  1.463E-02s, Progress:  73.13%, Time Inc.: 3.180E-06s @ element    1142 in Part SYS\wall Est. Clock Time Remaining: 5s        
Cycle:     4602, Time:  1.463E-02s, Progress:  73.14%, Time Inc.: 3.180E-06s @ element    1142 in Part SYS\wall Est. Clock Time Remaining: 5s        
Cycle:     4603, Time:  1.463E-02s, Progress:  73.16%, Time Inc.: 3.180E-06s @ element     285 in Part SYS\wall Est. Clock Time Remaining: 5s        
Cycle:     4604, Time:  1.464E-02s, Progress:  73.18%, Time Inc.: 3.180E-06s @ element     285 in Part SYS\wall Est. Clock Time Remaining: 5s        
Cycle:     4605, Time:  1.464E-02s, Progress:  73.19%, Time Inc.: 3.180E-06s @ element     321 in Part SYS\wall Est. Clock Time Remaining: 5s        
Cycle:     4606, Time:  1.464E-02s, Progress:  73.21%, Time Inc.: 3.180E-06s @ element     321 in Part SYS\wall Est. Clock Time Remaining: 5s        
Cycle:     4607, Time:  1.464E-02s, Progress:  73.22%, Time Inc.: 3.180E-06s @ element     321 in Part SYS\wall Est. Clock Time Remaining: 5s        
Cycle:     4608, Time:  1.465E-02s, Progress:  73.24%, Time Inc.: 3.180E-06s @ element     321 in Part SYS\wall Est. Clock Time Remaining: 5s        
Cycle:     4609, Time:  1.465E-02s, Progress:  73.25%, Time Inc.: 3.180E-06s @ element     321 in Part SYS\wall Est. Clock Time Remaining: 5s        
Cycle:     4610, Time:  1.465E-02s, Progress:  73.27%, Time Inc.: 3.180E-06s @ element     321 in Part SYS\wall Est. Clock Time Remaining: 5s        
Cycle:     4611, Time:  1.466E-02s, Progress:  73.29%, Time Inc.: 3.180E-06s @ element     357 in Part SYS\wall Est. Clock Time Remaining: 5s        
Cycle:     4612, Time:  1.466E-02s, Progress:  73.30%, Time Inc.: 3.180E-06s @ element     357 in Part SYS\wall Est. Clock Time Remaining: 5s        
Cycle:     4613, Time:  1.466E-02s, Progress:  73.32%, Time Inc.: 3.180E-06s @ element     357 in Part SYS\wall Est. Clock Time Remaining: 5s        
Cycle:     4614, Time:  1.467E-02s, Progress:  73.33%, Time Inc.: 3.180E-06s @ element     357 in Part SYS\wall Est. Clock Time Remaining: 5s        
Cycle:     4615, Time:  1.467E-02s, Progress:  73.35%, Time Inc.: 3.180E-06s @ element     357 in Part SYS\wall Est. Clock Time Remaining: 5s        
Cycle:     4616, Time:  1.467E-02s, Progress:  73.37%, Time Inc.: 3.180E-06s @ element     357 in Part SYS\wall Est. Clock Time Remaining: 5s        
Cycle:     4617, Time:  1.468E-02s, Progress:  73.38%, Time Inc.: 3.180E-06s @ element     357 in Part SYS\wall Est. Clock Time Remaining: 5s        
Cycle:     4618, Time:  1.468E-02s, Progress:  73.40%, Time Inc.: 3.180E-06s @ element     969 in Part SYS\wall Est. Clock Time Remaining: 5s        
Cycle:     4619, Time:  1.468E-02s, Progress:  73.41%, Time Inc.: 3.180E-06s @ element     969 in Part SYS\wall Est. Clock Time Remaining: 5s        
Cycle:     4620, Time:  1.469E-02s, Progress:  73.43%, Time Inc.: 3.180E-06s @ element     357 in Part SYS\wall Est. Clock Time Remaining: 5s        
Cycle:     4621, Time:  1.469E-02s, Progress:  73.45%, Time Inc.: 3.180E-06s @ element     357 in Part SYS\wall Est. Clock Time Remaining: 5s        
Cycle:     4622, Time:  1.469E-02s, Progress:  73.46%, Time Inc.: 3.180E-06s @ element     357 in Part SYS\wall Est. Clock Time Remaining: 5s        
Cycle:     4623, Time:  1.470E-02s, Progress:  73.48%, Time Inc.: 3.180E-06s @ element     357 in Part SYS\wall Est. Clock Time Remaining: 5s        
Cycle:     4624, Time:  1.470E-02s, Progress:  73.49%, Time Inc.: 3.180E-06s @ element     357 in Part SYS\wall Est. Clock Time Remaining: 5s        
Cycle:     4625, Time:  1.470E-02s, Progress:  73.51%, Time Inc.: 3.180E-06s @ element     357 in Part SYS\wall Est. Clock Time Remaining: 5s        
Cycle:     4626, Time:  1.471E-02s, Progress:  73.53%, Time Inc.: 3.180E-06s @ element     357 in Part SYS\wall Est. Clock Time Remaining: 5s        
Cycle:     4627, Time:  1.471E-02s, Progress:  73.54%, Time Inc.: 3.180E-06s @ element     357 in Part SYS\wall Est. Clock Time Remaining: 5s        
Cycle:     4628, Time:  1.471E-02s, Progress:  73.56%, Time Inc.: 3.180E-06s @ element     357 in Part SYS\wall Est. Clock Time Remaining: 5s        
Cycle:     4629, Time:  1.471E-02s, Progress:  73.57%, Time Inc.: 3.180E-06s @ element     357 in Part SYS\wall Est. Clock Time Remaining: 5s        
Cycle:     4630, Time:  1.472E-02s, Progress:  73.59%, Time Inc.: 3.180E-06s @ element     357 in Part SYS\wall Est. Clock Time Remaining: 5s        
Cycle:     4631, Time:  1.472E-02s, Progress:  73.60%, Time Inc.: 3.180E-06s @ element     969 in Part SYS\wall Est. Clock Time Remaining: 5s        
Cycle:     4632, Time:  1.472E-02s, Progress:  73.62%, Time Inc.: 3.180E-06s @ element     969 in Part SYS\wall Est. Clock Time Remaining: 5s        
Cycle:     4633, Time:  1.473E-02s, Progress:  73.64%, Time Inc.: 3.180E-06s @ element     969 in Part SYS\wall Est. Clock Time Remaining: 5s        
Cycle:     4634, Time:  1.473E-02s, Progress:  73.65%, Time Inc.: 3.180E-06s @ element     969 in Part SYS\wall Est. Clock Time Remaining: 5s        
Cycle:     4635, Time:  1.473E-02s, Progress:  73.67%, Time Inc.: 3.180E-06s @ element     969 in Part SYS\wall Est. Clock Time Remaining: 5s        
Cycle:     4636, Time:  1.474E-02s, Progress:  73.68%, Time Inc.: 3.180E-06s @ element     969 in Part SYS\wall Est. Clock Time Remaining: 5s        
Cycle:     4637, Time:  1.474E-02s, Progress:  73.70%, Time Inc.: 3.180E-06s @ element     969 in Part SYS\wall Est. Clock Time Remaining: 5s        
Cycle:     4638, Time:  1.474E-02s, Progress:  73.72%, Time Inc.: 3.180E-06s @ element     969 in Part SYS\wall Est. Clock Time Remaining: 5s        
Cycle:     4639, Time:  1.475E-02s, Progress:  73.73%, Time Inc.: 3.180E-06s @ element     969 in Part SYS\wall Est. Clock Time Remaining: 5s        
Cycle:     4640, Time:  1.475E-02s, Progress:  73.75%, Time Inc.: 3.180E-06s @ element     969 in Part SYS\wall Est. Clock Time Remaining: 5s        
Cycle:     4641, Time:  1.475E-02s, Progress:  73.76%, Time Inc.: 3.180E-06s @ element     969 in Part SYS\wall Est. Clock Time Remaining: 5s        
Cycle:     4642, Time:  1.476E-02s, Progress:  73.78%, Time Inc.: 3.180E-06s @ element     969 in Part SYS\wall Est. Clock Time Remaining: 5s        
Cycle:     4643, Time:  1.476E-02s, Progress:  73.80%, Time Inc.: 3.180E-06s @ element     969 in Part SYS\wall Est. Clock Time Remaining: 5s        
Cycle:     4644, Time:  1.476E-02s, Progress:  73.81%, Time Inc.: 3.180E-06s @ element     969 in Part SYS\wall Est. Clock Time Remaining: 5s        
Cycle:     4645, Time:  1.477E-02s, Progress:  73.83%, Time Inc.: 3.180E-06s @ element     969 in Part SYS\wall Est. Clock Time Remaining: 5s        
Cycle:     4646, Time:  1.477E-02s, Progress:  73.84%, Time Inc.: 3.180E-06s @ element     969 in Part SYS\wall Est. Clock Time Remaining: 5s        
Cycle:     4647, Time:  1.477E-02s, Progress:  73.86%, Time Inc.: 3.180E-06s @ element     969 in Part SYS\wall Est. Clock Time Remaining: 5s        
Cycle:     4648, Time:  1.477E-02s, Progress:  73.87%, Time Inc.: 3.180E-06s @ element     969 in Part SYS\wall Est. Clock Time Remaining: 5s        
Cycle:     4649, Time:  1.478E-02s, Progress:  73.89%, Time Inc.: 3.180E-06s @ element     969 in Part SYS\wall Est. Clock Time Remaining: 5s        
Cycle:     4650, Time:  1.478E-02s, Progress:  73.91%, Time Inc.: 3.180E-06s @ element     969 in Part SYS\wall Est. Clock Time Remaining: 5s        
Cycle:     4651, Time:  1.478E-02s, Progress:  73.92%, Time Inc.: 3.180E-06s @ element     969 in Part SYS\wall Est. Clock Time Remaining: 5s        
Cycle:     4652, Time:  1.479E-02s, Progress:  73.94%, Time Inc.: 3.180E-06s @ element     969 in Part SYS\wall Est. Clock Time Remaining: 5s        
Cycle:     4653, Time:  1.479E-02s, Progress:  73.95%, Time Inc.: 3.180E-06s @ element     969 in Part SYS\wall Est. Clock Time Remaining: 5s        
Cycle:     4654, Time:  1.479E-02s, Progress:  73.97%, Time Inc.: 3.180E-06s @ element     969 in Part SYS\wall Est. Clock Time Remaining: 5s        
Cycle:     4655, Time:  1.480E-02s, Progress:  73.99%, Time Inc.: 3.180E-06s @ element     969 in Part SYS\wall Est. Clock Time Remaining: 5s        
Cycle:     4656, Time:  1.480E-02s, Progress:  74.00%, Time Inc.: 3.180E-06s @ element     969 in Part SYS\wall Est. Clock Time Remaining: 5s        
Cycle:     4657, Time:  1.480E-02s, Progress:  74.02%, Time Inc.: 3.180E-06s @ element     969 in Part SYS\wall Est. Clock Time Remaining: 5s        
Cycle:     4658, Time:  1.481E-02s, Progress:  74.03%, Time Inc.: 3.180E-06s @ element     969 in Part SYS\wall Est. Clock Time Remaining: 5s        
Cycle:     4659, Time:  1.481E-02s, Progress:  74.05%, Time Inc.: 3.180E-06s @ element     969 in Part SYS\wall Est. Clock Time Remaining: 5s        
Cycle:     4660, Time:  1.481E-02s, Progress:  74.07%, Time Inc.: 3.180E-06s @ element     357 in Part SYS\wall Est. Clock Time Remaining: 5s        
Cycle:     4661, Time:  1.482E-02s, Progress:  74.08%, Time Inc.: 3.180E-06s @ element     357 in Part SYS\wall Est. Clock Time Remaining: 5s        
Cycle:     4662, Time:  1.482E-02s, Progress:  74.10%, Time Inc.: 3.180E-06s @ element     357 in Part SYS\wall Est. Clock Time Remaining: 5s        
Cycle:     4663, Time:  1.482E-02s, Progress:  74.11%, Time Inc.: 3.180E-06s @ element     357 in Part SYS\wall Est. Clock Time Remaining: 5s        
Cycle:     4664, Time:  1.483E-02s, Progress:  74.13%, Time Inc.: 3.180E-06s @ element     357 in Part SYS\wall Est. Clock Time Remaining: 5s        
Cycle:     4665, Time:  1.483E-02s, Progress:  74.15%, Time Inc.: 3.180E-06s @ element     357 in Part SYS\wall Est. Clock Time Remaining: 5s        
Cycle:     4666, Time:  1.483E-02s, Progress:  74.16%, Time Inc.: 3.180E-06s @ element     357 in Part SYS\wall Est. Clock Time Remaining: 5s        
Cycle:     4667, Time:  1.484E-02s, Progress:  74.18%, Time Inc.: 3.180E-06s @ element     429 in Part SYS\wall Est. Clock Time Remaining: 5s        
Cycle:     4668, Time:  1.484E-02s, Progress:  74.19%, Time Inc.: 3.180E-06s @ element     429 in Part SYS\wall Est. Clock Time Remaining: 5s        
Cycle:     4669, Time:  1.484E-02s, Progress:  74.21%, Time Inc.: 3.180E-06s @ element     429 in Part SYS\wall Est. Clock Time Remaining: 5s        
Cycle:     4670, Time:  1.484E-02s, Progress:  74.22%, Time Inc.: 3.180E-06s @ element     429 in Part SYS\wall Est. Clock Time Remaining: 5s        
Cycle:     4671, Time:  1.485E-02s, Progress:  74.24%, Time Inc.: 3.180E-06s @ element     429 in Part SYS\wall Est. Clock Time Remaining: 5s        
Cycle:     4672, Time:  1.485E-02s, Progress:  74.26%, Time Inc.: 3.180E-06s @ element     429 in Part SYS\wall Est. Clock Time Remaining: 5s        
Cycle:     4673, Time:  1.485E-02s, Progress:  74.27%, Time Inc.: 3.180E-06s @ element     429 in Part SYS\wall Est. Clock Time Remaining: 5s        
Cycle:     4674, Time:  1.486E-02s, Progress:  74.29%, Time Inc.: 3.180E-06s @ element     429 in Part SYS\wall Est. Clock Time Remaining: 5s        
Cycle:     4675, Time:  1.486E-02s, Progress:  74.30%, Time Inc.: 3.180E-06s @ element     429 in Part SYS\wall Est. Clock Time Remaining: 5s        
Cycle:     4676, Time:  1.486E-02s, Progress:  74.32%, Time Inc.: 3.180E-06s @ element     429 in Part SYS\wall Est. Clock Time Remaining: 5s        
Cycle:     4677, Time:  1.487E-02s, Progress:  74.34%, Time Inc.: 3.180E-06s @ element     357 in Part SYS\wall Est. Clock Time Remaining: 5s        
Cycle:     4678, Time:  1.487E-02s, Progress:  74.35%, Time Inc.: 3.180E-06s @ element     357 in Part SYS\wall Est. Clock Time Remaining: 5s        
Cycle:     4679, Time:  1.487E-02s, Progress:  74.37%, Time Inc.: 3.180E-06s @ element     357 in Part SYS\wall Est. Clock Time Remaining: 5s        
Cycle:     4680, Time:  1.488E-02s, Progress:  74.38%, Time Inc.: 3.180E-06s @ element     357 in Part SYS\wall Est. Clock Time Remaining: 5s        
Cycle:     4681, Time:  1.488E-02s, Progress:  74.40%, Time Inc.: 3.180E-06s @ element     357 in Part SYS\wall Est. Clock Time Remaining: 5s        
Cycle:     4682, Time:  1.488E-02s, Progress:  74.42%, Time Inc.: 3.180E-06s @ element     357 in Part SYS\wall Est. Clock Time Remaining: 5s        
Cycle:     4683, Time:  1.489E-02s, Progress:  74.43%, Time Inc.: 3.180E-06s @ element     349 in Part SYS\wall Est. Clock Time Remaining: 5s        
Cycle:     4684, Time:  1.489E-02s, Progress:  74.45%, Time Inc.: 3.180E-06s @ element     349 in Part SYS\wall Est. Clock Time Remaining: 5s        
Cycle:     4685, Time:  1.489E-02s, Progress:  74.46%, Time Inc.: 3.180E-06s @ element     349 in Part SYS\wall Est. Clock Time Remaining: 5s        
Cycle:     4686, Time:  1.490E-02s, Progress:  74.48%, Time Inc.: 3.180E-06s @ element     349 in Part SYS\wall Est. Clock Time Remaining: 5s        
Cycle:     4687, Time:  1.490E-02s, Progress:  74.50%, Time Inc.: 3.180E-06s @ element     349 in Part SYS\wall Est. Clock Time Remaining: 5s        
Cycle:     4688, Time:  1.490E-02s, Progress:  74.51%, Time Inc.: 3.180E-06s @ element     349 in Part SYS\wall Est. Clock Time Remaining: 5s        
Cycle:     4689, Time:  1.491E-02s, Progress:  74.53%, Time Inc.: 3.180E-06s @ element     349 in Part SYS\wall Est. Clock Time Remaining: 5s        
Cycle:     4690, Time:  1.491E-02s, Progress:  74.54%, Time Inc.: 3.180E-06s @ element     349 in Part SYS\wall Est. Clock Time Remaining: 5s        
Cycle:     4691, Time:  1.491E-02s, Progress:  74.56%, Time Inc.: 3.180E-06s @ element     349 in Part SYS\wall Est. Clock Time Remaining: 5s        
Cycle:     4692, Time:  1.491E-02s, Progress:  74.57%, Time Inc.: 3.180E-06s @ element     349 in Part SYS\wall Est. Clock Time Remaining: 5s        
Cycle:     4693, Time:  1.492E-02s, Progress:  74.59%, Time Inc.: 3.180E-06s @ element     349 in Part SYS\wall Est. Clock Time Remaining: 5s        
Cycle:     4694, Time:  1.492E-02s, Progress:  74.61%, Time Inc.: 3.180E-06s @ element     349 in Part SYS\wall Est. Clock Time Remaining: 5s        
Cycle:     4695, Time:  1.492E-02s, Progress:  74.62%, Time Inc.: 3.180E-06s @ element     349 in Part SYS\wall Est. Clock Time Remaining: 5s        
Cycle:     4696, Time:  1.493E-02s, Progress:  74.64%, Time Inc.: 3.180E-06s @ element     349 in Part SYS\wall Est. Clock Time Remaining: 5s        
Cycle:     4697, Time:  1.493E-02s, Progress:  74.65%, Time Inc.: 3.180E-06s @ element     349 in Part SYS\wall Est. Clock Time Remaining: 5s        
Cycle:     4698, Time:  1.493E-02s, Progress:  74.67%, Time Inc.: 3.180E-06s @ element     349 in Part SYS\wall Est. Clock Time Remaining: 5s        
Cycle:     4699, Time:  1.494E-02s, Progress:  74.69%, Time Inc.: 3.180E-06s @ element     961 in Part SYS\wall Est. Clock Time Remaining: 5s        
Cycle:     4700, Time:  1.494E-02s, Progress:  74.70%, Time Inc.: 3.180E-06s @ element     961 in Part SYS\wall Est. Clock Time Remaining: 5s        
Cycle:     4701, Time:  1.494E-02s, Progress:  74.72%, Time Inc.: 3.180E-06s @ element     961 in Part SYS\wall Est. Clock Time Remaining: 5s        
Cycle:     4702, Time:  1.495E-02s, Progress:  74.73%, Time Inc.: 3.180E-06s @ element     961 in Part SYS\wall Est. Clock Time Remaining: 5s        
Cycle:     4703, Time:  1.495E-02s, Progress:  74.75%, Time Inc.: 3.180E-06s @ element     961 in Part SYS\wall Est. Clock Time Remaining: 5s        
Cycle:     4704, Time:  1.495E-02s, Progress:  74.77%, Time Inc.: 3.180E-06s @ element     383 in Part SYS\wall Est. Clock Time Remaining: 5s        
Cycle:     4705, Time:  1.496E-02s, Progress:  74.78%, Time Inc.: 3.180E-06s @ element     383 in Part SYS\wall Est. Clock Time Remaining: 5s        
Cycle:     4706, Time:  1.496E-02s, Progress:  74.80%, Time Inc.: 3.180E-06s @ element     923 in Part SYS\wall Est. Clock Time Remaining: 5s        
Cycle:     4707, Time:  1.496E-02s, Progress:  74.81%, Time Inc.: 3.180E-06s @ element     923 in Part SYS\wall Est. Clock Time Remaining: 5s        
Cycle:     4708, Time:  1.497E-02s, Progress:  74.83%, Time Inc.: 3.180E-06s @ element     923 in Part SYS\wall Est. Clock Time Remaining: 5s        
Cycle:     4709, Time:  1.497E-02s, Progress:  74.84%, Time Inc.: 3.180E-06s @ element     923 in Part SYS\wall Est. Clock Time Remaining: 5s        
Cycle:     4710, Time:  1.497E-02s, Progress:  74.86%, Time Inc.: 3.180E-06s @ element     923 in Part SYS\wall Est. Clock Time Remaining: 5s        
Cycle:     4711, Time:  1.498E-02s, Progress:  74.88%, Time Inc.: 3.180E-06s @ element     923 in Part SYS\wall Est. Clock Time Remaining: 5s        
Cycle:     4712, Time:  1.498E-02s, Progress:  74.89%, Time Inc.: 3.180E-06s @ element     923 in Part SYS\wall Est. Clock Time Remaining: 5s        
Cycle:     4713, Time:  1.498E-02s, Progress:  74.91%, Time Inc.: 3.180E-06s @ element     923 in Part SYS\wall Est. Clock Time Remaining: 5s        
Cycle:     4714, Time:  1.498E-02s, Progress:  74.92%, Time Inc.: 3.180E-06s @ element     923 in Part SYS\wall Est. Clock Time Remaining: 5s        
Cycle:     4715, Time:  1.499E-02s, Progress:  74.94%, Time Inc.: 3.180E-06s @ element     923 in Part SYS\wall Est. Clock Time Remaining: 5s        
Cycle:     4716, Time:  1.499E-02s, Progress:  74.96%, Time Inc.: 3.180E-06s @ element     923 in Part SYS\wall Est. Clock Time Remaining: 5s        
Cycle:     4717, Time:  1.499E-02s, Progress:  74.97%, Time Inc.: 3.180E-06s @ element     923 in Part SYS\wall Est. Clock Time Remaining: 5s        
Cycle:     4718, Time:  1.500E-02s, Progress:  74.99%, Time Inc.: 3.180E-06s @ element     923 in Part SYS\wall Est. Clock Time Remaining: 5s        
Cycle:     4719, Time:  1.500E-02s, Progress:  75.00%, Time Inc.: 3.180E-06s @ element     923 in Part SYS\wall Est. Clock Time Remaining: 5s        
Cycle:     4720, Time:  1.500E-02s, Progress:  75.02%, Time Inc.: 3.180E-06s @ element     923 in Part SYS\wall Est. Clock Time Remaining: 5s        
Cycle:     4721, Time:  1.501E-02s, Progress:  75.04%, Time Inc.: 3.180E-06s @ element     923 in Part SYS\wall Est. Clock Time Remaining: 5s        
Cycle:     4722, Time:  1.501E-02s, Progress:  75.05%, Time Inc.: 3.180E-06s @ element     923 in Part SYS\wall Est. Clock Time Remaining: 5s        
Cycle:     4723, Time:  1.501E-02s, Progress:  75.07%, Time Inc.: 3.180E-06s @ element     923 in Part SYS\wall Est. Clock Time Remaining: 5s        
Cycle:     4724, Time:  1.502E-02s, Progress:  75.08%, Time Inc.: 3.180E-06s @ element     923 in Part SYS\wall Est. Clock Time Remaining: 5s        
Cycle:     4725, Time:  1.502E-02s, Progress:  75.10%, Time Inc.: 3.180E-06s @ element     923 in Part SYS\wall Est. Clock Time Remaining: 5s        
Cycle:     4726, Time:  1.502E-02s, Progress:  75.12%, Time Inc.: 3.180E-06s @ element     923 in Part SYS\wall Est. Clock Time Remaining: 5s        
Cycle:     4727, Time:  1.503E-02s, Progress:  75.13%, Time Inc.: 3.180E-06s @ element     923 in Part SYS\wall Est. Clock Time Remaining: 5s        
Cycle:     4728, Time:  1.503E-02s, Progress:  75.15%, Time Inc.: 3.180E-06s @ element     923 in Part SYS\wall Est. Clock Time Remaining: 5s        
Cycle:     4729, Time:  1.503E-02s, Progress:  75.16%, Time Inc.: 3.180E-06s @ element     923 in Part SYS\wall Est. Clock Time Remaining: 5s        
Cycle:     4730, Time:  1.504E-02s, Progress:  75.18%, Time Inc.: 3.180E-06s @ element     923 in Part SYS\wall Est. Clock Time Remaining: 5s        
Cycle:     4731, Time:  1.504E-02s, Progress:  75.19%, Time Inc.: 3.180E-06s @ element     957 in Part SYS\wall Est. Clock Time Remaining: 5s        
Cycle:     4732, Time:  1.504E-02s, Progress:  75.21%, Time Inc.: 3.180E-06s @ element     961 in Part SYS\wall Est. Clock Time Remaining: 5s        
Cycle:     4733, Time:  1.505E-02s, Progress:  75.23%, Time Inc.: 3.180E-06s @ element     961 in Part SYS\wall Est. Clock Time Remaining: 5s        
Cycle:     4734, Time:  1.505E-02s, Progress:  75.24%, Time Inc.: 3.180E-06s @ element     961 in Part SYS\wall Est. Clock Time Remaining: 5s        
Cycle:     4735, Time:  1.505E-02s, Progress:  75.26%, Time Inc.: 3.180E-06s @ element     961 in Part SYS\wall Est. Clock Time Remaining: 5s        
Cycle:     4736, Time:  1.505E-02s, Progress:  75.27%, Time Inc.: 3.180E-06s @ element     961 in Part SYS\wall Est. Clock Time Remaining: 5s        
Cycle:     4737, Time:  1.506E-02s, Progress:  75.29%, Time Inc.: 3.180E-06s @ element     961 in Part SYS\wall Est. Clock Time Remaining: 5s        
Cycle:     4738, Time:  1.506E-02s, Progress:  75.31%, Time Inc.: 3.180E-06s @ element     961 in Part SYS\wall Est. Clock Time Remaining: 5s        
Cycle:     4739, Time:  1.506E-02s, Progress:  75.32%, Time Inc.: 3.180E-06s @ element     961 in Part SYS\wall Est. Clock Time Remaining: 5s        
Cycle:     4740, Time:  1.507E-02s, Progress:  75.34%, Time Inc.: 3.180E-06s @ element     961 in Part SYS\wall Est. Clock Time Remaining: 5s        
Cycle:     4741, Time:  1.507E-02s, Progress:  75.35%, Time Inc.: 3.180E-06s @ element     961 in Part SYS\wall Est. Clock Time Remaining: 5s        
Cycle:     4742, Time:  1.507E-02s, Progress:  75.37%, Time Inc.: 3.180E-06s @ element     961 in Part SYS\wall Est. Clock Time Remaining: 5s        
Cycle:     4743, Time:  1.508E-02s, Progress:  75.39%, Time Inc.: 3.180E-06s @ element     961 in Part SYS\wall Est. Clock Time Remaining: 5s        
Cycle:     4744, Time:  1.508E-02s, Progress:  75.40%, Time Inc.: 3.180E-06s @ element     961 in Part SYS\wall Est. Clock Time Remaining: 5s        
Cycle:     4745, Time:  1.508E-02s, Progress:  75.42%, Time Inc.: 3.180E-06s @ element     961 in Part SYS\wall Est. Clock Time Remaining: 5s        
Cycle:     4746, Time:  1.509E-02s, Progress:  75.43%, Time Inc.: 3.180E-06s @ element     961 in Part SYS\wall Est. Clock Time Remaining: 5s        
Cycle:     4747, Time:  1.509E-02s, Progress:  75.45%, Time Inc.: 3.180E-06s @ element     961 in Part SYS\wall Est. Clock Time Remaining: 5s        
Cycle:     4748, Time:  1.509E-02s, Progress:  75.46%, Time Inc.: 3.180E-06s @ element     961 in Part SYS\wall Est. Clock Time Remaining: 5s        
Cycle:     4749, Time:  1.510E-02s, Progress:  75.48%, Time Inc.: 3.180E-06s @ element     961 in Part SYS\wall Est. Clock Time Remaining: 5s        
Cycle:     4750, Time:  1.510E-02s, Progress:  75.50%, Time Inc.: 3.180E-06s @ element     961 in Part SYS\wall Est. Clock Time Remaining: 5s        
Cycle:     4751, Time:  1.510E-02s, Progress:  75.51%, Time Inc.: 3.180E-06s @ element     961 in Part SYS\wall Est. Clock Time Remaining: 5s        
Cycle:     4752, Time:  1.511E-02s, Progress:  75.53%, Time Inc.: 3.180E-06s @ element     961 in Part SYS\wall Est. Clock Time Remaining: 5s        
Cycle:     4753, Time:  1.511E-02s, Progress:  75.54%, Time Inc.: 3.180E-06s @ element     961 in Part SYS\wall Est. Clock Time Remaining: 5s        
Cycle:     4754, Time:  1.511E-02s, Progress:  75.56%, Time Inc.: 3.180E-06s @ element     961 in Part SYS\wall Est. Clock Time Remaining: 5s        
Cycle:     4755, Time:  1.512E-02s, Progress:  75.58%, Time Inc.: 3.180E-06s @ element     961 in Part SYS\wall Est. Clock Time Remaining: 5s        
Cycle:     4756, Time:  1.512E-02s, Progress:  75.59%, Time Inc.: 3.180E-06s @ element     961 in Part SYS\wall Est. Clock Time Remaining: 5s        
Cycle:     4757, Time:  1.512E-02s, Progress:  75.61%, Time Inc.: 3.180E-06s @ element     961 in Part SYS\wall Est. Clock Time Remaining: 5s        
Cycle:     4758, Time:  1.512E-02s, Progress:  75.62%, Time Inc.: 3.180E-06s @ element     969 in Part SYS\wall Est. Clock Time Remaining: 5s        
Cycle:     4759, Time:  1.513E-02s, Progress:  75.64%, Time Inc.: 3.180E-06s @ element     969 in Part SYS\wall Est. Clock Time Remaining: 5s        
Cycle:     4760, Time:  1.513E-02s, Progress:  75.66%, Time Inc.: 3.180E-06s @ element     969 in Part SYS\wall Est. Clock Time Remaining: 5s        
Cycle:     4761, Time:  1.513E-02s, Progress:  75.67%, Time Inc.: 3.180E-06s @ element     969 in Part SYS\wall Est. Clock Time Remaining: 5s        
Cycle:     4762, Time:  1.514E-02s, Progress:  75.69%, Time Inc.: 3.180E-06s @ element     969 in Part SYS\wall Est. Clock Time Remaining: 5s        
Cycle:     4763, Time:  1.514E-02s, Progress:  75.70%, Time Inc.: 3.180E-06s @ element     969 in Part SYS\wall Est. Clock Time Remaining: 5s        
Cycle:     4764, Time:  1.514E-02s, Progress:  75.72%, Time Inc.: 3.180E-06s @ element     969 in Part SYS\wall Est. Clock Time Remaining: 5s        
Cycle:     4765, Time:  1.515E-02s, Progress:  75.74%, Time Inc.: 3.180E-06s @ element     969 in Part SYS\wall Est. Clock Time Remaining: 5s        
Cycle:     4766, Time:  1.515E-02s, Progress:  75.75%, Time Inc.: 3.180E-06s @ element     969 in Part SYS\wall Est. Clock Time Remaining: 5s        
Cycle:     4767, Time:  1.515E-02s, Progress:  75.77%, Time Inc.: 3.180E-06s @ element     969 in Part SYS\wall Est. Clock Time Remaining: 5s        
Cycle:     4768, Time:  1.516E-02s, Progress:  75.78%, Time Inc.: 3.180E-06s @ element     969 in Part SYS\wall Est. Clock Time Remaining: 5s        
Cycle:     4769, Time:  1.516E-02s, Progress:  75.80%, Time Inc.: 3.180E-06s @ element     969 in Part SYS\wall Est. Clock Time Remaining: 5s        
Cycle:     4770, Time:  1.516E-02s, Progress:  75.81%, Time Inc.: 3.180E-06s @ element     969 in Part SYS\wall Est. Clock Time Remaining: 5s        
Cycle:     4771, Time:  1.517E-02s, Progress:  75.83%, Time Inc.: 3.180E-06s @ element     969 in Part SYS\wall Est. Clock Time Remaining: 5s        
Cycle:     4772, Time:  1.517E-02s, Progress:  75.85%, Time Inc.: 3.180E-06s @ element     357 in Part SYS\wall Est. Clock Time Remaining: 5s        
Cycle:     4773, Time:  1.517E-02s, Progress:  75.86%, Time Inc.: 3.180E-06s @ element     357 in Part SYS\wall Est. Clock Time Remaining: 5s        
Cycle:     4774, Time:  1.518E-02s, Progress:  75.88%, Time Inc.: 3.180E-06s @ element     357 in Part SYS\wall Est. Clock Time Remaining: 5s        
Cycle:     4775, Time:  1.518E-02s, Progress:  75.89%, Time Inc.: 3.180E-06s @ element     353 in Part SYS\wall Est. Clock Time Remaining: 5s        
Cycle:     4776, Time:  1.518E-02s, Progress:  75.91%, Time Inc.: 3.180E-06s @ element     315 in Part SYS\wall Est. Clock Time Remaining: 5s        
Cycle:     4777, Time:  1.519E-02s, Progress:  75.93%, Time Inc.: 3.180E-06s @ element     315 in Part SYS\wall Est. Clock Time Remaining: 5s        
Cycle:     4778, Time:  1.519E-02s, Progress:  75.94%, Time Inc.: 3.180E-06s @ element     315 in Part SYS\wall Est. Clock Time Remaining: 5s        
Cycle:     4779, Time:  1.519E-02s, Progress:  75.96%, Time Inc.: 3.180E-06s @ element     315 in Part SYS\wall Est. Clock Time Remaining: 5s        
Cycle:     4780, Time:  1.519E-02s, Progress:  75.97%, Time Inc.: 3.180E-06s @ element     315 in Part SYS\wall Est. Clock Time Remaining: 5s        
Cycle:     4781, Time:  1.520E-02s, Progress:  75.99%, Time Inc.: 3.180E-06s @ element     315 in Part SYS\wall Est. Clock Time Remaining: 5s        
Cycle:     4782, Time:  1.520E-02s, Progress:  76.01%, Time Inc.: 3.180E-06s @ element     315 in Part SYS\wall Est. Clock Time Remaining: 5s        
Cycle:     4783, Time:  1.520E-02s, Progress:  76.02%, Time Inc.: 3.180E-06s @ element     315 in Part SYS\wall Est. Clock Time Remaining: 5s        
Cycle:     4784, Time:  1.521E-02s, Progress:  76.04%, Time Inc.: 3.180E-06s @ element     315 in Part SYS\wall Est. Clock Time Remaining: 5s        
Cycle:     4785, Time:  1.521E-02s, Progress:  76.05%, Time Inc.: 3.180E-06s @ element     315 in Part SYS\wall Est. Clock Time Remaining: 5s        
Cycle:     4786, Time:  1.521E-02s, Progress:  76.07%, Time Inc.: 3.180E-06s @ element     315 in Part SYS\wall Est. Clock Time Remaining: 5s        
Cycle:     4787, Time:  1.522E-02s, Progress:  76.09%, Time Inc.: 3.180E-06s @ element     315 in Part SYS\wall Est. Clock Time Remaining: 5s        
Cycle:     4788, Time:  1.522E-02s, Progress:  76.10%, Time Inc.: 3.180E-06s @ element     315 in Part SYS\wall Est. Clock Time Remaining: 5s        
Cycle:     4789, Time:  1.522E-02s, Progress:  76.12%, Time Inc.: 3.180E-06s @ element     315 in Part SYS\wall Est. Clock Time Remaining: 5s        
Cycle:     4790, Time:  1.523E-02s, Progress:  76.13%, Time Inc.: 3.180E-06s @ element     315 in Part SYS\wall Est. Clock Time Remaining: 5s        
Cycle:     4791, Time:  1.523E-02s, Progress:  76.15%, Time Inc.: 3.180E-06s @ element     315 in Part SYS\wall Est. Clock Time Remaining: 5s        
Cycle:     4792, Time:  1.523E-02s, Progress:  76.16%, Time Inc.: 3.180E-06s @ element     315 in Part SYS\wall Est. Clock Time Remaining: 5s        
Cycle:     4793, Time:  1.524E-02s, Progress:  76.18%, Time Inc.: 3.180E-06s @ element     315 in Part SYS\wall Est. Clock Time Remaining: 5s        
Cycle:     4794, Time:  1.524E-02s, Progress:  76.20%, Time Inc.: 3.180E-06s @ element     315 in Part SYS\wall Est. Clock Time Remaining: 5s        
Cycle:     4795, Time:  1.524E-02s, Progress:  76.21%, Time Inc.: 3.180E-06s @ element     315 in Part SYS\wall Est. Clock Time Remaining: 5s        
Cycle:     4796, Time:  1.525E-02s, Progress:  76.23%, Time Inc.: 3.180E-06s @ element     315 in Part SYS\wall Est. Clock Time Remaining: 5s        
Cycle:     4797, Time:  1.525E-02s, Progress:  76.24%, Time Inc.: 3.180E-06s @ element     315 in Part SYS\wall Est. Clock Time Remaining: 5s        
Cycle:     4798, Time:  1.525E-02s, Progress:  76.26%, Time Inc.: 3.180E-06s @ element     315 in Part SYS\wall Est. Clock Time Remaining: 5s        
Cycle:     4799, Time:  1.526E-02s, Progress:  76.28%, Time Inc.: 3.180E-06s @ element     315 in Part SYS\wall Est. Clock Time Remaining: 5s        
Cycle:     4800, Time:  1.526E-02s, Progress:  76.29%, Time Inc.: 3.180E-06s @ element     315 in Part SYS\wall Est. Clock Time Remaining: 5s        
Cycle:     4801, Time:  1.526E-02s, Progress:  76.31%, Time Inc.: 3.180E-06s @ element     315 in Part SYS\wall Est. Clock Time Remaining: 5s        
Cycle:     4802, Time:  1.526E-02s, Progress:  76.32%, Time Inc.: 3.180E-06s @ element     315 in Part SYS\wall Est. Clock Time Remaining: 5s        
Cycle:     4803, Time:  1.527E-02s, Progress:  76.34%, Time Inc.: 3.180E-06s @ element     999 in Part SYS\wall Est. Clock Time Remaining: 5s        
Cycle:     4804, Time:  1.527E-02s, Progress:  76.36%, Time Inc.: 3.180E-06s @ element     999 in Part SYS\wall Est. Clock Time Remaining: 5s        
Cycle:     4805, Time:  1.527E-02s, Progress:  76.37%, Time Inc.: 3.180E-06s @ element     999 in Part SYS\wall Est. Clock Time Remaining: 5s        
Cycle:     4806, Time:  1.528E-02s, Progress:  76.39%, Time Inc.: 3.180E-06s @ element     999 in Part SYS\wall Est. Clock Time Remaining: 5s        
Cycle:     4807, Time:  1.528E-02s, Progress:  76.40%, Time Inc.: 3.180E-06s @ element     999 in Part SYS\wall Est. Clock Time Remaining: 5s        
Cycle:     4808, Time:  1.528E-02s, Progress:  76.42%, Time Inc.: 3.180E-06s @ element     999 in Part SYS\wall Est. Clock Time Remaining: 5s        
Cycle:     4809, Time:  1.529E-02s, Progress:  76.43%, Time Inc.: 3.180E-06s @ element     999 in Part SYS\wall Est. Clock Time Remaining: 5s        
Cycle:     4810, Time:  1.529E-02s, Progress:  76.45%, Time Inc.: 3.180E-06s @ element     999 in Part SYS\wall Est. Clock Time Remaining: 5s        
Cycle:     4811, Time:  1.529E-02s, Progress:  76.47%, Time Inc.: 3.180E-06s @ element     999 in Part SYS\wall Est. Clock Time Remaining: 5s        
Cycle:     4812, Time:  1.530E-02s, Progress:  76.48%, Time Inc.: 3.180E-06s @ element     999 in Part SYS\wall Est. Clock Time Remaining: 5s        
Cycle:     4813, Time:  1.530E-02s, Progress:  76.50%, Time Inc.: 3.180E-06s @ element     999 in Part SYS\wall Est. Clock Time Remaining: 5s        
Cycle:     4814, Time:  1.530E-02s, Progress:  76.51%, Time Inc.: 3.180E-06s @ element     969 in Part SYS\wall Est. Clock Time Remaining: 5s        
Cycle:     4815, Time:  1.531E-02s, Progress:  76.53%, Time Inc.: 3.180E-06s @ element     969 in Part SYS\wall Est. Clock Time Remaining: 5s        
Cycle:     4816, Time:  1.531E-02s, Progress:  76.55%, Time Inc.: 3.180E-06s @ element     969 in Part SYS\wall Est. Clock Time Remaining: 5s        
Cycle:     4817, Time:  1.531E-02s, Progress:  76.56%, Time Inc.: 3.180E-06s @ element     969 in Part SYS\wall Est. Clock Time Remaining: 5s        
Cycle:     4818, Time:  1.532E-02s, Progress:  76.58%, Time Inc.: 3.180E-06s @ element     969 in Part SYS\wall Est. Clock Time Remaining: 5s        
Cycle:     4819, Time:  1.532E-02s, Progress:  76.59%, Time Inc.: 3.180E-06s @ element     969 in Part SYS\wall Est. Clock Time Remaining: 5s        
Cycle:     4820, Time:  1.532E-02s, Progress:  76.61%, Time Inc.: 3.180E-06s @ element     969 in Part SYS\wall Est. Clock Time Remaining: 5s        
Cycle:     4821, Time:  1.533E-02s, Progress:  76.63%, Time Inc.: 3.180E-06s @ element     969 in Part SYS\wall Est. Clock Time Remaining: 5s        
Cycle:     4822, Time:  1.533E-02s, Progress:  76.64%, Time Inc.: 3.180E-06s @ element     969 in Part SYS\wall Est. Clock Time Remaining: 5s        
Cycle:     4823, Time:  1.533E-02s, Progress:  76.66%, Time Inc.: 3.180E-06s @ element     969 in Part SYS\wall Est. Clock Time Remaining: 5s        
Cycle:     4824, Time:  1.533E-02s, Progress:  76.67%, Time Inc.: 3.180E-06s @ element     969 in Part SYS\wall Est. Clock Time Remaining: 5s        
Cycle:     4825, Time:  1.534E-02s, Progress:  76.69%, Time Inc.: 3.180E-06s @ element    1041 in Part SYS\wall Est. Clock Time Remaining: 5s        
Cycle:     4826, Time:  1.534E-02s, Progress:  76.71%, Time Inc.: 3.180E-06s @ element    1041 in Part SYS\wall Est. Clock Time Remaining: 5s        
Cycle:     4827, Time:  1.534E-02s, Progress:  76.72%, Time Inc.: 3.180E-06s @ element    1041 in Part SYS\wall Est. Clock Time Remaining: 5s        
Cycle:     4828, Time:  1.535E-02s, Progress:  76.74%, Time Inc.: 3.180E-06s @ element    1041 in Part SYS\wall Est. Clock Time Remaining: 5s        
Cycle:     4829, Time:  1.535E-02s, Progress:  76.75%, Time Inc.: 3.180E-06s @ element    1041 in Part SYS\wall Est. Clock Time Remaining: 5s        
Cycle:     4830, Time:  1.535E-02s, Progress:  76.77%, Time Inc.: 3.180E-06s @ element    1041 in Part SYS\wall Est. Clock Time Remaining: 5s        
Cycle:     4831, Time:  1.536E-02s, Progress:  76.78%, Time Inc.: 3.180E-06s @ element    1041 in Part SYS\wall Est. Clock Time Remaining: 5s        
Cycle:     4832, Time:  1.536E-02s, Progress:  76.80%, Time Inc.: 3.180E-06s @ element    1041 in Part SYS\wall Est. Clock Time Remaining: 5s        
Cycle:     4833, Time:  1.536E-02s, Progress:  76.82%, Time Inc.: 3.180E-06s @ element    1041 in Part SYS\wall Est. Clock Time Remaining: 5s        
Cycle:     4834, Time:  1.537E-02s, Progress:  76.83%, Time Inc.: 3.180E-06s @ element    1041 in Part SYS\wall Est. Clock Time Remaining: 5s        
Cycle:     4835, Time:  1.537E-02s, Progress:  76.85%, Time Inc.: 3.180E-06s @ element    1041 in Part SYS\wall Est. Clock Time Remaining: 5s        
Cycle:     4836, Time:  1.537E-02s, Progress:  76.86%, Time Inc.: 3.180E-06s @ element    1041 in Part SYS\wall Est. Clock Time Remaining: 5s        
Cycle:     4837, Time:  1.538E-02s, Progress:  76.88%, Time Inc.: 3.180E-06s @ element    1041 in Part SYS\wall Est. Clock Time Remaining: 5s        
Cycle:     4838, Time:  1.538E-02s, Progress:  76.90%, Time Inc.: 3.180E-06s @ element    1041 in Part SYS\wall Est. Clock Time Remaining: 5s        
Cycle:     4839, Time:  1.538E-02s, Progress:  76.91%, Time Inc.: 3.180E-06s @ element    1041 in Part SYS\wall Est. Clock Time Remaining: 5s        
Cycle:     4840, Time:  1.539E-02s, Progress:  76.93%, Time Inc.: 3.180E-06s @ element    1041 in Part SYS\wall Est. Clock Time Remaining: 5s        
Cycle:     4841, Time:  1.539E-02s, Progress:  76.94%, Time Inc.: 3.180E-06s @ element    1041 in Part SYS\wall Est. Clock Time Remaining: 5s        
Cycle:     4842, Time:  1.539E-02s, Progress:  76.96%, Time Inc.: 3.180E-06s @ element    1041 in Part SYS\wall Est. Clock Time Remaining: 5s        
Cycle:     4843, Time:  1.540E-02s, Progress:  76.98%, Time Inc.: 3.180E-06s @ element    1041 in Part SYS\wall Est. Clock Time Remaining: 5s        
Cycle:     4844, Time:  1.540E-02s, Progress:  76.99%, Time Inc.: 3.180E-06s @ element    1041 in Part SYS\wall Est. Clock Time Remaining: 5s        
Cycle:     4845, Time:  1.540E-02s, Progress:  77.01%, Time Inc.: 3.180E-06s @ element    1041 in Part SYS\wall Est. Clock Time Remaining: 5s        
Cycle:     4846, Time:  1.540E-02s, Progress:  77.02%, Time Inc.: 3.180E-06s @ element    1041 in Part SYS\wall Est. Clock Time Remaining: 5s        
Cycle:     4847, Time:  1.541E-02s, Progress:  77.04%, Time Inc.: 3.180E-06s @ element    1041 in Part SYS\wall Est. Clock Time Remaining: 5s        
Cycle:     4848, Time:  1.541E-02s, Progress:  77.05%, Time Inc.: 3.180E-06s @ element     285 in Part SYS\wall Est. Clock Time Remaining: 5s        
Cycle:     4849, Time:  1.541E-02s, Progress:  77.07%, Time Inc.: 3.180E-06s @ element     285 in Part SYS\wall Est. Clock Time Remaining: 5s        
Cycle:     4850, Time:  1.542E-02s, Progress:  77.09%, Time Inc.: 3.180E-06s @ element     285 in Part SYS\wall Est. Clock Time Remaining: 5s        
Cycle:     4851, Time:  1.542E-02s, Progress:  77.10%, Time Inc.: 3.180E-06s @ element     249 in Part SYS\wall Est. Clock Time Remaining: 5s        
Cycle:     4852, Time:  1.542E-02s, Progress:  77.12%, Time Inc.: 3.180E-06s @ element     249 in Part SYS\wall Est. Clock Time Remaining: 5s        
Cycle:     4853, Time:  1.543E-02s, Progress:  77.13%, Time Inc.: 3.180E-06s @ element     249 in Part SYS\wall Est. Clock Time Remaining: 5s        
Cycle:     4854, Time:  1.543E-02s, Progress:  77.15%, Time Inc.: 3.180E-06s @ element     249 in Part SYS\wall Est. Clock Time Remaining: 5s        
Cycle:     4855, Time:  1.543E-02s, Progress:  77.17%, Time Inc.: 3.180E-06s @ element     249 in Part SYS\wall Est. Clock Time Remaining: 5s        
Cycle:     4856, Time:  1.544E-02s, Progress:  77.18%, Time Inc.: 3.180E-06s @ element     249 in Part SYS\wall Est. Clock Time Remaining: 5s        
Cycle:     4857, Time:  1.544E-02s, Progress:  77.20%, Time Inc.: 3.180E-06s @ element     249 in Part SYS\wall Est. Clock Time Remaining: 5s        
Cycle:     4858, Time:  1.544E-02s, Progress:  77.21%, Time Inc.: 3.180E-06s @ element     249 in Part SYS\wall Est. Clock Time Remaining: 5s        
Cycle:     4859, Time:  1.545E-02s, Progress:  77.23%, Time Inc.: 3.180E-06s @ element     249 in Part SYS\wall Est. Clock Time Remaining: 5s        
Cycle:     4860, Time:  1.545E-02s, Progress:  77.25%, Time Inc.: 3.180E-06s @ element     249 in Part SYS\wall Est. Clock Time Remaining: 5s        
Cycle:     4861, Time:  1.545E-02s, Progress:  77.26%, Time Inc.: 3.180E-06s @ element     249 in Part SYS\wall Est. Clock Time Remaining: 5s        
Cycle:     4862, Time:  1.546E-02s, Progress:  77.28%, Time Inc.: 3.180E-06s @ element     249 in Part SYS\wall Est. Clock Time Remaining: 5s        
Cycle:     4863, Time:  1.546E-02s, Progress:  77.29%, Time Inc.: 3.180E-06s @ element     249 in Part SYS\wall Est. Clock Time Remaining: 5s        
Cycle:     4864, Time:  1.546E-02s, Progress:  77.31%, Time Inc.: 3.180E-06s @ element     249 in Part SYS\wall Est. Clock Time Remaining: 5s        
Cycle:     4865, Time:  1.547E-02s, Progress:  77.33%, Time Inc.: 3.180E-06s @ element     249 in Part SYS\wall Est. Clock Time Remaining: 5s        
Cycle:     4866, Time:  1.547E-02s, Progress:  77.34%, Time Inc.: 3.180E-06s @ element     249 in Part SYS\wall Est. Clock Time Remaining: 5s        
Cycle:     4867, Time:  1.547E-02s, Progress:  77.36%, Time Inc.: 3.180E-06s @ element     249 in Part SYS\wall Est. Clock Time Remaining: 5s        
Cycle:     4868, Time:  1.547E-02s, Progress:  77.37%, Time Inc.: 3.180E-06s @ element     249 in Part SYS\wall Est. Clock Time Remaining: 5s        
Cycle:     4869, Time:  1.548E-02s, Progress:  77.39%, Time Inc.: 3.180E-06s @ element     249 in Part SYS\wall Est. Clock Time Remaining: 5s        
Cycle:     4870, Time:  1.548E-02s, Progress:  77.40%, Time Inc.: 3.180E-06s @ element     249 in Part SYS\wall Est. Clock Time Remaining: 5s        
Cycle:     4871, Time:  1.548E-02s, Progress:  77.42%, Time Inc.: 3.180E-06s @ element     249 in Part SYS\wall Est. Clock Time Remaining: 5s        
Cycle:     4872, Time:  1.549E-02s, Progress:  77.44%, Time Inc.: 3.180E-06s @ element     249 in Part SYS\wall Est. Clock Time Remaining: 5s        
Cycle:     4873, Time:  1.549E-02s, Progress:  77.45%, Time Inc.: 3.180E-06s @ element     249 in Part SYS\wall Est. Clock Time Remaining: 5s        
Cycle:     4874, Time:  1.549E-02s, Progress:  77.47%, Time Inc.: 3.180E-06s @ element     249 in Part SYS\wall Est. Clock Time Remaining: 5s        
Cycle:     4875, Time:  1.550E-02s, Progress:  77.48%, Time Inc.: 3.180E-06s @ element     249 in Part SYS\wall Est. Clock Time Remaining: 5s        
Cycle:     4876, Time:  1.550E-02s, Progress:  77.50%, Time Inc.: 3.180E-06s @ element     249 in Part SYS\wall Est. Clock Time Remaining: 5s        
Cycle:     4877, Time:  1.550E-02s, Progress:  77.52%, Time Inc.: 3.180E-06s @ element    1041 in Part SYS\wall Est. Clock Time Remaining: 5s        
Cycle:     4878, Time:  1.551E-02s, Progress:  77.53%, Time Inc.: 3.180E-06s @ element    1041 in Part SYS\wall Est. Clock Time Remaining: 5s        
Cycle:     4879, Time:  1.551E-02s, Progress:  77.55%, Time Inc.: 3.180E-06s @ element    1041 in Part SYS\wall Est. Clock Time Remaining: 5s        
Cycle:     4880, Time:  1.551E-02s, Progress:  77.56%, Time Inc.: 3.180E-06s @ element    1041 in Part SYS\wall Est. Clock Time Remaining: 5s        
Cycle:     4881, Time:  1.552E-02s, Progress:  77.58%, Time Inc.: 3.180E-06s @ element    1041 in Part SYS\wall Est. Clock Time Remaining: 5s        
Cycle:     4882, Time:  1.552E-02s, Progress:  77.60%, Time Inc.: 3.180E-06s @ element    1041 in Part SYS\wall Est. Clock Time Remaining: 5s        
Cycle:     4883, Time:  1.552E-02s, Progress:  77.61%, Time Inc.: 3.180E-06s @ element    1041 in Part SYS\wall Est. Clock Time Remaining: 4s        
Cycle:     4884, Time:  1.553E-02s, Progress:  77.63%, Time Inc.: 3.180E-06s @ element    1041 in Part SYS\wall Est. Clock Time Remaining: 4s        
Cycle:     4885, Time:  1.553E-02s, Progress:  77.64%, Time Inc.: 3.180E-06s @ element    1041 in Part SYS\wall Est. Clock Time Remaining: 4s        
Cycle:     4886, Time:  1.553E-02s, Progress:  77.66%, Time Inc.: 3.180E-06s @ element    1041 in Part SYS\wall Est. Clock Time Remaining: 4s        
Cycle:     4887, Time:  1.554E-02s, Progress:  77.68%, Time Inc.: 3.180E-06s @ element    1041 in Part SYS\wall Est. Clock Time Remaining: 4s        
Cycle:     4888, Time:  1.554E-02s, Progress:  77.69%, Time Inc.: 3.180E-06s @ element    1041 in Part SYS\wall Est. Clock Time Remaining: 4s        
Cycle:     4889, Time:  1.554E-02s, Progress:  77.71%, Time Inc.: 3.180E-06s @ element    1041 in Part SYS\wall Est. Clock Time Remaining: 4s        
Cycle:     4890, Time:  1.554E-02s, Progress:  77.72%, Time Inc.: 3.180E-06s @ element    1041 in Part SYS\wall Est. Clock Time Remaining: 4s        
Cycle:     4891, Time:  1.555E-02s, Progress:  77.74%, Time Inc.: 3.180E-06s @ element    1041 in Part SYS\wall Est. Clock Time Remaining: 4s        
Cycle:     4892, Time:  1.555E-02s, Progress:  77.75%, Time Inc.: 3.180E-06s @ element    1041 in Part SYS\wall Est. Clock Time Remaining: 4s        
Cycle:     4893, Time:  1.555E-02s, Progress:  77.77%, Time Inc.: 3.180E-06s @ element     969 in Part SYS\wall Est. Clock Time Remaining: 4s        
Cycle:     4894, Time:  1.556E-02s, Progress:  77.79%, Time Inc.: 3.180E-06s @ element     969 in Part SYS\wall Est. Clock Time Remaining: 4s        
Cycle:     4895, Time:  1.556E-02s, Progress:  77.80%, Time Inc.: 3.180E-06s @ element     969 in Part SYS\wall Est. Clock Time Remaining: 4s        
Cycle:     4896, Time:  1.556E-02s, Progress:  77.82%, Time Inc.: 3.180E-06s @ element     969 in Part SYS\wall Est. Clock Time Remaining: 4s        
Cycle:     4897, Time:  1.557E-02s, Progress:  77.83%, Time Inc.: 3.180E-06s @ element     969 in Part SYS\wall Est. Clock Time Remaining: 4s        
Cycle:     4898, Time:  1.557E-02s, Progress:  77.85%, Time Inc.: 3.180E-06s @ element     969 in Part SYS\wall Est. Clock Time Remaining: 4s        
Cycle:     4899, Time:  1.557E-02s, Progress:  77.87%, Time Inc.: 3.180E-06s @ element     969 in Part SYS\wall Est. Clock Time Remaining: 4s        
Cycle:     4900, Time:  1.558E-02s, Progress:  77.88%, Time Inc.: 3.180E-06s @ element     969 in Part SYS\wall Est. Clock Time Remaining: 4s        
Cycle:     4901, Time:  1.558E-02s, Progress:  77.90%, Time Inc.: 3.180E-06s @ element     969 in Part SYS\wall Est. Clock Time Remaining: 4s        
Cycle:     4902, Time:  1.558E-02s, Progress:  77.91%, Time Inc.: 3.180E-06s @ element     969 in Part SYS\wall Est. Clock Time Remaining: 4s        
Cycle:     4903, Time:  1.559E-02s, Progress:  77.93%, Time Inc.: 3.180E-06s @ element     969 in Part SYS\wall Est. Clock Time Remaining: 4s        
Cycle:     4904, Time:  1.559E-02s, Progress:  77.95%, Time Inc.: 3.180E-06s @ element     969 in Part SYS\wall Est. Clock Time Remaining: 4s        
Cycle:     4905, Time:  1.559E-02s, Progress:  77.96%, Time Inc.: 3.180E-06s @ element     969 in Part SYS\wall Est. Clock Time Remaining: 4s        
Cycle:     4906, Time:  1.560E-02s, Progress:  77.98%, Time Inc.: 3.180E-06s @ element    1082 in Part SYS\wall Est. Clock Time Remaining: 4s        
Cycle:     4907, Time:  1.560E-02s, Progress:  77.99%, Time Inc.: 3.180E-06s @ element    1082 in Part SYS\wall Est. Clock Time Remaining: 4s        
Cycle:     4908, Time:  1.560E-02s, Progress:  78.01%, Time Inc.: 3.180E-06s @ element    1082 in Part SYS\wall Est. Clock Time Remaining: 4s        
Cycle:     4909, Time:  1.560E-02s, Progress:  78.02%, Time Inc.: 3.180E-06s @ element    1082 in Part SYS\wall Est. Clock Time Remaining: 4s        
Cycle:     4910, Time:  1.561E-02s, Progress:  78.04%, Time Inc.: 3.180E-06s @ element    1082 in Part SYS\wall Est. Clock Time Remaining: 4s        
Cycle:     4911, Time:  1.561E-02s, Progress:  78.06%, Time Inc.: 3.180E-06s @ element    1082 in Part SYS\wall Est. Clock Time Remaining: 4s        
Cycle:     4912, Time:  1.561E-02s, Progress:  78.07%, Time Inc.: 3.180E-06s @ element    1082 in Part SYS\wall Est. Clock Time Remaining: 4s        
Cycle:     4913, Time:  1.562E-02s, Progress:  78.09%, Time Inc.: 3.180E-06s @ element    1082 in Part SYS\wall Est. Clock Time Remaining: 4s        
Cycle:     4914, Time:  1.562E-02s, Progress:  78.10%, Time Inc.: 3.180E-06s @ element    1082 in Part SYS\wall Est. Clock Time Remaining: 4s        
Cycle:     4915, Time:  1.562E-02s, Progress:  78.12%, Time Inc.: 3.180E-06s @ element    1082 in Part SYS\wall Est. Clock Time Remaining: 4s        
Cycle:     4916, Time:  1.563E-02s, Progress:  78.14%, Time Inc.: 3.180E-06s @ element    1082 in Part SYS\wall Est. Clock Time Remaining: 4s        
Cycle:     4917, Time:  1.563E-02s, Progress:  78.15%, Time Inc.: 3.180E-06s @ element    1082 in Part SYS\wall Est. Clock Time Remaining: 4s        
Cycle:     4918, Time:  1.563E-02s, Progress:  78.17%, Time Inc.: 3.180E-06s @ element    1082 in Part SYS\wall Est. Clock Time Remaining: 4s        
Cycle:     4919, Time:  1.564E-02s, Progress:  78.18%, Time Inc.: 3.180E-06s @ element    1082 in Part SYS\wall Est. Clock Time Remaining: 4s        
Cycle:     4920, Time:  1.564E-02s, Progress:  78.20%, Time Inc.: 3.180E-06s @ element    1082 in Part SYS\wall Est. Clock Time Remaining: 4s        
Cycle:     4921, Time:  1.564E-02s, Progress:  78.22%, Time Inc.: 3.180E-06s @ element    1082 in Part SYS\wall Est. Clock Time Remaining: 4s        
Cycle:     4922, Time:  1.565E-02s, Progress:  78.23%, Time Inc.: 3.180E-06s @ element    1082 in Part SYS\wall Est. Clock Time Remaining: 4s        
Cycle:     4923, Time:  1.565E-02s, Progress:  78.25%, Time Inc.: 3.180E-06s @ element    1082 in Part SYS\wall Est. Clock Time Remaining: 4s        
Cycle:     4924, Time:  1.565E-02s, Progress:  78.26%, Time Inc.: 3.180E-06s @ element    1082 in Part SYS\wall Est. Clock Time Remaining: 4s        
Cycle:     4925, Time:  1.566E-02s, Progress:  78.28%, Time Inc.: 3.180E-06s @ element    1082 in Part SYS\wall Est. Clock Time Remaining: 4s        
Cycle:     4926, Time:  1.566E-02s, Progress:  78.30%, Time Inc.: 3.180E-06s @ element    1082 in Part SYS\wall Est. Clock Time Remaining: 4s        
Cycle:     4927, Time:  1.566E-02s, Progress:  78.31%, Time Inc.: 3.180E-06s @ element    1082 in Part SYS\wall Est. Clock Time Remaining: 4s        
Cycle:     4928, Time:  1.567E-02s, Progress:  78.33%, Time Inc.: 3.180E-06s @ element    1082 in Part SYS\wall Est. Clock Time Remaining: 4s        
Cycle:     4929, Time:  1.567E-02s, Progress:  78.34%, Time Inc.: 3.180E-06s @ element    1082 in Part SYS\wall Est. Clock Time Remaining: 4s        
Cycle:     4930, Time:  1.567E-02s, Progress:  78.36%, Time Inc.: 3.180E-06s @ element    1082 in Part SYS\wall Est. Clock Time Remaining: 4s        
Cycle:     4931, Time:  1.567E-02s, Progress:  78.37%, Time Inc.: 3.180E-06s @ element    1082 in Part SYS\wall Est. Clock Time Remaining: 4s        
Cycle:     4932, Time:  1.568E-02s, Progress:  78.39%, Time Inc.: 3.180E-06s @ element    1082 in Part SYS\wall Est. Clock Time Remaining: 4s        
Cycle:     4933, Time:  1.568E-02s, Progress:  78.41%, Time Inc.: 3.180E-06s @ element    1082 in Part SYS\wall Est. Clock Time Remaining: 4s        
Cycle:     4934, Time:  1.568E-02s, Progress:  78.42%, Time Inc.: 3.180E-06s @ element    1082 in Part SYS\wall Est. Clock Time Remaining: 4s        
Cycle:     4935, Time:  1.569E-02s, Progress:  78.44%, Time Inc.: 3.180E-06s @ element    1082 in Part SYS\wall Est. Clock Time Remaining: 4s        
Cycle:     4936, Time:  1.569E-02s, Progress:  78.45%, Time Inc.: 3.180E-06s @ element    1082 in Part SYS\wall Est. Clock Time Remaining: 4s        
Cycle:     4937, Time:  1.569E-02s, Progress:  78.47%, Time Inc.: 3.180E-06s @ element    1082 in Part SYS\wall Est. Clock Time Remaining: 4s        
Cycle:     4938, Time:  1.570E-02s, Progress:  78.49%, Time Inc.: 3.180E-06s @ element    1082 in Part SYS\wall Est. Clock Time Remaining: 4s        
Cycle:     4939, Time:  1.570E-02s, Progress:  78.50%, Time Inc.: 3.180E-06s @ element    1082 in Part SYS\wall Est. Clock Time Remaining: 4s        
Cycle:     4940, Time:  1.570E-02s, Progress:  78.52%, Time Inc.: 3.180E-06s @ element    1082 in Part SYS\wall Est. Clock Time Remaining: 4s        
Cycle:     4941, Time:  1.571E-02s, Progress:  78.53%, Time Inc.: 3.180E-06s @ element    1082 in Part SYS\wall Est. Clock Time Remaining: 4s        
Cycle:     4942, Time:  1.571E-02s, Progress:  78.55%, Time Inc.: 3.180E-06s @ element    1082 in Part SYS\wall Est. Clock Time Remaining: 4s        
Cycle:     4943, Time:  1.571E-02s, Progress:  78.57%, Time Inc.: 3.180E-06s @ element    1082 in Part SYS\wall Est. Clock Time Remaining: 4s        
Cycle:     4944, Time:  1.572E-02s, Progress:  78.58%, Time Inc.: 3.180E-06s @ element    1082 in Part SYS\wall Est. Clock Time Remaining: 4s        
Cycle:     4945, Time:  1.572E-02s, Progress:  78.60%, Time Inc.: 3.180E-06s @ element    1082 in Part SYS\wall Est. Clock Time Remaining: 4s        
Cycle:     4946, Time:  1.572E-02s, Progress:  78.61%, Time Inc.: 3.180E-06s @ element    1082 in Part SYS\wall Est. Clock Time Remaining: 4s        
Cycle:     4947, Time:  1.573E-02s, Progress:  78.63%, Time Inc.: 3.180E-06s @ element    1082 in Part SYS\wall Est. Clock Time Remaining: 4s        
Cycle:     4948, Time:  1.573E-02s, Progress:  78.65%, Time Inc.: 3.180E-06s @ element    1082 in Part SYS\wall Est. Clock Time Remaining: 4s        
Cycle:     4949, Time:  1.573E-02s, Progress:  78.66%, Time Inc.: 3.180E-06s @ element    1082 in Part SYS\wall Est. Clock Time Remaining: 4s        
Cycle:     4950, Time:  1.574E-02s, Progress:  78.68%, Time Inc.: 3.180E-06s @ element    1082 in Part SYS\wall Est. Clock Time Remaining: 4s        
Cycle:     4951, Time:  1.574E-02s, Progress:  78.69%, Time Inc.: 3.180E-06s @ element      24 in Part SYS\wall Est. Clock Time Remaining: 4s        
Cycle:     4952, Time:  1.574E-02s, Progress:  78.71%, Time Inc.: 3.180E-06s @ element      24 in Part SYS\wall Est. Clock Time Remaining: 4s        
Cycle:     4953, Time:  1.574E-02s, Progress:  78.72%, Time Inc.: 3.180E-06s @ element      24 in Part SYS\wall Est. Clock Time Remaining: 4s        
Cycle:     4954, Time:  1.575E-02s, Progress:  78.74%, Time Inc.: 3.180E-06s @ element      24 in Part SYS\wall Est. Clock Time Remaining: 4s        
Cycle:     4955, Time:  1.575E-02s, Progress:  78.76%, Time Inc.: 3.180E-06s @ element      24 in Part SYS\wall Est. Clock Time Remaining: 4s        
Cycle:     4956, Time:  1.575E-02s, Progress:  78.77%, Time Inc.: 3.180E-06s @ element      24 in Part SYS\wall Est. Clock Time Remaining: 4s        
Cycle:     4957, Time:  1.576E-02s, Progress:  78.79%, Time Inc.: 3.180E-06s @ element      24 in Part SYS\wall Est. Clock Time Remaining: 4s        
Cycle:     4958, Time:  1.576E-02s, Progress:  78.80%, Time Inc.: 3.180E-06s @ element      24 in Part SYS\wall Est. Clock Time Remaining: 4s        
Cycle:     4959, Time:  1.576E-02s, Progress:  78.82%, Time Inc.: 3.180E-06s @ element      24 in Part SYS\wall Est. Clock Time Remaining: 4s        
Cycle:     4960, Time:  1.577E-02s, Progress:  78.84%, Time Inc.: 3.180E-06s @ element      24 in Part SYS\wall Est. Clock Time Remaining: 4s        
Cycle:     4961, Time:  1.577E-02s, Progress:  78.85%, Time Inc.: 3.180E-06s @ element      62 in Part SYS\wall Est. Clock Time Remaining: 4s        
Cycle:     4962, Time:  1.577E-02s, Progress:  78.87%, Time Inc.: 3.180E-06s @ element      62 in Part SYS\wall Est. Clock Time Remaining: 4s        
Cycle:     4963, Time:  1.578E-02s, Progress:  78.88%, Time Inc.: 3.180E-06s @ element      62 in Part SYS\wall Est. Clock Time Remaining: 4s        
Cycle:     4964, Time:  1.578E-02s, Progress:  78.90%, Time Inc.: 3.180E-06s @ element      62 in Part SYS\wall Est. Clock Time Remaining: 4s        
Cycle:     4965, Time:  1.578E-02s, Progress:  78.92%, Time Inc.: 3.180E-06s @ element      62 in Part SYS\wall Est. Clock Time Remaining: 4s        
Cycle:     4966, Time:  1.579E-02s, Progress:  78.93%, Time Inc.: 3.180E-06s @ element      62 in Part SYS\wall Est. Clock Time Remaining: 4s        
Cycle:     4967, Time:  1.579E-02s, Progress:  78.95%, Time Inc.: 3.180E-06s @ element      62 in Part SYS\wall Est. Clock Time Remaining: 4s        
Cycle:     4968, Time:  1.579E-02s, Progress:  78.96%, Time Inc.: 3.180E-06s @ element      62 in Part SYS\wall Est. Clock Time Remaining: 4s        
Cycle:     4969, Time:  1.580E-02s, Progress:  78.98%, Time Inc.: 3.180E-06s @ element      62 in Part SYS\wall Est. Clock Time Remaining: 4s        
Cycle:     4970, Time:  1.580E-02s, Progress:  78.99%, Time Inc.: 3.180E-06s @ element      62 in Part SYS\wall Est. Clock Time Remaining: 4s        
Cycle:     4971, Time:  1.580E-02s, Progress:  79.01%, Time Inc.: 3.180E-06s @ element      62 in Part SYS\wall Est. Clock Time Remaining: 4s        
Cycle:     4972, Time:  1.581E-02s, Progress:  79.03%, Time Inc.: 3.180E-06s @ element      62 in Part SYS\wall Est. Clock Time Remaining: 4s        
Cycle:     4973, Time:  1.581E-02s, Progress:  79.04%, Time Inc.: 3.180E-06s @ element      62 in Part SYS\wall Est. Clock Time Remaining: 4s        
Cycle:     4974, Time:  1.581E-02s, Progress:  79.06%, Time Inc.: 3.180E-06s @ element      62 in Part SYS\wall Est. Clock Time Remaining: 4s        
Cycle:     4975, Time:  1.581E-02s, Progress:  79.07%, Time Inc.: 3.180E-06s @ element      62 in Part SYS\wall Est. Clock Time Remaining: 4s        
Cycle:     4976, Time:  1.582E-02s, Progress:  79.09%, Time Inc.: 3.180E-06s @ element      62 in Part SYS\wall Est. Clock Time Remaining: 4s        
Cycle:     4977, Time:  1.582E-02s, Progress:  79.11%, Time Inc.: 3.180E-06s @ element      24 in Part SYS\wall Est. Clock Time Remaining: 4s        
Cycle:     4978, Time:  1.582E-02s, Progress:  79.12%, Time Inc.: 3.180E-06s @ element      24 in Part SYS\wall Est. Clock Time Remaining: 4s        
Cycle:     4979, Time:  1.583E-02s, Progress:  79.14%, Time Inc.: 3.180E-06s @ element      24 in Part SYS\wall Est. Clock Time Remaining: 4s        
Cycle:     4980, Time:  1.583E-02s, Progress:  79.15%, Time Inc.: 3.180E-06s @ element      24 in Part SYS\wall Est. Clock Time Remaining: 4s        
Cycle:     4981, Time:  1.583E-02s, Progress:  79.17%, Time Inc.: 3.180E-06s @ element      24 in Part SYS\wall Est. Clock Time Remaining: 4s        
Cycle:     4982, Time:  1.584E-02s, Progress:  79.19%, Time Inc.: 3.180E-06s @ element      24 in Part SYS\wall Est. Clock Time Remaining: 4s        
Cycle:     4983, Time:  1.584E-02s, Progress:  79.20%, Time Inc.: 3.180E-06s @ element      24 in Part SYS\wall Est. Clock Time Remaining: 4s        
Cycle:     4984, Time:  1.584E-02s, Progress:  79.22%, Time Inc.: 3.180E-06s @ element      24 in Part SYS\wall Est. Clock Time Remaining: 4s        
Cycle:     4985, Time:  1.585E-02s, Progress:  79.23%, Time Inc.: 3.180E-06s @ element      24 in Part SYS\wall Est. Clock Time Remaining: 4s        
Cycle:     4986, Time:  1.585E-02s, Progress:  79.25%, Time Inc.: 3.180E-06s @ element      24 in Part SYS\wall Est. Clock Time Remaining: 4s        
Cycle:     4987, Time:  1.585E-02s, Progress:  79.27%, Time Inc.: 3.180E-06s @ element      24 in Part SYS\wall Est. Clock Time Remaining: 4s        
Cycle:     4988, Time:  1.586E-02s, Progress:  79.28%, Time Inc.: 3.180E-06s @ element      24 in Part SYS\wall Est. Clock Time Remaining: 4s        
Cycle:     4989, Time:  1.586E-02s, Progress:  79.30%, Time Inc.: 3.180E-06s @ element      24 in Part SYS\wall Est. Clock Time Remaining: 4s        
Cycle:     4990, Time:  1.586E-02s, Progress:  79.31%, Time Inc.: 3.180E-06s @ element      24 in Part SYS\wall Est. Clock Time Remaining: 4s        
Cycle:     4991, Time:  1.587E-02s, Progress:  79.33%, Time Inc.: 3.180E-06s @ element    1248 in Part SYS\wall Est. Clock Time Remaining: 4s        
Cycle:     4992, Time:  1.587E-02s, Progress:  79.34%, Time Inc.: 3.180E-06s @ element    1248 in Part SYS\wall Est. Clock Time Remaining: 4s        
Cycle:     4993, Time:  1.587E-02s, Progress:  79.36%, Time Inc.: 3.180E-06s @ element    1248 in Part SYS\wall Est. Clock Time Remaining: 4s        
Cycle:     4994, Time:  1.588E-02s, Progress:  79.38%, Time Inc.: 3.180E-06s @ element    1248 in Part SYS\wall Est. Clock Time Remaining: 4s        
Cycle:     4995, Time:  1.588E-02s, Progress:  79.39%, Time Inc.: 3.180E-06s @ element    1248 in Part SYS\wall Est. Clock Time Remaining: 4s        
Cycle:     4996, Time:  1.588E-02s, Progress:  79.41%, Time Inc.: 3.180E-06s @ element    1248 in Part SYS\wall Est. Clock Time Remaining: 4s        
Cycle:     4997, Time:  1.588E-02s, Progress:  79.42%, Time Inc.: 3.180E-06s @ element      62 in Part SYS\wall Est. Clock Time Remaining: 4s        
Cycle:     4998, Time:  1.589E-02s, Progress:  79.44%, Time Inc.: 3.180E-06s @ element      62 in Part SYS\wall Est. Clock Time Remaining: 4s        
Cycle:     4999, Time:  1.589E-02s, Progress:  79.46%, Time Inc.: 3.180E-06s @ element      62 in Part SYS\wall Est. Clock Time Remaining: 4s        
Cycle:     5000, Time:  1.589E-02s, Progress:  79.47%, Time Inc.: 3.180E-06s @ element      62 in Part SYS\wall Est. Clock Time Remaining: 4s        
Cycle:     5001, Time:  1.590E-02s, Progress:  79.49%, Time Inc.: 3.180E-06s @ element      62 in Part SYS\wall Est. Clock Time Remaining: 4s        
Cycle:     5002, Time:  1.590E-02s, Progress:  79.50%, Time Inc.: 3.180E-06s @ element      62 in Part SYS\wall Est. Clock Time Remaining: 4s        
Cycle:     5003, Time:  1.590E-02s, Progress:  79.52%, Time Inc.: 3.180E-06s @ element      62 in Part SYS\wall Est. Clock Time Remaining: 4s        
Cycle:     5004, Time:  1.591E-02s, Progress:  79.54%, Time Inc.: 3.180E-06s @ element      62 in Part SYS\wall Est. Clock Time Remaining: 4s        
Cycle:     5005, Time:  1.591E-02s, Progress:  79.55%, Time Inc.: 3.180E-06s @ element      62 in Part SYS\wall Est. Clock Time Remaining: 4s        
Cycle:     5006, Time:  1.591E-02s, Progress:  79.57%, Time Inc.: 3.180E-06s @ element      62 in Part SYS\wall Est. Clock Time Remaining: 4s        
Cycle:     5007, Time:  1.592E-02s, Progress:  79.58%, Time Inc.: 3.180E-06s @ element      62 in Part SYS\wall Est. Clock Time Remaining: 4s        
Cycle:     5008, Time:  1.592E-02s, Progress:  79.60%, Time Inc.: 3.180E-06s @ element      62 in Part SYS\wall Est. Clock Time Remaining: 4s        
Cycle:     5009, Time:  1.592E-02s, Progress:  79.62%, Time Inc.: 3.180E-06s @ element      62 in Part SYS\wall Est. Clock Time Remaining: 4s        
Cycle:     5010, Time:  1.593E-02s, Progress:  79.63%, Time Inc.: 3.180E-06s @ element      62 in Part SYS\wall Est. Clock Time Remaining: 4s        
Cycle:     5011, Time:  1.593E-02s, Progress:  79.65%, Time Inc.: 3.180E-06s @ element      62 in Part SYS\wall Est. Clock Time Remaining: 4s        
Cycle:     5012, Time:  1.593E-02s, Progress:  79.66%, Time Inc.: 3.180E-06s @ element      62 in Part SYS\wall Est. Clock Time Remaining: 4s        
Cycle:     5013, Time:  1.594E-02s, Progress:  79.68%, Time Inc.: 3.180E-06s @ element      62 in Part SYS\wall Est. Clock Time Remaining: 4s        
Cycle:     5014, Time:  1.594E-02s, Progress:  79.69%, Time Inc.: 3.180E-06s @ element      62 in Part SYS\wall Est. Clock Time Remaining: 4s        
Cycle:     5015, Time:  1.594E-02s, Progress:  79.71%, Time Inc.: 3.180E-06s @ element      62 in Part SYS\wall Est. Clock Time Remaining: 4s        
Cycle:     5016, Time:  1.595E-02s, Progress:  79.73%, Time Inc.: 3.180E-06s @ element      62 in Part SYS\wall Est. Clock Time Remaining: 4s        
Cycle:     5017, Time:  1.595E-02s, Progress:  79.74%, Time Inc.: 3.180E-06s @ element    1248 in Part SYS\wall Est. Clock Time Remaining: 4s        
Cycle:     5018, Time:  1.595E-02s, Progress:  79.76%, Time Inc.: 3.180E-06s @ element    1248 in Part SYS\wall Est. Clock Time Remaining: 4s        
Cycle:     5019, Time:  1.595E-02s, Progress:  79.77%, Time Inc.: 3.180E-06s @ element    1248 in Part SYS\wall Est. Clock Time Remaining: 4s        
Cycle:     5020, Time:  1.596E-02s, Progress:  79.79%, Time Inc.: 3.180E-06s @ element    1248 in Part SYS\wall Est. Clock Time Remaining: 4s        
Cycle:     5021, Time:  1.596E-02s, Progress:  79.81%, Time Inc.: 3.180E-06s @ element    1248 in Part SYS\wall Est. Clock Time Remaining: 4s        
Cycle:     5022, Time:  1.596E-02s, Progress:  79.82%, Time Inc.: 3.180E-06s @ element    1248 in Part SYS\wall Est. Clock Time Remaining: 4s        
Cycle:     5023, Time:  1.597E-02s, Progress:  79.84%, Time Inc.: 3.180E-06s @ element    1248 in Part SYS\wall Est. Clock Time Remaining: 4s        
Cycle:     5024, Time:  1.597E-02s, Progress:  79.85%, Time Inc.: 3.180E-06s @ element    1248 in Part SYS\wall Est. Clock Time Remaining: 4s        
Cycle:     5025, Time:  1.597E-02s, Progress:  79.87%, Time Inc.: 3.180E-06s @ element    1248 in Part SYS\wall Est. Clock Time Remaining: 4s        
Cycle:     5026, Time:  1.598E-02s, Progress:  79.89%, Time Inc.: 3.180E-06s @ element      62 in Part SYS\wall Est. Clock Time Remaining: 4s        
Cycle:     5027, Time:  1.598E-02s, Progress:  79.90%, Time Inc.: 3.180E-06s @ element      62 in Part SYS\wall Est. Clock Time Remaining: 4s        
Cycle:     5028, Time:  1.598E-02s, Progress:  79.92%, Time Inc.: 3.180E-06s @ element      62 in Part SYS\wall Est. Clock Time Remaining: 4s        
Cycle:     5029, Time:  1.599E-02s, Progress:  79.93%, Time Inc.: 3.180E-06s @ element      62 in Part SYS\wall Est. Clock Time Remaining: 4s        
Cycle:     5030, Time:  1.599E-02s, Progress:  79.95%, Time Inc.: 3.180E-06s @ element      62 in Part SYS\wall Est. Clock Time Remaining: 4s        
Cycle:     5031, Time:  1.599E-02s, Progress:  79.96%, Time Inc.: 3.180E-06s @ element      62 in Part SYS\wall Est. Clock Time Remaining: 4s        
Cycle:     5032, Time:  1.600E-02s, Progress:  79.98%, Time Inc.: 3.180E-06s @ element      62 in Part SYS\wall Est. Clock Time Remaining: 4s        
Cycle:     5033, Time:  1.600E-02s, Progress:  80.00%, Time Inc.: 3.180E-06s @ element      62 in Part SYS\wall Est. Clock Time Remaining: 4s        
Cycle:     5034, Time:  1.600E-02s, Progress:  80.01%, Time Inc.: 3.180E-06s @ element      62 in Part SYS\wall Est. Clock Time Remaining: 4s        
Cycle:     5035, Time:  1.601E-02s, Progress:  80.03%, Time Inc.: 3.180E-06s @ element      62 in Part SYS\wall Est. Clock Time Remaining: 4s        
Cycle:     5036, Time:  1.601E-02s, Progress:  80.04%, Time Inc.: 3.180E-06s @ element      62 in Part SYS\wall Est. Clock Time Remaining: 4s        
Cycle:     5037, Time:  1.601E-02s, Progress:  80.06%, Time Inc.: 3.180E-06s @ element      62 in Part SYS\wall Est. Clock Time Remaining: 4s        
Cycle:     5038, Time:  1.602E-02s, Progress:  80.08%, Time Inc.: 3.180E-06s @ element      62 in Part SYS\wall Est. Clock Time Remaining: 4s        
Cycle:     5039, Time:  1.602E-02s, Progress:  80.09%, Time Inc.: 3.180E-06s @ element      62 in Part SYS\wall Est. Clock Time Remaining: 4s        
Cycle:     5040, Time:  1.602E-02s, Progress:  80.11%, Time Inc.: 3.180E-06s @ element      62 in Part SYS\wall Est. Clock Time Remaining: 4s        
Cycle:     5041, Time:  1.602E-02s, Progress:  80.12%, Time Inc.: 3.180E-06s @ element      62 in Part SYS\wall Est. Clock Time Remaining: 4s        
Cycle:     5042, Time:  1.603E-02s, Progress:  80.14%, Time Inc.: 3.180E-06s @ element      62 in Part SYS\wall Est. Clock Time Remaining: 4s        
Cycle:     5043, Time:  1.603E-02s, Progress:  80.16%, Time Inc.: 3.180E-06s @ element      62 in Part SYS\wall Est. Clock Time Remaining: 4s        
Cycle:     5044, Time:  1.603E-02s, Progress:  80.17%, Time Inc.: 3.180E-06s @ element      62 in Part SYS\wall Est. Clock Time Remaining: 4s        
Cycle:     5045, Time:  1.604E-02s, Progress:  80.19%, Time Inc.: 3.180E-06s @ element      62 in Part SYS\wall Est. Clock Time Remaining: 4s        
Cycle:     5046, Time:  1.604E-02s, Progress:  80.20%, Time Inc.: 3.180E-06s @ element      62 in Part SYS\wall Est. Clock Time Remaining: 4s        
Cycle:     5047, Time:  1.604E-02s, Progress:  80.22%, Time Inc.: 3.180E-06s @ element      62 in Part SYS\wall Est. Clock Time Remaining: 4s        
Cycle:     5048, Time:  1.605E-02s, Progress:  80.24%, Time Inc.: 3.180E-06s @ element      62 in Part SYS\wall Est. Clock Time Remaining: 4s        
Cycle:     5049, Time:  1.605E-02s, Progress:  80.25%, Time Inc.: 3.180E-06s @ element      62 in Part SYS\wall Est. Clock Time Remaining: 4s        
Cycle:     5050, Time:  1.605E-02s, Progress:  80.27%, Time Inc.: 3.180E-06s @ element      62 in Part SYS\wall Est. Clock Time Remaining: 4s        
Cycle:     5051, Time:  1.606E-02s, Progress:  80.28%, Time Inc.: 3.180E-06s @ element      62 in Part SYS\wall Est. Clock Time Remaining: 4s        
Cycle:     5052, Time:  1.606E-02s, Progress:  80.30%, Time Inc.: 3.180E-06s @ element      62 in Part SYS\wall Est. Clock Time Remaining: 4s        
Cycle:     5053, Time:  1.606E-02s, Progress:  80.31%, Time Inc.: 3.180E-06s @ element      62 in Part SYS\wall Est. Clock Time Remaining: 4s        
Cycle:     5054, Time:  1.607E-02s, Progress:  80.33%, Time Inc.: 3.180E-06s @ element      62 in Part SYS\wall Est. Clock Time Remaining: 4s        
Cycle:     5055, Time:  1.607E-02s, Progress:  80.35%, Time Inc.: 3.180E-06s @ element      62 in Part SYS\wall Est. Clock Time Remaining: 4s        
Cycle:     5056, Time:  1.607E-02s, Progress:  80.36%, Time Inc.: 3.180E-06s @ element      62 in Part SYS\wall Est. Clock Time Remaining: 4s        
Cycle:     5057, Time:  1.608E-02s, Progress:  80.38%, Time Inc.: 3.180E-06s @ element      62 in Part SYS\wall Est. Clock Time Remaining: 4s        
Cycle:     5058, Time:  1.608E-02s, Progress:  80.39%, Time Inc.: 3.180E-06s @ element      62 in Part SYS\wall Est. Clock Time Remaining: 4s        
Cycle:     5059, Time:  1.608E-02s, Progress:  80.41%, Time Inc.: 3.180E-06s @ element      62 in Part SYS\wall Est. Clock Time Remaining: 4s        
Cycle:     5060, Time:  1.609E-02s, Progress:  80.43%, Time Inc.: 3.180E-06s @ element    1248 in Part SYS\wall Est. Clock Time Remaining: 4s        
Cycle:     5061, Time:  1.609E-02s, Progress:  80.44%, Time Inc.: 3.180E-06s @ element    1248 in Part SYS\wall Est. Clock Time Remaining: 4s        
Cycle:     5062, Time:  1.609E-02s, Progress:  80.46%, Time Inc.: 3.180E-06s @ element    1248 in Part SYS\wall Est. Clock Time Remaining: 4s        
Cycle:     5063, Time:  1.609E-02s, Progress:  80.47%, Time Inc.: 3.180E-06s @ element    1248 in Part SYS\wall Est. Clock Time Remaining: 4s        
Cycle:     5064, Time:  1.610E-02s, Progress:  80.49%, Time Inc.: 3.180E-06s @ element    1248 in Part SYS\wall Est. Clock Time Remaining: 4s        
Cycle:     5065, Time:  1.610E-02s, Progress:  80.51%, Time Inc.: 3.180E-06s @ element    1248 in Part SYS\wall Est. Clock Time Remaining: 4s        
Cycle:     5066, Time:  1.610E-02s, Progress:  80.52%, Time Inc.: 3.180E-06s @ element    1248 in Part SYS\wall Est. Clock Time Remaining: 4s        
Cycle:     5067, Time:  1.611E-02s, Progress:  80.54%, Time Inc.: 3.180E-06s @ element    1248 in Part SYS\wall Est. Clock Time Remaining: 4s        
Cycle:     5068, Time:  1.611E-02s, Progress:  80.55%, Time Inc.: 3.180E-06s @ element    1248 in Part SYS\wall Est. Clock Time Remaining: 4s        
Cycle:     5069, Time:  1.611E-02s, Progress:  80.57%, Time Inc.: 3.180E-06s @ element    1248 in Part SYS\wall Est. Clock Time Remaining: 4s        
Cycle:     5070, Time:  1.612E-02s, Progress:  80.58%, Time Inc.: 3.180E-06s @ element    1248 in Part SYS\wall Est. Clock Time Remaining: 4s        
Cycle:     5071, Time:  1.612E-02s, Progress:  80.60%, Time Inc.: 3.180E-06s @ element    1248 in Part SYS\wall Est. Clock Time Remaining: 4s        
Cycle:     5072, Time:  1.612E-02s, Progress:  80.62%, Time Inc.: 3.180E-06s @ element    1248 in Part SYS\wall Est. Clock Time Remaining: 4s        
Cycle:     5073, Time:  1.613E-02s, Progress:  80.63%, Time Inc.: 3.180E-06s @ element    1248 in Part SYS\wall Est. Clock Time Remaining: 4s        
Cycle:     5074, Time:  1.613E-02s, Progress:  80.65%, Time Inc.: 3.180E-06s @ element    1248 in Part SYS\wall Est. Clock Time Remaining: 4s        
Cycle:     5075, Time:  1.613E-02s, Progress:  80.66%, Time Inc.: 3.180E-06s @ element     285 in Part SYS\wall Est. Clock Time Remaining: 4s        
Cycle:     5076, Time:  1.614E-02s, Progress:  80.68%, Time Inc.: 3.180E-06s @ element     285 in Part SYS\wall Est. Clock Time Remaining: 4s        
Cycle:     5077, Time:  1.614E-02s, Progress:  80.70%, Time Inc.: 3.180E-06s @ element     285 in Part SYS\wall Est. Clock Time Remaining: 4s        
Cycle:     5078, Time:  1.614E-02s, Progress:  80.71%, Time Inc.: 3.180E-06s @ element    1005 in Part SYS\wall Est. Clock Time Remaining: 4s        
Cycle:     5079, Time:  1.615E-02s, Progress:  80.73%, Time Inc.: 3.180E-06s @ element    1005 in Part SYS\wall Est. Clock Time Remaining: 4s        
Cycle:     5080, Time:  1.615E-02s, Progress:  80.74%, Time Inc.: 3.180E-06s @ element     304 in Part SYS\wall Est. Clock Time Remaining: 4s        
Cycle:     5081, Time:  1.615E-02s, Progress:  80.76%, Time Inc.: 3.180E-06s @ element     304 in Part SYS\wall Est. Clock Time Remaining: 4s        
Cycle:     5082, Time:  1.616E-02s, Progress:  80.78%, Time Inc.: 3.180E-06s @ element     304 in Part SYS\wall Est. Clock Time Remaining: 4s        
Cycle:     5083, Time:  1.616E-02s, Progress:  80.79%, Time Inc.: 3.180E-06s @ element     304 in Part SYS\wall Est. Clock Time Remaining: 4s        
Cycle:     5084, Time:  1.616E-02s, Progress:  80.81%, Time Inc.: 3.180E-06s @ element     304 in Part SYS\wall Est. Clock Time Remaining: 4s        
Cycle:     5085, Time:  1.616E-02s, Progress:  80.82%, Time Inc.: 3.180E-06s @ element     304 in Part SYS\wall Est. Clock Time Remaining: 4s        
Cycle:     5086, Time:  1.617E-02s, Progress:  80.84%, Time Inc.: 3.180E-06s @ element     300 in Part SYS\wall Est. Clock Time Remaining: 4s        
Cycle:     5087, Time:  1.617E-02s, Progress:  80.86%, Time Inc.: 3.180E-06s @ element     300 in Part SYS\wall Est. Clock Time Remaining: 4s        
Cycle:     5088, Time:  1.617E-02s, Progress:  80.87%, Time Inc.: 3.180E-06s @ element     300 in Part SYS\wall Est. Clock Time Remaining: 4s        
Cycle:     5089, Time:  1.618E-02s, Progress:  80.89%, Time Inc.: 3.180E-06s @ element     300 in Part SYS\wall Est. Clock Time Remaining: 4s        
Cycle:     5090, Time:  1.618E-02s, Progress:  80.90%, Time Inc.: 3.180E-06s @ element     300 in Part SYS\wall Est. Clock Time Remaining: 4s        
Cycle:     5091, Time:  1.618E-02s, Progress:  80.92%, Time Inc.: 3.180E-06s @ element     300 in Part SYS\wall Est. Clock Time Remaining: 4s        
Cycle:     5092, Time:  1.619E-02s, Progress:  80.93%, Time Inc.: 3.180E-06s @ element     300 in Part SYS\wall Est. Clock Time Remaining: 4s        
Cycle:     5093, Time:  1.619E-02s, Progress:  80.95%, Time Inc.: 3.180E-06s @ element     300 in Part SYS\wall Est. Clock Time Remaining: 4s        
Cycle:     5094, Time:  1.619E-02s, Progress:  80.97%, Time Inc.: 3.180E-06s @ element     300 in Part SYS\wall Est. Clock Time Remaining: 4s        
Cycle:     5095, Time:  1.620E-02s, Progress:  80.98%, Time Inc.: 3.180E-06s @ element     300 in Part SYS\wall Est. Clock Time Remaining: 4s        
Cycle:     5096, Time:  1.620E-02s, Progress:  81.00%, Time Inc.: 3.180E-06s @ element     300 in Part SYS\wall Est. Clock Time Remaining: 4s        
Cycle:     5097, Time:  1.620E-02s, Progress:  81.01%, Time Inc.: 3.180E-06s @ element    1010 in Part SYS\wall Est. Clock Time Remaining: 4s        
Cycle:     5098, Time:  1.621E-02s, Progress:  81.03%, Time Inc.: 3.180E-06s @ element     937 in Part SYS\wall Est. Clock Time Remaining: 4s        
Cycle:     5099, Time:  1.621E-02s, Progress:  81.05%, Time Inc.: 3.180E-06s @ element     937 in Part SYS\wall Est. Clock Time Remaining: 4s        
Cycle:     5100, Time:  1.621E-02s, Progress:  81.06%, Time Inc.: 3.180E-06s @ element     937 in Part SYS\wall Est. Clock Time Remaining: 4s        
Cycle:     5101, Time:  1.622E-02s, Progress:  81.08%, Time Inc.: 3.180E-06s @ element     937 in Part SYS\wall Est. Clock Time Remaining: 4s        
Cycle:     5102, Time:  1.622E-02s, Progress:  81.09%, Time Inc.: 3.180E-06s @ element     937 in Part SYS\wall Est. Clock Time Remaining: 4s        
Cycle:     5103, Time:  1.622E-02s, Progress:  81.11%, Time Inc.: 3.180E-06s @ element     937 in Part SYS\wall Est. Clock Time Remaining: 4s        
Cycle:     5104, Time:  1.623E-02s, Progress:  81.13%, Time Inc.: 3.180E-06s @ element     937 in Part SYS\wall Est. Clock Time Remaining: 4s        
Cycle:     5105, Time:  1.623E-02s, Progress:  81.14%, Time Inc.: 3.180E-06s @ element     937 in Part SYS\wall Est. Clock Time Remaining: 4s        
Cycle:     5106, Time:  1.623E-02s, Progress:  81.16%, Time Inc.: 3.180E-06s @ element     937 in Part SYS\wall Est. Clock Time Remaining: 4s        
Cycle:     5107, Time:  1.623E-02s, Progress:  81.17%, Time Inc.: 3.180E-06s @ element     937 in Part SYS\wall Est. Clock Time Remaining: 4s        
Cycle:     5108, Time:  1.624E-02s, Progress:  81.19%, Time Inc.: 3.180E-06s @ element     937 in Part SYS\wall Est. Clock Time Remaining: 4s        
Cycle:     5109, Time:  1.624E-02s, Progress:  81.21%, Time Inc.: 3.180E-06s @ element     937 in Part SYS\wall Est. Clock Time Remaining: 4s        
Cycle:     5110, Time:  1.624E-02s, Progress:  81.22%, Time Inc.: 3.180E-06s @ element     937 in Part SYS\wall Est. Clock Time Remaining: 4s        
Cycle:     5111, Time:  1.625E-02s, Progress:  81.24%, Time Inc.: 3.180E-06s @ element     937 in Part SYS\wall Est. Clock Time Remaining: 4s        
Cycle:     5112, Time:  1.625E-02s, Progress:  81.25%, Time Inc.: 3.180E-06s @ element     937 in Part SYS\wall Est. Clock Time Remaining: 4s        
Cycle:     5113, Time:  1.625E-02s, Progress:  81.27%, Time Inc.: 3.180E-06s @ element     937 in Part SYS\wall Est. Clock Time Remaining: 4s        
Cycle:     5114, Time:  1.626E-02s, Progress:  81.28%, Time Inc.: 3.180E-06s @ element     937 in Part SYS\wall Est. Clock Time Remaining: 4s        
Cycle:     5115, Time:  1.626E-02s, Progress:  81.30%, Time Inc.: 3.180E-06s @ element     937 in Part SYS\wall Est. Clock Time Remaining: 4s        
Cycle:     5116, Time:  1.626E-02s, Progress:  81.32%, Time Inc.: 3.180E-06s @ element     937 in Part SYS\wall Est. Clock Time Remaining: 4s        
Cycle:     5117, Time:  1.627E-02s, Progress:  81.33%, Time Inc.: 3.180E-06s @ element     937 in Part SYS\wall Est. Clock Time Remaining: 4s        
Cycle:     5118, Time:  1.627E-02s, Progress:  81.35%, Time Inc.: 3.180E-06s @ element     937 in Part SYS\wall Est. Clock Time Remaining: 4s        
Cycle:     5119, Time:  1.627E-02s, Progress:  81.36%, Time Inc.: 3.180E-06s @ element     937 in Part SYS\wall Est. Clock Time Remaining: 4s        
Cycle:     5120, Time:  1.628E-02s, Progress:  81.38%, Time Inc.: 3.180E-06s @ element     937 in Part SYS\wall Est. Clock Time Remaining: 4s        
Cycle:     5121, Time:  1.628E-02s, Progress:  81.40%, Time Inc.: 3.180E-06s @ element     937 in Part SYS\wall Est. Clock Time Remaining: 4s        
Cycle:     5122, Time:  1.628E-02s, Progress:  81.41%, Time Inc.: 3.180E-06s @ element     937 in Part SYS\wall Est. Clock Time Remaining: 4s        
Cycle:     5123, Time:  1.629E-02s, Progress:  81.43%, Time Inc.: 3.180E-06s @ element     937 in Part SYS\wall Est. Clock Time Remaining: 4s        
Cycle:     5124, Time:  1.629E-02s, Progress:  81.44%, Time Inc.: 3.180E-06s @ element     937 in Part SYS\wall Est. Clock Time Remaining: 4s        
Cycle:     5125, Time:  1.629E-02s, Progress:  81.46%, Time Inc.: 3.180E-06s @ element     937 in Part SYS\wall Est. Clock Time Remaining: 4s        
Cycle:     5126, Time:  1.630E-02s, Progress:  81.48%, Time Inc.: 3.180E-06s @ element     937 in Part SYS\wall Est. Clock Time Remaining: 4s        
Cycle:     5127, Time:  1.630E-02s, Progress:  81.49%, Time Inc.: 3.180E-06s @ element     937 in Part SYS\wall Est. Clock Time Remaining: 4s        
Cycle:     5128, Time:  1.630E-02s, Progress:  81.51%, Time Inc.: 3.180E-06s @ element     937 in Part SYS\wall Est. Clock Time Remaining: 4s        
Cycle:     5129, Time:  1.630E-02s, Progress:  81.52%, Time Inc.: 3.180E-06s @ element     937 in Part SYS\wall Est. Clock Time Remaining: 4s        
Cycle:     5130, Time:  1.631E-02s, Progress:  81.54%, Time Inc.: 3.180E-06s @ element     937 in Part SYS\wall Est. Clock Time Remaining: 4s        
Cycle:     5131, Time:  1.631E-02s, Progress:  81.55%, Time Inc.: 3.180E-06s @ element     937 in Part SYS\wall Est. Clock Time Remaining: 4s        
Cycle:     5132, Time:  1.631E-02s, Progress:  81.57%, Time Inc.: 3.180E-06s @ element     937 in Part SYS\wall Est. Clock Time Remaining: 4s        
Cycle:     5133, Time:  1.632E-02s, Progress:  81.59%, Time Inc.: 3.180E-06s @ element     937 in Part SYS\wall Est. Clock Time Remaining: 4s        
Cycle:     5134, Time:  1.632E-02s, Progress:  81.60%, Time Inc.: 3.180E-06s @ element     937 in Part SYS\wall Est. Clock Time Remaining: 4s        
Cycle:     5135, Time:  1.632E-02s, Progress:  81.62%, Time Inc.: 3.180E-06s @ element     937 in Part SYS\wall Est. Clock Time Remaining: 4s        
Cycle:     5136, Time:  1.633E-02s, Progress:  81.63%, Time Inc.: 3.180E-06s @ element     937 in Part SYS\wall Est. Clock Time Remaining: 4s        
Cycle:     5137, Time:  1.633E-02s, Progress:  81.65%, Time Inc.: 3.180E-06s @ element     937 in Part SYS\wall Est. Clock Time Remaining: 4s        
Cycle:     5138, Time:  1.633E-02s, Progress:  81.67%, Time Inc.: 3.180E-06s @ element     937 in Part SYS\wall Est. Clock Time Remaining: 4s        
Cycle:     5139, Time:  1.634E-02s, Progress:  81.68%, Time Inc.: 3.180E-06s @ element     937 in Part SYS\wall Est. Clock Time Remaining: 4s        
Cycle:     5140, Time:  1.634E-02s, Progress:  81.70%, Time Inc.: 3.180E-06s @ element     937 in Part SYS\wall Est. Clock Time Remaining: 4s        
Cycle:     5141, Time:  1.634E-02s, Progress:  81.71%, Time Inc.: 3.180E-06s @ element     937 in Part SYS\wall Est. Clock Time Remaining: 4s        
Cycle:     5142, Time:  1.635E-02s, Progress:  81.73%, Time Inc.: 3.180E-06s @ element     937 in Part SYS\wall Est. Clock Time Remaining: 4s        
Cycle:     5143, Time:  1.635E-02s, Progress:  81.75%, Time Inc.: 3.180E-06s @ element     937 in Part SYS\wall Est. Clock Time Remaining: 4s        
Cycle:     5144, Time:  1.635E-02s, Progress:  81.76%, Time Inc.: 3.180E-06s @ element     937 in Part SYS\wall Est. Clock Time Remaining: 4s        
Cycle:     5145, Time:  1.636E-02s, Progress:  81.78%, Time Inc.: 3.180E-06s @ element     937 in Part SYS\wall Est. Clock Time Remaining: 4s        
Cycle:     5146, Time:  1.636E-02s, Progress:  81.79%, Time Inc.: 3.180E-06s @ element     937 in Part SYS\wall Est. Clock Time Remaining: 4s        
Cycle:     5147, Time:  1.636E-02s, Progress:  81.81%, Time Inc.: 3.180E-06s @ element     937 in Part SYS\wall Est. Clock Time Remaining: 4s        
Cycle:     5148, Time:  1.637E-02s, Progress:  81.83%, Time Inc.: 3.180E-06s @ element     937 in Part SYS\wall Est. Clock Time Remaining: 4s        
Cycle:     5149, Time:  1.637E-02s, Progress:  81.84%, Time Inc.: 3.180E-06s @ element     937 in Part SYS\wall Est. Clock Time Remaining: 4s        
Cycle:     5150, Time:  1.637E-02s, Progress:  81.86%, Time Inc.: 3.180E-06s @ element     937 in Part SYS\wall Est. Clock Time Remaining: 4s        
Cycle:     5151, Time:  1.637E-02s, Progress:  81.87%, Time Inc.: 3.180E-06s @ element     937 in Part SYS\wall Est. Clock Time Remaining: 4s        
Cycle:     5152, Time:  1.638E-02s, Progress:  81.89%, Time Inc.: 3.180E-06s @ element     937 in Part SYS\wall Est. Clock Time Remaining: 4s        
Cycle:     5153, Time:  1.638E-02s, Progress:  81.90%, Time Inc.: 3.180E-06s @ element     937 in Part SYS\wall Est. Clock Time Remaining: 4s        
Cycle:     5154, Time:  1.638E-02s, Progress:  81.92%, Time Inc.: 3.180E-06s @ element     937 in Part SYS\wall Est. Clock Time Remaining: 4s        
Cycle:     5155, Time:  1.639E-02s, Progress:  81.94%, Time Inc.: 3.180E-06s @ element     937 in Part SYS\wall Est. Clock Time Remaining: 4s        
Cycle:     5156, Time:  1.639E-02s, Progress:  81.95%, Time Inc.: 3.180E-06s @ element     937 in Part SYS\wall Est. Clock Time Remaining: 4s        
Cycle:     5157, Time:  1.639E-02s, Progress:  81.97%, Time Inc.: 3.180E-06s @ element     937 in Part SYS\wall Est. Clock Time Remaining: 4s        
Cycle:     5158, Time:  1.640E-02s, Progress:  81.98%, Time Inc.: 3.180E-06s @ element     937 in Part SYS\wall Est. Clock Time Remaining: 4s        
Cycle:     5159, Time:  1.640E-02s, Progress:  82.00%, Time Inc.: 3.180E-06s @ element     937 in Part SYS\wall Est. Clock Time Remaining: 4s        
Cycle:     5160, Time:  1.640E-02s, Progress:  82.02%, Time Inc.: 3.180E-06s @ element     937 in Part SYS\wall Est. Clock Time Remaining: 4s        
Cycle:     5161, Time:  1.641E-02s, Progress:  82.03%, Time Inc.: 3.180E-06s @ element     937 in Part SYS\wall Est. Clock Time Remaining: 4s        
Cycle:     5162, Time:  1.641E-02s, Progress:  82.05%, Time Inc.: 3.180E-06s @ element     937 in Part SYS\wall Est. Clock Time Remaining: 4s        
Cycle:     5163, Time:  1.641E-02s, Progress:  82.06%, Time Inc.: 3.180E-06s @ element     937 in Part SYS\wall Est. Clock Time Remaining: 4s        
Cycle:     5164, Time:  1.642E-02s, Progress:  82.08%, Time Inc.: 3.180E-06s @ element     937 in Part SYS\wall Est. Clock Time Remaining: 4s        
Cycle:     5165, Time:  1.642E-02s, Progress:  82.10%, Time Inc.: 3.180E-06s @ element     937 in Part SYS\wall Est. Clock Time Remaining: 4s        
Cycle:     5166, Time:  1.642E-02s, Progress:  82.11%, Time Inc.: 3.180E-06s @ element     937 in Part SYS\wall Est. Clock Time Remaining: 4s        
Cycle:     5167, Time:  1.643E-02s, Progress:  82.13%, Time Inc.: 3.180E-06s @ element     937 in Part SYS\wall Est. Clock Time Remaining: 4s        
Cycle:     5168, Time:  1.643E-02s, Progress:  82.14%, Time Inc.: 3.180E-06s @ element     937 in Part SYS\wall Est. Clock Time Remaining: 4s        
Cycle:     5169, Time:  1.643E-02s, Progress:  82.16%, Time Inc.: 3.180E-06s @ element     937 in Part SYS\wall Est. Clock Time Remaining: 4s        
Cycle:     5170, Time:  1.643E-02s, Progress:  82.17%, Time Inc.: 3.180E-06s @ element     937 in Part SYS\wall Est. Clock Time Remaining: 4s        
Cycle:     5171, Time:  1.644E-02s, Progress:  82.19%, Time Inc.: 3.180E-06s @ element     937 in Part SYS\wall Est. Clock Time Remaining: 4s        
Cycle:     5172, Time:  1.644E-02s, Progress:  82.21%, Time Inc.: 3.180E-06s @ element     937 in Part SYS\wall Est. Clock Time Remaining: 4s        
Cycle:     5173, Time:  1.644E-02s, Progress:  82.22%, Time Inc.: 3.180E-06s @ element     937 in Part SYS\wall Est. Clock Time Remaining: 4s        
Cycle:     5174, Time:  1.645E-02s, Progress:  82.24%, Time Inc.: 3.180E-06s @ element     937 in Part SYS\wall Est. Clock Time Remaining: 4s        
Cycle:     5175, Time:  1.645E-02s, Progress:  82.25%, Time Inc.: 3.180E-06s @ element     937 in Part SYS\wall Est. Clock Time Remaining: 4s        
Cycle:     5176, Time:  1.645E-02s, Progress:  82.27%, Time Inc.: 3.180E-06s @ element     937 in Part SYS\wall Est. Clock Time Remaining: 4s        
Cycle:     5177, Time:  1.646E-02s, Progress:  82.29%, Time Inc.: 3.180E-06s @ element     937 in Part SYS\wall Est. Clock Time Remaining: 3s        
Cycle:     5178, Time:  1.646E-02s, Progress:  82.30%, Time Inc.: 3.180E-06s @ element     937 in Part SYS\wall Est. Clock Time Remaining: 3s        
Cycle:     5179, Time:  1.646E-02s, Progress:  82.32%, Time Inc.: 3.180E-06s @ element     937 in Part SYS\wall Est. Clock Time Remaining: 3s        
Cycle:     5180, Time:  1.647E-02s, Progress:  82.33%, Time Inc.: 3.180E-06s @ element     937 in Part SYS\wall Est. Clock Time Remaining: 3s        
Cycle:     5181, Time:  1.647E-02s, Progress:  82.35%, Time Inc.: 3.180E-06s @ element     937 in Part SYS\wall Est. Clock Time Remaining: 3s        
Cycle:     5182, Time:  1.647E-02s, Progress:  82.37%, Time Inc.: 3.180E-06s @ element     937 in Part SYS\wall Est. Clock Time Remaining: 3s        
Cycle:     5183, Time:  1.648E-02s, Progress:  82.38%, Time Inc.: 3.180E-06s @ element     937 in Part SYS\wall Est. Clock Time Remaining: 3s        
Cycle:     5184, Time:  1.648E-02s, Progress:  82.40%, Time Inc.: 3.180E-06s @ element     937 in Part SYS\wall Est. Clock Time Remaining: 3s        
Cycle:     5185, Time:  1.648E-02s, Progress:  82.41%, Time Inc.: 3.180E-06s @ element     937 in Part SYS\wall Est. Clock Time Remaining: 3s        
Cycle:     5186, Time:  1.649E-02s, Progress:  82.43%, Time Inc.: 3.180E-06s @ element     937 in Part SYS\wall Est. Clock Time Remaining: 3s        
Cycle:     5187, Time:  1.649E-02s, Progress:  82.45%, Time Inc.: 3.180E-06s @ element     937 in Part SYS\wall Est. Clock Time Remaining: 3s        
Cycle:     5188, Time:  1.649E-02s, Progress:  82.46%, Time Inc.: 3.180E-06s @ element     937 in Part SYS\wall Est. Clock Time Remaining: 3s        
Cycle:     5189, Time:  1.650E-02s, Progress:  82.48%, Time Inc.: 3.180E-06s @ element     937 in Part SYS\wall Est. Clock Time Remaining: 3s        
Cycle:     5190, Time:  1.650E-02s, Progress:  82.49%, Time Inc.: 3.180E-06s @ element     937 in Part SYS\wall Est. Clock Time Remaining: 3s        
Cycle:     5191, Time:  1.650E-02s, Progress:  82.51%, Time Inc.: 3.180E-06s @ element     937 in Part SYS\wall Est. Clock Time Remaining: 3s        
Cycle:     5192, Time:  1.650E-02s, Progress:  82.52%, Time Inc.: 3.180E-06s @ element     937 in Part SYS\wall Est. Clock Time Remaining: 3s        
Cycle:     5193, Time:  1.651E-02s, Progress:  82.54%, Time Inc.: 3.180E-06s @ element     937 in Part SYS\wall Est. Clock Time Remaining: 3s        
Cycle:     5194, Time:  1.651E-02s, Progress:  82.56%, Time Inc.: 3.180E-06s @ element     937 in Part SYS\wall Est. Clock Time Remaining: 3s        
Cycle:     5195, Time:  1.651E-02s, Progress:  82.57%, Time Inc.: 3.180E-06s @ element     937 in Part SYS\wall Est. Clock Time Remaining: 3s        
Cycle:     5196, Time:  1.652E-02s, Progress:  82.59%, Time Inc.: 3.180E-06s @ element     937 in Part SYS\wall Est. Clock Time Remaining: 3s        
Cycle:     5197, Time:  1.652E-02s, Progress:  82.60%, Time Inc.: 3.180E-06s @ element     937 in Part SYS\wall Est. Clock Time Remaining: 3s        
Cycle:     5198, Time:  1.652E-02s, Progress:  82.62%, Time Inc.: 3.180E-06s @ element     937 in Part SYS\wall Est. Clock Time Remaining: 3s        
Cycle:     5199, Time:  1.653E-02s, Progress:  82.64%, Time Inc.: 3.180E-06s @ element     937 in Part SYS\wall Est. Clock Time Remaining: 3s        
Cycle:     5200, Time:  1.653E-02s, Progress:  82.65%, Time Inc.: 3.180E-06s @ element     937 in Part SYS\wall Est. Clock Time Remaining: 3s        
Cycle:     5201, Time:  1.653E-02s, Progress:  82.67%, Time Inc.: 3.180E-06s @ element     937 in Part SYS\wall Est. Clock Time Remaining: 3s        
Cycle:     5202, Time:  1.654E-02s, Progress:  82.68%, Time Inc.: 3.180E-06s @ element     937 in Part SYS\wall Est. Clock Time Remaining: 3s        
Cycle:     5203, Time:  1.654E-02s, Progress:  82.70%, Time Inc.: 3.180E-06s @ element     937 in Part SYS\wall Est. Clock Time Remaining: 3s        
Cycle:     5204, Time:  1.654E-02s, Progress:  82.72%, Time Inc.: 3.180E-06s @ element     937 in Part SYS\wall Est. Clock Time Remaining: 3s        
Cycle:     5205, Time:  1.655E-02s, Progress:  82.73%, Time Inc.: 3.180E-06s @ element     937 in Part SYS\wall Est. Clock Time Remaining: 3s        
Cycle:     5206, Time:  1.655E-02s, Progress:  82.75%, Time Inc.: 3.180E-06s @ element     937 in Part SYS\wall Est. Clock Time Remaining: 3s        
Cycle:     5207, Time:  1.655E-02s, Progress:  82.76%, Time Inc.: 3.180E-06s @ element     937 in Part SYS\wall Est. Clock Time Remaining: 3s        
Cycle:     5208, Time:  1.656E-02s, Progress:  82.78%, Time Inc.: 3.180E-06s @ element     937 in Part SYS\wall Est. Clock Time Remaining: 3s        
Cycle:     5209, Time:  1.656E-02s, Progress:  82.80%, Time Inc.: 3.180E-06s @ element     937 in Part SYS\wall Est. Clock Time Remaining: 3s        
Cycle:     5210, Time:  1.656E-02s, Progress:  82.81%, Time Inc.: 3.180E-06s @ element     937 in Part SYS\wall Est. Clock Time Remaining: 3s        
Cycle:     5211, Time:  1.657E-02s, Progress:  82.83%, Time Inc.: 3.180E-06s @ element     937 in Part SYS\wall Est. Clock Time Remaining: 3s        
Cycle:     5212, Time:  1.657E-02s, Progress:  82.84%, Time Inc.: 3.180E-06s @ element     937 in Part SYS\wall Est. Clock Time Remaining: 3s        
Cycle:     5213, Time:  1.657E-02s, Progress:  82.86%, Time Inc.: 3.180E-06s @ element     937 in Part SYS\wall Est. Clock Time Remaining: 3s        
Cycle:     5214, Time:  1.657E-02s, Progress:  82.87%, Time Inc.: 3.180E-06s @ element     937 in Part SYS\wall Est. Clock Time Remaining: 3s        
Cycle:     5215, Time:  1.658E-02s, Progress:  82.89%, Time Inc.: 3.180E-06s @ element     937 in Part SYS\wall Est. Clock Time Remaining: 3s        
Cycle:     5216, Time:  1.658E-02s, Progress:  82.91%, Time Inc.: 3.180E-06s @ element     293 in Part SYS\wall Est. Clock Time Remaining: 3s        
Cycle:     5217, Time:  1.658E-02s, Progress:  82.92%, Time Inc.: 3.180E-06s @ element     293 in Part SYS\wall Est. Clock Time Remaining: 3s        
Cycle:     5218, Time:  1.659E-02s, Progress:  82.94%, Time Inc.: 3.180E-06s @ element     293 in Part SYS\wall Est. Clock Time Remaining: 3s        
Cycle:     5219, Time:  1.659E-02s, Progress:  82.95%, Time Inc.: 3.180E-06s @ element     293 in Part SYS\wall Est. Clock Time Remaining: 3s        
Cycle:     5220, Time:  1.659E-02s, Progress:  82.97%, Time Inc.: 3.180E-06s @ element     293 in Part SYS\wall Est. Clock Time Remaining: 3s        
Cycle:     5221, Time:  1.660E-02s, Progress:  82.99%, Time Inc.: 3.180E-06s @ element     293 in Part SYS\wall Est. Clock Time Remaining: 3s        
Cycle:     5222, Time:  1.660E-02s, Progress:  83.00%, Time Inc.: 3.180E-06s @ element     293 in Part SYS\wall Est. Clock Time Remaining: 3s        
Cycle:     5223, Time:  1.660E-02s, Progress:  83.02%, Time Inc.: 3.180E-06s @ element     293 in Part SYS\wall Est. Clock Time Remaining: 3s        
Cycle:     5224, Time:  1.661E-02s, Progress:  83.03%, Time Inc.: 3.180E-06s @ element     293 in Part SYS\wall Est. Clock Time Remaining: 3s        
Cycle:     5225, Time:  1.661E-02s, Progress:  83.05%, Time Inc.: 3.180E-06s @ element     293 in Part SYS\wall Est. Clock Time Remaining: 3s        
Cycle:     5226, Time:  1.661E-02s, Progress:  83.07%, Time Inc.: 3.180E-06s @ element     293 in Part SYS\wall Est. Clock Time Remaining: 3s        
Cycle:     5227, Time:  1.662E-02s, Progress:  83.08%, Time Inc.: 3.180E-06s @ element     293 in Part SYS\wall Est. Clock Time Remaining: 3s        
Cycle:     5228, Time:  1.662E-02s, Progress:  83.10%, Time Inc.: 3.180E-06s @ element     297 in Part SYS\wall Est. Clock Time Remaining: 3s        
Cycle:     5229, Time:  1.662E-02s, Progress:  83.11%, Time Inc.: 3.180E-06s @ element     297 in Part SYS\wall Est. Clock Time Remaining: 3s        
Cycle:     5230, Time:  1.663E-02s, Progress:  83.13%, Time Inc.: 3.180E-06s @ element     297 in Part SYS\wall Est. Clock Time Remaining: 3s        
Cycle:     5231, Time:  1.663E-02s, Progress:  83.14%, Time Inc.: 3.180E-06s @ element     297 in Part SYS\wall Est. Clock Time Remaining: 3s        
Cycle:     5232, Time:  1.663E-02s, Progress:  83.16%, Time Inc.: 3.180E-06s @ element     297 in Part SYS\wall Est. Clock Time Remaining: 3s        
Cycle:     5233, Time:  1.664E-02s, Progress:  83.18%, Time Inc.: 3.180E-06s @ element     297 in Part SYS\wall Est. Clock Time Remaining: 3s        
Cycle:     5234, Time:  1.664E-02s, Progress:  83.19%, Time Inc.: 3.180E-06s @ element     297 in Part SYS\wall Est. Clock Time Remaining: 3s        
Cycle:     5235, Time:  1.664E-02s, Progress:  83.21%, Time Inc.: 3.180E-06s @ element     297 in Part SYS\wall Est. Clock Time Remaining: 3s        
Cycle:     5236, Time:  1.664E-02s, Progress:  83.22%, Time Inc.: 3.180E-06s @ element      47 in Part SYS\wall Est. Clock Time Remaining: 3s        
Cycle:     5237, Time:  1.665E-02s, Progress:  83.24%, Time Inc.: 3.180E-06s @ element      47 in Part SYS\wall Est. Clock Time Remaining: 3s        
Cycle:     5238, Time:  1.665E-02s, Progress:  83.26%, Time Inc.: 3.180E-06s @ element      47 in Part SYS\wall Est. Clock Time Remaining: 3s        
Cycle:     5239, Time:  1.665E-02s, Progress:  83.27%, Time Inc.: 3.180E-06s @ element      47 in Part SYS\wall Est. Clock Time Remaining: 3s        
Cycle:     5240, Time:  1.666E-02s, Progress:  83.29%, Time Inc.: 3.180E-06s @ element      47 in Part SYS\wall Est. Clock Time Remaining: 3s        
Cycle:     5241, Time:  1.666E-02s, Progress:  83.30%, Time Inc.: 3.180E-06s @ element      47 in Part SYS\wall Est. Clock Time Remaining: 3s        
Cycle:     5242, Time:  1.666E-02s, Progress:  83.32%, Time Inc.: 3.180E-06s @ element      47 in Part SYS\wall Est. Clock Time Remaining: 3s        
Cycle:     5243, Time:  1.667E-02s, Progress:  83.34%, Time Inc.: 3.180E-06s @ element      47 in Part SYS\wall Est. Clock Time Remaining: 3s        
Cycle:     5244, Time:  1.667E-02s, Progress:  83.35%, Time Inc.: 3.180E-06s @ element      47 in Part SYS\wall Est. Clock Time Remaining: 3s        
Cycle:     5245, Time:  1.667E-02s, Progress:  83.37%, Time Inc.: 3.180E-06s @ element      47 in Part SYS\wall Est. Clock Time Remaining: 3s        
Cycle:     5246, Time:  1.668E-02s, Progress:  83.38%, Time Inc.: 3.180E-06s @ element      47 in Part SYS\wall Est. Clock Time Remaining: 3s        
Cycle:     5247, Time:  1.668E-02s, Progress:  83.40%, Time Inc.: 3.180E-06s @ element      47 in Part SYS\wall Est. Clock Time Remaining: 3s        
Cycle:     5248, Time:  1.668E-02s, Progress:  83.42%, Time Inc.: 3.180E-06s @ element      47 in Part SYS\wall Est. Clock Time Remaining: 3s        
Cycle:     5249, Time:  1.669E-02s, Progress:  83.43%, Time Inc.: 3.180E-06s @ element       9 in Part SYS\wall Est. Clock Time Remaining: 3s        
Cycle:     5250, Time:  1.669E-02s, Progress:  83.45%, Time Inc.: 3.180E-06s @ element       9 in Part SYS\wall Est. Clock Time Remaining: 3s        
Cycle:     5251, Time:  1.669E-02s, Progress:  83.46%, Time Inc.: 3.180E-06s @ element       9 in Part SYS\wall Est. Clock Time Remaining: 3s        
Cycle:     5252, Time:  1.670E-02s, Progress:  83.48%, Time Inc.: 3.180E-06s @ element       9 in Part SYS\wall Est. Clock Time Remaining: 3s        
Cycle:     5253, Time:  1.670E-02s, Progress:  83.49%, Time Inc.: 3.180E-06s @ element       9 in Part SYS\wall Est. Clock Time Remaining: 3s        
Cycle:     5254, Time:  1.670E-02s, Progress:  83.51%, Time Inc.: 3.180E-06s @ element       9 in Part SYS\wall Est. Clock Time Remaining: 3s        
Cycle:     5255, Time:  1.671E-02s, Progress:  83.53%, Time Inc.: 3.180E-06s @ element       9 in Part SYS\wall Est. Clock Time Remaining: 3s        
Cycle:     5256, Time:  1.671E-02s, Progress:  83.54%, Time Inc.: 3.180E-06s @ element       9 in Part SYS\wall Est. Clock Time Remaining: 3s        
Cycle:     5257, Time:  1.671E-02s, Progress:  83.56%, Time Inc.: 3.180E-06s @ element       9 in Part SYS\wall Est. Clock Time Remaining: 3s        
Cycle:     5258, Time:  1.671E-02s, Progress:  83.57%, Time Inc.: 3.180E-06s @ element       9 in Part SYS\wall Est. Clock Time Remaining: 3s        
Cycle:     5259, Time:  1.672E-02s, Progress:  83.59%, Time Inc.: 3.180E-06s @ element       9 in Part SYS\wall Est. Clock Time Remaining: 3s        
Cycle:     5260, Time:  1.672E-02s, Progress:  83.61%, Time Inc.: 3.180E-06s @ element       9 in Part SYS\wall Est. Clock Time Remaining: 3s        
Cycle:     5261, Time:  1.672E-02s, Progress:  83.62%, Time Inc.: 3.180E-06s @ element       9 in Part SYS\wall Est. Clock Time Remaining: 3s        
Cycle:     5262, Time:  1.673E-02s, Progress:  83.64%, Time Inc.: 3.180E-06s @ element       9 in Part SYS\wall Est. Clock Time Remaining: 3s        
Cycle:     5263, Time:  1.673E-02s, Progress:  83.65%, Time Inc.: 3.180E-06s @ element       9 in Part SYS\wall Est. Clock Time Remaining: 3s        
Cycle:     5264, Time:  1.673E-02s, Progress:  83.67%, Time Inc.: 3.180E-06s @ element       9 in Part SYS\wall Est. Clock Time Remaining: 3s        
Cycle:     5265, Time:  1.674E-02s, Progress:  83.69%, Time Inc.: 3.180E-06s @ element       9 in Part SYS\wall Est. Clock Time Remaining: 3s        
Cycle:     5266, Time:  1.674E-02s, Progress:  83.70%, Time Inc.: 3.180E-06s @ element       9 in Part SYS\wall Est. Clock Time Remaining: 3s        
Cycle:     5267, Time:  1.674E-02s, Progress:  83.72%, Time Inc.: 3.180E-06s @ element       9 in Part SYS\wall Est. Clock Time Remaining: 3s        
Cycle:     5268, Time:  1.675E-02s, Progress:  83.73%, Time Inc.: 3.180E-06s @ element       9 in Part SYS\wall Est. Clock Time Remaining: 3s        
Cycle:     5269, Time:  1.675E-02s, Progress:  83.75%, Time Inc.: 3.180E-06s @ element       9 in Part SYS\wall Est. Clock Time Remaining: 3s        
Cycle:     5270, Time:  1.675E-02s, Progress:  83.76%, Time Inc.: 3.180E-06s @ element       9 in Part SYS\wall Est. Clock Time Remaining: 3s        
Cycle:     5271, Time:  1.676E-02s, Progress:  83.78%, Time Inc.: 3.180E-06s @ element       9 in Part SYS\wall Est. Clock Time Remaining: 3s        
Cycle:     5272, Time:  1.676E-02s, Progress:  83.80%, Time Inc.: 3.180E-06s @ element       9 in Part SYS\wall Est. Clock Time Remaining: 3s        
Cycle:     5273, Time:  1.676E-02s, Progress:  83.81%, Time Inc.: 3.180E-06s @ element       9 in Part SYS\wall Est. Clock Time Remaining: 3s        
Cycle:     5274, Time:  1.677E-02s, Progress:  83.83%, Time Inc.: 3.180E-06s @ element       9 in Part SYS\wall Est. Clock Time Remaining: 3s        
Cycle:     5275, Time:  1.677E-02s, Progress:  83.84%, Time Inc.: 3.180E-06s @ element       9 in Part SYS\wall Est. Clock Time Remaining: 3s        
Cycle:     5276, Time:  1.677E-02s, Progress:  83.86%, Time Inc.: 3.180E-06s @ element       9 in Part SYS\wall Est. Clock Time Remaining: 3s        
Cycle:     5277, Time:  1.678E-02s, Progress:  83.88%, Time Inc.: 3.180E-06s @ element       9 in Part SYS\wall Est. Clock Time Remaining: 3s        
Cycle:     5278, Time:  1.678E-02s, Progress:  83.89%, Time Inc.: 3.180E-06s @ element       9 in Part SYS\wall Est. Clock Time Remaining: 3s        
Cycle:     5279, Time:  1.678E-02s, Progress:  83.91%, Time Inc.: 3.180E-06s @ element       9 in Part SYS\wall Est. Clock Time Remaining: 3s        
Cycle:     5280, Time:  1.678E-02s, Progress:  83.92%, Time Inc.: 3.180E-06s @ element       9 in Part SYS\wall Est. Clock Time Remaining: 3s        
Cycle:     5281, Time:  1.679E-02s, Progress:  83.94%, Time Inc.: 3.180E-06s @ element       9 in Part SYS\wall Est. Clock Time Remaining: 3s        
Cycle:     5282, Time:  1.679E-02s, Progress:  83.96%, Time Inc.: 3.180E-06s @ element       9 in Part SYS\wall Est. Clock Time Remaining: 3s        
Cycle:     5283, Time:  1.679E-02s, Progress:  83.97%, Time Inc.: 3.180E-06s @ element       9 in Part SYS\wall Est. Clock Time Remaining: 3s        
Cycle:     5284, Time:  1.680E-02s, Progress:  83.99%, Time Inc.: 3.180E-06s @ element       9 in Part SYS\wall Est. Clock Time Remaining: 3s        
Cycle:     5285, Time:  1.680E-02s, Progress:  84.00%, Time Inc.: 3.180E-06s @ element       9 in Part SYS\wall Est. Clock Time Remaining: 3s        
Cycle:     5286, Time:  1.680E-02s, Progress:  84.02%, Time Inc.: 3.180E-06s @ element       9 in Part SYS\wall Est. Clock Time Remaining: 3s        
Cycle:     5287, Time:  1.681E-02s, Progress:  84.04%, Time Inc.: 3.180E-06s @ element       9 in Part SYS\wall Est. Clock Time Remaining: 3s        
Cycle:     5288, Time:  1.681E-02s, Progress:  84.05%, Time Inc.: 3.180E-06s @ element       9 in Part SYS\wall Est. Clock Time Remaining: 3s        
Cycle:     5289, Time:  1.681E-02s, Progress:  84.07%, Time Inc.: 3.180E-06s @ element       9 in Part SYS\wall Est. Clock Time Remaining: 3s        
Cycle:     5290, Time:  1.682E-02s, Progress:  84.08%, Time Inc.: 3.180E-06s @ element       9 in Part SYS\wall Est. Clock Time Remaining: 3s        
Cycle:     5291, Time:  1.682E-02s, Progress:  84.10%, Time Inc.: 3.180E-06s @ element       9 in Part SYS\wall Est. Clock Time Remaining: 3s        
Cycle:     5292, Time:  1.682E-02s, Progress:  84.11%, Time Inc.: 3.180E-06s @ element       9 in Part SYS\wall Est. Clock Time Remaining: 3s        
Cycle:     5293, Time:  1.683E-02s, Progress:  84.13%, Time Inc.: 3.180E-06s @ element       9 in Part SYS\wall Est. Clock Time Remaining: 3s        
Cycle:     5294, Time:  1.683E-02s, Progress:  84.15%, Time Inc.: 3.180E-06s @ element       9 in Part SYS\wall Est. Clock Time Remaining: 3s        
Cycle:     5295, Time:  1.683E-02s, Progress:  84.16%, Time Inc.: 3.180E-06s @ element       9 in Part SYS\wall Est. Clock Time Remaining: 3s        
Cycle:     5296, Time:  1.684E-02s, Progress:  84.18%, Time Inc.: 3.180E-06s @ element       9 in Part SYS\wall Est. Clock Time Remaining: 3s        
Cycle:     5297, Time:  1.684E-02s, Progress:  84.19%, Time Inc.: 3.180E-06s @ element       9 in Part SYS\wall Est. Clock Time Remaining: 3s        
Cycle:     5298, Time:  1.684E-02s, Progress:  84.21%, Time Inc.: 3.180E-06s @ element       9 in Part SYS\wall Est. Clock Time Remaining: 3s        
Cycle:     5299, Time:  1.685E-02s, Progress:  84.23%, Time Inc.: 3.180E-06s @ element       9 in Part SYS\wall Est. Clock Time Remaining: 3s        
Cycle:     5300, Time:  1.685E-02s, Progress:  84.24%, Time Inc.: 3.180E-06s @ element       9 in Part SYS\wall Est. Clock Time Remaining: 3s        
Cycle:     5301, Time:  1.685E-02s, Progress:  84.26%, Time Inc.: 3.180E-06s @ element       9 in Part SYS\wall Est. Clock Time Remaining: 3s        
Cycle:     5302, Time:  1.685E-02s, Progress:  84.27%, Time Inc.: 3.180E-06s @ element       9 in Part SYS\wall Est. Clock Time Remaining: 3s        
Cycle:     5303, Time:  1.686E-02s, Progress:  84.29%, Time Inc.: 3.180E-06s @ element       9 in Part SYS\wall Est. Clock Time Remaining: 3s        
Cycle:     5304, Time:  1.686E-02s, Progress:  84.31%, Time Inc.: 3.180E-06s @ element       9 in Part SYS\wall Est. Clock Time Remaining: 3s        
Cycle:     5305, Time:  1.686E-02s, Progress:  84.32%, Time Inc.: 3.180E-06s @ element       9 in Part SYS\wall Est. Clock Time Remaining: 3s        
Cycle:     5306, Time:  1.687E-02s, Progress:  84.34%, Time Inc.: 3.180E-06s @ element       9 in Part SYS\wall Est. Clock Time Remaining: 3s        
Cycle:     5307, Time:  1.687E-02s, Progress:  84.35%, Time Inc.: 3.180E-06s @ element       9 in Part SYS\wall Est. Clock Time Remaining: 3s        
Cycle:     5308, Time:  1.687E-02s, Progress:  84.37%, Time Inc.: 3.180E-06s @ element       9 in Part SYS\wall Est. Clock Time Remaining: 3s        
Cycle:     5309, Time:  1.688E-02s, Progress:  84.39%, Time Inc.: 3.180E-06s @ element       9 in Part SYS\wall Est. Clock Time Remaining: 3s        
Cycle:     5310, Time:  1.688E-02s, Progress:  84.40%, Time Inc.: 3.180E-06s @ element       9 in Part SYS\wall Est. Clock Time Remaining: 3s        
Cycle:     5311, Time:  1.688E-02s, Progress:  84.42%, Time Inc.: 3.180E-06s @ element       9 in Part SYS\wall Est. Clock Time Remaining: 3s        
Cycle:     5312, Time:  1.689E-02s, Progress:  84.43%, Time Inc.: 3.180E-06s @ element       9 in Part SYS\wall Est. Clock Time Remaining: 3s        
Cycle:     5313, Time:  1.689E-02s, Progress:  84.45%, Time Inc.: 3.180E-06s @ element       9 in Part SYS\wall Est. Clock Time Remaining: 3s        
Cycle:     5314, Time:  1.689E-02s, Progress:  84.46%, Time Inc.: 3.180E-06s @ element    1118 in Part SYS\wall Est. Clock Time Remaining: 3s        
Cycle:     5315, Time:  1.690E-02s, Progress:  84.48%, Time Inc.: 3.180E-06s @ element    1118 in Part SYS\wall Est. Clock Time Remaining: 3s        
Cycle:     5316, Time:  1.690E-02s, Progress:  84.50%, Time Inc.: 3.180E-06s @ element    1118 in Part SYS\wall Est. Clock Time Remaining: 3s        
Cycle:     5317, Time:  1.690E-02s, Progress:  84.51%, Time Inc.: 3.180E-06s @ element    1118 in Part SYS\wall Est. Clock Time Remaining: 3s        
Cycle:     5318, Time:  1.691E-02s, Progress:  84.53%, Time Inc.: 3.180E-06s @ element    1118 in Part SYS\wall Est. Clock Time Remaining: 3s        
Cycle:     5319, Time:  1.691E-02s, Progress:  84.54%, Time Inc.: 3.180E-06s @ element    1118 in Part SYS\wall Est. Clock Time Remaining: 3s        
Cycle:     5320, Time:  1.691E-02s, Progress:  84.56%, Time Inc.: 3.180E-06s @ element    1118 in Part SYS\wall Est. Clock Time Remaining: 3s        
Cycle:     5321, Time:  1.692E-02s, Progress:  84.58%, Time Inc.: 3.180E-06s @ element    1118 in Part SYS\wall Est. Clock Time Remaining: 3s        
Cycle:     5322, Time:  1.692E-02s, Progress:  84.59%, Time Inc.: 3.180E-06s @ element    1118 in Part SYS\wall Est. Clock Time Remaining: 3s        
Cycle:     5323, Time:  1.692E-02s, Progress:  84.61%, Time Inc.: 3.180E-06s @ element    1118 in Part SYS\wall Est. Clock Time Remaining: 3s        
Cycle:     5324, Time:  1.692E-02s, Progress:  84.62%, Time Inc.: 3.180E-06s @ element    1118 in Part SYS\wall Est. Clock Time Remaining: 3s        
Cycle:     5325, Time:  1.693E-02s, Progress:  84.64%, Time Inc.: 3.180E-06s @ element    1118 in Part SYS\wall Est. Clock Time Remaining: 3s        
Cycle:     5326, Time:  1.693E-02s, Progress:  84.66%, Time Inc.: 3.180E-06s @ element    1118 in Part SYS\wall Est. Clock Time Remaining: 3s        
Cycle:     5327, Time:  1.693E-02s, Progress:  84.67%, Time Inc.: 3.180E-06s @ element    1118 in Part SYS\wall Est. Clock Time Remaining: 3s        
Cycle:     5328, Time:  1.694E-02s, Progress:  84.69%, Time Inc.: 3.180E-06s @ element    1118 in Part SYS\wall Est. Clock Time Remaining: 3s        
Cycle:     5329, Time:  1.694E-02s, Progress:  84.70%, Time Inc.: 3.180E-06s @ element    1118 in Part SYS\wall Est. Clock Time Remaining: 3s        
Cycle:     5330, Time:  1.694E-02s, Progress:  84.72%, Time Inc.: 3.180E-06s @ element    1118 in Part SYS\wall Est. Clock Time Remaining: 3s        
Cycle:     5331, Time:  1.695E-02s, Progress:  84.73%, Time Inc.: 3.180E-06s @ element    1118 in Part SYS\wall Est. Clock Time Remaining: 3s        
Cycle:     5332, Time:  1.695E-02s, Progress:  84.75%, Time Inc.: 3.180E-06s @ element    1118 in Part SYS\wall Est. Clock Time Remaining: 3s        
Cycle:     5333, Time:  1.695E-02s, Progress:  84.77%, Time Inc.: 3.180E-06s @ element    1118 in Part SYS\wall Est. Clock Time Remaining: 3s        
Cycle:     5334, Time:  1.696E-02s, Progress:  84.78%, Time Inc.: 3.180E-06s @ element    1118 in Part SYS\wall Est. Clock Time Remaining: 3s        
Cycle:     5335, Time:  1.696E-02s, Progress:  84.80%, Time Inc.: 3.180E-06s @ element    1118 in Part SYS\wall Est. Clock Time Remaining: 3s        
Cycle:     5336, Time:  1.696E-02s, Progress:  84.81%, Time Inc.: 3.180E-06s @ element    1118 in Part SYS\wall Est. Clock Time Remaining: 3s        
Cycle:     5337, Time:  1.697E-02s, Progress:  84.83%, Time Inc.: 3.180E-06s @ element    1118 in Part SYS\wall Est. Clock Time Remaining: 3s        
Cycle:     5338, Time:  1.697E-02s, Progress:  84.85%, Time Inc.: 3.180E-06s @ element    1118 in Part SYS\wall Est. Clock Time Remaining: 3s        
Cycle:     5339, Time:  1.697E-02s, Progress:  84.86%, Time Inc.: 3.180E-06s @ element    1118 in Part SYS\wall Est. Clock Time Remaining: 3s        
Cycle:     5340, Time:  1.698E-02s, Progress:  84.88%, Time Inc.: 3.180E-06s @ element    1118 in Part SYS\wall Est. Clock Time Remaining: 3s        
Cycle:     5341, Time:  1.698E-02s, Progress:  84.89%, Time Inc.: 3.180E-06s @ element    1118 in Part SYS\wall Est. Clock Time Remaining: 3s        
Cycle:     5342, Time:  1.698E-02s, Progress:  84.91%, Time Inc.: 3.180E-06s @ element    1118 in Part SYS\wall Est. Clock Time Remaining: 3s        
Cycle:     5343, Time:  1.699E-02s, Progress:  84.93%, Time Inc.: 3.180E-06s @ element    1118 in Part SYS\wall Est. Clock Time Remaining: 3s        
Cycle:     5344, Time:  1.699E-02s, Progress:  84.94%, Time Inc.: 3.180E-06s @ element    1118 in Part SYS\wall Est. Clock Time Remaining: 3s        
Cycle:     5345, Time:  1.699E-02s, Progress:  84.96%, Time Inc.: 3.180E-06s @ element    1118 in Part SYS\wall Est. Clock Time Remaining: 3s        
Cycle:     5346, Time:  1.699E-02s, Progress:  84.97%, Time Inc.: 3.180E-06s @ element    1118 in Part SYS\wall Est. Clock Time Remaining: 3s        
Cycle:     5347, Time:  1.700E-02s, Progress:  84.99%, Time Inc.: 3.180E-06s @ element    1118 in Part SYS\wall Est. Clock Time Remaining: 3s        
Cycle:     5348, Time:  1.700E-02s, Progress:  85.01%, Time Inc.: 3.180E-06s @ element    1118 in Part SYS\wall Est. Clock Time Remaining: 3s        
Cycle:     5349, Time:  1.700E-02s, Progress:  85.02%, Time Inc.: 3.180E-06s @ element    1118 in Part SYS\wall Est. Clock Time Remaining: 3s        
Cycle:     5350, Time:  1.701E-02s, Progress:  85.04%, Time Inc.: 3.180E-06s @ element    1118 in Part SYS\wall Est. Clock Time Remaining: 3s        
Cycle:     5351, Time:  1.701E-02s, Progress:  85.05%, Time Inc.: 3.180E-06s @ element    1118 in Part SYS\wall Est. Clock Time Remaining: 3s        
Cycle:     5352, Time:  1.701E-02s, Progress:  85.07%, Time Inc.: 3.180E-06s @ element    1118 in Part SYS\wall Est. Clock Time Remaining: 3s        
Cycle:     5353, Time:  1.702E-02s, Progress:  85.08%, Time Inc.: 3.180E-06s @ element    1118 in Part SYS\wall Est. Clock Time Remaining: 3s        
Cycle:     5354, Time:  1.702E-02s, Progress:  85.10%, Time Inc.: 3.180E-06s @ element    1118 in Part SYS\wall Est. Clock Time Remaining: 3s        
Cycle:     5355, Time:  1.702E-02s, Progress:  85.12%, Time Inc.: 3.180E-06s @ element    1118 in Part SYS\wall Est. Clock Time Remaining: 3s        
Cycle:     5356, Time:  1.703E-02s, Progress:  85.13%, Time Inc.: 3.180E-06s @ element    1118 in Part SYS\wall Est. Clock Time Remaining: 3s        
Cycle:     5357, Time:  1.703E-02s, Progress:  85.15%, Time Inc.: 3.180E-06s @ element    1118 in Part SYS\wall Est. Clock Time Remaining: 3s        
Cycle:     5358, Time:  1.703E-02s, Progress:  85.16%, Time Inc.: 3.180E-06s @ element    1118 in Part SYS\wall Est. Clock Time Remaining: 3s        
Cycle:     5359, Time:  1.704E-02s, Progress:  85.18%, Time Inc.: 3.180E-06s @ element    1118 in Part SYS\wall Est. Clock Time Remaining: 3s        
Cycle:     5360, Time:  1.704E-02s, Progress:  85.20%, Time Inc.: 3.180E-06s @ element    1118 in Part SYS\wall Est. Clock Time Remaining: 3s        
Cycle:     5361, Time:  1.704E-02s, Progress:  85.21%, Time Inc.: 3.180E-06s @ element    1118 in Part SYS\wall Est. Clock Time Remaining: 3s        
Cycle:     5362, Time:  1.705E-02s, Progress:  85.23%, Time Inc.: 3.180E-06s @ element    1118 in Part SYS\wall Est. Clock Time Remaining: 3s        
Cycle:     5363, Time:  1.705E-02s, Progress:  85.24%, Time Inc.: 3.180E-06s @ element    1118 in Part SYS\wall Est. Clock Time Remaining: 3s        
Cycle:     5364, Time:  1.705E-02s, Progress:  85.26%, Time Inc.: 3.180E-06s @ element    1118 in Part SYS\wall Est. Clock Time Remaining: 3s        
Cycle:     5365, Time:  1.706E-02s, Progress:  85.28%, Time Inc.: 3.180E-06s @ element    1118 in Part SYS\wall Est. Clock Time Remaining: 3s        
Cycle:     5366, Time:  1.706E-02s, Progress:  85.29%, Time Inc.: 3.180E-06s @ element    1118 in Part SYS\wall Est. Clock Time Remaining: 3s        
Cycle:     5367, Time:  1.706E-02s, Progress:  85.31%, Time Inc.: 3.180E-06s @ element    1118 in Part SYS\wall Est. Clock Time Remaining: 3s        
Cycle:     5368, Time:  1.706E-02s, Progress:  85.32%, Time Inc.: 3.180E-06s @ element    1118 in Part SYS\wall Est. Clock Time Remaining: 3s        
Cycle:     5369, Time:  1.707E-02s, Progress:  85.34%, Time Inc.: 3.180E-06s @ element    1118 in Part SYS\wall Est. Clock Time Remaining: 3s        
Cycle:     5370, Time:  1.707E-02s, Progress:  85.36%, Time Inc.: 3.180E-06s @ element    1118 in Part SYS\wall Est. Clock Time Remaining: 3s        
Cycle:     5371, Time:  1.707E-02s, Progress:  85.37%, Time Inc.: 3.180E-06s @ element    1118 in Part SYS\wall Est. Clock Time Remaining: 3s        
Cycle:     5372, Time:  1.708E-02s, Progress:  85.39%, Time Inc.: 3.180E-06s @ element    1118 in Part SYS\wall Est. Clock Time Remaining: 3s        
Cycle:     5373, Time:  1.708E-02s, Progress:  85.40%, Time Inc.: 3.180E-06s @ element    1118 in Part SYS\wall Est. Clock Time Remaining: 3s        
Cycle:     5374, Time:  1.708E-02s, Progress:  85.42%, Time Inc.: 3.180E-06s @ element    1118 in Part SYS\wall Est. Clock Time Remaining: 3s        
Cycle:     5375, Time:  1.709E-02s, Progress:  85.43%, Time Inc.: 3.180E-06s @ element    1118 in Part SYS\wall Est. Clock Time Remaining: 3s        
Cycle:     5376, Time:  1.709E-02s, Progress:  85.45%, Time Inc.: 3.180E-06s @ element    1118 in Part SYS\wall Est. Clock Time Remaining: 3s        
Cycle:     5377, Time:  1.709E-02s, Progress:  85.47%, Time Inc.: 3.180E-06s @ element    1118 in Part SYS\wall Est. Clock Time Remaining: 3s        
Cycle:     5378, Time:  1.710E-02s, Progress:  85.48%, Time Inc.: 3.180E-06s @ element    1118 in Part SYS\wall Est. Clock Time Remaining: 3s        
Cycle:     5379, Time:  1.710E-02s, Progress:  85.50%, Time Inc.: 3.180E-06s @ element    1118 in Part SYS\wall Est. Clock Time Remaining: 3s        
Cycle:     5380, Time:  1.710E-02s, Progress:  85.51%, Time Inc.: 3.180E-06s @ element    1118 in Part SYS\wall Est. Clock Time Remaining: 3s        
Cycle:     5381, Time:  1.711E-02s, Progress:  85.53%, Time Inc.: 3.180E-06s @ element    1118 in Part SYS\wall Est. Clock Time Remaining: 3s        
Cycle:     5382, Time:  1.711E-02s, Progress:  85.55%, Time Inc.: 3.180E-06s @ element    1118 in Part SYS\wall Est. Clock Time Remaining: 3s        
Cycle:     5383, Time:  1.711E-02s, Progress:  85.56%, Time Inc.: 3.180E-06s @ element    1118 in Part SYS\wall Est. Clock Time Remaining: 3s        
Cycle:     5384, Time:  1.712E-02s, Progress:  85.58%, Time Inc.: 3.180E-06s @ element    1118 in Part SYS\wall Est. Clock Time Remaining: 3s        
Cycle:     5385, Time:  1.712E-02s, Progress:  85.59%, Time Inc.: 3.180E-06s @ element    1118 in Part SYS\wall Est. Clock Time Remaining: 3s        
Cycle:     5386, Time:  1.712E-02s, Progress:  85.61%, Time Inc.: 3.180E-06s @ element    1118 in Part SYS\wall Est. Clock Time Remaining: 3s        
Cycle:     5387, Time:  1.713E-02s, Progress:  85.63%, Time Inc.: 3.180E-06s @ element    1118 in Part SYS\wall Est. Clock Time Remaining: 3s        
Cycle:     5388, Time:  1.713E-02s, Progress:  85.64%, Time Inc.: 3.180E-06s @ element    1118 in Part SYS\wall Est. Clock Time Remaining: 3s        
Cycle:     5389, Time:  1.713E-02s, Progress:  85.66%, Time Inc.: 3.180E-06s @ element    1118 in Part SYS\wall Est. Clock Time Remaining: 3s        
Cycle:     5390, Time:  1.713E-02s, Progress:  85.67%, Time Inc.: 3.180E-06s @ element    1118 in Part SYS\wall Est. Clock Time Remaining: 3s        
Cycle:     5391, Time:  1.714E-02s, Progress:  85.69%, Time Inc.: 3.180E-06s @ element    1118 in Part SYS\wall Est. Clock Time Remaining: 3s        
Cycle:     5392, Time:  1.714E-02s, Progress:  85.70%, Time Inc.: 3.180E-06s @ element    1118 in Part SYS\wall Est. Clock Time Remaining: 3s        
Cycle:     5393, Time:  1.714E-02s, Progress:  85.72%, Time Inc.: 3.180E-06s @ element    1118 in Part SYS\wall Est. Clock Time Remaining: 3s        
Cycle:     5394, Time:  1.715E-02s, Progress:  85.74%, Time Inc.: 3.180E-06s @ element    1118 in Part SYS\wall Est. Clock Time Remaining: 3s        
Cycle:     5395, Time:  1.715E-02s, Progress:  85.75%, Time Inc.: 3.180E-06s @ element    1118 in Part SYS\wall Est. Clock Time Remaining: 3s        
Cycle:     5396, Time:  1.715E-02s, Progress:  85.77%, Time Inc.: 3.180E-06s @ element    1118 in Part SYS\wall Est. Clock Time Remaining: 3s        
Cycle:     5397, Time:  1.716E-02s, Progress:  85.78%, Time Inc.: 3.180E-06s @ element    1118 in Part SYS\wall Est. Clock Time Remaining: 3s        
Cycle:     5398, Time:  1.716E-02s, Progress:  85.80%, Time Inc.: 3.180E-06s @ element    1118 in Part SYS\wall Est. Clock Time Remaining: 3s        
Cycle:     5399, Time:  1.716E-02s, Progress:  85.82%, Time Inc.: 3.180E-06s @ element    1118 in Part SYS\wall Est. Clock Time Remaining: 3s        
Cycle:     5400, Time:  1.717E-02s, Progress:  85.83%, Time Inc.: 3.180E-06s @ element    1118 in Part SYS\wall Est. Clock Time Remaining: 3s        
Cycle:     5401, Time:  1.717E-02s, Progress:  85.85%, Time Inc.: 3.180E-06s @ element    1118 in Part SYS\wall Est. Clock Time Remaining: 3s        
Cycle:     5402, Time:  1.717E-02s, Progress:  85.86%, Time Inc.: 3.180E-06s @ element    1126 in Part SYS\wall Est. Clock Time Remaining: 3s        
Cycle:     5403, Time:  1.718E-02s, Progress:  85.88%, Time Inc.: 3.180E-06s @ element    1126 in Part SYS\wall Est. Clock Time Remaining: 3s        
Cycle:     5404, Time:  1.718E-02s, Progress:  85.90%, Time Inc.: 3.180E-06s @ element    1126 in Part SYS\wall Est. Clock Time Remaining: 3s        
Cycle:     5405, Time:  1.718E-02s, Progress:  85.91%, Time Inc.: 3.180E-06s @ element    1126 in Part SYS\wall Est. Clock Time Remaining: 3s        
Cycle:     5406, Time:  1.719E-02s, Progress:  85.93%, Time Inc.: 3.180E-06s @ element    1126 in Part SYS\wall Est. Clock Time Remaining: 3s        
Cycle:     5407, Time:  1.719E-02s, Progress:  85.94%, Time Inc.: 3.180E-06s @ element    1126 in Part SYS\wall Est. Clock Time Remaining: 3s        
Cycle:     5408, Time:  1.719E-02s, Progress:  85.96%, Time Inc.: 3.180E-06s @ element    1126 in Part SYS\wall Est. Clock Time Remaining: 3s        
Cycle:     5409, Time:  1.720E-02s, Progress:  85.98%, Time Inc.: 3.180E-06s @ element    1126 in Part SYS\wall Est. Clock Time Remaining: 3s        
Cycle:     5410, Time:  1.720E-02s, Progress:  85.99%, Time Inc.: 3.180E-06s @ element    1126 in Part SYS\wall Est. Clock Time Remaining: 3s        
Cycle:     5411, Time:  1.720E-02s, Progress:  86.01%, Time Inc.: 3.180E-06s @ element    1126 in Part SYS\wall Est. Clock Time Remaining: 3s        
Cycle:     5412, Time:  1.720E-02s, Progress:  86.02%, Time Inc.: 3.180E-06s @ element    1126 in Part SYS\wall Est. Clock Time Remaining: 3s        
Cycle:     5413, Time:  1.721E-02s, Progress:  86.04%, Time Inc.: 3.180E-06s @ element    1126 in Part SYS\wall Est. Clock Time Remaining: 3s        
Cycle:     5414, Time:  1.721E-02s, Progress:  86.05%, Time Inc.: 3.180E-06s @ element    1126 in Part SYS\wall Est. Clock Time Remaining: 3s        
Cycle:     5415, Time:  1.721E-02s, Progress:  86.07%, Time Inc.: 3.180E-06s @ element    1126 in Part SYS\wall Est. Clock Time Remaining: 3s        
Cycle:     5416, Time:  1.722E-02s, Progress:  86.09%, Time Inc.: 3.180E-06s @ element    1126 in Part SYS\wall Est. Clock Time Remaining: 3s        
Cycle:     5417, Time:  1.722E-02s, Progress:  86.10%, Time Inc.: 3.180E-06s @ element    1126 in Part SYS\wall Est. Clock Time Remaining: 3s        
Cycle:     5418, Time:  1.722E-02s, Progress:  86.12%, Time Inc.: 3.180E-06s @ element    1126 in Part SYS\wall Est. Clock Time Remaining: 3s        
Cycle:     5419, Time:  1.723E-02s, Progress:  86.13%, Time Inc.: 3.180E-06s @ element    1126 in Part SYS\wall Est. Clock Time Remaining: 3s        
Cycle:     5420, Time:  1.723E-02s, Progress:  86.15%, Time Inc.: 3.180E-06s @ element    1126 in Part SYS\wall Est. Clock Time Remaining: 3s        
Cycle:     5421, Time:  1.723E-02s, Progress:  86.17%, Time Inc.: 3.180E-06s @ element    1126 in Part SYS\wall Est. Clock Time Remaining: 3s        
Cycle:     5422, Time:  1.724E-02s, Progress:  86.18%, Time Inc.: 3.180E-06s @ element    1126 in Part SYS\wall Est. Clock Time Remaining: 3s        
Cycle:     5423, Time:  1.724E-02s, Progress:  86.20%, Time Inc.: 3.180E-06s @ element    1126 in Part SYS\wall Est. Clock Time Remaining: 3s        
Cycle:     5424, Time:  1.724E-02s, Progress:  86.21%, Time Inc.: 3.180E-06s @ element    1126 in Part SYS\wall Est. Clock Time Remaining: 3s        
Cycle:     5425, Time:  1.725E-02s, Progress:  86.23%, Time Inc.: 3.180E-06s @ element    1126 in Part SYS\wall Est. Clock Time Remaining: 3s        
Cycle:     5426, Time:  1.725E-02s, Progress:  86.25%, Time Inc.: 3.180E-06s @ element    1126 in Part SYS\wall Est. Clock Time Remaining: 3s        
Cycle:     5427, Time:  1.725E-02s, Progress:  86.26%, Time Inc.: 3.180E-06s @ element    1126 in Part SYS\wall Est. Clock Time Remaining: 3s        
Cycle:     5428, Time:  1.726E-02s, Progress:  86.28%, Time Inc.: 3.180E-06s @ element    1126 in Part SYS\wall Est. Clock Time Remaining: 3s        
Cycle:     5429, Time:  1.726E-02s, Progress:  86.29%, Time Inc.: 3.180E-06s @ element    1126 in Part SYS\wall Est. Clock Time Remaining: 3s        
Cycle:     5430, Time:  1.726E-02s, Progress:  86.31%, Time Inc.: 3.180E-06s @ element    1126 in Part SYS\wall Est. Clock Time Remaining: 3s        
Cycle:     5431, Time:  1.727E-02s, Progress:  86.33%, Time Inc.: 3.180E-06s @ element    1126 in Part SYS\wall Est. Clock Time Remaining: 3s        
Cycle:     5432, Time:  1.727E-02s, Progress:  86.34%, Time Inc.: 3.180E-06s @ element    1126 in Part SYS\wall Est. Clock Time Remaining: 3s        
Cycle:     5433, Time:  1.727E-02s, Progress:  86.36%, Time Inc.: 3.180E-06s @ element    1126 in Part SYS\wall Est. Clock Time Remaining: 3s        
Cycle:     5434, Time:  1.727E-02s, Progress:  86.37%, Time Inc.: 3.180E-06s @ element    1126 in Part SYS\wall Est. Clock Time Remaining: 3s        
Cycle:     5435, Time:  1.728E-02s, Progress:  86.39%, Time Inc.: 3.180E-06s @ element    1126 in Part SYS\wall Est. Clock Time Remaining: 3s        
Cycle:     5436, Time:  1.728E-02s, Progress:  86.40%, Time Inc.: 3.180E-06s @ element    1126 in Part SYS\wall Est. Clock Time Remaining: 3s        
Cycle:     5437, Time:  1.728E-02s, Progress:  86.42%, Time Inc.: 3.180E-06s @ element    1126 in Part SYS\wall Est. Clock Time Remaining: 3s        
Cycle:     5438, Time:  1.729E-02s, Progress:  86.44%, Time Inc.: 3.180E-06s @ element    1126 in Part SYS\wall Est. Clock Time Remaining: 3s        
Cycle:     5439, Time:  1.729E-02s, Progress:  86.45%, Time Inc.: 3.180E-06s @ element    1126 in Part SYS\wall Est. Clock Time Remaining: 3s        
Cycle:     5440, Time:  1.729E-02s, Progress:  86.47%, Time Inc.: 3.180E-06s @ element    1126 in Part SYS\wall Est. Clock Time Remaining: 3s        
Cycle:     5441, Time:  1.730E-02s, Progress:  86.48%, Time Inc.: 3.180E-06s @ element    1126 in Part SYS\wall Est. Clock Time Remaining: 3s        
Cycle:     5442, Time:  1.730E-02s, Progress:  86.50%, Time Inc.: 3.180E-06s @ element    1126 in Part SYS\wall Est. Clock Time Remaining: 3s        
Cycle:     5443, Time:  1.730E-02s, Progress:  86.52%, Time Inc.: 3.180E-06s @ element    1126 in Part SYS\wall Est. Clock Time Remaining: 3s        
Cycle:     5444, Time:  1.731E-02s, Progress:  86.53%, Time Inc.: 3.180E-06s @ element    1126 in Part SYS\wall Est. Clock Time Remaining: 3s        
Cycle:     5445, Time:  1.731E-02s, Progress:  86.55%, Time Inc.: 3.180E-06s @ element    1126 in Part SYS\wall Est. Clock Time Remaining: 3s        
Cycle:     5446, Time:  1.731E-02s, Progress:  86.56%, Time Inc.: 3.180E-06s @ element    1126 in Part SYS\wall Est. Clock Time Remaining: 3s        
Cycle:     5447, Time:  1.732E-02s, Progress:  86.58%, Time Inc.: 3.180E-06s @ element    1126 in Part SYS\wall Est. Clock Time Remaining: 3s        
Cycle:     5448, Time:  1.732E-02s, Progress:  86.60%, Time Inc.: 3.180E-06s @ element    1126 in Part SYS\wall Est. Clock Time Remaining: 3s        
Cycle:     5449, Time:  1.732E-02s, Progress:  86.61%, Time Inc.: 3.180E-06s @ element    1126 in Part SYS\wall Est. Clock Time Remaining: 3s        
Cycle:     5450, Time:  1.733E-02s, Progress:  86.63%, Time Inc.: 3.180E-06s @ element    1126 in Part SYS\wall Est. Clock Time Remaining: 3s        
Cycle:     5451, Time:  1.733E-02s, Progress:  86.64%, Time Inc.: 3.180E-06s @ element    1126 in Part SYS\wall Est. Clock Time Remaining: 3s        
Cycle:     5452, Time:  1.733E-02s, Progress:  86.66%, Time Inc.: 3.180E-06s @ element    1126 in Part SYS\wall Est. Clock Time Remaining: 3s        
Cycle:     5453, Time:  1.733E-02s, Progress:  86.67%, Time Inc.: 3.180E-06s @ element    1126 in Part SYS\wall Est. Clock Time Remaining: 3s        
Cycle:     5454, Time:  1.734E-02s, Progress:  86.69%, Time Inc.: 3.180E-06s @ element    1126 in Part SYS\wall Est. Clock Time Remaining: 3s        
Cycle:     5455, Time:  1.734E-02s, Progress:  86.71%, Time Inc.: 3.180E-06s @ element    1126 in Part SYS\wall Est. Clock Time Remaining: 2s        
Cycle:     5456, Time:  1.734E-02s, Progress:  86.72%, Time Inc.: 3.180E-06s @ element    1126 in Part SYS\wall Est. Clock Time Remaining: 2s        
Cycle:     5457, Time:  1.735E-02s, Progress:  86.74%, Time Inc.: 3.180E-06s @ element    1126 in Part SYS\wall Est. Clock Time Remaining: 2s        
Cycle:     5458, Time:  1.735E-02s, Progress:  86.75%, Time Inc.: 3.180E-06s @ element    1126 in Part SYS\wall Est. Clock Time Remaining: 2s        
Cycle:     5459, Time:  1.735E-02s, Progress:  86.77%, Time Inc.: 3.180E-06s @ element    1126 in Part SYS\wall Est. Clock Time Remaining: 2s        
Cycle:     5460, Time:  1.736E-02s, Progress:  86.79%, Time Inc.: 3.180E-06s @ element    1126 in Part SYS\wall Est. Clock Time Remaining: 2s        
Cycle:     5461, Time:  1.736E-02s, Progress:  86.80%, Time Inc.: 3.180E-06s @ element    1126 in Part SYS\wall Est. Clock Time Remaining: 2s        
Cycle:     5462, Time:  1.736E-02s, Progress:  86.82%, Time Inc.: 3.180E-06s @ element    1126 in Part SYS\wall Est. Clock Time Remaining: 2s        
Cycle:     5463, Time:  1.737E-02s, Progress:  86.83%, Time Inc.: 3.180E-06s @ element    1126 in Part SYS\wall Est. Clock Time Remaining: 2s        
Cycle:     5464, Time:  1.737E-02s, Progress:  86.85%, Time Inc.: 3.180E-06s @ element    1126 in Part SYS\wall Est. Clock Time Remaining: 2s        
Cycle:     5465, Time:  1.737E-02s, Progress:  86.87%, Time Inc.: 3.180E-06s @ element    1126 in Part SYS\wall Est. Clock Time Remaining: 2s        
Cycle:     5466, Time:  1.738E-02s, Progress:  86.88%, Time Inc.: 3.180E-06s @ element    1126 in Part SYS\wall Est. Clock Time Remaining: 2s        
Cycle:     5467, Time:  1.738E-02s, Progress:  86.90%, Time Inc.: 3.180E-06s @ element    1126 in Part SYS\wall Est. Clock Time Remaining: 2s        
Cycle:     5468, Time:  1.738E-02s, Progress:  86.91%, Time Inc.: 3.180E-06s @ element    1126 in Part SYS\wall Est. Clock Time Remaining: 2s        
Cycle:     5469, Time:  1.739E-02s, Progress:  86.93%, Time Inc.: 3.180E-06s @ element    1126 in Part SYS\wall Est. Clock Time Remaining: 2s        
Cycle:     5470, Time:  1.739E-02s, Progress:  86.95%, Time Inc.: 3.180E-06s @ element    1126 in Part SYS\wall Est. Clock Time Remaining: 2s        
Cycle:     5471, Time:  1.739E-02s, Progress:  86.96%, Time Inc.: 3.180E-06s @ element    1126 in Part SYS\wall Est. Clock Time Remaining: 2s        
Cycle:     5472, Time:  1.740E-02s, Progress:  86.98%, Time Inc.: 3.180E-06s @ element    1126 in Part SYS\wall Est. Clock Time Remaining: 2s        
Cycle:     5473, Time:  1.740E-02s, Progress:  86.99%, Time Inc.: 3.180E-06s @ element    1126 in Part SYS\wall Est. Clock Time Remaining: 2s        
Cycle:     5474, Time:  1.740E-02s, Progress:  87.01%, Time Inc.: 3.180E-06s @ element    1126 in Part SYS\wall Est. Clock Time Remaining: 2s        
Cycle:     5475, Time:  1.740E-02s, Progress:  87.02%, Time Inc.: 3.180E-06s @ element    1126 in Part SYS\wall Est. Clock Time Remaining: 2s        
Cycle:     5476, Time:  1.741E-02s, Progress:  87.04%, Time Inc.: 3.180E-06s @ element    1126 in Part SYS\wall Est. Clock Time Remaining: 2s        
Cycle:     5477, Time:  1.741E-02s, Progress:  87.06%, Time Inc.: 3.180E-06s @ element    1126 in Part SYS\wall Est. Clock Time Remaining: 2s        
Cycle:     5478, Time:  1.741E-02s, Progress:  87.07%, Time Inc.: 3.180E-06s @ element    1126 in Part SYS\wall Est. Clock Time Remaining: 2s        
Cycle:     5479, Time:  1.742E-02s, Progress:  87.09%, Time Inc.: 3.180E-06s @ element    1126 in Part SYS\wall Est. Clock Time Remaining: 2s        
Cycle:     5480, Time:  1.742E-02s, Progress:  87.10%, Time Inc.: 3.180E-06s @ element    1126 in Part SYS\wall Est. Clock Time Remaining: 2s        
Cycle:     5481, Time:  1.742E-02s, Progress:  87.12%, Time Inc.: 3.180E-06s @ element    1126 in Part SYS\wall Est. Clock Time Remaining: 2s        
Cycle:     5482, Time:  1.743E-02s, Progress:  87.14%, Time Inc.: 3.180E-06s @ element    1126 in Part SYS\wall Est. Clock Time Remaining: 2s        
Cycle:     5483, Time:  1.743E-02s, Progress:  87.15%, Time Inc.: 3.180E-06s @ element    1126 in Part SYS\wall Est. Clock Time Remaining: 2s        
Cycle:     5484, Time:  1.743E-02s, Progress:  87.17%, Time Inc.: 3.180E-06s @ element    1126 in Part SYS\wall Est. Clock Time Remaining: 2s        
Cycle:     5485, Time:  1.744E-02s, Progress:  87.18%, Time Inc.: 3.180E-06s @ element    1126 in Part SYS\wall Est. Clock Time Remaining: 2s        
Cycle:     5486, Time:  1.744E-02s, Progress:  87.20%, Time Inc.: 3.180E-06s @ element    1126 in Part SYS\wall Est. Clock Time Remaining: 2s        
Cycle:     5487, Time:  1.744E-02s, Progress:  87.22%, Time Inc.: 3.180E-06s @ element    1126 in Part SYS\wall Est. Clock Time Remaining: 2s        
Cycle:     5488, Time:  1.745E-02s, Progress:  87.23%, Time Inc.: 3.180E-06s @ element    1126 in Part SYS\wall Est. Clock Time Remaining: 2s        
Cycle:     5489, Time:  1.745E-02s, Progress:  87.25%, Time Inc.: 3.180E-06s @ element    1126 in Part SYS\wall Est. Clock Time Remaining: 2s        
Cycle:     5490, Time:  1.745E-02s, Progress:  87.26%, Time Inc.: 3.180E-06s @ element    1126 in Part SYS\wall Est. Clock Time Remaining: 2s        
Cycle:     5491, Time:  1.746E-02s, Progress:  87.28%, Time Inc.: 3.180E-06s @ element    1126 in Part SYS\wall Est. Clock Time Remaining: 2s        
Cycle:     5492, Time:  1.746E-02s, Progress:  87.30%, Time Inc.: 3.180E-06s @ element    1126 in Part SYS\wall Est. Clock Time Remaining: 2s        
Cycle:     5493, Time:  1.746E-02s, Progress:  87.31%, Time Inc.: 3.180E-06s @ element    1126 in Part SYS\wall Est. Clock Time Remaining: 2s        
Cycle:     5494, Time:  1.747E-02s, Progress:  87.33%, Time Inc.: 3.180E-06s @ element    1126 in Part SYS\wall Est. Clock Time Remaining: 2s        
Cycle:     5495, Time:  1.747E-02s, Progress:  87.34%, Time Inc.: 3.180E-06s @ element    1126 in Part SYS\wall Est. Clock Time Remaining: 2s        
Cycle:     5496, Time:  1.747E-02s, Progress:  87.36%, Time Inc.: 3.180E-06s @ element    1126 in Part SYS\wall Est. Clock Time Remaining: 2s        
Cycle:     5497, Time:  1.747E-02s, Progress:  87.37%, Time Inc.: 3.180E-06s @ element     298 in Part SYS\wall Est. Clock Time Remaining: 2s        
Cycle:     5498, Time:  1.748E-02s, Progress:  87.39%, Time Inc.: 3.180E-06s @ element     298 in Part SYS\wall Est. Clock Time Remaining: 2s        
Cycle:     5499, Time:  1.748E-02s, Progress:  87.41%, Time Inc.: 3.180E-06s @ element     298 in Part SYS\wall Est. Clock Time Remaining: 2s        
Cycle:     5500, Time:  1.748E-02s, Progress:  87.42%, Time Inc.: 3.180E-06s @ element     298 in Part SYS\wall Est. Clock Time Remaining: 2s        
Cycle:     5501, Time:  1.749E-02s, Progress:  87.44%, Time Inc.: 3.180E-06s @ element     298 in Part SYS\wall Est. Clock Time Remaining: 2s        
Cycle:     5502, Time:  1.749E-02s, Progress:  87.45%, Time Inc.: 3.180E-06s @ element     298 in Part SYS\wall Est. Clock Time Remaining: 2s        
Cycle:     5503, Time:  1.749E-02s, Progress:  87.47%, Time Inc.: 3.180E-06s @ element     298 in Part SYS\wall Est. Clock Time Remaining: 2s        
Cycle:     5504, Time:  1.750E-02s, Progress:  87.49%, Time Inc.: 3.180E-06s @ element     298 in Part SYS\wall Est. Clock Time Remaining: 2s        
Cycle:     5505, Time:  1.750E-02s, Progress:  87.50%, Time Inc.: 3.180E-06s @ element     298 in Part SYS\wall Est. Clock Time Remaining: 2s        
Cycle:     5506, Time:  1.750E-02s, Progress:  87.52%, Time Inc.: 3.180E-06s @ element     298 in Part SYS\wall Est. Clock Time Remaining: 2s        
Cycle:     5507, Time:  1.751E-02s, Progress:  87.53%, Time Inc.: 3.180E-06s @ element     302 in Part SYS\wall Est. Clock Time Remaining: 2s        
Cycle:     5508, Time:  1.751E-02s, Progress:  87.55%, Time Inc.: 3.180E-06s @ element     302 in Part SYS\wall Est. Clock Time Remaining: 2s        
Cycle:     5509, Time:  1.751E-02s, Progress:  87.57%, Time Inc.: 3.180E-06s @ element     302 in Part SYS\wall Est. Clock Time Remaining: 2s        
Cycle:     5510, Time:  1.752E-02s, Progress:  87.58%, Time Inc.: 3.180E-06s @ element     302 in Part SYS\wall Est. Clock Time Remaining: 2s        
Cycle:     5511, Time:  1.752E-02s, Progress:  87.60%, Time Inc.: 3.180E-06s @ element     302 in Part SYS\wall Est. Clock Time Remaining: 2s        
Cycle:     5512, Time:  1.752E-02s, Progress:  87.61%, Time Inc.: 3.180E-06s @ element     302 in Part SYS\wall Est. Clock Time Remaining: 2s        
Cycle:     5513, Time:  1.753E-02s, Progress:  87.63%, Time Inc.: 3.180E-06s @ element     302 in Part SYS\wall Est. Clock Time Remaining: 2s        
Cycle:     5514, Time:  1.753E-02s, Progress:  87.64%, Time Inc.: 3.180E-06s @ element     302 in Part SYS\wall Est. Clock Time Remaining: 2s        
Cycle:     5515, Time:  1.753E-02s, Progress:  87.66%, Time Inc.: 3.180E-06s @ element     302 in Part SYS\wall Est. Clock Time Remaining: 2s        
Cycle:     5516, Time:  1.754E-02s, Progress:  87.68%, Time Inc.: 3.180E-06s @ element     302 in Part SYS\wall Est. Clock Time Remaining: 2s        
Cycle:     5517, Time:  1.754E-02s, Progress:  87.69%, Time Inc.: 3.180E-06s @ element     302 in Part SYS\wall Est. Clock Time Remaining: 2s        
Cycle:     5518, Time:  1.754E-02s, Progress:  87.71%, Time Inc.: 3.180E-06s @ element     302 in Part SYS\wall Est. Clock Time Remaining: 2s        
Cycle:     5519, Time:  1.754E-02s, Progress:  87.72%, Time Inc.: 3.180E-06s @ element     298 in Part SYS\wall Est. Clock Time Remaining: 2s        
Cycle:     5520, Time:  1.755E-02s, Progress:  87.74%, Time Inc.: 3.180E-06s @ element     298 in Part SYS\wall Est. Clock Time Remaining: 2s        
Cycle:     5521, Time:  1.755E-02s, Progress:  87.76%, Time Inc.: 3.180E-06s @ element     298 in Part SYS\wall Est. Clock Time Remaining: 2s        
Cycle:     5522, Time:  1.755E-02s, Progress:  87.77%, Time Inc.: 3.180E-06s @ element     298 in Part SYS\wall Est. Clock Time Remaining: 2s        
Cycle:     5523, Time:  1.756E-02s, Progress:  87.79%, Time Inc.: 3.180E-06s @ element     298 in Part SYS\wall Est. Clock Time Remaining: 2s        
Cycle:     5524, Time:  1.756E-02s, Progress:  87.80%, Time Inc.: 3.180E-06s @ element     298 in Part SYS\wall Est. Clock Time Remaining: 2s        
Cycle:     5525, Time:  1.756E-02s, Progress:  87.82%, Time Inc.: 3.180E-06s @ element     298 in Part SYS\wall Est. Clock Time Remaining: 2s        
Cycle:     5526, Time:  1.757E-02s, Progress:  87.84%, Time Inc.: 3.180E-06s @ element     298 in Part SYS\wall Est. Clock Time Remaining: 2s        
Cycle:     5527, Time:  1.757E-02s, Progress:  87.85%, Time Inc.: 3.180E-06s @ element     298 in Part SYS\wall Est. Clock Time Remaining: 2s        
Cycle:     5528, Time:  1.757E-02s, Progress:  87.87%, Time Inc.: 3.180E-06s @ element     298 in Part SYS\wall Est. Clock Time Remaining: 2s        
Cycle:     5529, Time:  1.758E-02s, Progress:  87.88%, Time Inc.: 3.180E-06s @ element     298 in Part SYS\wall Est. Clock Time Remaining: 2s        
Cycle:     5530, Time:  1.758E-02s, Progress:  87.90%, Time Inc.: 3.180E-06s @ element     298 in Part SYS\wall Est. Clock Time Remaining: 2s        
Cycle:     5531, Time:  1.758E-02s, Progress:  87.92%, Time Inc.: 3.180E-06s @ element     298 in Part SYS\wall Est. Clock Time Remaining: 2s        
Cycle:     5532, Time:  1.759E-02s, Progress:  87.93%, Time Inc.: 3.180E-06s @ element     298 in Part SYS\wall Est. Clock Time Remaining: 2s        
Cycle:     5533, Time:  1.759E-02s, Progress:  87.95%, Time Inc.: 3.180E-06s @ element     298 in Part SYS\wall Est. Clock Time Remaining: 2s        
Cycle:     5534, Time:  1.759E-02s, Progress:  87.96%, Time Inc.: 3.180E-06s @ element     298 in Part SYS\wall Est. Clock Time Remaining: 2s        
Cycle:     5535, Time:  1.760E-02s, Progress:  87.98%, Time Inc.: 3.180E-06s @ element     298 in Part SYS\wall Est. Clock Time Remaining: 2s        
Cycle:     5536, Time:  1.760E-02s, Progress:  87.99%, Time Inc.: 3.180E-06s @ element     298 in Part SYS\wall Est. Clock Time Remaining: 2s        
Cycle:     5537, Time:  1.760E-02s, Progress:  88.01%, Time Inc.: 3.180E-06s @ element     298 in Part SYS\wall Est. Clock Time Remaining: 2s        
Cycle:     5538, Time:  1.761E-02s, Progress:  88.03%, Time Inc.: 3.180E-06s @ element     298 in Part SYS\wall Est. Clock Time Remaining: 2s        
Cycle:     5539, Time:  1.761E-02s, Progress:  88.04%, Time Inc.: 3.180E-06s @ element     298 in Part SYS\wall Est. Clock Time Remaining: 2s        
Cycle:     5540, Time:  1.761E-02s, Progress:  88.06%, Time Inc.: 3.180E-06s @ element     298 in Part SYS\wall Est. Clock Time Remaining: 2s        
Cycle:     5541, Time:  1.761E-02s, Progress:  88.07%, Time Inc.: 3.180E-06s @ element     298 in Part SYS\wall Est. Clock Time Remaining: 2s        
Cycle:     5542, Time:  1.762E-02s, Progress:  88.09%, Time Inc.: 3.180E-06s @ element     298 in Part SYS\wall Est. Clock Time Remaining: 2s        
Cycle:     5543, Time:  1.762E-02s, Progress:  88.11%, Time Inc.: 3.180E-06s @ element     298 in Part SYS\wall Est. Clock Time Remaining: 2s        
Cycle:     5544, Time:  1.762E-02s, Progress:  88.12%, Time Inc.: 3.180E-06s @ element     298 in Part SYS\wall Est. Clock Time Remaining: 2s        
Cycle:     5545, Time:  1.763E-02s, Progress:  88.14%, Time Inc.: 3.180E-06s @ element     298 in Part SYS\wall Est. Clock Time Remaining: 2s        
Cycle:     5546, Time:  1.763E-02s, Progress:  88.15%, Time Inc.: 3.180E-06s @ element     298 in Part SYS\wall Est. Clock Time Remaining: 2s        
Cycle:     5547, Time:  1.763E-02s, Progress:  88.17%, Time Inc.: 3.180E-06s @ element     298 in Part SYS\wall Est. Clock Time Remaining: 2s        
Cycle:     5548, Time:  1.764E-02s, Progress:  88.19%, Time Inc.: 3.180E-06s @ element     298 in Part SYS\wall Est. Clock Time Remaining: 2s        
Cycle:     5549, Time:  1.764E-02s, Progress:  88.20%, Time Inc.: 3.180E-06s @ element     298 in Part SYS\wall Est. Clock Time Remaining: 2s        
Cycle:     5550, Time:  1.764E-02s, Progress:  88.22%, Time Inc.: 3.180E-06s @ element     298 in Part SYS\wall Est. Clock Time Remaining: 2s        
Cycle:     5551, Time:  1.765E-02s, Progress:  88.23%, Time Inc.: 3.180E-06s @ element     298 in Part SYS\wall Est. Clock Time Remaining: 2s        
Cycle:     5552, Time:  1.765E-02s, Progress:  88.25%, Time Inc.: 3.180E-06s @ element     298 in Part SYS\wall Est. Clock Time Remaining: 2s        
Cycle:     5553, Time:  1.765E-02s, Progress:  88.26%, Time Inc.: 3.180E-06s @ element     298 in Part SYS\wall Est. Clock Time Remaining: 2s        
Cycle:     5554, Time:  1.766E-02s, Progress:  88.28%, Time Inc.: 3.180E-06s @ element     298 in Part SYS\wall Est. Clock Time Remaining: 2s        
Cycle:     5555, Time:  1.766E-02s, Progress:  88.30%, Time Inc.: 3.180E-06s @ element     298 in Part SYS\wall Est. Clock Time Remaining: 2s        
Cycle:     5556, Time:  1.766E-02s, Progress:  88.31%, Time Inc.: 3.180E-06s @ element     298 in Part SYS\wall Est. Clock Time Remaining: 2s        
Cycle:     5557, Time:  1.767E-02s, Progress:  88.33%, Time Inc.: 3.180E-06s @ element     298 in Part SYS\wall Est. Clock Time Remaining: 2s        
Cycle:     5558, Time:  1.767E-02s, Progress:  88.34%, Time Inc.: 3.180E-06s @ element     298 in Part SYS\wall Est. Clock Time Remaining: 2s        
Cycle:     5559, Time:  1.767E-02s, Progress:  88.36%, Time Inc.: 3.180E-06s @ element     298 in Part SYS\wall Est. Clock Time Remaining: 2s        
Cycle:     5560, Time:  1.768E-02s, Progress:  88.38%, Time Inc.: 3.180E-06s @ element     298 in Part SYS\wall Est. Clock Time Remaining: 2s        
Cycle:     5561, Time:  1.768E-02s, Progress:  88.39%, Time Inc.: 3.180E-06s @ element     298 in Part SYS\wall Est. Clock Time Remaining: 2s        
Cycle:     5562, Time:  1.768E-02s, Progress:  88.41%, Time Inc.: 3.180E-06s @ element     298 in Part SYS\wall Est. Clock Time Remaining: 2s        
Cycle:     5563, Time:  1.768E-02s, Progress:  88.42%, Time Inc.: 3.180E-06s @ element     298 in Part SYS\wall Est. Clock Time Remaining: 2s        
Cycle:     5564, Time:  1.769E-02s, Progress:  88.44%, Time Inc.: 3.180E-06s @ element     298 in Part SYS\wall Est. Clock Time Remaining: 2s        
Cycle:     5565, Time:  1.769E-02s, Progress:  88.46%, Time Inc.: 3.180E-06s @ element     298 in Part SYS\wall Est. Clock Time Remaining: 2s        
Cycle:     5566, Time:  1.769E-02s, Progress:  88.47%, Time Inc.: 3.180E-06s @ element     298 in Part SYS\wall Est. Clock Time Remaining: 2s        
Cycle:     5567, Time:  1.770E-02s, Progress:  88.49%, Time Inc.: 3.180E-06s @ element     298 in Part SYS\wall Est. Clock Time Remaining: 2s        
Cycle:     5568, Time:  1.770E-02s, Progress:  88.50%, Time Inc.: 3.180E-06s @ element     298 in Part SYS\wall Est. Clock Time Remaining: 2s        
Cycle:     5569, Time:  1.770E-02s, Progress:  88.52%, Time Inc.: 3.180E-06s @ element     298 in Part SYS\wall Est. Clock Time Remaining: 2s        
Cycle:     5570, Time:  1.771E-02s, Progress:  88.54%, Time Inc.: 3.180E-06s @ element     298 in Part SYS\wall Est. Clock Time Remaining: 2s        
Cycle:     5571, Time:  1.771E-02s, Progress:  88.55%, Time Inc.: 3.180E-06s @ element     298 in Part SYS\wall Est. Clock Time Remaining: 2s        
Cycle:     5572, Time:  1.771E-02s, Progress:  88.57%, Time Inc.: 3.180E-06s @ element     298 in Part SYS\wall Est. Clock Time Remaining: 2s        
Cycle:     5573, Time:  1.772E-02s, Progress:  88.58%, Time Inc.: 3.180E-06s @ element     298 in Part SYS\wall Est. Clock Time Remaining: 2s        
Cycle:     5574, Time:  1.772E-02s, Progress:  88.60%, Time Inc.: 3.180E-06s @ element     298 in Part SYS\wall Est. Clock Time Remaining: 2s        
Cycle:     5575, Time:  1.772E-02s, Progress:  88.61%, Time Inc.: 3.180E-06s @ element     298 in Part SYS\wall Est. Clock Time Remaining: 2s        
Cycle:     5576, Time:  1.773E-02s, Progress:  88.63%, Time Inc.: 3.180E-06s @ element     298 in Part SYS\wall Est. Clock Time Remaining: 2s        
Cycle:     5577, Time:  1.773E-02s, Progress:  88.65%, Time Inc.: 3.180E-06s @ element     298 in Part SYS\wall Est. Clock Time Remaining: 2s        
Cycle:     5578, Time:  1.773E-02s, Progress:  88.66%, Time Inc.: 3.180E-06s @ element     298 in Part SYS\wall Est. Clock Time Remaining: 2s        
Cycle:     5579, Time:  1.774E-02s, Progress:  88.68%, Time Inc.: 3.180E-06s @ element     298 in Part SYS\wall Est. Clock Time Remaining: 2s        
Cycle:     5580, Time:  1.774E-02s, Progress:  88.69%, Time Inc.: 3.180E-06s @ element     298 in Part SYS\wall Est. Clock Time Remaining: 2s        
Cycle:     5581, Time:  1.774E-02s, Progress:  88.71%, Time Inc.: 3.180E-06s @ element     298 in Part SYS\wall Est. Clock Time Remaining: 2s        
Cycle:     5582, Time:  1.775E-02s, Progress:  88.73%, Time Inc.: 3.180E-06s @ element     298 in Part SYS\wall Est. Clock Time Remaining: 2s        
Cycle:     5583, Time:  1.775E-02s, Progress:  88.74%, Time Inc.: 3.180E-06s @ element     298 in Part SYS\wall Est. Clock Time Remaining: 2s        
Cycle:     5584, Time:  1.775E-02s, Progress:  88.76%, Time Inc.: 3.180E-06s @ element     298 in Part SYS\wall Est. Clock Time Remaining: 2s        
Cycle:     5585, Time:  1.775E-02s, Progress:  88.77%, Time Inc.: 3.180E-06s @ element     298 in Part SYS\wall Est. Clock Time Remaining: 2s        
Cycle:     5586, Time:  1.776E-02s, Progress:  88.79%, Time Inc.: 3.180E-06s @ element     298 in Part SYS\wall Est. Clock Time Remaining: 2s        
Cycle:     5587, Time:  1.776E-02s, Progress:  88.81%, Time Inc.: 3.180E-06s @ element     298 in Part SYS\wall Est. Clock Time Remaining: 2s        
Cycle:     5588, Time:  1.776E-02s, Progress:  88.82%, Time Inc.: 3.180E-06s @ element     298 in Part SYS\wall Est. Clock Time Remaining: 2s        
Cycle:     5589, Time:  1.777E-02s, Progress:  88.84%, Time Inc.: 3.180E-06s @ element     298 in Part SYS\wall Est. Clock Time Remaining: 2s        
Cycle:     5590, Time:  1.777E-02s, Progress:  88.85%, Time Inc.: 3.180E-06s @ element     298 in Part SYS\wall Est. Clock Time Remaining: 2s        
Cycle:     5591, Time:  1.777E-02s, Progress:  88.87%, Time Inc.: 3.180E-06s @ element     298 in Part SYS\wall Est. Clock Time Remaining: 2s        
Cycle:     5592, Time:  1.778E-02s, Progress:  88.89%, Time Inc.: 3.180E-06s @ element     298 in Part SYS\wall Est. Clock Time Remaining: 2s        
Cycle:     5593, Time:  1.778E-02s, Progress:  88.90%, Time Inc.: 3.180E-06s @ element     298 in Part SYS\wall Est. Clock Time Remaining: 2s        
Cycle:     5594, Time:  1.778E-02s, Progress:  88.92%, Time Inc.: 3.180E-06s @ element     298 in Part SYS\wall Est. Clock Time Remaining: 2s        
Cycle:     5595, Time:  1.779E-02s, Progress:  88.93%, Time Inc.: 3.180E-06s @ element     298 in Part SYS\wall Est. Clock Time Remaining: 2s        
Cycle:     5596, Time:  1.779E-02s, Progress:  88.95%, Time Inc.: 3.180E-06s @ element     298 in Part SYS\wall Est. Clock Time Remaining: 2s        
Cycle:     5597, Time:  1.779E-02s, Progress:  88.96%, Time Inc.: 3.180E-06s @ element     298 in Part SYS\wall Est. Clock Time Remaining: 2s        
Cycle:     5598, Time:  1.780E-02s, Progress:  88.98%, Time Inc.: 3.180E-06s @ element     298 in Part SYS\wall Est. Clock Time Remaining: 2s        
Cycle:     5599, Time:  1.780E-02s, Progress:  89.00%, Time Inc.: 3.180E-06s @ element     298 in Part SYS\wall Est. Clock Time Remaining: 2s        
Cycle:     5600, Time:  1.780E-02s, Progress:  89.01%, Time Inc.: 3.180E-06s @ element     298 in Part SYS\wall Est. Clock Time Remaining: 2s        
Cycle:     5601, Time:  1.781E-02s, Progress:  89.03%, Time Inc.: 3.180E-06s @ element     298 in Part SYS\wall Est. Clock Time Remaining: 2s        
Cycle:     5602, Time:  1.781E-02s, Progress:  89.04%, Time Inc.: 3.180E-06s @ element     298 in Part SYS\wall Est. Clock Time Remaining: 2s        
Cycle:     5603, Time:  1.781E-02s, Progress:  89.06%, Time Inc.: 3.180E-06s @ element     298 in Part SYS\wall Est. Clock Time Remaining: 2s        
Cycle:     5604, Time:  1.782E-02s, Progress:  89.08%, Time Inc.: 3.180E-06s @ element     298 in Part SYS\wall Est. Clock Time Remaining: 2s        
Cycle:     5605, Time:  1.782E-02s, Progress:  89.09%, Time Inc.: 3.180E-06s @ element     298 in Part SYS\wall Est. Clock Time Remaining: 2s        
Cycle:     5606, Time:  1.782E-02s, Progress:  89.11%, Time Inc.: 3.180E-06s @ element     298 in Part SYS\wall Est. Clock Time Remaining: 2s        
Cycle:     5607, Time:  1.782E-02s, Progress:  89.12%, Time Inc.: 3.180E-06s @ element     298 in Part SYS\wall Est. Clock Time Remaining: 2s        
Cycle:     5608, Time:  1.783E-02s, Progress:  89.14%, Time Inc.: 3.180E-06s @ element     298 in Part SYS\wall Est. Clock Time Remaining: 2s        
Cycle:     5609, Time:  1.783E-02s, Progress:  89.16%, Time Inc.: 3.180E-06s @ element     298 in Part SYS\wall Est. Clock Time Remaining: 2s        
Cycle:     5610, Time:  1.783E-02s, Progress:  89.17%, Time Inc.: 3.180E-06s @ element     298 in Part SYS\wall Est. Clock Time Remaining: 2s        
Cycle:     5611, Time:  1.784E-02s, Progress:  89.19%, Time Inc.: 3.180E-06s @ element     298 in Part SYS\wall Est. Clock Time Remaining: 2s        
Cycle:     5612, Time:  1.784E-02s, Progress:  89.20%, Time Inc.: 3.180E-06s @ element     290 in Part SYS\wall Est. Clock Time Remaining: 2s        
Cycle:     5613, Time:  1.784E-02s, Progress:  89.22%, Time Inc.: 3.180E-06s @ element     290 in Part SYS\wall Est. Clock Time Remaining: 2s        
Cycle:     5614, Time:  1.785E-02s, Progress:  89.23%, Time Inc.: 3.180E-06s @ element     290 in Part SYS\wall Est. Clock Time Remaining: 2s        
Cycle:     5615, Time:  1.785E-02s, Progress:  89.25%, Time Inc.: 3.180E-06s @ element     290 in Part SYS\wall Est. Clock Time Remaining: 2s        
Cycle:     5616, Time:  1.785E-02s, Progress:  89.27%, Time Inc.: 3.180E-06s @ element     290 in Part SYS\wall Est. Clock Time Remaining: 2s        
Cycle:     5617, Time:  1.786E-02s, Progress:  89.28%, Time Inc.: 3.180E-06s @ element     290 in Part SYS\wall Est. Clock Time Remaining: 2s        
Cycle:     5618, Time:  1.786E-02s, Progress:  89.30%, Time Inc.: 3.180E-06s @ element     290 in Part SYS\wall Est. Clock Time Remaining: 2s        
Cycle:     5619, Time:  1.786E-02s, Progress:  89.31%, Time Inc.: 3.180E-06s @ element    1118 in Part SYS\wall Est. Clock Time Remaining: 2s        
Cycle:     5620, Time:  1.787E-02s, Progress:  89.33%, Time Inc.: 3.180E-06s @ element    1118 in Part SYS\wall Est. Clock Time Remaining: 2s        
Cycle:     5621, Time:  1.787E-02s, Progress:  89.35%, Time Inc.: 3.180E-06s @ element    1118 in Part SYS\wall Est. Clock Time Remaining: 2s        
Cycle:     5622, Time:  1.787E-02s, Progress:  89.36%, Time Inc.: 3.180E-06s @ element    1118 in Part SYS\wall Est. Clock Time Remaining: 2s        
Cycle:     5623, Time:  1.788E-02s, Progress:  89.38%, Time Inc.: 3.180E-06s @ element    1118 in Part SYS\wall Est. Clock Time Remaining: 2s        
Cycle:     5624, Time:  1.788E-02s, Progress:  89.39%, Time Inc.: 3.180E-06s @ element    1118 in Part SYS\wall Est. Clock Time Remaining: 2s        
Cycle:     5625, Time:  1.788E-02s, Progress:  89.41%, Time Inc.: 3.180E-06s @ element    1118 in Part SYS\wall Est. Clock Time Remaining: 2s        
Cycle:     5626, Time:  1.789E-02s, Progress:  89.43%, Time Inc.: 3.180E-06s @ element    1118 in Part SYS\wall Est. Clock Time Remaining: 2s        
Cycle:     5627, Time:  1.789E-02s, Progress:  89.44%, Time Inc.: 3.180E-06s @ element    1118 in Part SYS\wall Est. Clock Time Remaining: 2s        
Cycle:     5628, Time:  1.789E-02s, Progress:  89.46%, Time Inc.: 3.180E-06s @ element    1118 in Part SYS\wall Est. Clock Time Remaining: 2s        
Cycle:     5629, Time:  1.789E-02s, Progress:  89.47%, Time Inc.: 3.180E-06s @ element    1118 in Part SYS\wall Est. Clock Time Remaining: 2s        
Cycle:     5630, Time:  1.790E-02s, Progress:  89.49%, Time Inc.: 3.180E-06s @ element    1118 in Part SYS\wall Est. Clock Time Remaining: 2s        
Cycle:     5631, Time:  1.790E-02s, Progress:  89.51%, Time Inc.: 3.180E-06s @ element    1118 in Part SYS\wall Est. Clock Time Remaining: 2s        
Cycle:     5632, Time:  1.790E-02s, Progress:  89.52%, Time Inc.: 3.180E-06s @ element    1118 in Part SYS\wall Est. Clock Time Remaining: 2s        
Cycle:     5633, Time:  1.791E-02s, Progress:  89.54%, Time Inc.: 3.180E-06s @ element    1118 in Part SYS\wall Est. Clock Time Remaining: 2s        
Cycle:     5634, Time:  1.791E-02s, Progress:  89.55%, Time Inc.: 3.180E-06s @ element    1118 in Part SYS\wall Est. Clock Time Remaining: 2s        
Cycle:     5635, Time:  1.791E-02s, Progress:  89.57%, Time Inc.: 3.180E-06s @ element    1118 in Part SYS\wall Est. Clock Time Remaining: 2s        
Cycle:     5636, Time:  1.792E-02s, Progress:  89.58%, Time Inc.: 3.180E-06s @ element    1118 in Part SYS\wall Est. Clock Time Remaining: 2s        
Cycle:     5637, Time:  1.792E-02s, Progress:  89.60%, Time Inc.: 3.180E-06s @ element    1118 in Part SYS\wall Est. Clock Time Remaining: 2s        
Cycle:     5638, Time:  1.792E-02s, Progress:  89.62%, Time Inc.: 3.180E-06s @ element    1118 in Part SYS\wall Est. Clock Time Remaining: 2s        
Cycle:     5639, Time:  1.793E-02s, Progress:  89.63%, Time Inc.: 3.180E-06s @ element    1118 in Part SYS\wall Est. Clock Time Remaining: 2s        
Cycle:     5640, Time:  1.793E-02s, Progress:  89.65%, Time Inc.: 3.180E-06s @ element    1118 in Part SYS\wall Est. Clock Time Remaining: 2s        
Cycle:     5641, Time:  1.793E-02s, Progress:  89.66%, Time Inc.: 3.180E-06s @ element    1118 in Part SYS\wall Est. Clock Time Remaining: 2s        
Cycle:     5642, Time:  1.794E-02s, Progress:  89.68%, Time Inc.: 3.180E-06s @ element    1118 in Part SYS\wall Est. Clock Time Remaining: 2s        
Cycle:     5643, Time:  1.794E-02s, Progress:  89.70%, Time Inc.: 3.180E-06s @ element    1118 in Part SYS\wall Est. Clock Time Remaining: 2s        
Cycle:     5644, Time:  1.794E-02s, Progress:  89.71%, Time Inc.: 3.180E-06s @ element    1118 in Part SYS\wall Est. Clock Time Remaining: 2s        
Cycle:     5645, Time:  1.795E-02s, Progress:  89.73%, Time Inc.: 3.180E-06s @ element    1118 in Part SYS\wall Est. Clock Time Remaining: 2s        
Cycle:     5646, Time:  1.795E-02s, Progress:  89.74%, Time Inc.: 3.180E-06s @ element    1118 in Part SYS\wall Est. Clock Time Remaining: 2s        
Cycle:     5647, Time:  1.795E-02s, Progress:  89.76%, Time Inc.: 3.180E-06s @ element    1118 in Part SYS\wall Est. Clock Time Remaining: 2s        
Cycle:     5648, Time:  1.796E-02s, Progress:  89.78%, Time Inc.: 3.180E-06s @ element    1118 in Part SYS\wall Est. Clock Time Remaining: 2s        
Cycle:     5649, Time:  1.796E-02s, Progress:  89.79%, Time Inc.: 3.180E-06s @ element    1118 in Part SYS\wall Est. Clock Time Remaining: 2s        
Cycle:     5650, Time:  1.796E-02s, Progress:  89.81%, Time Inc.: 3.180E-06s @ element    1118 in Part SYS\wall Est. Clock Time Remaining: 2s        
Cycle:     5651, Time:  1.796E-02s, Progress:  89.82%, Time Inc.: 3.180E-06s @ element    1118 in Part SYS\wall Est. Clock Time Remaining: 2s        
Cycle:     5652, Time:  1.797E-02s, Progress:  89.84%, Time Inc.: 3.180E-06s @ element    1118 in Part SYS\wall Est. Clock Time Remaining: 2s        
Cycle:     5653, Time:  1.797E-02s, Progress:  89.85%, Time Inc.: 3.180E-06s @ element    1118 in Part SYS\wall Est. Clock Time Remaining: 2s        
Cycle:     5654, Time:  1.797E-02s, Progress:  89.87%, Time Inc.: 3.180E-06s @ element    1118 in Part SYS\wall Est. Clock Time Remaining: 2s        
Cycle:     5655, Time:  1.798E-02s, Progress:  89.89%, Time Inc.: 3.180E-06s @ element    1118 in Part SYS\wall Est. Clock Time Remaining: 2s        
Cycle:     5656, Time:  1.798E-02s, Progress:  89.90%, Time Inc.: 3.180E-06s @ element    1118 in Part SYS\wall Est. Clock Time Remaining: 2s        
Cycle:     5657, Time:  1.798E-02s, Progress:  89.92%, Time Inc.: 3.180E-06s @ element    1118 in Part SYS\wall Est. Clock Time Remaining: 2s        
Cycle:     5658, Time:  1.799E-02s, Progress:  89.93%, Time Inc.: 3.180E-06s @ element    1118 in Part SYS\wall Est. Clock Time Remaining: 2s        
Cycle:     5659, Time:  1.799E-02s, Progress:  89.95%, Time Inc.: 3.180E-06s @ element    1118 in Part SYS\wall Est. Clock Time Remaining: 2s        
Cycle:     5660, Time:  1.799E-02s, Progress:  89.97%, Time Inc.: 3.180E-06s @ element    1118 in Part SYS\wall Est. Clock Time Remaining: 2s        
Cycle:     5661, Time:  1.800E-02s, Progress:  89.98%, Time Inc.: 3.180E-06s @ element    1118 in Part SYS\wall Est. Clock Time Remaining: 2s        
Cycle:     5662, Time:  1.800E-02s, Progress:  90.00%, Time Inc.: 3.180E-06s @ element    1118 in Part SYS\wall Est. Clock Time Remaining: 2s        
Cycle:     5663, Time:  1.800E-02s, Progress:  90.01%, Time Inc.: 3.180E-06s @ element    1118 in Part SYS\wall Est. Clock Time Remaining: 2s        
Cycle:     5664, Time:  1.801E-02s, Progress:  90.03%, Time Inc.: 3.180E-06s @ element    1118 in Part SYS\wall Est. Clock Time Remaining: 2s        
Cycle:     5665, Time:  1.801E-02s, Progress:  90.05%, Time Inc.: 3.180E-06s @ element    1118 in Part SYS\wall Est. Clock Time Remaining: 2s        
Cycle:     5666, Time:  1.801E-02s, Progress:  90.06%, Time Inc.: 3.180E-06s @ element    1118 in Part SYS\wall Est. Clock Time Remaining: 2s        
Cycle:     5667, Time:  1.802E-02s, Progress:  90.08%, Time Inc.: 3.180E-06s @ element    1118 in Part SYS\wall Est. Clock Time Remaining: 2s        
Cycle:     5668, Time:  1.802E-02s, Progress:  90.09%, Time Inc.: 3.180E-06s @ element    1118 in Part SYS\wall Est. Clock Time Remaining: 2s        
Cycle:     5669, Time:  1.802E-02s, Progress:  90.11%, Time Inc.: 3.180E-06s @ element    1118 in Part SYS\wall Est. Clock Time Remaining: 2s        
Cycle:     5670, Time:  1.803E-02s, Progress:  90.13%, Time Inc.: 3.180E-06s @ element    1118 in Part SYS\wall Est. Clock Time Remaining: 2s        
Cycle:     5671, Time:  1.803E-02s, Progress:  90.14%, Time Inc.: 3.180E-06s @ element    1118 in Part SYS\wall Est. Clock Time Remaining: 2s        
Cycle:     5672, Time:  1.803E-02s, Progress:  90.16%, Time Inc.: 3.180E-06s @ element    1118 in Part SYS\wall Est. Clock Time Remaining: 2s        
Cycle:     5673, Time:  1.803E-02s, Progress:  90.17%, Time Inc.: 3.180E-06s @ element    1118 in Part SYS\wall Est. Clock Time Remaining: 2s        
Cycle:     5674, Time:  1.804E-02s, Progress:  90.19%, Time Inc.: 3.180E-06s @ element    1118 in Part SYS\wall Est. Clock Time Remaining: 2s        
Cycle:     5675, Time:  1.804E-02s, Progress:  90.20%, Time Inc.: 3.180E-06s @ element    1118 in Part SYS\wall Est. Clock Time Remaining: 2s        
Cycle:     5676, Time:  1.804E-02s, Progress:  90.22%, Time Inc.: 3.180E-06s @ element    1118 in Part SYS\wall Est. Clock Time Remaining: 2s        
Cycle:     5677, Time:  1.805E-02s, Progress:  90.24%, Time Inc.: 3.180E-06s @ element    1118 in Part SYS\wall Est. Clock Time Remaining: 2s        
Cycle:     5678, Time:  1.805E-02s, Progress:  90.25%, Time Inc.: 3.180E-06s @ element    1118 in Part SYS\wall Est. Clock Time Remaining: 2s        
Cycle:     5679, Time:  1.805E-02s, Progress:  90.27%, Time Inc.: 3.180E-06s @ element    1118 in Part SYS\wall Est. Clock Time Remaining: 2s        
Cycle:     5680, Time:  1.806E-02s, Progress:  90.28%, Time Inc.: 3.180E-06s @ element    1118 in Part SYS\wall Est. Clock Time Remaining: 2s        
Cycle:     5681, Time:  1.806E-02s, Progress:  90.30%, Time Inc.: 3.180E-06s @ element    1118 in Part SYS\wall Est. Clock Time Remaining: 2s        
Cycle:     5682, Time:  1.806E-02s, Progress:  90.32%, Time Inc.: 3.180E-06s @ element    1118 in Part SYS\wall Est. Clock Time Remaining: 2s        
Cycle:     5683, Time:  1.807E-02s, Progress:  90.33%, Time Inc.: 3.180E-06s @ element    1118 in Part SYS\wall Est. Clock Time Remaining: 2s        
Cycle:     5684, Time:  1.807E-02s, Progress:  90.35%, Time Inc.: 3.180E-06s @ element    1118 in Part SYS\wall Est. Clock Time Remaining: 2s        
Cycle:     5685, Time:  1.807E-02s, Progress:  90.36%, Time Inc.: 3.180E-06s @ element    1118 in Part SYS\wall Est. Clock Time Remaining: 2s        
Cycle:     5686, Time:  1.808E-02s, Progress:  90.38%, Time Inc.: 3.180E-06s @ element    1118 in Part SYS\wall Est. Clock Time Remaining: 2s        
Cycle:     5687, Time:  1.808E-02s, Progress:  90.40%, Time Inc.: 3.180E-06s @ element    1118 in Part SYS\wall Est. Clock Time Remaining: 2s        
Cycle:     5688, Time:  1.808E-02s, Progress:  90.41%, Time Inc.: 3.180E-06s @ element    1118 in Part SYS\wall Est. Clock Time Remaining: 2s        
Cycle:     5689, Time:  1.809E-02s, Progress:  90.43%, Time Inc.: 3.180E-06s @ element    1118 in Part SYS\wall Est. Clock Time Remaining: 2s        
Cycle:     5690, Time:  1.809E-02s, Progress:  90.44%, Time Inc.: 3.180E-06s @ element    1118 in Part SYS\wall Est. Clock Time Remaining: 2s        
Cycle:     5691, Time:  1.809E-02s, Progress:  90.46%, Time Inc.: 3.180E-06s @ element    1118 in Part SYS\wall Est. Clock Time Remaining: 2s        
Cycle:     5692, Time:  1.810E-02s, Progress:  90.48%, Time Inc.: 3.180E-06s @ element    1118 in Part SYS\wall Est. Clock Time Remaining: 2s        
Cycle:     5693, Time:  1.810E-02s, Progress:  90.49%, Time Inc.: 3.180E-06s @ element    1118 in Part SYS\wall Est. Clock Time Remaining: 2s        
Cycle:     5694, Time:  1.810E-02s, Progress:  90.51%, Time Inc.: 3.180E-06s @ element    1118 in Part SYS\wall Est. Clock Time Remaining: 2s        
Cycle:     5695, Time:  1.810E-02s, Progress:  90.52%, Time Inc.: 3.180E-06s @ element    1118 in Part SYS\wall Est. Clock Time Remaining: 2s        
Cycle:     5696, Time:  1.811E-02s, Progress:  90.54%, Time Inc.: 3.180E-06s @ element    1118 in Part SYS\wall Est. Clock Time Remaining: 2s        
Cycle:     5697, Time:  1.811E-02s, Progress:  90.55%, Time Inc.: 3.180E-06s @ element    1118 in Part SYS\wall Est. Clock Time Remaining: 2s        
Cycle:     5698, Time:  1.811E-02s, Progress:  90.57%, Time Inc.: 3.180E-06s @ element    1118 in Part SYS\wall Est. Clock Time Remaining: 2s        
Cycle:     5699, Time:  1.812E-02s, Progress:  90.59%, Time Inc.: 3.180E-06s @ element    1118 in Part SYS\wall Est. Clock Time Remaining: 2s        
Cycle:     5700, Time:  1.812E-02s, Progress:  90.60%, Time Inc.: 3.180E-06s @ element    1118 in Part SYS\wall Est. Clock Time Remaining: 2s        
Cycle:     5701, Time:  1.812E-02s, Progress:  90.62%, Time Inc.: 3.180E-06s @ element    1118 in Part SYS\wall Est. Clock Time Remaining: 2s        
Cycle:     5702, Time:  1.813E-02s, Progress:  90.63%, Time Inc.: 3.180E-06s @ element    1118 in Part SYS\wall Est. Clock Time Remaining: 2s        
Cycle:     5703, Time:  1.813E-02s, Progress:  90.65%, Time Inc.: 3.180E-06s @ element    1118 in Part SYS\wall Est. Clock Time Remaining: 2s        
Cycle:     5704, Time:  1.813E-02s, Progress:  90.67%, Time Inc.: 3.180E-06s @ element    1118 in Part SYS\wall Est. Clock Time Remaining: 2s        
Cycle:     5705, Time:  1.814E-02s, Progress:  90.68%, Time Inc.: 3.180E-06s @ element    1118 in Part SYS\wall Est. Clock Time Remaining: 2s        
Cycle:     5706, Time:  1.814E-02s, Progress:  90.70%, Time Inc.: 3.180E-06s @ element    1118 in Part SYS\wall Est. Clock Time Remaining: 2s        
Cycle:     5707, Time:  1.814E-02s, Progress:  90.71%, Time Inc.: 3.180E-06s @ element     891 in Part SYS\wall Est. Clock Time Remaining: 2s        
Cycle:     5708, Time:  1.815E-02s, Progress:  90.73%, Time Inc.: 3.180E-06s @ element     891 in Part SYS\wall Est. Clock Time Remaining: 2s        
Cycle:     5709, Time:  1.815E-02s, Progress:  90.75%, Time Inc.: 3.180E-06s @ element     891 in Part SYS\wall Est. Clock Time Remaining: 2s        
Cycle:     5710, Time:  1.815E-02s, Progress:  90.76%, Time Inc.: 3.180E-06s @ element     891 in Part SYS\wall Est. Clock Time Remaining: 2s        
Cycle:     5711, Time:  1.816E-02s, Progress:  90.78%, Time Inc.: 3.180E-06s @ element     925 in Part SYS\wall Est. Clock Time Remaining: 2s        
Cycle:     5712, Time:  1.816E-02s, Progress:  90.79%, Time Inc.: 3.180E-06s @ element     925 in Part SYS\wall Est. Clock Time Remaining: 2s        
Cycle:     5713, Time:  1.816E-02s, Progress:  90.81%, Time Inc.: 3.180E-06s @ element     963 in Part SYS\wall Est. Clock Time Remaining: 2s        
Cycle:     5714, Time:  1.816E-02s, Progress:  90.82%, Time Inc.: 3.180E-06s @ element     963 in Part SYS\wall Est. Clock Time Remaining: 2s        
Cycle:     5715, Time:  1.817E-02s, Progress:  90.84%, Time Inc.: 3.180E-06s @ element     963 in Part SYS\wall Est. Clock Time Remaining: 2s        
Cycle:     5716, Time:  1.817E-02s, Progress:  90.86%, Time Inc.: 3.180E-06s @ element     963 in Part SYS\wall Est. Clock Time Remaining: 2s        
Cycle:     5717, Time:  1.817E-02s, Progress:  90.87%, Time Inc.: 3.180E-06s @ element     963 in Part SYS\wall Est. Clock Time Remaining: 2s        
Cycle:     5718, Time:  1.818E-02s, Progress:  90.89%, Time Inc.: 3.180E-06s @ element     963 in Part SYS\wall Est. Clock Time Remaining: 2s        
Cycle:     5719, Time:  1.818E-02s, Progress:  90.90%, Time Inc.: 3.180E-06s @ element     963 in Part SYS\wall Est. Clock Time Remaining: 2s        
Cycle:     5720, Time:  1.818E-02s, Progress:  90.92%, Time Inc.: 3.180E-06s @ element     351 in Part SYS\wall Est. Clock Time Remaining: 2s        
Cycle:     5721, Time:  1.819E-02s, Progress:  90.94%, Time Inc.: 3.180E-06s @ element       9 in Part SYS\wall Est. Clock Time Remaining: 2s        
Cycle:     5722, Time:  1.819E-02s, Progress:  90.95%, Time Inc.: 3.180E-06s @ element       9 in Part SYS\wall Est. Clock Time Remaining: 2s        
Cycle:     5723, Time:  1.819E-02s, Progress:  90.97%, Time Inc.: 3.180E-06s @ element       9 in Part SYS\wall Est. Clock Time Remaining: 2s        
Cycle:     5724, Time:  1.820E-02s, Progress:  90.98%, Time Inc.: 3.180E-06s @ element       9 in Part SYS\wall Est. Clock Time Remaining: 2s        
Cycle:     5725, Time:  1.820E-02s, Progress:  91.00%, Time Inc.: 3.180E-06s @ element       9 in Part SYS\wall Est. Clock Time Remaining: 2s        
Cycle:     5726, Time:  1.820E-02s, Progress:  91.02%, Time Inc.: 3.180E-06s @ element       9 in Part SYS\wall Est. Clock Time Remaining: 2s        
Cycle:     5727, Time:  1.821E-02s, Progress:  91.03%, Time Inc.: 3.180E-06s @ element       9 in Part SYS\wall Est. Clock Time Remaining: 2s        
Cycle:     5728, Time:  1.821E-02s, Progress:  91.05%, Time Inc.: 3.180E-06s @ element       9 in Part SYS\wall Est. Clock Time Remaining: 2s        
Cycle:     5729, Time:  1.821E-02s, Progress:  91.06%, Time Inc.: 3.180E-06s @ element       9 in Part SYS\wall Est. Clock Time Remaining: 2s        
Cycle:     5730, Time:  1.822E-02s, Progress:  91.08%, Time Inc.: 3.180E-06s @ element       9 in Part SYS\wall Est. Clock Time Remaining: 2s        
Cycle:     5731, Time:  1.822E-02s, Progress:  91.10%, Time Inc.: 3.180E-06s @ element       9 in Part SYS\wall Est. Clock Time Remaining: 2s        
Cycle:     5732, Time:  1.822E-02s, Progress:  91.11%, Time Inc.: 3.180E-06s @ element       9 in Part SYS\wall Est. Clock Time Remaining: 2s        
Cycle:     5733, Time:  1.823E-02s, Progress:  91.13%, Time Inc.: 3.180E-06s @ element       9 in Part SYS\wall Est. Clock Time Remaining: 2s        
Cycle:     5734, Time:  1.823E-02s, Progress:  91.14%, Time Inc.: 3.180E-06s @ element       9 in Part SYS\wall Est. Clock Time Remaining: 2s        
Cycle:     5735, Time:  1.823E-02s, Progress:  91.16%, Time Inc.: 3.180E-06s @ element       9 in Part SYS\wall Est. Clock Time Remaining: 2s        
Cycle:     5736, Time:  1.823E-02s, Progress:  91.17%, Time Inc.: 3.180E-06s @ element       9 in Part SYS\wall Est. Clock Time Remaining: 1s        
Cycle:     5737, Time:  1.824E-02s, Progress:  91.19%, Time Inc.: 3.180E-06s @ element       9 in Part SYS\wall Est. Clock Time Remaining: 1s        
Cycle:     5738, Time:  1.824E-02s, Progress:  91.21%, Time Inc.: 3.180E-06s @ element       9 in Part SYS\wall Est. Clock Time Remaining: 1s        
Cycle:     5739, Time:  1.824E-02s, Progress:  91.22%, Time Inc.: 3.180E-06s @ element       9 in Part SYS\wall Est. Clock Time Remaining: 1s        
Cycle:     5740, Time:  1.825E-02s, Progress:  91.24%, Time Inc.: 3.180E-06s @ element       9 in Part SYS\wall Est. Clock Time Remaining: 1s        
Cycle:     5741, Time:  1.825E-02s, Progress:  91.25%, Time Inc.: 3.180E-06s @ element       9 in Part SYS\wall Est. Clock Time Remaining: 1s        
Cycle:     5742, Time:  1.825E-02s, Progress:  91.27%, Time Inc.: 3.180E-06s @ element       9 in Part SYS\wall Est. Clock Time Remaining: 1s        
Cycle:     5743, Time:  1.826E-02s, Progress:  91.29%, Time Inc.: 3.180E-06s @ element       9 in Part SYS\wall Est. Clock Time Remaining: 1s        
Cycle:     5744, Time:  1.826E-02s, Progress:  91.30%, Time Inc.: 3.180E-06s @ element       9 in Part SYS\wall Est. Clock Time Remaining: 1s        
Cycle:     5745, Time:  1.826E-02s, Progress:  91.32%, Time Inc.: 3.180E-06s @ element       9 in Part SYS\wall Est. Clock Time Remaining: 1s        
Cycle:     5746, Time:  1.827E-02s, Progress:  91.33%, Time Inc.: 3.180E-06s @ element       9 in Part SYS\wall Est. Clock Time Remaining: 1s        
Cycle:     5747, Time:  1.827E-02s, Progress:  91.35%, Time Inc.: 3.180E-06s @ element       9 in Part SYS\wall Est. Clock Time Remaining: 1s        
Cycle:     5748, Time:  1.827E-02s, Progress:  91.37%, Time Inc.: 3.180E-06s @ element       9 in Part SYS\wall Est. Clock Time Remaining: 1s        
Cycle:     5749, Time:  1.828E-02s, Progress:  91.38%, Time Inc.: 3.180E-06s @ element       9 in Part SYS\wall Est. Clock Time Remaining: 1s        
Cycle:     5750, Time:  1.828E-02s, Progress:  91.40%, Time Inc.: 3.180E-06s @ element       9 in Part SYS\wall Est. Clock Time Remaining: 1s        
Cycle:     5751, Time:  1.828E-02s, Progress:  91.41%, Time Inc.: 3.180E-06s @ element       9 in Part SYS\wall Est. Clock Time Remaining: 1s        
Cycle:     5752, Time:  1.829E-02s, Progress:  91.43%, Time Inc.: 3.180E-06s @ element       9 in Part SYS\wall Est. Clock Time Remaining: 1s        
Cycle:     5753, Time:  1.829E-02s, Progress:  91.45%, Time Inc.: 3.180E-06s @ element       9 in Part SYS\wall Est. Clock Time Remaining: 1s        
Cycle:     5754, Time:  1.829E-02s, Progress:  91.46%, Time Inc.: 3.180E-06s @ element       9 in Part SYS\wall Est. Clock Time Remaining: 1s        
Cycle:     5755, Time:  1.830E-02s, Progress:  91.48%, Time Inc.: 3.180E-06s @ element       9 in Part SYS\wall Est. Clock Time Remaining: 1s        
Cycle:     5756, Time:  1.830E-02s, Progress:  91.49%, Time Inc.: 3.180E-06s @ element       9 in Part SYS\wall Est. Clock Time Remaining: 1s        
Cycle:     5757, Time:  1.830E-02s, Progress:  91.51%, Time Inc.: 3.180E-06s @ element       9 in Part SYS\wall Est. Clock Time Remaining: 1s        
Cycle:     5758, Time:  1.830E-02s, Progress:  91.52%, Time Inc.: 3.180E-06s @ element       9 in Part SYS\wall Est. Clock Time Remaining: 1s        
Cycle:     5759, Time:  1.831E-02s, Progress:  91.54%, Time Inc.: 3.180E-06s @ element       9 in Part SYS\wall Est. Clock Time Remaining: 1s        
Cycle:     5760, Time:  1.831E-02s, Progress:  91.56%, Time Inc.: 3.180E-06s @ element       9 in Part SYS\wall Est. Clock Time Remaining: 1s        
Cycle:     5761, Time:  1.831E-02s, Progress:  91.57%, Time Inc.: 3.180E-06s @ element       9 in Part SYS\wall Est. Clock Time Remaining: 1s        
Cycle:     5762, Time:  1.832E-02s, Progress:  91.59%, Time Inc.: 3.180E-06s @ element       9 in Part SYS\wall Est. Clock Time Remaining: 1s        
Cycle:     5763, Time:  1.832E-02s, Progress:  91.60%, Time Inc.: 3.180E-06s @ element       9 in Part SYS\wall Est. Clock Time Remaining: 1s        
Cycle:     5764, Time:  1.832E-02s, Progress:  91.62%, Time Inc.: 3.180E-06s @ element       9 in Part SYS\wall Est. Clock Time Remaining: 1s        
Cycle:     5765, Time:  1.833E-02s, Progress:  91.64%, Time Inc.: 3.180E-06s @ element       9 in Part SYS\wall Est. Clock Time Remaining: 1s        
Cycle:     5766, Time:  1.833E-02s, Progress:  91.65%, Time Inc.: 3.180E-06s @ element       9 in Part SYS\wall Est. Clock Time Remaining: 1s        
Cycle:     5767, Time:  1.833E-02s, Progress:  91.67%, Time Inc.: 3.180E-06s @ element       9 in Part SYS\wall Est. Clock Time Remaining: 1s        
Cycle:     5768, Time:  1.834E-02s, Progress:  91.68%, Time Inc.: 3.180E-06s @ element       9 in Part SYS\wall Est. Clock Time Remaining: 1s        
Cycle:     5769, Time:  1.834E-02s, Progress:  91.70%, Time Inc.: 3.180E-06s @ element       9 in Part SYS\wall Est. Clock Time Remaining: 1s        
Cycle:     5770, Time:  1.834E-02s, Progress:  91.72%, Time Inc.: 3.180E-06s @ element       9 in Part SYS\wall Est. Clock Time Remaining: 1s        
Cycle:     5771, Time:  1.835E-02s, Progress:  91.73%, Time Inc.: 3.180E-06s @ element       9 in Part SYS\wall Est. Clock Time Remaining: 1s        
Cycle:     5772, Time:  1.835E-02s, Progress:  91.75%, Time Inc.: 3.180E-06s @ element       9 in Part SYS\wall Est. Clock Time Remaining: 1s        
Cycle:     5773, Time:  1.835E-02s, Progress:  91.76%, Time Inc.: 3.180E-06s @ element       9 in Part SYS\wall Est. Clock Time Remaining: 1s        
Cycle:     5774, Time:  1.836E-02s, Progress:  91.78%, Time Inc.: 3.180E-06s @ element       9 in Part SYS\wall Est. Clock Time Remaining: 1s        
Cycle:     5775, Time:  1.836E-02s, Progress:  91.79%, Time Inc.: 3.180E-06s @ element       9 in Part SYS\wall Est. Clock Time Remaining: 1s        
Cycle:     5776, Time:  1.836E-02s, Progress:  91.81%, Time Inc.: 3.180E-06s @ element       9 in Part SYS\wall Est. Clock Time Remaining: 1s        
Cycle:     5777, Time:  1.837E-02s, Progress:  91.83%, Time Inc.: 3.180E-06s @ element       9 in Part SYS\wall Est. Clock Time Remaining: 1s        
Cycle:     5778, Time:  1.837E-02s, Progress:  91.84%, Time Inc.: 3.180E-06s @ element       9 in Part SYS\wall Est. Clock Time Remaining: 1s        
Cycle:     5779, Time:  1.837E-02s, Progress:  91.86%, Time Inc.: 3.180E-06s @ element       9 in Part SYS\wall Est. Clock Time Remaining: 1s        
Cycle:     5780, Time:  1.837E-02s, Progress:  91.87%, Time Inc.: 3.180E-06s @ element       9 in Part SYS\wall Est. Clock Time Remaining: 1s        
Cycle:     5781, Time:  1.838E-02s, Progress:  91.89%, Time Inc.: 3.180E-06s @ element      47 in Part SYS\wall Est. Clock Time Remaining: 1s        
Cycle:     5782, Time:  1.838E-02s, Progress:  91.91%, Time Inc.: 3.180E-06s @ element      47 in Part SYS\wall Est. Clock Time Remaining: 1s        
Cycle:     5783, Time:  1.838E-02s, Progress:  91.92%, Time Inc.: 3.180E-06s @ element      47 in Part SYS\wall Est. Clock Time Remaining: 1s        
Cycle:     5784, Time:  1.839E-02s, Progress:  91.94%, Time Inc.: 3.180E-06s @ element      47 in Part SYS\wall Est. Clock Time Remaining: 1s        
Cycle:     5785, Time:  1.839E-02s, Progress:  91.95%, Time Inc.: 3.180E-06s @ element      47 in Part SYS\wall Est. Clock Time Remaining: 1s        
Cycle:     5786, Time:  1.839E-02s, Progress:  91.97%, Time Inc.: 3.180E-06s @ element      47 in Part SYS\wall Est. Clock Time Remaining: 1s        
Cycle:     5787, Time:  1.840E-02s, Progress:  91.99%, Time Inc.: 3.180E-06s @ element      47 in Part SYS\wall Est. Clock Time Remaining: 1s        
Cycle:     5788, Time:  1.840E-02s, Progress:  92.00%, Time Inc.: 3.180E-06s @ element      47 in Part SYS\wall Est. Clock Time Remaining: 1s        
Cycle:     5789, Time:  1.840E-02s, Progress:  92.02%, Time Inc.: 3.180E-06s @ element      47 in Part SYS\wall Est. Clock Time Remaining: 1s        
Cycle:     5790, Time:  1.841E-02s, Progress:  92.03%, Time Inc.: 3.180E-06s @ element      47 in Part SYS\wall Est. Clock Time Remaining: 1s        
Cycle:     5791, Time:  1.841E-02s, Progress:  92.05%, Time Inc.: 3.180E-06s @ element      47 in Part SYS\wall Est. Clock Time Remaining: 1s        
Cycle:     5792, Time:  1.841E-02s, Progress:  92.07%, Time Inc.: 3.180E-06s @ element      47 in Part SYS\wall Est. Clock Time Remaining: 1s        
Cycle:     5793, Time:  1.842E-02s, Progress:  92.08%, Time Inc.: 3.180E-06s @ element      47 in Part SYS\wall Est. Clock Time Remaining: 1s        
Cycle:     5794, Time:  1.842E-02s, Progress:  92.10%, Time Inc.: 3.180E-06s @ element      47 in Part SYS\wall Est. Clock Time Remaining: 1s        
Cycle:     5795, Time:  1.842E-02s, Progress:  92.11%, Time Inc.: 3.180E-06s @ element      47 in Part SYS\wall Est. Clock Time Remaining: 1s        
Cycle:     5796, Time:  1.843E-02s, Progress:  92.13%, Time Inc.: 3.180E-06s @ element      47 in Part SYS\wall Est. Clock Time Remaining: 1s        
Cycle:     5797, Time:  1.843E-02s, Progress:  92.14%, Time Inc.: 3.180E-06s @ element      47 in Part SYS\wall Est. Clock Time Remaining: 1s        
Cycle:     5798, Time:  1.843E-02s, Progress:  92.16%, Time Inc.: 3.180E-06s @ element      47 in Part SYS\wall Est. Clock Time Remaining: 1s        
Cycle:     5799, Time:  1.844E-02s, Progress:  92.18%, Time Inc.: 3.180E-06s @ element      47 in Part SYS\wall Est. Clock Time Remaining: 1s        
Cycle:     5800, Time:  1.844E-02s, Progress:  92.19%, Time Inc.: 3.180E-06s @ element      47 in Part SYS\wall Est. Clock Time Remaining: 1s        
Cycle:     5801, Time:  1.844E-02s, Progress:  92.21%, Time Inc.: 3.180E-06s @ element      47 in Part SYS\wall Est. Clock Time Remaining: 1s        
Cycle:     5802, Time:  1.844E-02s, Progress:  92.22%, Time Inc.: 3.180E-06s @ element      47 in Part SYS\wall Est. Clock Time Remaining: 1s        
Cycle:     5803, Time:  1.845E-02s, Progress:  92.24%, Time Inc.: 3.180E-06s @ element      47 in Part SYS\wall Est. Clock Time Remaining: 1s        
Cycle:     5804, Time:  1.845E-02s, Progress:  92.26%, Time Inc.: 3.180E-06s @ element      47 in Part SYS\wall Est. Clock Time Remaining: 1s        
Cycle:     5805, Time:  1.845E-02s, Progress:  92.27%, Time Inc.: 3.180E-06s @ element      47 in Part SYS\wall Est. Clock Time Remaining: 1s        
Cycle:     5806, Time:  1.846E-02s, Progress:  92.29%, Time Inc.: 3.180E-06s @ element      47 in Part SYS\wall Est. Clock Time Remaining: 1s        
Cycle:     5807, Time:  1.846E-02s, Progress:  92.30%, Time Inc.: 3.180E-06s @ element      47 in Part SYS\wall Est. Clock Time Remaining: 1s        
Cycle:     5808, Time:  1.846E-02s, Progress:  92.32%, Time Inc.: 3.180E-06s @ element      47 in Part SYS\wall Est. Clock Time Remaining: 1s        
Cycle:     5809, Time:  1.847E-02s, Progress:  92.34%, Time Inc.: 3.180E-06s @ element      47 in Part SYS\wall Est. Clock Time Remaining: 1s        
Cycle:     5810, Time:  1.847E-02s, Progress:  92.35%, Time Inc.: 3.180E-06s @ element      47 in Part SYS\wall Est. Clock Time Remaining: 1s        
Cycle:     5811, Time:  1.847E-02s, Progress:  92.37%, Time Inc.: 3.180E-06s @ element      47 in Part SYS\wall Est. Clock Time Remaining: 1s        
Cycle:     5812, Time:  1.848E-02s, Progress:  92.38%, Time Inc.: 3.180E-06s @ element      47 in Part SYS\wall Est. Clock Time Remaining: 1s        
Cycle:     5813, Time:  1.848E-02s, Progress:  92.40%, Time Inc.: 3.180E-06s @ element      47 in Part SYS\wall Est. Clock Time Remaining: 1s        
Cycle:     5814, Time:  1.848E-02s, Progress:  92.42%, Time Inc.: 3.180E-06s @ element      47 in Part SYS\wall Est. Clock Time Remaining: 1s        
Cycle:     5815, Time:  1.849E-02s, Progress:  92.43%, Time Inc.: 3.180E-06s @ element      47 in Part SYS\wall Est. Clock Time Remaining: 1s        
Cycle:     5816, Time:  1.849E-02s, Progress:  92.45%, Time Inc.: 3.180E-06s @ element      47 in Part SYS\wall Est. Clock Time Remaining: 1s        
Cycle:     5817, Time:  1.849E-02s, Progress:  92.46%, Time Inc.: 3.180E-06s @ element      47 in Part SYS\wall Est. Clock Time Remaining: 1s        
Cycle:     5818, Time:  1.850E-02s, Progress:  92.48%, Time Inc.: 3.180E-06s @ element      47 in Part SYS\wall Est. Clock Time Remaining: 1s        
Cycle:     5819, Time:  1.850E-02s, Progress:  92.49%, Time Inc.: 3.180E-06s @ element      47 in Part SYS\wall Est. Clock Time Remaining: 1s        
Cycle:     5820, Time:  1.850E-02s, Progress:  92.51%, Time Inc.: 3.180E-06s @ element      47 in Part SYS\wall Est. Clock Time Remaining: 1s        
Cycle:     5821, Time:  1.851E-02s, Progress:  92.53%, Time Inc.: 3.180E-06s @ element      47 in Part SYS\wall Est. Clock Time Remaining: 1s        
Cycle:     5822, Time:  1.851E-02s, Progress:  92.54%, Time Inc.: 3.180E-06s @ element      47 in Part SYS\wall Est. Clock Time Remaining: 1s        
Cycle:     5823, Time:  1.851E-02s, Progress:  92.56%, Time Inc.: 3.180E-06s @ element      47 in Part SYS\wall Est. Clock Time Remaining: 1s        
Cycle:     5824, Time:  1.851E-02s, Progress:  92.57%, Time Inc.: 3.180E-06s @ element      47 in Part SYS\wall Est. Clock Time Remaining: 1s        
Cycle:     5825, Time:  1.852E-02s, Progress:  92.59%, Time Inc.: 3.180E-06s @ element      47 in Part SYS\wall Est. Clock Time Remaining: 1s        
Cycle:     5826, Time:  1.852E-02s, Progress:  92.61%, Time Inc.: 3.180E-06s @ element      47 in Part SYS\wall Est. Clock Time Remaining: 1s        
Cycle:     5827, Time:  1.852E-02s, Progress:  92.62%, Time Inc.: 3.180E-06s @ element      47 in Part SYS\wall Est. Clock Time Remaining: 1s        
Cycle:     5828, Time:  1.853E-02s, Progress:  92.64%, Time Inc.: 3.180E-06s @ element      47 in Part SYS\wall Est. Clock Time Remaining: 1s        
Cycle:     5829, Time:  1.853E-02s, Progress:  92.65%, Time Inc.: 3.180E-06s @ element      47 in Part SYS\wall Est. Clock Time Remaining: 1s        
Cycle:     5830, Time:  1.853E-02s, Progress:  92.67%, Time Inc.: 3.180E-06s @ element      47 in Part SYS\wall Est. Clock Time Remaining: 1s        
Cycle:     5831, Time:  1.854E-02s, Progress:  92.69%, Time Inc.: 3.180E-06s @ element      47 in Part SYS\wall Est. Clock Time Remaining: 1s        
Cycle:     5832, Time:  1.854E-02s, Progress:  92.70%, Time Inc.: 3.180E-06s @ element      47 in Part SYS\wall Est. Clock Time Remaining: 1s        
Cycle:     5833, Time:  1.854E-02s, Progress:  92.72%, Time Inc.: 3.180E-06s @ element      47 in Part SYS\wall Est. Clock Time Remaining: 1s        
Cycle:     5834, Time:  1.855E-02s, Progress:  92.73%, Time Inc.: 3.180E-06s @ element      47 in Part SYS\wall Est. Clock Time Remaining: 1s        
Cycle:     5835, Time:  1.855E-02s, Progress:  92.75%, Time Inc.: 3.180E-06s @ element      47 in Part SYS\wall Est. Clock Time Remaining: 1s        
Cycle:     5836, Time:  1.855E-02s, Progress:  92.76%, Time Inc.: 3.180E-06s @ element      47 in Part SYS\wall Est. Clock Time Remaining: 1s        
Cycle:     5837, Time:  1.856E-02s, Progress:  92.78%, Time Inc.: 3.180E-06s @ element      47 in Part SYS\wall Est. Clock Time Remaining: 1s        
Cycle:     5838, Time:  1.856E-02s, Progress:  92.80%, Time Inc.: 3.180E-06s @ element      47 in Part SYS\wall Est. Clock Time Remaining: 1s        
Cycle:     5839, Time:  1.856E-02s, Progress:  92.81%, Time Inc.: 3.180E-06s @ element      47 in Part SYS\wall Est. Clock Time Remaining: 1s        
Cycle:     5840, Time:  1.857E-02s, Progress:  92.83%, Time Inc.: 3.180E-06s @ element      47 in Part SYS\wall Est. Clock Time Remaining: 1s        
Cycle:     5841, Time:  1.857E-02s, Progress:  92.84%, Time Inc.: 3.180E-06s @ element      47 in Part SYS\wall Est. Clock Time Remaining: 1s        
Cycle:     5842, Time:  1.857E-02s, Progress:  92.86%, Time Inc.: 3.180E-06s @ element      47 in Part SYS\wall Est. Clock Time Remaining: 1s        
Cycle:     5843, Time:  1.858E-02s, Progress:  92.88%, Time Inc.: 3.180E-06s @ element      47 in Part SYS\wall Est. Clock Time Remaining: 1s        
Cycle:     5844, Time:  1.858E-02s, Progress:  92.89%, Time Inc.: 3.180E-06s @ element      47 in Part SYS\wall Est. Clock Time Remaining: 1s        
Cycle:     5845, Time:  1.858E-02s, Progress:  92.91%, Time Inc.: 3.180E-06s @ element      47 in Part SYS\wall Est. Clock Time Remaining: 1s        
Cycle:     5846, Time:  1.858E-02s, Progress:  92.92%, Time Inc.: 3.180E-06s @ element      47 in Part SYS\wall Est. Clock Time Remaining: 1s        
Cycle:     5847, Time:  1.859E-02s, Progress:  92.94%, Time Inc.: 3.180E-06s @ element      47 in Part SYS\wall Est. Clock Time Remaining: 1s        
Cycle:     5848, Time:  1.859E-02s, Progress:  92.96%, Time Inc.: 3.180E-06s @ element      47 in Part SYS\wall Est. Clock Time Remaining: 1s        
Cycle:     5849, Time:  1.859E-02s, Progress:  92.97%, Time Inc.: 3.180E-06s @ element      51 in Part SYS\wall Est. Clock Time Remaining: 1s        
Cycle:     5850, Time:  1.860E-02s, Progress:  92.99%, Time Inc.: 3.180E-06s @ element      51 in Part SYS\wall Est. Clock Time Remaining: 1s        
Cycle:     5851, Time:  1.860E-02s, Progress:  93.00%, Time Inc.: 3.180E-06s @ element      51 in Part SYS\wall Est. Clock Time Remaining: 1s        
Cycle:     5852, Time:  1.860E-02s, Progress:  93.02%, Time Inc.: 3.180E-06s @ element      51 in Part SYS\wall Est. Clock Time Remaining: 1s        
Cycle:     5853, Time:  1.861E-02s, Progress:  93.04%, Time Inc.: 3.180E-06s @ element      51 in Part SYS\wall Est. Clock Time Remaining: 1s        
Cycle:     5854, Time:  1.861E-02s, Progress:  93.05%, Time Inc.: 3.180E-06s @ element     190 in Part SYS\wall Est. Clock Time Remaining: 1s        
Cycle:     5855, Time:  1.861E-02s, Progress:  93.07%, Time Inc.: 3.180E-06s @ element     190 in Part SYS\wall Est. Clock Time Remaining: 1s        
Cycle:     5856, Time:  1.862E-02s, Progress:  93.08%, Time Inc.: 3.180E-06s @ element     190 in Part SYS\wall Est. Clock Time Remaining: 1s        
Cycle:     5857, Time:  1.862E-02s, Progress:  93.10%, Time Inc.: 3.180E-06s @ element     190 in Part SYS\wall Est. Clock Time Remaining: 1s        
Cycle:     5858, Time:  1.862E-02s, Progress:  93.11%, Time Inc.: 3.180E-06s @ element     190 in Part SYS\wall Est. Clock Time Remaining: 1s        
Cycle:     5859, Time:  1.863E-02s, Progress:  93.13%, Time Inc.: 3.180E-06s @ element     190 in Part SYS\wall Est. Clock Time Remaining: 1s        
Cycle:     5860, Time:  1.863E-02s, Progress:  93.15%, Time Inc.: 3.180E-06s @ element     190 in Part SYS\wall Est. Clock Time Remaining: 1s        
Cycle:     5861, Time:  1.863E-02s, Progress:  93.16%, Time Inc.: 3.180E-06s @ element     190 in Part SYS\wall Est. Clock Time Remaining: 1s        
Cycle:     5862, Time:  1.864E-02s, Progress:  93.18%, Time Inc.: 3.180E-06s @ element     190 in Part SYS\wall Est. Clock Time Remaining: 1s        
Cycle:     5863, Time:  1.864E-02s, Progress:  93.19%, Time Inc.: 3.180E-06s @ element     190 in Part SYS\wall Est. Clock Time Remaining: 1s        
Cycle:     5864, Time:  1.864E-02s, Progress:  93.21%, Time Inc.: 3.180E-06s @ element     190 in Part SYS\wall Est. Clock Time Remaining: 1s        
Cycle:     5865, Time:  1.865E-02s, Progress:  93.23%, Time Inc.: 3.180E-06s @ element     190 in Part SYS\wall Est. Clock Time Remaining: 1s        
Cycle:     5866, Time:  1.865E-02s, Progress:  93.24%, Time Inc.: 3.180E-06s @ element     190 in Part SYS\wall Est. Clock Time Remaining: 1s        
Cycle:     5867, Time:  1.865E-02s, Progress:  93.26%, Time Inc.: 3.180E-06s @ element     190 in Part SYS\wall Est. Clock Time Remaining: 1s        
Cycle:     5868, Time:  1.865E-02s, Progress:  93.27%, Time Inc.: 3.180E-06s @ element     190 in Part SYS\wall Est. Clock Time Remaining: 1s        
Cycle:     5869, Time:  1.866E-02s, Progress:  93.29%, Time Inc.: 3.180E-06s @ element     190 in Part SYS\wall Est. Clock Time Remaining: 1s        
Cycle:     5870, Time:  1.866E-02s, Progress:  93.31%, Time Inc.: 3.180E-06s @ element    1243 in Part SYS\wall Est. Clock Time Remaining: 1s        
Cycle:     5871, Time:  1.866E-02s, Progress:  93.32%, Time Inc.: 3.180E-06s @ element    1243 in Part SYS\wall Est. Clock Time Remaining: 1s        
Cycle:     5872, Time:  1.867E-02s, Progress:  93.34%, Time Inc.: 3.180E-06s @ element    1243 in Part SYS\wall Est. Clock Time Remaining: 1s        
Cycle:     5873, Time:  1.867E-02s, Progress:  93.35%, Time Inc.: 3.180E-06s @ element    1243 in Part SYS\wall Est. Clock Time Remaining: 1s        
Cycle:     5874, Time:  1.867E-02s, Progress:  93.37%, Time Inc.: 3.180E-06s @ element    1243 in Part SYS\wall Est. Clock Time Remaining: 1s        
Cycle:     5875, Time:  1.868E-02s, Progress:  93.38%, Time Inc.: 3.180E-06s @ element    1243 in Part SYS\wall Est. Clock Time Remaining: 1s        
Cycle:     5876, Time:  1.868E-02s, Progress:  93.40%, Time Inc.: 3.180E-06s @ element    1243 in Part SYS\wall Est. Clock Time Remaining: 1s        
Cycle:     5877, Time:  1.868E-02s, Progress:  93.42%, Time Inc.: 3.180E-06s @ element    1243 in Part SYS\wall Est. Clock Time Remaining: 1s        
Cycle:     5878, Time:  1.869E-02s, Progress:  93.43%, Time Inc.: 3.180E-06s @ element    1243 in Part SYS\wall Est. Clock Time Remaining: 1s        
Cycle:     5879, Time:  1.869E-02s, Progress:  93.45%, Time Inc.: 3.180E-06s @ element    1243 in Part SYS\wall Est. Clock Time Remaining: 1s        
Cycle:     5880, Time:  1.869E-02s, Progress:  93.46%, Time Inc.: 3.180E-06s @ element    1243 in Part SYS\wall Est. Clock Time Remaining: 1s        
Cycle:     5881, Time:  1.870E-02s, Progress:  93.48%, Time Inc.: 3.180E-06s @ element    1243 in Part SYS\wall Est. Clock Time Remaining: 1s        
Cycle:     5882, Time:  1.870E-02s, Progress:  93.50%, Time Inc.: 3.180E-06s @ element    1243 in Part SYS\wall Est. Clock Time Remaining: 1s        
Cycle:     5883, Time:  1.870E-02s, Progress:  93.51%, Time Inc.: 3.180E-06s @ element    1243 in Part SYS\wall Est. Clock Time Remaining: 1s        
Cycle:     5884, Time:  1.871E-02s, Progress:  93.53%, Time Inc.: 3.180E-06s @ element    1243 in Part SYS\wall Est. Clock Time Remaining: 1s        
Cycle:     5885, Time:  1.871E-02s, Progress:  93.54%, Time Inc.: 3.180E-06s @ element    1243 in Part SYS\wall Est. Clock Time Remaining: 1s        
Cycle:     5886, Time:  1.871E-02s, Progress:  93.56%, Time Inc.: 3.180E-06s @ element    1243 in Part SYS\wall Est. Clock Time Remaining: 1s        
Cycle:     5887, Time:  1.872E-02s, Progress:  93.58%, Time Inc.: 3.180E-06s @ element    1243 in Part SYS\wall Est. Clock Time Remaining: 1s        
Cycle:     5888, Time:  1.872E-02s, Progress:  93.59%, Time Inc.: 3.180E-06s @ element    1243 in Part SYS\wall Est. Clock Time Remaining: 1s        
Cycle:     5889, Time:  1.872E-02s, Progress:  93.61%, Time Inc.: 3.180E-06s @ element    1243 in Part SYS\wall Est. Clock Time Remaining: 1s        
Cycle:     5890, Time:  1.872E-02s, Progress:  93.62%, Time Inc.: 3.180E-06s @ element    1243 in Part SYS\wall Est. Clock Time Remaining: 1s        
Cycle:     5891, Time:  1.873E-02s, Progress:  93.64%, Time Inc.: 3.180E-06s @ element    1243 in Part SYS\wall Est. Clock Time Remaining: 1s        
Cycle:     5892, Time:  1.873E-02s, Progress:  93.66%, Time Inc.: 3.180E-06s @ element    1042 in Part SYS\wall Est. Clock Time Remaining: 1s        
Cycle:     5893, Time:  1.873E-02s, Progress:  93.67%, Time Inc.: 3.180E-06s @ element    1042 in Part SYS\wall Est. Clock Time Remaining: 1s        
Cycle:     5894, Time:  1.874E-02s, Progress:  93.69%, Time Inc.: 3.180E-06s @ element    1042 in Part SYS\wall Est. Clock Time Remaining: 1s        
Cycle:     5895, Time:  1.874E-02s, Progress:  93.70%, Time Inc.: 3.180E-06s @ element    1042 in Part SYS\wall Est. Clock Time Remaining: 1s        
Cycle:     5896, Time:  1.874E-02s, Progress:  93.72%, Time Inc.: 3.180E-06s @ element    1042 in Part SYS\wall Est. Clock Time Remaining: 1s        
Cycle:     5897, Time:  1.875E-02s, Progress:  93.73%, Time Inc.: 3.180E-06s @ element    1042 in Part SYS\wall Est. Clock Time Remaining: 1s        
Cycle:     5898, Time:  1.875E-02s, Progress:  93.75%, Time Inc.: 3.180E-06s @ element    1042 in Part SYS\wall Est. Clock Time Remaining: 1s        
Cycle:     5899, Time:  1.875E-02s, Progress:  93.77%, Time Inc.: 3.180E-06s @ element    1042 in Part SYS\wall Est. Clock Time Remaining: 1s        
Cycle:     5900, Time:  1.876E-02s, Progress:  93.78%, Time Inc.: 3.180E-06s @ element    1042 in Part SYS\wall Est. Clock Time Remaining: 1s        
Cycle:     5901, Time:  1.876E-02s, Progress:  93.80%, Time Inc.: 3.180E-06s @ element    1042 in Part SYS\wall Est. Clock Time Remaining: 1s        
Cycle:     5902, Time:  1.876E-02s, Progress:  93.81%, Time Inc.: 3.180E-06s @ element    1042 in Part SYS\wall Est. Clock Time Remaining: 1s        
Cycle:     5903, Time:  1.877E-02s, Progress:  93.83%, Time Inc.: 3.180E-06s @ element    1042 in Part SYS\wall Est. Clock Time Remaining: 1s        
Cycle:     5904, Time:  1.877E-02s, Progress:  93.85%, Time Inc.: 3.180E-06s @ element    1042 in Part SYS\wall Est. Clock Time Remaining: 1s        
Cycle:     5905, Time:  1.877E-02s, Progress:  93.86%, Time Inc.: 3.180E-06s @ element    1042 in Part SYS\wall Est. Clock Time Remaining: 1s        
Cycle:     5906, Time:  1.878E-02s, Progress:  93.88%, Time Inc.: 3.180E-06s @ element    1042 in Part SYS\wall Est. Clock Time Remaining: 1s        
Cycle:     5907, Time:  1.878E-02s, Progress:  93.89%, Time Inc.: 3.180E-06s @ element    1042 in Part SYS\wall Est. Clock Time Remaining: 1s        
Cycle:     5908, Time:  1.878E-02s, Progress:  93.91%, Time Inc.: 3.180E-06s @ element    1042 in Part SYS\wall Est. Clock Time Remaining: 1s        
Cycle:     5909, Time:  1.879E-02s, Progress:  93.93%, Time Inc.: 3.180E-06s @ element    1042 in Part SYS\wall Est. Clock Time Remaining: 1s        
Cycle:     5910, Time:  1.879E-02s, Progress:  93.94%, Time Inc.: 3.180E-06s @ element    1042 in Part SYS\wall Est. Clock Time Remaining: 1s        
Cycle:     5911, Time:  1.879E-02s, Progress:  93.96%, Time Inc.: 3.180E-06s @ element    1042 in Part SYS\wall Est. Clock Time Remaining: 1s        
Cycle:     5912, Time:  1.879E-02s, Progress:  93.97%, Time Inc.: 3.180E-06s @ element    1042 in Part SYS\wall Est. Clock Time Remaining: 1s        
Cycle:     5913, Time:  1.880E-02s, Progress:  93.99%, Time Inc.: 3.180E-06s @ element    1042 in Part SYS\wall Est. Clock Time Remaining: 1s        
Cycle:     5914, Time:  1.880E-02s, Progress:  94.01%, Time Inc.: 3.180E-06s @ element     970 in Part SYS\wall Est. Clock Time Remaining: 1s        
Cycle:     5915, Time:  1.880E-02s, Progress:  94.02%, Time Inc.: 3.180E-06s @ element     970 in Part SYS\wall Est. Clock Time Remaining: 1s        
Cycle:     5916, Time:  1.881E-02s, Progress:  94.04%, Time Inc.: 3.180E-06s @ element     970 in Part SYS\wall Est. Clock Time Remaining: 1s        
Cycle:     5917, Time:  1.881E-02s, Progress:  94.05%, Time Inc.: 3.180E-06s @ element     970 in Part SYS\wall Est. Clock Time Remaining: 1s        
Cycle:     5918, Time:  1.881E-02s, Progress:  94.07%, Time Inc.: 3.180E-06s @ element     970 in Part SYS\wall Est. Clock Time Remaining: 1s        
Cycle:     5919, Time:  1.882E-02s, Progress:  94.08%, Time Inc.: 3.180E-06s @ element     970 in Part SYS\wall Est. Clock Time Remaining: 1s        
Cycle:     5920, Time:  1.882E-02s, Progress:  94.10%, Time Inc.: 3.180E-06s @ element     970 in Part SYS\wall Est. Clock Time Remaining: 1s        
Cycle:     5921, Time:  1.882E-02s, Progress:  94.12%, Time Inc.: 3.180E-06s @ element     970 in Part SYS\wall Est. Clock Time Remaining: 1s        
Cycle:     5922, Time:  1.883E-02s, Progress:  94.13%, Time Inc.: 3.180E-06s @ element     970 in Part SYS\wall Est. Clock Time Remaining: 1s        
Cycle:     5923, Time:  1.883E-02s, Progress:  94.15%, Time Inc.: 3.180E-06s @ element     970 in Part SYS\wall Est. Clock Time Remaining: 1s        
Cycle:     5924, Time:  1.883E-02s, Progress:  94.16%, Time Inc.: 3.180E-06s @ element     970 in Part SYS\wall Est. Clock Time Remaining: 1s        
Cycle:     5925, Time:  1.884E-02s, Progress:  94.18%, Time Inc.: 3.180E-06s @ element     970 in Part SYS\wall Est. Clock Time Remaining: 1s        
Cycle:     5926, Time:  1.884E-02s, Progress:  94.20%, Time Inc.: 3.180E-06s @ element     970 in Part SYS\wall Est. Clock Time Remaining: 1s        
Cycle:     5927, Time:  1.884E-02s, Progress:  94.21%, Time Inc.: 3.180E-06s @ element     970 in Part SYS\wall Est. Clock Time Remaining: 1s        
Cycle:     5928, Time:  1.885E-02s, Progress:  94.23%, Time Inc.: 3.180E-06s @ element     970 in Part SYS\wall Est. Clock Time Remaining: 1s        
Cycle:     5929, Time:  1.885E-02s, Progress:  94.24%, Time Inc.: 3.180E-06s @ element     970 in Part SYS\wall Est. Clock Time Remaining: 1s        
Cycle:     5930, Time:  1.885E-02s, Progress:  94.26%, Time Inc.: 3.180E-06s @ element     970 in Part SYS\wall Est. Clock Time Remaining: 1s        
Cycle:     5931, Time:  1.886E-02s, Progress:  94.28%, Time Inc.: 3.180E-06s @ element     970 in Part SYS\wall Est. Clock Time Remaining: 1s        
Cycle:     5932, Time:  1.886E-02s, Progress:  94.29%, Time Inc.: 3.180E-06s @ element     970 in Part SYS\wall Est. Clock Time Remaining: 1s        
Cycle:     5933, Time:  1.886E-02s, Progress:  94.31%, Time Inc.: 3.180E-06s @ element     970 in Part SYS\wall Est. Clock Time Remaining: 1s        
Cycle:     5934, Time:  1.886E-02s, Progress:  94.32%, Time Inc.: 3.180E-06s @ element     970 in Part SYS\wall Est. Clock Time Remaining: 1s        
Cycle:     5935, Time:  1.887E-02s, Progress:  94.34%, Time Inc.: 3.180E-06s @ element     970 in Part SYS\wall Est. Clock Time Remaining: 1s        
Cycle:     5936, Time:  1.887E-02s, Progress:  94.35%, Time Inc.: 3.180E-06s @ element     358 in Part SYS\wall Est. Clock Time Remaining: 1s        
Cycle:     5937, Time:  1.887E-02s, Progress:  94.37%, Time Inc.: 3.180E-06s @ element     358 in Part SYS\wall Est. Clock Time Remaining: 1s        
Cycle:     5938, Time:  1.888E-02s, Progress:  94.39%, Time Inc.: 3.180E-06s @ element     358 in Part SYS\wall Est. Clock Time Remaining: 1s        
Cycle:     5939, Time:  1.888E-02s, Progress:  94.40%, Time Inc.: 3.180E-06s @ element     358 in Part SYS\wall Est. Clock Time Remaining: 1s        
Cycle:     5940, Time:  1.888E-02s, Progress:  94.42%, Time Inc.: 3.180E-06s @ element     358 in Part SYS\wall Est. Clock Time Remaining: 1s        
Cycle:     5941, Time:  1.889E-02s, Progress:  94.43%, Time Inc.: 3.180E-06s @ element     358 in Part SYS\wall Est. Clock Time Remaining: 1s        
Cycle:     5942, Time:  1.889E-02s, Progress:  94.45%, Time Inc.: 3.180E-06s @ element     358 in Part SYS\wall Est. Clock Time Remaining: 1s        
Cycle:     5943, Time:  1.889E-02s, Progress:  94.47%, Time Inc.: 3.180E-06s @ element     358 in Part SYS\wall Est. Clock Time Remaining: 1s        
Cycle:     5944, Time:  1.890E-02s, Progress:  94.48%, Time Inc.: 3.180E-06s @ element     358 in Part SYS\wall Est. Clock Time Remaining: 1s        
Cycle:     5945, Time:  1.890E-02s, Progress:  94.50%, Time Inc.: 3.180E-06s @ element     358 in Part SYS\wall Est. Clock Time Remaining: 1s        
Cycle:     5946, Time:  1.890E-02s, Progress:  94.51%, Time Inc.: 3.180E-06s @ element     358 in Part SYS\wall Est. Clock Time Remaining: 1s        
Cycle:     5947, Time:  1.891E-02s, Progress:  94.53%, Time Inc.: 3.180E-06s @ element     358 in Part SYS\wall Est. Clock Time Remaining: 1s        
Cycle:     5948, Time:  1.891E-02s, Progress:  94.55%, Time Inc.: 3.180E-06s @ element     358 in Part SYS\wall Est. Clock Time Remaining: 1s        
Cycle:     5949, Time:  1.891E-02s, Progress:  94.56%, Time Inc.: 3.180E-06s @ element     358 in Part SYS\wall Est. Clock Time Remaining: 1s        
Cycle:     5950, Time:  1.892E-02s, Progress:  94.58%, Time Inc.: 3.180E-06s @ element     358 in Part SYS\wall Est. Clock Time Remaining: 1s        
Cycle:     5951, Time:  1.892E-02s, Progress:  94.59%, Time Inc.: 3.180E-06s @ element     358 in Part SYS\wall Est. Clock Time Remaining: 1s        
Cycle:     5952, Time:  1.892E-02s, Progress:  94.61%, Time Inc.: 3.180E-06s @ element     358 in Part SYS\wall Est. Clock Time Remaining: 1s        
Cycle:     5953, Time:  1.893E-02s, Progress:  94.63%, Time Inc.: 3.180E-06s @ element     358 in Part SYS\wall Est. Clock Time Remaining: 1s        
Cycle:     5954, Time:  1.893E-02s, Progress:  94.64%, Time Inc.: 3.180E-06s @ element     358 in Part SYS\wall Est. Clock Time Remaining: 1s        
Cycle:     5955, Time:  1.893E-02s, Progress:  94.66%, Time Inc.: 3.180E-06s @ element     358 in Part SYS\wall Est. Clock Time Remaining: 1s        
Cycle:     5956, Time:  1.893E-02s, Progress:  94.67%, Time Inc.: 3.180E-06s @ element     358 in Part SYS\wall Est. Clock Time Remaining: 1s        
Cycle:     5957, Time:  1.894E-02s, Progress:  94.69%, Time Inc.: 3.180E-06s @ element     358 in Part SYS\wall Est. Clock Time Remaining: 1s        
Cycle:     5958, Time:  1.894E-02s, Progress:  94.70%, Time Inc.: 3.180E-06s @ element     358 in Part SYS\wall Est. Clock Time Remaining: 1s        
Cycle:     5959, Time:  1.894E-02s, Progress:  94.72%, Time Inc.: 3.180E-06s @ element     970 in Part SYS\wall Est. Clock Time Remaining: 1s        
Cycle:     5960, Time:  1.895E-02s, Progress:  94.74%, Time Inc.: 3.180E-06s @ element     970 in Part SYS\wall Est. Clock Time Remaining: 1s        
Cycle:     5961, Time:  1.895E-02s, Progress:  94.75%, Time Inc.: 3.180E-06s @ element     970 in Part SYS\wall Est. Clock Time Remaining: 1s        
Cycle:     5962, Time:  1.895E-02s, Progress:  94.77%, Time Inc.: 3.180E-06s @ element     970 in Part SYS\wall Est. Clock Time Remaining: 1s        
Cycle:     5963, Time:  1.896E-02s, Progress:  94.78%, Time Inc.: 3.180E-06s @ element     970 in Part SYS\wall Est. Clock Time Remaining: 1s        
Cycle:     5964, Time:  1.896E-02s, Progress:  94.80%, Time Inc.: 3.180E-06s @ element     970 in Part SYS\wall Est. Clock Time Remaining: 1s        
Cycle:     5965, Time:  1.896E-02s, Progress:  94.82%, Time Inc.: 3.180E-06s @ element     970 in Part SYS\wall Est. Clock Time Remaining: 1s        
Cycle:     5966, Time:  1.897E-02s, Progress:  94.83%, Time Inc.: 3.180E-06s @ element     970 in Part SYS\wall Est. Clock Time Remaining: 1s        
Cycle:     5967, Time:  1.897E-02s, Progress:  94.85%, Time Inc.: 3.180E-06s @ element     970 in Part SYS\wall Est. Clock Time Remaining: 1s        
Cycle:     5968, Time:  1.897E-02s, Progress:  94.86%, Time Inc.: 3.180E-06s @ element     970 in Part SYS\wall Est. Clock Time Remaining: 1s        
Cycle:     5969, Time:  1.898E-02s, Progress:  94.88%, Time Inc.: 3.180E-06s @ element     970 in Part SYS\wall Est. Clock Time Remaining: 1s        
Cycle:     5970, Time:  1.898E-02s, Progress:  94.90%, Time Inc.: 3.180E-06s @ element     970 in Part SYS\wall Est. Clock Time Remaining: 1s        
Cycle:     5971, Time:  1.898E-02s, Progress:  94.91%, Time Inc.: 3.180E-06s @ element     970 in Part SYS\wall Est. Clock Time Remaining: 1s        
Cycle:     5972, Time:  1.899E-02s, Progress:  94.93%, Time Inc.: 3.180E-06s @ element     970 in Part SYS\wall Est. Clock Time Remaining: 1s        
Cycle:     5973, Time:  1.899E-02s, Progress:  94.94%, Time Inc.: 3.180E-06s @ element     970 in Part SYS\wall Est. Clock Time Remaining: 1s        
Cycle:     5974, Time:  1.899E-02s, Progress:  94.96%, Time Inc.: 3.180E-06s @ element     970 in Part SYS\wall Est. Clock Time Remaining: 1s        
Cycle:     5975, Time:  1.900E-02s, Progress:  94.98%, Time Inc.: 3.180E-06s @ element     970 in Part SYS\wall Est. Clock Time Remaining: 1s        
Cycle:     5976, Time:  1.900E-02s, Progress:  94.99%, Time Inc.: 3.180E-06s @ element     970 in Part SYS\wall Est. Clock Time Remaining: 1s        
Cycle:     5977, Time:  1.900E-02s, Progress:  95.01%, Time Inc.: 3.180E-06s @ element     970 in Part SYS\wall Est. Clock Time Remaining: 1s        
Cycle:     5978, Time:  1.900E-02s, Progress:  95.02%, Time Inc.: 3.180E-06s @ element     970 in Part SYS\wall Est. Clock Time Remaining: 1s        
Cycle:     5979, Time:  1.901E-02s, Progress:  95.04%, Time Inc.: 3.180E-06s @ element     970 in Part SYS\wall Est. Clock Time Remaining: 1s        
Cycle:     5980, Time:  1.901E-02s, Progress:  95.05%, Time Inc.: 3.180E-06s @ element     970 in Part SYS\wall Est. Clock Time Remaining: 1s        
Cycle:     5981, Time:  1.901E-02s, Progress:  95.07%, Time Inc.: 3.180E-06s @ element     970 in Part SYS\wall Est. Clock Time Remaining: 1s        
Cycle:     5982, Time:  1.902E-02s, Progress:  95.09%, Time Inc.: 3.180E-06s @ element     970 in Part SYS\wall Est. Clock Time Remaining: 1s        
Cycle:     5983, Time:  1.902E-02s, Progress:  95.10%, Time Inc.: 3.180E-06s @ element     970 in Part SYS\wall Est. Clock Time Remaining: 1s        
Cycle:     5984, Time:  1.902E-02s, Progress:  95.12%, Time Inc.: 3.180E-06s @ element     970 in Part SYS\wall Est. Clock Time Remaining: 1s        
Cycle:     5985, Time:  1.903E-02s, Progress:  95.13%, Time Inc.: 3.180E-06s @ element     970 in Part SYS\wall Est. Clock Time Remaining: 1s        
Cycle:     5986, Time:  1.903E-02s, Progress:  95.15%, Time Inc.: 3.180E-06s @ element     970 in Part SYS\wall Est. Clock Time Remaining: 1s        
Cycle:     5987, Time:  1.903E-02s, Progress:  95.17%, Time Inc.: 3.180E-06s @ element     970 in Part SYS\wall Est. Clock Time Remaining: 1s        
Cycle:     5988, Time:  1.904E-02s, Progress:  95.18%, Time Inc.: 3.180E-06s @ element     970 in Part SYS\wall Est. Clock Time Remaining: 1s        
Cycle:     5989, Time:  1.904E-02s, Progress:  95.20%, Time Inc.: 3.180E-06s @ element     970 in Part SYS\wall Est. Clock Time Remaining: 1s        
Cycle:     5990, Time:  1.904E-02s, Progress:  95.21%, Time Inc.: 3.180E-06s @ element     970 in Part SYS\wall Est. Clock Time Remaining: 1s        
Cycle:     5991, Time:  1.905E-02s, Progress:  95.23%, Time Inc.: 3.180E-06s @ element     970 in Part SYS\wall Est. Clock Time Remaining: 1s        
Cycle:     5992, Time:  1.905E-02s, Progress:  95.25%, Time Inc.: 3.180E-06s @ element     970 in Part SYS\wall Est. Clock Time Remaining: 1s        
Cycle:     5993, Time:  1.905E-02s, Progress:  95.26%, Time Inc.: 3.180E-06s @ element     970 in Part SYS\wall Est. Clock Time Remaining: 1s        
Cycle:     5994, Time:  1.906E-02s, Progress:  95.28%, Time Inc.: 3.180E-06s @ element     970 in Part SYS\wall Est. Clock Time Remaining: 1s        
Cycle:     5995, Time:  1.906E-02s, Progress:  95.29%, Time Inc.: 3.180E-06s @ element     970 in Part SYS\wall Est. Clock Time Remaining: 1s        
Cycle:     5996, Time:  1.906E-02s, Progress:  95.31%, Time Inc.: 3.180E-06s @ element     970 in Part SYS\wall Est. Clock Time Remaining: 1s        
Cycle:     5997, Time:  1.906E-02s, Progress:  95.32%, Time Inc.: 3.180E-06s @ element     970 in Part SYS\wall Est. Clock Time Remaining: 1s        
Cycle:     5998, Time:  1.907E-02s, Progress:  95.34%, Time Inc.: 3.180E-06s @ element     970 in Part SYS\wall Est. Clock Time Remaining: 1s        
Cycle:     5999, Time:  1.907E-02s, Progress:  95.36%, Time Inc.: 3.180E-06s @ element     358 in Part SYS\wall Est. Clock Time Remaining: 1s        
Cycle:     6000, Time:  1.907E-02s, Progress:  95.37%, Time Inc.: 3.180E-06s @ element     358 in Part SYS\wall Est. Clock Time Remaining: 1s        
Cycle:     6001, Time:  1.908E-02s, Progress:  95.39%, Time Inc.: 3.180E-06s @ element     358 in Part SYS\wall Est. Clock Time Remaining: 1s        
Cycle:     6002, Time:  1.908E-02s, Progress:  95.40%, Time Inc.: 3.180E-06s @ element     358 in Part SYS\wall Est. Clock Time Remaining: 1s        
Cycle:     6003, Time:  1.908E-02s, Progress:  95.42%, Time Inc.: 3.180E-06s @ element     358 in Part SYS\wall Est. Clock Time Remaining: 1s        
Cycle:     6004, Time:  1.909E-02s, Progress:  95.44%, Time Inc.: 3.180E-06s @ element     358 in Part SYS\wall Est. Clock Time Remaining: 1s        
Cycle:     6005, Time:  1.909E-02s, Progress:  95.45%, Time Inc.: 3.180E-06s @ element     358 in Part SYS\wall Est. Clock Time Remaining: 1s        
Cycle:     6006, Time:  1.909E-02s, Progress:  95.47%, Time Inc.: 3.180E-06s @ element     358 in Part SYS\wall Est. Clock Time Remaining: 1s        
Cycle:     6007, Time:  1.910E-02s, Progress:  95.48%, Time Inc.: 3.180E-06s @ element     358 in Part SYS\wall Est. Clock Time Remaining: 1s        
Cycle:     6008, Time:  1.910E-02s, Progress:  95.50%, Time Inc.: 3.180E-06s @ element     358 in Part SYS\wall Est. Clock Time Remaining: 1s        
Cycle:     6009, Time:  1.910E-02s, Progress:  95.52%, Time Inc.: 3.180E-06s @ element     358 in Part SYS\wall Est. Clock Time Remaining: 1s        
Cycle:     6010, Time:  1.911E-02s, Progress:  95.53%, Time Inc.: 3.180E-06s @ element     970 in Part SYS\wall Est. Clock Time Remaining: 1s        
Cycle:     6011, Time:  1.911E-02s, Progress:  95.55%, Time Inc.: 3.180E-06s @ element     970 in Part SYS\wall Est. Clock Time Remaining: 1s        
Cycle:     6012, Time:  1.911E-02s, Progress:  95.56%, Time Inc.: 3.180E-06s @ element     970 in Part SYS\wall Est. Clock Time Remaining: 1s        
Cycle:     6013, Time:  1.912E-02s, Progress:  95.58%, Time Inc.: 3.180E-06s @ element     970 in Part SYS\wall Est. Clock Time Remaining: 0s        
Cycle:     6014, Time:  1.912E-02s, Progress:  95.60%, Time Inc.: 3.180E-06s @ element     970 in Part SYS\wall Est. Clock Time Remaining: 0s        
Cycle:     6015, Time:  1.912E-02s, Progress:  95.61%, Time Inc.: 3.180E-06s @ element     970 in Part SYS\wall Est. Clock Time Remaining: 0s        
Cycle:     6016, Time:  1.913E-02s, Progress:  95.63%, Time Inc.: 3.180E-06s @ element     970 in Part SYS\wall Est. Clock Time Remaining: 0s        
Cycle:     6017, Time:  1.913E-02s, Progress:  95.64%, Time Inc.: 3.180E-06s @ element     970 in Part SYS\wall Est. Clock Time Remaining: 0s        
Cycle:     6018, Time:  1.913E-02s, Progress:  95.66%, Time Inc.: 3.180E-06s @ element     970 in Part SYS\wall Est. Clock Time Remaining: 0s        
Cycle:     6019, Time:  1.913E-02s, Progress:  95.67%, Time Inc.: 3.180E-06s @ element     970 in Part SYS\wall Est. Clock Time Remaining: 0s        
Cycle:     6020, Time:  1.914E-02s, Progress:  95.69%, Time Inc.: 3.180E-06s @ element     932 in Part SYS\wall Est. Clock Time Remaining: 0s        
Cycle:     6021, Time:  1.914E-02s, Progress:  95.71%, Time Inc.: 3.180E-06s @ element     932 in Part SYS\wall Est. Clock Time Remaining: 0s        
Cycle:     6022, Time:  1.914E-02s, Progress:  95.72%, Time Inc.: 3.180E-06s @ element     932 in Part SYS\wall Est. Clock Time Remaining: 0s        
Cycle:     6023, Time:  1.915E-02s, Progress:  95.74%, Time Inc.: 3.180E-06s @ element     430 in Part SYS\wall Est. Clock Time Remaining: 0s        
Cycle:     6024, Time:  1.915E-02s, Progress:  95.75%, Time Inc.: 3.180E-06s @ element     430 in Part SYS\wall Est. Clock Time Remaining: 0s        
Cycle:     6025, Time:  1.915E-02s, Progress:  95.77%, Time Inc.: 3.180E-06s @ element     430 in Part SYS\wall Est. Clock Time Remaining: 0s        
Cycle:     6026, Time:  1.916E-02s, Progress:  95.79%, Time Inc.: 3.180E-06s @ element     430 in Part SYS\wall Est. Clock Time Remaining: 0s        
Cycle:     6027, Time:  1.916E-02s, Progress:  95.80%, Time Inc.: 3.180E-06s @ element     430 in Part SYS\wall Est. Clock Time Remaining: 0s        
Cycle:     6028, Time:  1.916E-02s, Progress:  95.82%, Time Inc.: 3.180E-06s @ element     430 in Part SYS\wall Est. Clock Time Remaining: 0s        
Cycle:     6029, Time:  1.917E-02s, Progress:  95.83%, Time Inc.: 3.180E-06s @ element     430 in Part SYS\wall Est. Clock Time Remaining: 0s        
Cycle:     6030, Time:  1.917E-02s, Progress:  95.85%, Time Inc.: 3.180E-06s @ element     430 in Part SYS\wall Est. Clock Time Remaining: 0s        
Cycle:     6031, Time:  1.917E-02s, Progress:  95.87%, Time Inc.: 3.180E-06s @ element     430 in Part SYS\wall Est. Clock Time Remaining: 0s        
Cycle:     6032, Time:  1.918E-02s, Progress:  95.88%, Time Inc.: 3.180E-06s @ element     430 in Part SYS\wall Est. Clock Time Remaining: 0s        
Cycle:     6033, Time:  1.918E-02s, Progress:  95.90%, Time Inc.: 3.180E-06s @ element     430 in Part SYS\wall Est. Clock Time Remaining: 0s        
Cycle:     6034, Time:  1.918E-02s, Progress:  95.91%, Time Inc.: 3.180E-06s @ element     430 in Part SYS\wall Est. Clock Time Remaining: 0s        
Cycle:     6035, Time:  1.919E-02s, Progress:  95.93%, Time Inc.: 3.180E-06s @ element     430 in Part SYS\wall Est. Clock Time Remaining: 0s        
Cycle:     6036, Time:  1.919E-02s, Progress:  95.94%, Time Inc.: 3.180E-06s @ element     430 in Part SYS\wall Est. Clock Time Remaining: 0s        
Cycle:     6037, Time:  1.919E-02s, Progress:  95.96%, Time Inc.: 3.180E-06s @ element     430 in Part SYS\wall Est. Clock Time Remaining: 0s        
Cycle:     6038, Time:  1.920E-02s, Progress:  95.98%, Time Inc.: 3.180E-06s @ element     430 in Part SYS\wall Est. Clock Time Remaining: 0s        
Cycle:     6039, Time:  1.920E-02s, Progress:  95.99%, Time Inc.: 3.180E-06s @ element     430 in Part SYS\wall Est. Clock Time Remaining: 0s        
Cycle:     6040, Time:  1.920E-02s, Progress:  96.01%, Time Inc.: 3.180E-06s @ element     430 in Part SYS\wall Est. Clock Time Remaining: 0s        
Cycle:     6041, Time:  1.920E-02s, Progress:  96.02%, Time Inc.: 3.180E-06s @ element     430 in Part SYS\wall Est. Clock Time Remaining: 0s        
Cycle:     6042, Time:  1.921E-02s, Progress:  96.04%, Time Inc.: 3.180E-06s @ element     430 in Part SYS\wall Est. Clock Time Remaining: 0s        
Cycle:     6043, Time:  1.921E-02s, Progress:  96.06%, Time Inc.: 3.180E-06s @ element     430 in Part SYS\wall Est. Clock Time Remaining: 0s        
Cycle:     6044, Time:  1.921E-02s, Progress:  96.07%, Time Inc.: 3.180E-06s @ element     430 in Part SYS\wall Est. Clock Time Remaining: 0s        
Cycle:     6045, Time:  1.922E-02s, Progress:  96.09%, Time Inc.: 3.180E-06s @ element     430 in Part SYS\wall Est. Clock Time Remaining: 0s        
Cycle:     6046, Time:  1.922E-02s, Progress:  96.10%, Time Inc.: 3.180E-06s @ element     430 in Part SYS\wall Est. Clock Time Remaining: 0s        
Cycle:     6047, Time:  1.922E-02s, Progress:  96.12%, Time Inc.: 3.180E-06s @ element     430 in Part SYS\wall Est. Clock Time Remaining: 0s        
Cycle:     6048, Time:  1.923E-02s, Progress:  96.14%, Time Inc.: 3.180E-06s @ element     430 in Part SYS\wall Est. Clock Time Remaining: 0s        
Cycle:     6049, Time:  1.923E-02s, Progress:  96.15%, Time Inc.: 3.180E-06s @ element     430 in Part SYS\wall Est. Clock Time Remaining: 0s        
Cycle:     6050, Time:  1.923E-02s, Progress:  96.17%, Time Inc.: 3.180E-06s @ element     430 in Part SYS\wall Est. Clock Time Remaining: 0s        
Cycle:     6051, Time:  1.924E-02s, Progress:  96.18%, Time Inc.: 3.180E-06s @ element     430 in Part SYS\wall Est. Clock Time Remaining: 0s        
Cycle:     6052, Time:  1.924E-02s, Progress:  96.20%, Time Inc.: 3.180E-06s @ element     430 in Part SYS\wall Est. Clock Time Remaining: 0s        
Cycle:     6053, Time:  1.924E-02s, Progress:  96.22%, Time Inc.: 3.180E-06s @ element     430 in Part SYS\wall Est. Clock Time Remaining: 0s        
Cycle:     6054, Time:  1.925E-02s, Progress:  96.23%, Time Inc.: 3.180E-06s @ element     430 in Part SYS\wall Est. Clock Time Remaining: 0s        
Cycle:     6055, Time:  1.925E-02s, Progress:  96.25%, Time Inc.: 3.180E-06s @ element    1118 in Part SYS\wall Est. Clock Time Remaining: 0s        
Cycle:     6056, Time:  1.925E-02s, Progress:  96.26%, Time Inc.: 3.180E-06s @ element    1118 in Part SYS\wall Est. Clock Time Remaining: 0s        
Cycle:     6057, Time:  1.926E-02s, Progress:  96.28%, Time Inc.: 3.180E-06s @ element    1118 in Part SYS\wall Est. Clock Time Remaining: 0s        
Cycle:     6058, Time:  1.926E-02s, Progress:  96.29%, Time Inc.: 3.180E-06s @ element    1118 in Part SYS\wall Est. Clock Time Remaining: 0s        
Cycle:     6059, Time:  1.926E-02s, Progress:  96.31%, Time Inc.: 3.180E-06s @ element    1118 in Part SYS\wall Est. Clock Time Remaining: 0s        
Cycle:     6060, Time:  1.927E-02s, Progress:  96.33%, Time Inc.: 3.180E-06s @ element    1118 in Part SYS\wall Est. Clock Time Remaining: 0s        
Cycle:     6061, Time:  1.927E-02s, Progress:  96.34%, Time Inc.: 3.180E-06s @ element    1118 in Part SYS\wall Est. Clock Time Remaining: 0s        
Cycle:     6062, Time:  1.927E-02s, Progress:  96.36%, Time Inc.: 3.180E-06s @ element    1118 in Part SYS\wall Est. Clock Time Remaining: 0s        
Cycle:     6063, Time:  1.927E-02s, Progress:  96.37%, Time Inc.: 3.180E-06s @ element    1118 in Part SYS\wall Est. Clock Time Remaining: 0s        
Cycle:     6064, Time:  1.928E-02s, Progress:  96.39%, Time Inc.: 3.180E-06s @ element    1118 in Part SYS\wall Est. Clock Time Remaining: 0s        
Cycle:     6065, Time:  1.928E-02s, Progress:  96.41%, Time Inc.: 3.180E-06s @ element    1118 in Part SYS\wall Est. Clock Time Remaining: 0s        
Cycle:     6066, Time:  1.928E-02s, Progress:  96.42%, Time Inc.: 3.180E-06s @ element    1118 in Part SYS\wall Est. Clock Time Remaining: 0s        
Cycle:     6067, Time:  1.929E-02s, Progress:  96.44%, Time Inc.: 3.180E-06s @ element     370 in Part SYS\wall Est. Clock Time Remaining: 0s        
Cycle:     6068, Time:  1.929E-02s, Progress:  96.45%, Time Inc.: 3.180E-06s @ element     370 in Part SYS\wall Est. Clock Time Remaining: 0s        
Cycle:     6069, Time:  1.929E-02s, Progress:  96.47%, Time Inc.: 3.180E-06s @ element     370 in Part SYS\wall Est. Clock Time Remaining: 0s        
Cycle:     6070, Time:  1.930E-02s, Progress:  96.49%, Time Inc.: 3.180E-06s @ element     370 in Part SYS\wall Est. Clock Time Remaining: 0s        
Cycle:     6071, Time:  1.930E-02s, Progress:  96.50%, Time Inc.: 3.180E-06s @ element     370 in Part SYS\wall Est. Clock Time Remaining: 0s        
Cycle:     6072, Time:  1.930E-02s, Progress:  96.52%, Time Inc.: 3.180E-06s @ element     370 in Part SYS\wall Est. Clock Time Remaining: 0s        
Cycle:     6073, Time:  1.931E-02s, Progress:  96.53%, Time Inc.: 3.180E-06s @ element     370 in Part SYS\wall Est. Clock Time Remaining: 0s        
Cycle:     6074, Time:  1.931E-02s, Progress:  96.55%, Time Inc.: 3.180E-06s @ element     370 in Part SYS\wall Est. Clock Time Remaining: 0s        
Cycle:     6075, Time:  1.931E-02s, Progress:  96.57%, Time Inc.: 3.180E-06s @ element     370 in Part SYS\wall Est. Clock Time Remaining: 0s        
Cycle:     6076, Time:  1.932E-02s, Progress:  96.58%, Time Inc.: 3.180E-06s @ element     298 in Part SYS\wall Est. Clock Time Remaining: 0s        
Cycle:     6077, Time:  1.932E-02s, Progress:  96.60%, Time Inc.: 3.180E-06s @ element     298 in Part SYS\wall Est. Clock Time Remaining: 0s        
Cycle:     6078, Time:  1.932E-02s, Progress:  96.61%, Time Inc.: 3.180E-06s @ element     298 in Part SYS\wall Est. Clock Time Remaining: 0s        
Cycle:     6079, Time:  1.933E-02s, Progress:  96.63%, Time Inc.: 3.180E-06s @ element     298 in Part SYS\wall Est. Clock Time Remaining: 0s        
Cycle:     6080, Time:  1.933E-02s, Progress:  96.64%, Time Inc.: 3.180E-06s @ element     298 in Part SYS\wall Est. Clock Time Remaining: 0s        
Cycle:     6081, Time:  1.933E-02s, Progress:  96.66%, Time Inc.: 3.180E-06s @ element     298 in Part SYS\wall Est. Clock Time Remaining: 0s        
Cycle:     6082, Time:  1.934E-02s, Progress:  96.68%, Time Inc.: 3.180E-06s @ element     298 in Part SYS\wall Est. Clock Time Remaining: 0s        
Cycle:     6083, Time:  1.934E-02s, Progress:  96.69%, Time Inc.: 3.180E-06s @ element     298 in Part SYS\wall Est. Clock Time Remaining: 0s        
Cycle:     6084, Time:  1.934E-02s, Progress:  96.71%, Time Inc.: 3.180E-06s @ element     298 in Part SYS\wall Est. Clock Time Remaining: 0s        
Cycle:     6085, Time:  1.934E-02s, Progress:  96.72%, Time Inc.: 3.180E-06s @ element     370 in Part SYS\wall Est. Clock Time Remaining: 0s        
Cycle:     6086, Time:  1.935E-02s, Progress:  96.74%, Time Inc.: 3.180E-06s @ element     370 in Part SYS\wall Est. Clock Time Remaining: 0s        
Cycle:     6087, Time:  1.935E-02s, Progress:  96.76%, Time Inc.: 3.180E-06s @ element    1118 in Part SYS\wall Est. Clock Time Remaining: 0s        
Cycle:     6088, Time:  1.935E-02s, Progress:  96.77%, Time Inc.: 3.180E-06s @ element    1118 in Part SYS\wall Est. Clock Time Remaining: 0s        
Cycle:     6089, Time:  1.936E-02s, Progress:  96.79%, Time Inc.: 3.180E-06s @ element    1118 in Part SYS\wall Est. Clock Time Remaining: 0s        
Cycle:     6090, Time:  1.936E-02s, Progress:  96.80%, Time Inc.: 3.180E-06s @ element    1118 in Part SYS\wall Est. Clock Time Remaining: 0s        
Cycle:     6091, Time:  1.936E-02s, Progress:  96.82%, Time Inc.: 3.180E-06s @ element    1118 in Part SYS\wall Est. Clock Time Remaining: 0s        
Cycle:     6092, Time:  1.937E-02s, Progress:  96.84%, Time Inc.: 3.180E-06s @ element    1118 in Part SYS\wall Est. Clock Time Remaining: 0s        
Cycle:     6093, Time:  1.937E-02s, Progress:  96.85%, Time Inc.: 3.180E-06s @ element    1118 in Part SYS\wall Est. Clock Time Remaining: 0s        
Cycle:     6094, Time:  1.937E-02s, Progress:  96.87%, Time Inc.: 3.180E-06s @ element    1118 in Part SYS\wall Est. Clock Time Remaining: 0s        
Cycle:     6095, Time:  1.938E-02s, Progress:  96.88%, Time Inc.: 3.180E-06s @ element    1118 in Part SYS\wall Est. Clock Time Remaining: 0s        
Cycle:     6096, Time:  1.938E-02s, Progress:  96.90%, Time Inc.: 3.180E-06s @ element    1118 in Part SYS\wall Est. Clock Time Remaining: 0s        
Cycle:     6097, Time:  1.938E-02s, Progress:  96.91%, Time Inc.: 3.180E-06s @ element    1118 in Part SYS\wall Est. Clock Time Remaining: 0s        
Cycle:     6098, Time:  1.939E-02s, Progress:  96.93%, Time Inc.: 3.180E-06s @ element    1118 in Part SYS\wall Est. Clock Time Remaining: 0s        
Cycle:     6099, Time:  1.939E-02s, Progress:  96.95%, Time Inc.: 3.180E-06s @ element    1118 in Part SYS\wall Est. Clock Time Remaining: 0s        
Cycle:     6100, Time:  1.939E-02s, Progress:  96.96%, Time Inc.: 3.180E-06s @ element    1118 in Part SYS\wall Est. Clock Time Remaining: 0s        
Cycle:     6101, Time:  1.940E-02s, Progress:  96.98%, Time Inc.: 3.180E-06s @ element    1118 in Part SYS\wall Est. Clock Time Remaining: 0s        
Cycle:     6102, Time:  1.940E-02s, Progress:  96.99%, Time Inc.: 3.180E-06s @ element    1118 in Part SYS\wall Est. Clock Time Remaining: 0s        
Cycle:     6103, Time:  1.940E-02s, Progress:  97.01%, Time Inc.: 3.180E-06s @ element    1118 in Part SYS\wall Est. Clock Time Remaining: 0s        
Cycle:     6104, Time:  1.941E-02s, Progress:  97.03%, Time Inc.: 3.180E-06s @ element    1118 in Part SYS\wall Est. Clock Time Remaining: 0s        
Cycle:     6105, Time:  1.941E-02s, Progress:  97.04%, Time Inc.: 3.180E-06s @ element    1118 in Part SYS\wall Est. Clock Time Remaining: 0s        
Cycle:     6106, Time:  1.941E-02s, Progress:  97.06%, Time Inc.: 3.180E-06s @ element    1118 in Part SYS\wall Est. Clock Time Remaining: 0s        
Cycle:     6107, Time:  1.941E-02s, Progress:  97.07%, Time Inc.: 3.180E-06s @ element    1118 in Part SYS\wall Est. Clock Time Remaining: 0s        
Cycle:     6108, Time:  1.942E-02s, Progress:  97.09%, Time Inc.: 3.180E-06s @ element    1118 in Part SYS\wall Est. Clock Time Remaining: 0s        
Cycle:     6109, Time:  1.942E-02s, Progress:  97.11%, Time Inc.: 3.180E-06s @ element    1118 in Part SYS\wall Est. Clock Time Remaining: 0s        
Cycle:     6110, Time:  1.942E-02s, Progress:  97.12%, Time Inc.: 3.180E-06s @ element    1118 in Part SYS\wall Est. Clock Time Remaining: 0s        
Cycle:     6111, Time:  1.943E-02s, Progress:  97.14%, Time Inc.: 3.180E-06s @ element    1118 in Part SYS\wall Est. Clock Time Remaining: 0s        
Cycle:     6112, Time:  1.943E-02s, Progress:  97.15%, Time Inc.: 3.180E-06s @ element    1118 in Part SYS\wall Est. Clock Time Remaining: 0s        
Cycle:     6113, Time:  1.943E-02s, Progress:  97.17%, Time Inc.: 3.180E-06s @ element    1118 in Part SYS\wall Est. Clock Time Remaining: 0s        
Cycle:     6114, Time:  1.944E-02s, Progress:  97.19%, Time Inc.: 3.180E-06s @ element    1118 in Part SYS\wall Est. Clock Time Remaining: 0s        
Cycle:     6115, Time:  1.944E-02s, Progress:  97.20%, Time Inc.: 3.180E-06s @ element    1118 in Part SYS\wall Est. Clock Time Remaining: 0s        
Cycle:     6116, Time:  1.944E-02s, Progress:  97.22%, Time Inc.: 3.180E-06s @ element    1118 in Part SYS\wall Est. Clock Time Remaining: 0s        
Cycle:     6117, Time:  1.945E-02s, Progress:  97.23%, Time Inc.: 3.180E-06s @ element    1118 in Part SYS\wall Est. Clock Time Remaining: 0s        
Cycle:     6118, Time:  1.945E-02s, Progress:  97.25%, Time Inc.: 3.180E-06s @ element    1118 in Part SYS\wall Est. Clock Time Remaining: 0s        
Cycle:     6119, Time:  1.945E-02s, Progress:  97.26%, Time Inc.: 3.180E-06s @ element    1118 in Part SYS\wall Est. Clock Time Remaining: 0s        
Cycle:     6120, Time:  1.946E-02s, Progress:  97.28%, Time Inc.: 3.180E-06s @ element    1118 in Part SYS\wall Est. Clock Time Remaining: 0s        
Cycle:     6121, Time:  1.946E-02s, Progress:  97.30%, Time Inc.: 3.180E-06s @ element    1118 in Part SYS\wall Est. Clock Time Remaining: 0s        
Cycle:     6122, Time:  1.946E-02s, Progress:  97.31%, Time Inc.: 3.180E-06s @ element    1118 in Part SYS\wall Est. Clock Time Remaining: 0s        
Cycle:     6123, Time:  1.947E-02s, Progress:  97.33%, Time Inc.: 3.180E-06s @ element    1118 in Part SYS\wall Est. Clock Time Remaining: 0s        
Cycle:     6124, Time:  1.947E-02s, Progress:  97.34%, Time Inc.: 3.180E-06s @ element    1118 in Part SYS\wall Est. Clock Time Remaining: 0s        
Cycle:     6125, Time:  1.947E-02s, Progress:  97.36%, Time Inc.: 3.180E-06s @ element    1118 in Part SYS\wall Est. Clock Time Remaining: 0s        
Cycle:     6126, Time:  1.948E-02s, Progress:  97.38%, Time Inc.: 3.180E-06s @ element    1118 in Part SYS\wall Est. Clock Time Remaining: 0s        
Cycle:     6127, Time:  1.948E-02s, Progress:  97.39%, Time Inc.: 3.180E-06s @ element    1118 in Part SYS\wall Est. Clock Time Remaining: 0s        
Cycle:     6128, Time:  1.948E-02s, Progress:  97.41%, Time Inc.: 3.180E-06s @ element    1118 in Part SYS\wall Est. Clock Time Remaining: 0s        
Cycle:     6129, Time:  1.948E-02s, Progress:  97.42%, Time Inc.: 3.180E-06s @ element    1118 in Part SYS\wall Est. Clock Time Remaining: 0s        
Cycle:     6130, Time:  1.949E-02s, Progress:  97.44%, Time Inc.: 3.180E-06s @ element    1118 in Part SYS\wall Est. Clock Time Remaining: 0s        
Cycle:     6131, Time:  1.949E-02s, Progress:  97.46%, Time Inc.: 3.180E-06s @ element    1118 in Part SYS\wall Est. Clock Time Remaining: 0s        
Cycle:     6132, Time:  1.949E-02s, Progress:  97.47%, Time Inc.: 3.180E-06s @ element    1118 in Part SYS\wall Est. Clock Time Remaining: 0s        
Cycle:     6133, Time:  1.950E-02s, Progress:  97.49%, Time Inc.: 3.180E-06s @ element    1118 in Part SYS\wall Est. Clock Time Remaining: 0s        
Cycle:     6134, Time:  1.950E-02s, Progress:  97.50%, Time Inc.: 3.180E-06s @ element    1118 in Part SYS\wall Est. Clock Time Remaining: 0s        
Cycle:     6135, Time:  1.950E-02s, Progress:  97.52%, Time Inc.: 3.180E-06s @ element    1118 in Part SYS\wall Est. Clock Time Remaining: 0s        
Cycle:     6136, Time:  1.951E-02s, Progress:  97.54%, Time Inc.: 3.180E-06s @ element    1118 in Part SYS\wall Est. Clock Time Remaining: 0s        
Cycle:     6137, Time:  1.951E-02s, Progress:  97.55%, Time Inc.: 3.180E-06s @ element    1118 in Part SYS\wall Est. Clock Time Remaining: 0s        
Cycle:     6138, Time:  1.951E-02s, Progress:  97.57%, Time Inc.: 3.180E-06s @ element    1118 in Part SYS\wall Est. Clock Time Remaining: 0s        
Cycle:     6139, Time:  1.952E-02s, Progress:  97.58%, Time Inc.: 3.180E-06s @ element    1118 in Part SYS\wall Est. Clock Time Remaining: 0s        
Cycle:     6140, Time:  1.952E-02s, Progress:  97.60%, Time Inc.: 3.180E-06s @ element    1118 in Part SYS\wall Est. Clock Time Remaining: 0s        
Cycle:     6141, Time:  1.952E-02s, Progress:  97.61%, Time Inc.: 3.180E-06s @ element    1118 in Part SYS\wall Est. Clock Time Remaining: 0s        
Cycle:     6142, Time:  1.953E-02s, Progress:  97.63%, Time Inc.: 3.180E-06s @ element    1118 in Part SYS\wall Est. Clock Time Remaining: 0s        
Cycle:     6143, Time:  1.953E-02s, Progress:  97.65%, Time Inc.: 3.180E-06s @ element    1118 in Part SYS\wall Est. Clock Time Remaining: 0s        
Cycle:     6144, Time:  1.953E-02s, Progress:  97.66%, Time Inc.: 3.180E-06s @ element    1118 in Part SYS\wall Est. Clock Time Remaining: 0s        
Cycle:     6145, Time:  1.954E-02s, Progress:  97.68%, Time Inc.: 3.180E-06s @ element    1118 in Part SYS\wall Est. Clock Time Remaining: 0s        
Cycle:     6146, Time:  1.954E-02s, Progress:  97.69%, Time Inc.: 3.180E-06s @ element    1118 in Part SYS\wall Est. Clock Time Remaining: 0s        
Cycle:     6147, Time:  1.954E-02s, Progress:  97.71%, Time Inc.: 3.180E-06s @ element    1118 in Part SYS\wall Est. Clock Time Remaining: 0s        
Cycle:     6148, Time:  1.955E-02s, Progress:  97.73%, Time Inc.: 3.180E-06s @ element    1118 in Part SYS\wall Est. Clock Time Remaining: 0s        
Cycle:     6149, Time:  1.955E-02s, Progress:  97.74%, Time Inc.: 3.180E-06s @ element    1118 in Part SYS\wall Est. Clock Time Remaining: 0s        
Cycle:     6150, Time:  1.955E-02s, Progress:  97.76%, Time Inc.: 3.180E-06s @ element    1118 in Part SYS\wall Est. Clock Time Remaining: 0s        
Cycle:     6151, Time:  1.955E-02s, Progress:  97.77%, Time Inc.: 3.180E-06s @ element    1118 in Part SYS\wall Est. Clock Time Remaining: 0s        
Cycle:     6152, Time:  1.956E-02s, Progress:  97.79%, Time Inc.: 3.180E-06s @ element    1118 in Part SYS\wall Est. Clock Time Remaining: 0s        
Cycle:     6153, Time:  1.956E-02s, Progress:  97.81%, Time Inc.: 3.180E-06s @ element    1118 in Part SYS\wall Est. Clock Time Remaining: 0s        
Cycle:     6154, Time:  1.956E-02s, Progress:  97.82%, Time Inc.: 3.180E-06s @ element    1118 in Part SYS\wall Est. Clock Time Remaining: 0s        
Cycle:     6155, Time:  1.957E-02s, Progress:  97.84%, Time Inc.: 3.180E-06s @ element    1118 in Part SYS\wall Est. Clock Time Remaining: 0s        
Cycle:     6156, Time:  1.957E-02s, Progress:  97.85%, Time Inc.: 3.180E-06s @ element    1118 in Part SYS\wall Est. Clock Time Remaining: 0s        
Cycle:     6157, Time:  1.957E-02s, Progress:  97.87%, Time Inc.: 3.180E-06s @ element    1118 in Part SYS\wall Est. Clock Time Remaining: 0s        
Cycle:     6158, Time:  1.958E-02s, Progress:  97.88%, Time Inc.: 3.180E-06s @ element    1118 in Part SYS\wall Est. Clock Time Remaining: 0s        
Cycle:     6159, Time:  1.958E-02s, Progress:  97.90%, Time Inc.: 3.180E-06s @ element    1118 in Part SYS\wall Est. Clock Time Remaining: 0s        
Cycle:     6160, Time:  1.958E-02s, Progress:  97.92%, Time Inc.: 3.180E-06s @ element    1118 in Part SYS\wall Est. Clock Time Remaining: 0s        
Cycle:     6161, Time:  1.959E-02s, Progress:  97.93%, Time Inc.: 3.180E-06s @ element    1118 in Part SYS\wall Est. Clock Time Remaining: 0s        
Cycle:     6162, Time:  1.959E-02s, Progress:  97.95%, Time Inc.: 3.180E-06s @ element    1118 in Part SYS\wall Est. Clock Time Remaining: 0s        
Cycle:     6163, Time:  1.959E-02s, Progress:  97.96%, Time Inc.: 3.180E-06s @ element    1118 in Part SYS\wall Est. Clock Time Remaining: 0s        
Cycle:     6164, Time:  1.960E-02s, Progress:  97.98%, Time Inc.: 3.180E-06s @ element    1118 in Part SYS\wall Est. Clock Time Remaining: 0s        
Cycle:     6165, Time:  1.960E-02s, Progress:  98.00%, Time Inc.: 3.180E-06s @ element    1118 in Part SYS\wall Est. Clock Time Remaining: 0s        
Cycle:     6166, Time:  1.960E-02s, Progress:  98.01%, Time Inc.: 3.180E-06s @ element    1118 in Part SYS\wall Est. Clock Time Remaining: 0s        
Cycle:     6167, Time:  1.961E-02s, Progress:  98.03%, Time Inc.: 3.180E-06s @ element    1118 in Part SYS\wall Est. Clock Time Remaining: 0s        
Cycle:     6168, Time:  1.961E-02s, Progress:  98.04%, Time Inc.: 3.180E-06s @ element    1118 in Part SYS\wall Est. Clock Time Remaining: 0s        
Cycle:     6169, Time:  1.961E-02s, Progress:  98.06%, Time Inc.: 3.180E-06s @ element    1118 in Part SYS\wall Est. Clock Time Remaining: 0s        
Cycle:     6170, Time:  1.962E-02s, Progress:  98.08%, Time Inc.: 3.180E-06s @ element    1118 in Part SYS\wall Est. Clock Time Remaining: 0s        
Cycle:     6171, Time:  1.962E-02s, Progress:  98.09%, Time Inc.: 3.180E-06s @ element    1118 in Part SYS\wall Est. Clock Time Remaining: 0s        
Cycle:     6172, Time:  1.962E-02s, Progress:  98.11%, Time Inc.: 3.180E-06s @ element    1118 in Part SYS\wall Est. Clock Time Remaining: 0s        
Cycle:     6173, Time:  1.962E-02s, Progress:  98.12%, Time Inc.: 3.180E-06s @ element    1118 in Part SYS\wall Est. Clock Time Remaining: 0s        
Cycle:     6174, Time:  1.963E-02s, Progress:  98.14%, Time Inc.: 3.180E-06s @ element    1118 in Part SYS\wall Est. Clock Time Remaining: 0s        
Cycle:     6175, Time:  1.963E-02s, Progress:  98.16%, Time Inc.: 3.180E-06s @ element    1118 in Part SYS\wall Est. Clock Time Remaining: 0s        
Cycle:     6176, Time:  1.963E-02s, Progress:  98.17%, Time Inc.: 3.180E-06s @ element    1118 in Part SYS\wall Est. Clock Time Remaining: 0s        
Cycle:     6177, Time:  1.964E-02s, Progress:  98.19%, Time Inc.: 3.180E-06s @ element    1118 in Part SYS\wall Est. Clock Time Remaining: 0s        
Cycle:     6178, Time:  1.964E-02s, Progress:  98.20%, Time Inc.: 3.180E-06s @ element    1118 in Part SYS\wall Est. Clock Time Remaining: 0s        
Cycle:     6179, Time:  1.964E-02s, Progress:  98.22%, Time Inc.: 3.180E-06s @ element    1118 in Part SYS\wall Est. Clock Time Remaining: 0s        
Cycle:     6180, Time:  1.965E-02s, Progress:  98.23%, Time Inc.: 3.180E-06s @ element    1118 in Part SYS\wall Est. Clock Time Remaining: 0s        
Cycle:     6181, Time:  1.965E-02s, Progress:  98.25%, Time Inc.: 3.180E-06s @ element    1118 in Part SYS\wall Est. Clock Time Remaining: 0s        
Cycle:     6182, Time:  1.965E-02s, Progress:  98.27%, Time Inc.: 3.180E-06s @ element    1118 in Part SYS\wall Est. Clock Time Remaining: 0s        
Cycle:     6183, Time:  1.966E-02s, Progress:  98.28%, Time Inc.: 3.180E-06s @ element    1118 in Part SYS\wall Est. Clock Time Remaining: 0s        
Cycle:     6184, Time:  1.966E-02s, Progress:  98.30%, Time Inc.: 3.180E-06s @ element    1118 in Part SYS\wall Est. Clock Time Remaining: 0s        
Cycle:     6185, Time:  1.966E-02s, Progress:  98.31%, Time Inc.: 3.180E-06s @ element    1118 in Part SYS\wall Est. Clock Time Remaining: 0s        
Cycle:     6186, Time:  1.967E-02s, Progress:  98.33%, Time Inc.: 3.180E-06s @ element    1118 in Part SYS\wall Est. Clock Time Remaining: 0s        
Cycle:     6187, Time:  1.967E-02s, Progress:  98.35%, Time Inc.: 3.180E-06s @ element    1118 in Part SYS\wall Est. Clock Time Remaining: 0s        
Cycle:     6188, Time:  1.967E-02s, Progress:  98.36%, Time Inc.: 3.180E-06s @ element    1118 in Part SYS\wall Est. Clock Time Remaining: 0s        
Cycle:     6189, Time:  1.968E-02s, Progress:  98.38%, Time Inc.: 3.180E-06s @ element    1118 in Part SYS\wall Est. Clock Time Remaining: 0s        
Cycle:     6190, Time:  1.968E-02s, Progress:  98.39%, Time Inc.: 3.180E-06s @ element    1118 in Part SYS\wall Est. Clock Time Remaining: 0s        
Cycle:     6191, Time:  1.968E-02s, Progress:  98.41%, Time Inc.: 3.180E-06s @ element     165 in Part SYS\wall Est. Clock Time Remaining: 0s        
Cycle:     6192, Time:  1.969E-02s, Progress:  98.43%, Time Inc.: 3.180E-06s @ element     165 in Part SYS\wall Est. Clock Time Remaining: 0s        
Cycle:     6193, Time:  1.969E-02s, Progress:  98.44%, Time Inc.: 3.180E-06s @ element     165 in Part SYS\wall Est. Clock Time Remaining: 0s        
Cycle:     6194, Time:  1.969E-02s, Progress:  98.46%, Time Inc.: 3.180E-06s @ element     165 in Part SYS\wall Est. Clock Time Remaining: 0s        
Cycle:     6195, Time:  1.969E-02s, Progress:  98.47%, Time Inc.: 3.180E-06s @ element     165 in Part SYS\wall Est. Clock Time Remaining: 0s        
Cycle:     6196, Time:  1.970E-02s, Progress:  98.49%, Time Inc.: 3.180E-06s @ element     165 in Part SYS\wall Est. Clock Time Remaining: 0s        
Cycle:     6197, Time:  1.970E-02s, Progress:  98.51%, Time Inc.: 3.180E-06s @ element     165 in Part SYS\wall Est. Clock Time Remaining: 0s        
Cycle:     6198, Time:  1.970E-02s, Progress:  98.52%, Time Inc.: 3.180E-06s @ element     165 in Part SYS\wall Est. Clock Time Remaining: 0s        
Cycle:     6199, Time:  1.971E-02s, Progress:  98.54%, Time Inc.: 3.180E-06s @ element     165 in Part SYS\wall Est. Clock Time Remaining: 0s        
Cycle:     6200, Time:  1.971E-02s, Progress:  98.55%, Time Inc.: 3.180E-06s @ element     165 in Part SYS\wall Est. Clock Time Remaining: 0s        
Cycle:     6201, Time:  1.971E-02s, Progress:  98.57%, Time Inc.: 3.180E-06s @ element     165 in Part SYS\wall Est. Clock Time Remaining: 0s        
Cycle:     6202, Time:  1.972E-02s, Progress:  98.58%, Time Inc.: 3.180E-06s @ element     165 in Part SYS\wall Est. Clock Time Remaining: 0s        
Cycle:     6203, Time:  1.972E-02s, Progress:  98.60%, Time Inc.: 3.180E-06s @ element     165 in Part SYS\wall Est. Clock Time Remaining: 0s        
Cycle:     6204, Time:  1.972E-02s, Progress:  98.62%, Time Inc.: 3.180E-06s @ element     165 in Part SYS\wall Est. Clock Time Remaining: 0s        
Cycle:     6205, Time:  1.973E-02s, Progress:  98.63%, Time Inc.: 3.180E-06s @ element     165 in Part SYS\wall Est. Clock Time Remaining: 0s        
Cycle:     6206, Time:  1.973E-02s, Progress:  98.65%, Time Inc.: 3.180E-06s @ element     165 in Part SYS\wall Est. Clock Time Remaining: 0s        
Cycle:     6207, Time:  1.973E-02s, Progress:  98.66%, Time Inc.: 3.180E-06s @ element     165 in Part SYS\wall Est. Clock Time Remaining: 0s        
Cycle:     6208, Time:  1.974E-02s, Progress:  98.68%, Time Inc.: 3.180E-06s @ element     165 in Part SYS\wall Est. Clock Time Remaining: 0s        
Cycle:     6209, Time:  1.974E-02s, Progress:  98.70%, Time Inc.: 3.180E-06s @ element     165 in Part SYS\wall Est. Clock Time Remaining: 0s        
Cycle:     6210, Time:  1.974E-02s, Progress:  98.71%, Time Inc.: 3.180E-06s @ element     165 in Part SYS\wall Est. Clock Time Remaining: 0s        
Cycle:     6211, Time:  1.975E-02s, Progress:  98.73%, Time Inc.: 3.180E-06s @ element     165 in Part SYS\wall Est. Clock Time Remaining: 0s        
Cycle:     6212, Time:  1.975E-02s, Progress:  98.74%, Time Inc.: 3.180E-06s @ element      61 in Part SYS\wall Est. Clock Time Remaining: 0s        
Cycle:     6213, Time:  1.975E-02s, Progress:  98.76%, Time Inc.: 3.180E-06s @ element     229 in Part SYS\wall Est. Clock Time Remaining: 0s        
Cycle:     6214, Time:  1.976E-02s, Progress:  98.78%, Time Inc.: 3.180E-06s @ element     229 in Part SYS\wall Est. Clock Time Remaining: 0s        
Cycle:     6215, Time:  1.976E-02s, Progress:  98.79%, Time Inc.: 3.180E-06s @ element      61 in Part SYS\wall Est. Clock Time Remaining: 0s        
Cycle:     6216, Time:  1.976E-02s, Progress:  98.81%, Time Inc.: 3.180E-06s @ element      61 in Part SYS\wall Est. Clock Time Remaining: 0s        
Cycle:     6217, Time:  1.976E-02s, Progress:  98.82%, Time Inc.: 3.180E-06s @ element      61 in Part SYS\wall Est. Clock Time Remaining: 0s        
Cycle:     6218, Time:  1.977E-02s, Progress:  98.84%, Time Inc.: 3.180E-06s @ element      61 in Part SYS\wall Est. Clock Time Remaining: 0s        
Cycle:     6219, Time:  1.977E-02s, Progress:  98.85%, Time Inc.: 3.180E-06s @ element      61 in Part SYS\wall Est. Clock Time Remaining: 0s        
Cycle:     6220, Time:  1.977E-02s, Progress:  98.87%, Time Inc.: 3.180E-06s @ element      61 in Part SYS\wall Est. Clock Time Remaining: 0s        
Cycle:     6221, Time:  1.978E-02s, Progress:  98.89%, Time Inc.: 3.180E-06s @ element      61 in Part SYS\wall Est. Clock Time Remaining: 0s        
Cycle:     6222, Time:  1.978E-02s, Progress:  98.90%, Time Inc.: 3.180E-06s @ element      61 in Part SYS\wall Est. Clock Time Remaining: 0s        
Cycle:     6223, Time:  1.978E-02s, Progress:  98.92%, Time Inc.: 3.180E-06s @ element      61 in Part SYS\wall Est. Clock Time Remaining: 0s        
Cycle:     6224, Time:  1.979E-02s, Progress:  98.93%, Time Inc.: 3.180E-06s @ element      57 in Part SYS\wall Est. Clock Time Remaining: 0s        
Cycle:     6225, Time:  1.979E-02s, Progress:  98.95%, Time Inc.: 3.180E-06s @ element      57 in Part SYS\wall Est. Clock Time Remaining: 0s        
Cycle:     6226, Time:  1.979E-02s, Progress:  98.97%, Time Inc.: 3.180E-06s @ element      57 in Part SYS\wall Est. Clock Time Remaining: 0s        
Cycle:     6227, Time:  1.980E-02s, Progress:  98.98%, Time Inc.: 3.180E-06s @ element      57 in Part SYS\wall Est. Clock Time Remaining: 0s        
Cycle:     6228, Time:  1.980E-02s, Progress:  99.00%, Time Inc.: 3.180E-06s @ element      57 in Part SYS\wall Est. Clock Time Remaining: 0s        
Cycle:     6229, Time:  1.980E-02s, Progress:  99.01%, Time Inc.: 3.180E-06s @ element      23 in Part SYS\wall Est. Clock Time Remaining: 0s        
Cycle:     6230, Time:  1.981E-02s, Progress:  99.03%, Time Inc.: 3.180E-06s @ element      23 in Part SYS\wall Est. Clock Time Remaining: 0s        
Cycle:     6231, Time:  1.981E-02s, Progress:  99.05%, Time Inc.: 3.180E-06s @ element      23 in Part SYS\wall Est. Clock Time Remaining: 0s        
Cycle:     6232, Time:  1.981E-02s, Progress:  99.06%, Time Inc.: 3.180E-06s @ element      23 in Part SYS\wall Est. Clock Time Remaining: 0s        
Cycle:     6233, Time:  1.982E-02s, Progress:  99.08%, Time Inc.: 3.180E-06s @ element      23 in Part SYS\wall Est. Clock Time Remaining: 0s        
Cycle:     6234, Time:  1.982E-02s, Progress:  99.09%, Time Inc.: 3.180E-06s @ element      23 in Part SYS\wall Est. Clock Time Remaining: 0s        
Cycle:     6235, Time:  1.982E-02s, Progress:  99.11%, Time Inc.: 3.180E-06s @ element      23 in Part SYS\wall Est. Clock Time Remaining: 0s        
Cycle:     6236, Time:  1.983E-02s, Progress:  99.13%, Time Inc.: 3.180E-06s @ element      61 in Part SYS\wall Est. Clock Time Remaining: 0s        
Cycle:     6237, Time:  1.983E-02s, Progress:  99.14%, Time Inc.: 3.180E-06s @ element      61 in Part SYS\wall Est. Clock Time Remaining: 0s        
Cycle:     6238, Time:  1.983E-02s, Progress:  99.16%, Time Inc.: 3.180E-06s @ element      61 in Part SYS\wall Est. Clock Time Remaining: 0s        
Cycle:     6239, Time:  1.983E-02s, Progress:  99.17%, Time Inc.: 3.180E-06s @ element      61 in Part SYS\wall Est. Clock Time Remaining: 0s        
Cycle:     6240, Time:  1.984E-02s, Progress:  99.19%, Time Inc.: 3.180E-06s @ element      61 in Part SYS\wall Est. Clock Time Remaining: 0s        
Cycle:     6241, Time:  1.984E-02s, Progress:  99.20%, Time Inc.: 3.180E-06s @ element      61 in Part SYS\wall Est. Clock Time Remaining: 0s        
Cycle:     6242, Time:  1.984E-02s, Progress:  99.22%, Time Inc.: 3.180E-06s @ element      61 in Part SYS\wall Est. Clock Time Remaining: 0s        
Cycle:     6243, Time:  1.985E-02s, Progress:  99.24%, Time Inc.: 3.180E-06s @ element      61 in Part SYS\wall Est. Clock Time Remaining: 0s        
Cycle:     6244, Time:  1.985E-02s, Progress:  99.25%, Time Inc.: 3.180E-06s @ element      61 in Part SYS\wall Est. Clock Time Remaining: 0s        
Cycle:     6245, Time:  1.985E-02s, Progress:  99.27%, Time Inc.: 3.180E-06s @ element      61 in Part SYS\wall Est. Clock Time Remaining: 0s        
Cycle:     6246, Time:  1.986E-02s, Progress:  99.28%, Time Inc.: 3.180E-06s @ element      61 in Part SYS\wall Est. Clock Time Remaining: 0s        
Cycle:     6247, Time:  1.986E-02s, Progress:  99.30%, Time Inc.: 3.180E-06s @ element      61 in Part SYS\wall Est. Clock Time Remaining: 0s        
Cycle:     6248, Time:  1.986E-02s, Progress:  99.32%, Time Inc.: 3.180E-06s @ element      61 in Part SYS\wall Est. Clock Time Remaining: 0s        
Cycle:     6249, Time:  1.987E-02s, Progress:  99.33%, Time Inc.: 3.180E-06s @ element      61 in Part SYS\wall Est. Clock Time Remaining: 0s        
Cycle:     6250, Time:  1.987E-02s, Progress:  99.35%, Time Inc.: 3.180E-06s @ element      61 in Part SYS\wall Est. Clock Time Remaining: 0s        
Cycle:     6251, Time:  1.987E-02s, Progress:  99.36%, Time Inc.: 3.180E-06s @ element      61 in Part SYS\wall Est. Clock Time Remaining: 0s        
Cycle:     6252, Time:  1.988E-02s, Progress:  99.38%, Time Inc.: 3.180E-06s @ element      61 in Part SYS\wall Est. Clock Time Remaining: 0s        
Cycle:     6253, Time:  1.988E-02s, Progress:  99.40%, Time Inc.: 3.180E-06s @ element      61 in Part SYS\wall Est. Clock Time Remaining: 0s        
Cycle:     6254, Time:  1.988E-02s, Progress:  99.41%, Time Inc.: 3.180E-06s @ element      61 in Part SYS\wall Est. Clock Time Remaining: 0s        
Cycle:     6255, Time:  1.989E-02s, Progress:  99.43%, Time Inc.: 3.180E-06s @ element      61 in Part SYS\wall Est. Clock Time Remaining: 0s        
Cycle:     6256, Time:  1.989E-02s, Progress:  99.44%, Time Inc.: 3.180E-06s @ element      61 in Part SYS\wall Est. Clock Time Remaining: 0s        
Cycle:     6257, Time:  1.989E-02s, Progress:  99.46%, Time Inc.: 3.180E-06s @ element      61 in Part SYS\wall Est. Clock Time Remaining: 0s        
Cycle:     6258, Time:  1.990E-02s, Progress:  99.48%, Time Inc.: 3.180E-06s @ element      61 in Part SYS\wall Est. Clock Time Remaining: 0s        
Cycle:     6259, Time:  1.990E-02s, Progress:  99.49%, Time Inc.: 3.180E-06s @ element      61 in Part SYS\wall Est. Clock Time Remaining: 0s        
Cycle:     6260, Time:  1.990E-02s, Progress:  99.51%, Time Inc.: 3.180E-06s @ element      61 in Part SYS\wall Est. Clock Time Remaining: 0s        
Cycle:     6261, Time:  1.990E-02s, Progress:  99.52%, Time Inc.: 3.180E-06s @ element      61 in Part SYS\wall Est. Clock Time Remaining: 0s        
Cycle:     6262, Time:  1.991E-02s, Progress:  99.54%, Time Inc.: 3.180E-06s @ element      61 in Part SYS\wall Est. Clock Time Remaining: 0s        
Cycle:     6263, Time:  1.991E-02s, Progress:  99.55%, Time Inc.: 3.180E-06s @ element      61 in Part SYS\wall Est. Clock Time Remaining: 0s        
Cycle:     6264, Time:  1.991E-02s, Progress:  99.57%, Time Inc.: 3.180E-06s @ element      61 in Part SYS\wall Est. Clock Time Remaining: 0s        
Cycle:     6265, Time:  1.992E-02s, Progress:  99.59%, Time Inc.: 3.180E-06s @ element      61 in Part SYS\wall Est. Clock Time Remaining: 0s        
Cycle:     6266, Time:  1.992E-02s, Progress:  99.60%, Time Inc.: 3.180E-06s @ element      61 in Part SYS\wall Est. Clock Time Remaining: 0s        
Cycle:     6267, Time:  1.992E-02s, Progress:  99.62%, Time Inc.: 3.180E-06s @ element      61 in Part SYS\wall Est. Clock Time Remaining: 0s        
Cycle:     6268, Time:  1.993E-02s, Progress:  99.63%, Time Inc.: 3.180E-06s @ element      61 in Part SYS\wall Est. Clock Time Remaining: 0s        
Cycle:     6269, Time:  1.993E-02s, Progress:  99.65%, Time Inc.: 3.180E-06s @ element      61 in Part SYS\wall Est. Clock Time Remaining: 0s        
Cycle:     6270, Time:  1.993E-02s, Progress:  99.67%, Time Inc.: 3.180E-06s @ element      61 in Part SYS\wall Est. Clock Time Remaining: 0s        
Cycle:     6271, Time:  1.994E-02s, Progress:  99.68%, Time Inc.: 3.180E-06s @ element      61 in Part SYS\wall Est. Clock Time Remaining: 0s        
Cycle:     6272, Time:  1.994E-02s, Progress:  99.70%, Time Inc.: 3.180E-06s @ element      61 in Part SYS\wall Est. Clock Time Remaining: 0s        
Cycle:     6273, Time:  1.994E-02s, Progress:  99.71%, Time Inc.: 3.180E-06s @ element      61 in Part SYS\wall Est. Clock Time Remaining: 0s        
Cycle:     6274, Time:  1.995E-02s, Progress:  99.73%, Time Inc.: 3.180E-06s @ element      61 in Part SYS\wall Est. Clock Time Remaining: 0s        
Cycle:     6275, Time:  1.995E-02s, Progress:  99.75%, Time Inc.: 3.180E-06s @ element      61 in Part SYS\wall Est. Clock Time Remaining: 0s        
Cycle:     6276, Time:  1.995E-02s, Progress:  99.76%, Time Inc.: 3.180E-06s @ element      57 in Part SYS\wall Est. Clock Time Remaining: 0s        
Cycle:     6277, Time:  1.996E-02s, Progress:  99.78%, Time Inc.: 3.180E-06s @ element      57 in Part SYS\wall Est. Clock Time Remaining: 0s        
Cycle:     6278, Time:  1.996E-02s, Progress:  99.79%, Time Inc.: 3.180E-06s @ element      57 in Part SYS\wall Est. Clock Time Remaining: 0s        
Cycle:     6279, Time:  1.996E-02s, Progress:  99.81%, Time Inc.: 3.180E-06s @ element      57 in Part SYS\wall Est. Clock Time Remaining: 0s        
Cycle:     6280, Time:  1.996E-02s, Progress:  99.82%, Time Inc.: 3.180E-06s @ element      57 in Part SYS\wall Est. Clock Time Remaining: 0s        
Cycle:     6281, Time:  1.997E-02s, Progress:  99.84%, Time Inc.: 3.180E-06s @ element      57 in Part SYS\wall Est. Clock Time Remaining: 0s        
Cycle:     6282, Time:  1.997E-02s, Progress:  99.86%, Time Inc.: 3.180E-06s @ element      57 in Part SYS\wall Est. Clock Time Remaining: 0s        
Cycle:     6283, Time:  1.997E-02s, Progress:  99.87%, Time Inc.: 3.180E-06s @ element      57 in Part SYS\wall Est. Clock Time Remaining: 0s        
Cycle:     6284, Time:  1.998E-02s, Progress:  99.89%, Time Inc.: 3.180E-06s @ element      57 in Part SYS\wall Est. Clock Time Remaining: 0s        
Cycle:     6285, Time:  1.998E-02s, Progress:  99.90%, Time Inc.: 3.180E-06s @ element      57 in Part SYS\wall Est. Clock Time Remaining: 0s        
Cycle:     6286, Time:  1.998E-02s, Progress:  99.92%, Time Inc.: 3.180E-06s @ element      57 in Part SYS\wall Est. Clock Time Remaining: 0s        
Cycle:     6287, Time:  1.999E-02s, Progress:  99.94%, Time Inc.: 3.180E-06s @ element      57 in Part SYS\wall Est. Clock Time Remaining: 0s        
Cycle:     6288, Time:  1.999E-02s, Progress:  99.95%, Time Inc.: 3.180E-06s @ element      57 in Part SYS\wall Est. Clock Time Remaining: 0s        
Cycle:     6289, Time:  1.999E-02s, Progress:  99.97%, Time Inc.: 3.180E-06s @ element      57 in Part SYS\wall Est. Clock Time Remaining: 0s        
Cycle:     6290, Time:  2.000E-02s, Progress:  99.98%, Time Inc.: 3.180E-06s @ element      57 in Part SYS\wall Est. Clock Time Remaining: 0s        
Cycle:     6291, Time:  2.000E-02s, Progress: 100.00%, Time Inc.: 3.180E-06s @ element     225 in Part SYS\wall Est. Clock Time Remaining: 0s        
Cycle:     6292, Time:  2.000E-02s, Progress: 100.00%, Time Inc.: 3.180E-06s @ element     225 in Part SYS\wall Est. Clock Time Remaining: -         
Problem terminated .... wrapup time reached                                                                                                                                                                                                                     
                                                                                                                                                                                                                                                                
 ********************************************                                                                                                                                                                                                                   
                                                                                                                                                                                                                                                                
