 This run of the CFX 2024 R1 Solver started at 17:41:57 on 01 Sep 2026
 by user Hp on ELVIS (intel_xeon64.sse2_winnt) using the command:
 
  "C:\Program Files\ANSYS Inc\v241\CFX\bin\perllib\cfx5solve.pl" -batch
    -ccl runInput.ccl -fullname "Fluid Flow CFX_001"
 
 2024 R1
 
  Point Releases and Patches installed:
  Ansys, Inc. License Manager 2024 R1
  Viewer 2024 R1
  Discovery 2024 R1
  SpaceClaim 2024 R1
  Icepak (includes CFD-Post) 2024 R1
  Fluids 2024 R1
  Ansys Dynamic Reporting 2024 R1
  CFD-Post only 2024 R1
  CFX (includes CFD-Post) 2024 R1
  Chemkin 2024 R1
  EnSight 2024 R1
  FENSAP-ICE 2024 R1
  Fluent (includes CFD-Post) 2024 R1
  Polyflow (includes CFD-Post) 2024 R1
  Forte (includes EnSight) 2024 R1
  ICEM CFD 2024 R1
  TurboGrid 2024 R1
  ACIS Geometry Interface 2024 R1
  AutoCAD Geometry Interface 2024 R1
  Catia, Version 4 Geometry Interface 2024 R1
  Catia, Version 5 Geometry Interface 2024 R1
  Catia, Version 6 Geometry Interface 2024 R1
  Creo Elements/Direct Modeling Geometry Interface 2024 R1
  Creo Parametric Geometry Interface 2024 R1
  Inventor Geometry Interface 2024 R1
  JTOpen Geometry Interface 2024 R1
  NX Geometry Interface 2024 R1
  Parasolid Geometry Interface  2024 R1
  Solid Edge Geometry Interface 2024 R1
  SOLIDWORKS Geometry Interface 2024 R1
  optiSLang 2024 R1
  Remote Solve Manager Standalone Services 2024 R1
  Additive 2024 R1
  Aqwa 2024 R1
  Autodyn 2024 R1
  Customization Files for User Programmable Features 2024 R1
  LS-DYNA 2024 R1
  Material Calibration App 2024 R1
  Mechanical Products 2024 R1
  Motion 2024 R1
  Sherlock 2024 R1
  Sound - SAS 2024 R1
 
 Setting up CFX Solver run ...
 
 
 +--------------------------------------------------------------------+
 |                                                                    |
 |                    CFX Command Language for Run                    |
 |                                                                    |
 +--------------------------------------------------------------------+
 
 LIBRARY:
   MATERIAL: Air at 25 C
     Material Description = Air at 25 C and 1 atm (dry)
     Material Group = Air Data, Constant Property Gases
     Option = Pure Substance
     Thermodynamic State = Gas
     PROPERTIES:
       Option = General Material
       EQUATION OF STATE:
         Density = 1.185 [kg m^-3]
         Molar Mass = 28.96 [kg kmol^-1]
         Option = Value
       END
       SPECIFIC HEAT CAPACITY:
         Option = Value
         Specific Heat Capacity = 1.0044E+03 [J kg^-1 K^-1]
         Specific Heat Type = Constant Pressure
       END
       REFERENCE STATE:
         Option = Specified Point
         Reference Pressure = 1 [atm]
         Reference Specific Enthalpy = 0. [J/kg]
         Reference Specific Entropy = 0. [J/kg/K]
         Reference Temperature = 25 [C]
       END
       DYNAMIC VISCOSITY:
         Dynamic Viscosity = 1.831E-05 [kg m^-1 s^-1]
         Option = Value
       END
       THERMAL CONDUCTIVITY:
         Option = Value
         Thermal Conductivity = 2.61E-02 [W m^-1 K^-1]
       END
       ABSORPTION COEFFICIENT:
         Absorption Coefficient = 0.01 [m^-1]
         Option = Value
       END
       SCATTERING COEFFICIENT:
         Option = Value
         Scattering Coefficient = 0.0 [m^-1]
       END
       REFRACTIVE INDEX:
         Option = Value
         Refractive Index = 1.0 [m m^-1]
       END
       THERMAL EXPANSIVITY:
         Option = Value
         Thermal Expansivity = 0.003356 [K^-1]
       END
     END
   END
 END
 FLOW: Flow Analysis 1
   SOLUTION UNITS:
     Angle Units = [rad]
     Length Units = [m]
     Mass Units = [kg]
     Solid Angle Units = [sr]
     Temperature Units = [K]
     Time Units = [s]
   END
   ANALYSIS TYPE:
     Option = Steady State
     EXTERNAL SOLVER COUPLING:
       Option = None
     END
   END
   DOMAIN: Default Domain
     Coord Frame = Coord 0
     Domain Type = Fluid
     Location = B6
     BOUNDARY: Default Domain Default
       Boundary Type = WALL
       Location = F11.6,F13.6,F15.6,F17.6,F19.6,F21.6,F23.6,F4.6,F7.6
       BOUNDARY CONDITIONS:
         MASS AND MOMENTUM:
           Option = No Slip Wall
         END
         WALL ROUGHNESS:
           Option = Smooth Wall
         END
       END
     END
     BOUNDARY: Inlet
       Boundary Type = INLET
       Location = Inlet
       BOUNDARY CONDITIONS:
         FLOW REGIME:
           Option = Subsonic
         END
         MASS AND MOMENTUM:
           Normal Speed = 80 [m s^-1]
           Option = Normal Speed
         END
         TURBULENCE:
           Option = Medium Intensity and Eddy Viscosity Ratio
         END
       END
     END
     BOUNDARY: Outlet
       Boundary Type = OUTLET
       Location = Outlet
       BOUNDARY CONDITIONS:
         FLOW REGIME:
           Option = Subsonic
         END
         MASS AND MOMENTUM:
           Option = Average Static Pressure
           Pressure Profile Blend = 0.05
           Relative Pressure = 60 [Pa]
         END
         PRESSURE AVERAGING:
           Option = Average Over Whole Outlet
         END
       END
     END
     DOMAIN MODELS:
       BUOYANCY MODEL:
         Option = Non Buoyant
       END
       DOMAIN MOTION:
         Option = Stationary
       END
       MESH DEFORMATION:
         Option = None
       END
       REFERENCE PRESSURE:
         Reference Pressure = 1 [atm]
       END
     END
     FLUID DEFINITION: Fluid 1
       Material = Air at 25 C
       Option = Material Library
       MORPHOLOGY:
         Option = Continuous Fluid
       END
     END
     FLUID MODELS:
       COMBUSTION MODEL:
         Option = None
       END
       HEAT TRANSFER MODEL:
         Fluid Temperature = 25 [C]
         Option = Isothermal
       END
       THERMAL RADIATION MODEL:
         Option = None
       END
       TURBULENCE MODEL:
         Option = SST
       END
       TURBULENT WALL FUNCTIONS:
         Option = Automatic
       END
     END
   END
   OUTPUT CONTROL:
     MONITOR OBJECTS:
       MONITOR BALANCES:
         Option = Full
       END
       MONITOR FORCES:
         Option = Full
       END
       MONITOR PARTICLES:
         Option = Full
       END
       MONITOR POINT: Monitor Point 1
         Cartesian Coordinates = 0.0[m],0.0[m],0.0[m]
         Coord Frame = Coord 0
         Option = Cartesian Coordinates
         Output Variables List = Absolute Pressure
         MONITOR LOCATION CONTROL:
           Interpolation Type = Nearest Vertex
         END
         POSITION UPDATE FREQUENCY:
           Option = Initial Mesh Only
         END
       END
       MONITOR RESIDUALS:
         Option = Full
       END
       MONITOR TOTALS:
         Option = Full
       END
     END
     RESULTS:
       File Compression Level = Default
       Option = Standard
     END
   END
   SOLVER CONTROL:
     Turbulence Numerics = First Order
     ADVECTION SCHEME:
       Option = High Resolution
     END
     CONVERGENCE CONTROL:
       Length Scale Option = Conservative
       Maximum Number of Iterations = 100
       Minimum Number of Iterations = 1
       Timescale Control = Auto Timescale
       Timescale Factor = 1.0
     END
     CONVERGENCE CRITERIA:
       Residual Target = 1.E-4
       Residual Type = RMS
     END
     DYNAMIC MODEL CONTROL:
       Global Dynamic Model Control = On
     END
     INTERRUPT CONTROL:
       Option = Any Interrupt
       CONVERGENCE CONDITIONS:
         Option = Default Conditions
       END
     END
   END
 END
 COMMAND FILE:
   Version = 24.1
   Results Version = 24.1
 END
 SIMULATION CONTROL:
   EXECUTION CONTROL:
     EXECUTABLE SELECTION:
       Double Precision = No
       Large Problem = No
     END
     INTERPOLATOR STEP CONTROL:
       Runtime Priority = Standard
       MEMORY CONTROL:
         Memory Allocation Factor = 1.0
         Option = Model Based
       END
     END
     PARALLEL HOST LIBRARY:
       HOST DEFINITION: elvis
         Host Architecture String = winnt-amd64
         Installation Root = C:\Program Files\ANSYS Inc\v%v\CFX
       END
     END
     PARTITIONER STEP CONTROL:
       Multidomain Option = Automatic
       Runtime Priority = Standard
       MEMORY CONTROL:
         Memory Allocation Factor = 1.0
         Option = Model Based
       END
       PARTITION SMOOTHING:
         Maximum Partition Smoothing Sweeps = 100
         Option = Smooth
       END
       PARTITIONING TYPE:
         MeTiS Type = k-way
         Option = MeTiS
         Partition Size Rule = Automatic
       END
     END
     RUN DEFINITION:
       Run Mode = Full
       Solver Input File = Fluid Flow CFX.def
       Solver Results File = \
         C:/Users/Hp/AppData/Local/Temp/WB_Hp_36640_2/wbnew_pending/dp0_CFX_So\
         lution/Fluid Flow CFX_001.res
     END
     SOLVER STEP CONTROL:
       Runtime Priority = Standard
       MEMORY CONTROL:
         Memory Allocation Factor = 1.0
         Option = Model Based
       END
       PARALLEL ENVIRONMENT:
         Number of Processes = 1
         Start Method = Serial
       END
     END
   END
 END
 
 
 +--------------------------------------------------------------------+
 |                                                                    |
 |                               Solver                               |
 |                                                                    |
 +--------------------------------------------------------------------+
 



 +--------------------------------------------------------------------+
 |                                                                    |
 |                       ANSYS(R) CFX(R) Solver                       |
 |                                                                    |
 | 2024 R1                                                            |
 | Build 24.1 2023-11-06T16:24:29.753953                              |
 | Mon Nov  6 17:00:38 GMTST 2023                                     |
 |                                                                    |
 |                        Executable Attributes                       |
 |                                                                    |
 |           single-64bit-int32-archfort-optimised-std-lcomp          |
 |                                                                    |
 | (C) 1996-2024 ANSYS, Inc.                                          |
 |                                                                    |
 | All rights reserved. Unauthorized use, distribution or duplication |
 | is prohibited. This product is subject to U.S. laws governing      |
 | export and re-export. For full Legal Notice, see documentation.    |
 +--------------------------------------------------------------------+




 +--------------------------------------------------------------------+
 |                  Job Information at Start of Run                   |
 +--------------------------------------------------------------------+

 Run mode:       serial run

 Host computer:  ELVIS (PID:35320)

 Job started:    Tue Sep  1 17:42:04 2026

 +--------------------------------------------------------------------+
 |                        License Information                         |
 +--------------------------------------------------------------------+
 
 License Cap:    ANSYS CFD Solver
 License ID:     Elvis-Hp-33436-001926

 INFO: Your license enables 4-way parallel execution.
       For faster simulations, please start the application with the
       appropriate parallel options.


 +--------------------------------------------------------------------+
 |         Initial Memory Allocation  (Actual usage may vary)         |
 +--------------------------------------------------------------------+

           | Real       | Integer    | Character | Logical  | Double
 ----------+------------+------------+-----------+----------+----------
 Mwords    |      18.77 |       2.65 |      9.29 |     0.12 |     0.21
 Mbytes    |      71.61 |      10.12 |      8.86 |     0.46 |     1.62
 ----------+------------+------------+-----------+----------+----------


 +--------------------------------------------------------------------+
 |            Host Memory Information (Mbytes): Solver                |
 +--------------------------------------------------------------------+
 |          Host           |     System     |   Allocated    |   %    |
 +-------------------------+----------------+----------------+--------+
 | ELVIS                   |     16000.21   |        92.67   |   0.58 |
 +-------------------------+----------------+----------------+--------+

 +--------------------------------------------------------------------+
 |                      Topology Simplification                       |
 +--------------------------------------------------------------------+

 +--------------------------------------------------------------------+
 |                       ****** Warning ******                        |
 |                                                                    |
 | Topology simplification is activated with the following            |
 | restrictions:                                                      |
 |                                                                    |
 | - Mesh regions referenced only within User Fortran and NOT         |
 |   in the command file will cause the solver to stop.               |
 | - The solver will stop during any "Edit Run in Progress" step      |
 |   if new 2D regions are referenced.                                |
 +--------------------------------------------------------------------+

 +--------------------------------------------------------------------+
 |                          Mesh Statistics                           |
 +--------------------------------------------------------------------+
 | Domain Name          | Orthog. Angle | Exp. Factor  | Aspect Ratio |
 +----------------------+---------------+--------------+--------------+
 |                      | Minimum [deg] |   Maximum    |    Maximum   |
 +----------------------+---------------+--------------+--------------+
 | Default Domain       |       66.0 OK |         7 ok |         7 OK |
 +----------------------+---------------+--------------+--------------+
 |                      |  %!  %ok  %OK | %!  %ok  %OK | %!  %ok  %OK |
 +----------------------+---------------+--------------+--------------+
 | Default Domain       |   0    0  100 |  0   <1  100 |  0    0  100 |
 +----------------------+---------------+--------------+--------------+

 Domain Name : Default Domain

     Total Number of Nodes                                =       19800

     Total Number of Elements                             =       16988
         Total Number of Prisms                           =         548
         Total Number of Hexahedrons                      =       16440

     Total Number of Faces                                =        5604

 +--------------------------------------------------------------------+
 |                  User Defined Monitor Information                  |
 +--------------------------------------------------------------------+

 Monitor Point: Monitor Point 1

   Domain: Default Domain
   User specified location (x,y,z) :  0.000E+00,  0.000E+00,  0.000E+00
   Assigned node location (x,y,z)  :  8.626E-04,  5.413E-04,  1.145E-04
   Assigned node number            :      9477
   Distance to specified location  :  1.025E-03
 
   Valid variables from output variable list:
                        Absolute Pressure

 +--------------------------------------------------------------------+
 |                     Average Scale Information                      |
 +--------------------------------------------------------------------+

 Domain Name : Default Domain
     Global Length                                         = 4.6826E-02
     Minimum Extent                                        = 1.4000E-02
     Maximum Extent                                        = 1.3900E-01
     Density                                               = 1.1850E+00
     Dynamic Viscosity                                     = 1.8310E-05
     Velocity                                              = 8.0000E+01
     Advection Time                                        = 5.8532E-04
     Reynolds Number                                       = 2.4244E+05

 +--------------------------------------------------------------------+
 |                Checking for Isolated Fluid Regions                 |
 +--------------------------------------------------------------------+
 
 No isolated fluid regions were found.

 +--------------------------------------------------------------------+
 |              The Equations Solved in This Calculation              |
 +--------------------------------------------------------------------+

 Subsystem : Wall Scale

   Wallscale

 Subsystem : Momentum and Mass

   U-Mom
   V-Mom
   W-Mom
   P-Mass

 Subsystem : TurbKE and TurbFreq

   K-TurbKE
   O-TurbFreq
                   
 CFD Solver started: Tue Sep  1 17:42:06 2026


 +--------------------------------------------------------------------+
 |                       Convergence History                          |
 +--------------------------------------------------------------------+

 ======================================================================
 |                        Timescale Information                       |
 ----------------------------------------------------------------------
 |       Equation       |         Type          |      Timescale      |
 +----------------------+-----------------------+---------------------+
 | U-Mom                | Auto Timescale        |     1.75597E-04     |
 | V-Mom                | Auto Timescale        |     1.75597E-04     |
 | W-Mom                | Auto Timescale        |     1.75597E-04     |
 +----------------------+-----------------------+---------------------+
 | K-TurbKE             | Auto Timescale        |     1.75597E-04     |
 | O-TurbFreq           | Auto Timescale        |     1.75597E-04     |
 +----------------------+-----------------------+---------------------+

 ======================================================================
 OUTER LOOP ITERATION =    1                    CPU SECONDS = 2.563E+00
 ----------------------------------------------------------------------
 |       Equation       | Rate | RMS Res | Max Res |  Linear Solution |
 +----------------------+------+---------+---------+------------------+
 | Wallscale            | 0.00 | 4.4E-02 | 8.6E-02 |  5.4  9.8E-02  OK|
 +----------------------+------+---------+---------+------------------+
 | U-Mom                | 0.00 | 3.2E-05 | 4.0E-04 |       8.7E+00  ok|
 | V-Mom                | 0.00 | 8.5E-04 | 2.3E-03 |       1.0E+00  ok|
 | W-Mom                | 0.00 | 3.3E-05 | 3.3E-04 |       6.1E+00  ok|
 | P-Mass               | 0.00 | 1.6E-03 | 2.1E-02 |  8.6  3.4E-02  OK|
 +----------------------+------+---------+---------+------------------+
 | K-TurbKE             | 0.00 | 4.3E-01 | 9.1E-01 |  5.8  3.8E-05  OK|
 | O-TurbFreq           | 0.00 | 6.8E-01 | 1.3E+00 |  9.8  4.5E-06  OK|
 +----------------------+------+---------+---------+------------------+

 ======================================================================
 OUTER LOOP ITERATION =    2                    CPU SECONDS = 3.713E+00
 ----------------------------------------------------------------------
 |       Equation       | Rate | RMS Res | Max Res |  Linear Solution |
 +----------------------+------+---------+---------+------------------+
 | Wallscale            | 0.11 | 5.0E-03 | 2.1E-02 |  5.4  8.3E-02  OK|
 +----------------------+------+---------+---------+------------------+
 | U-Mom                |99.99 | 2.8E-02 | 2.1E-01 |       5.4E-03  OK|
 | V-Mom                |99.99 | 1.6E-01 | 1.0E+00 |       2.7E-03  OK|
 | W-Mom                |99.99 | 3.8E-03 | 4.9E-02 |       3.3E-02  OK|
 | P-Mass               | 0.17 | 2.8E-04 | 4.9E-03 |  8.6  8.5E-02  OK|
 +----------------------+------+---------+---------+------------------+
 | K-TurbKE             | 0.08 | 3.5E-02 | 7.2E-01 |  5.7  2.0E-04  OK|
 | O-TurbFreq           | 0.12 | 8.1E-02 | 3.3E-01 |  9.8  1.7E-05  OK|
 +----------------------+------+---------+---------+------------------+

 ======================================================================
 OUTER LOOP ITERATION =    3                    CPU SECONDS = 4.981E+00
 ----------------------------------------------------------------------
 |       Equation       | Rate | RMS Res | Max Res |  Linear Solution |
 +----------------------+------+---------+---------+------------------+
 | Wallscale            | 0.36 | 1.8E-03 | 7.1E-03 |  5.4  8.1E-02  OK|
 +----------------------+------+---------+---------+------------------+
 | U-Mom                | 0.52 | 1.5E-02 | 1.7E-01 |       1.3E-02  OK|
 | V-Mom                | 0.23 | 3.7E-02 | 5.8E-01 |       1.0E-02  OK|
 | W-Mom                | 0.80 | 3.0E-03 | 7.3E-02 |       7.7E-02  OK|
 | P-Mass               | 5.29 | 1.5E-03 | 3.9E-02 |  8.6  9.0E-02  OK|
 +----------------------+------+---------+---------+------------------+
 | K-TurbKE             | 0.62 | 2.2E-02 | 3.8E-01 |  5.8  5.9E-04  OK|
 | O-TurbFreq           | 0.42 | 3.3E-02 | 1.1E-01 |  9.8  3.2E-04  OK|
 +----------------------+------+---------+---------+------------------+

 ======================================================================
 OUTER LOOP ITERATION =    4                    CPU SECONDS = 6.221E+00
 ----------------------------------------------------------------------
 |       Equation       | Rate | RMS Res | Max Res |  Linear Solution |
 +----------------------+------+---------+---------+------------------+
 | Wallscale            | 0.37 | 6.6E-04 | 2.6E-03 |  5.4  7.8E-02  OK|
 +----------------------+------+---------+---------+------------------+
 | U-Mom                | 0.40 | 5.9E-03 | 1.1E-01 |       4.4E-02  OK|
 | V-Mom                | 0.30 | 1.1E-02 | 2.2E-01 |       2.9E-02  OK|
 | W-Mom                | 0.76 | 2.3E-03 | 3.6E-02 |       1.0E-01  ok|
 | P-Mass               | 1.12 | 1.6E-03 | 3.1E-02 |  4.8  7.0E-02  OK|
 +----------------------+------+---------+---------+------------------+
 | K-TurbKE             | 0.88 | 1.9E-02 | 2.9E-01 |  5.8  1.1E-03  OK|
 | O-TurbFreq           | 0.53 | 1.8E-02 | 1.7E-01 |  9.8  5.0E-04  OK|
 +----------------------+------+---------+---------+------------------+

 ======================================================================
 OUTER LOOP ITERATION =    5                    CPU SECONDS = 7.445E+00
 ----------------------------------------------------------------------
 |       Equation       | Rate | RMS Res | Max Res |  Linear Solution |
 +----------------------+------+---------+---------+------------------+
 | Wallscale            | 0.38 | 2.5E-04 | 1.1E-03 |  5.4  7.3E-02  OK|
 +----------------------+------+---------+---------+------------------+
 | U-Mom                | 0.64 | 3.8E-03 | 5.8E-02 |       6.4E-02  OK|
 | V-Mom                | 0.64 | 6.9E-03 | 1.5E-01 |       5.2E-02  OK|
 | W-Mom                | 0.67 | 1.5E-03 | 2.1E-02 |       9.4E-02  OK|
 | P-Mass               | 0.48 | 8.0E-04 | 1.6E-02 |  4.8  6.2E-02  OK|
 +----------------------+------+---------+---------+------------------+
 | K-TurbKE             | 0.89 | 1.7E-02 | 1.6E-01 |  5.8  1.0E-03  OK|
 | O-TurbFreq           | 0.67 | 1.2E-02 | 1.2E-01 |  9.8  3.6E-04  OK|
 +----------------------+------+---------+---------+------------------+

 ======================================================================
 |                        Timescale Information                       |
 ----------------------------------------------------------------------
 |       Equation       |         Type          |      Timescale      |
 +----------------------+-----------------------+---------------------+
 | U-Mom                | Auto Timescale        |     1.62765E-04     |
 | V-Mom                | Auto Timescale        |     1.62765E-04     |
 | W-Mom                | Auto Timescale        |     1.62765E-04     |
 +----------------------+-----------------------+---------------------+
 | K-TurbKE             | Auto Timescale        |     1.62765E-04     |
 | O-TurbFreq           | Auto Timescale        |     1.62765E-04     |
 +----------------------+-----------------------+---------------------+

 ======================================================================
 OUTER LOOP ITERATION =    6                    CPU SECONDS = 8.760E+00
 ----------------------------------------------------------------------
 |       Equation       | Rate | RMS Res | Max Res |  Linear Solution |
 +----------------------+------+---------+---------+------------------+
 | Wallscale            | 0.39 | 9.6E-05 | 4.5E-04 |  5.4  6.8E-02  OK|
 +----------------------+------+---------+---------+------------------+
 | U-Mom                | 0.75 | 2.8E-03 | 5.9E-02 |       7.4E-02  OK|
 | V-Mom                | 0.84 | 5.8E-03 | 1.0E-01 |       5.9E-02  OK|
 | W-Mom                | 0.67 | 1.0E-03 | 1.3E-02 |       1.2E-01  ok|
 | P-Mass               | 0.79 | 6.3E-04 | 1.5E-02 |  4.8  8.0E-02  OK|
 +----------------------+------+---------+---------+------------------+
 | K-TurbKE             | 0.94 | 1.6E-02 | 1.9E-01 |  5.8  8.5E-04  OK|
 | O-TurbFreq           | 0.79 | 9.3E-03 | 6.9E-02 |  9.8  2.5E-04  OK|
 +----------------------+------+---------+---------+------------------+

 ======================================================================
 OUTER LOOP ITERATION =    7                    CPU SECONDS = 1.006E+01
 ----------------------------------------------------------------------
 |       Equation       | Rate | RMS Res | Max Res |  Linear Solution |
 +----------------------+------+---------+---------+------------------+
 | U-Mom                | 0.78 | 2.2E-03 | 4.0E-02 |       1.2E-02  OK|
 | V-Mom                | 0.85 | 4.9E-03 | 1.1E-01 |       8.9E-03  OK|
 | W-Mom                | 0.82 | 8.4E-04 | 1.7E-02 |       2.6E-02  OK|
 | P-Mass               | 0.82 | 5.2E-04 | 1.4E-02 |  8.6  3.8E-02  OK|
 +----------------------+------+---------+---------+------------------+
 | K-TurbKE             | 0.98 | 1.6E-02 | 2.1E-01 |  5.8  6.8E-04  OK|
 | O-TurbFreq           | 0.82 | 7.7E-03 | 6.9E-02 | 11.0  2.0E-07  OK|
 +----------------------+------+---------+---------+------------------+

 ======================================================================
 OUTER LOOP ITERATION =    8                    CPU SECONDS = 1.110E+01
 ----------------------------------------------------------------------
 |       Equation       | Rate | RMS Res | Max Res |  Linear Solution |
 +----------------------+------+---------+---------+------------------+
 | U-Mom                | 0.78 | 1.7E-03 | 4.2E-02 |       1.1E-02  OK|
 | V-Mom                | 0.76 | 3.8E-03 | 1.1E-01 |       7.3E-03  OK|
 | W-Mom                | 0.95 | 7.9E-04 | 1.8E-02 |       2.2E-02  OK|
 | P-Mass               | 0.63 | 3.3E-04 | 9.8E-03 |  8.6  4.4E-02  OK|
 +----------------------+------+---------+---------+------------------+
 | K-TurbKE             | 0.94 | 1.5E-02 | 1.8E-01 |  5.7  7.5E-04  OK|
 | O-TurbFreq           | 0.77 | 5.9E-03 | 4.3E-02 |  9.8  1.5E-04  OK|
 +----------------------+------+---------+---------+------------------+

 ======================================================================
 OUTER LOOP ITERATION =    9                    CPU SECONDS = 1.219E+01
 ----------------------------------------------------------------------
 |       Equation       | Rate | RMS Res | Max Res |  Linear Solution |
 +----------------------+------+---------+---------+------------------+
 | U-Mom                | 0.88 | 1.5E-03 | 3.2E-02 |       3.4E-02  OK|
 | V-Mom                | 0.88 | 3.3E-03 | 5.8E-02 |       3.6E-02  OK|
 | W-Mom                | 0.96 | 7.6E-04 | 2.0E-02 |       6.6E-02  OK|
 | P-Mass               | 0.55 | 1.8E-04 | 5.0E-03 |  4.8  9.2E-02  OK|
 +----------------------+------+---------+---------+------------------+
 | K-TurbKE             | 0.91 | 1.3E-02 | 2.0E-01 |  5.7  7.2E-04  OK|
 | O-TurbFreq           | 0.83 | 4.9E-03 | 3.8E-02 |  9.8  2.7E-04  OK|
 +----------------------+------+---------+---------+------------------+

 ======================================================================
 OUTER LOOP ITERATION =   10                    CPU SECONDS = 1.321E+01
 ----------------------------------------------------------------------
 |       Equation       | Rate | RMS Res | Max Res |  Linear Solution |
 +----------------------+------+---------+---------+------------------+
 | U-Mom                | 0.95 | 1.4E-03 | 3.5E-02 |       6.1E-03  OK|
 | V-Mom                | 1.04 | 3.4E-03 | 5.4E-02 |       4.7E-03  OK|
 | W-Mom                | 0.89 | 6.8E-04 | 1.8E-02 |       1.3E-02  OK|
 | P-Mass               | 0.66 | 1.2E-04 | 2.0E-03 |  8.6  3.3E-02  OK|
 +----------------------+------+---------+---------+------------------+
 | K-TurbKE             | 0.95 | 1.3E-02 | 2.4E-01 |  5.7  8.3E-04  OK|
 | O-TurbFreq           | 0.97 | 4.8E-03 | 4.9E-02 |  9.8  2.3E-04  OK|
 +----------------------+------+---------+---------+------------------+

 ======================================================================
 |                        Timescale Information                       |
 ----------------------------------------------------------------------
 |       Equation       |         Type          |      Timescale      |
 +----------------------+-----------------------+---------------------+
 | U-Mom                | Auto Timescale        |     1.75288E-04     |
 | V-Mom                | Auto Timescale        |     1.75288E-04     |
 | W-Mom                | Auto Timescale        |     1.75288E-04     |
 +----------------------+-----------------------+---------------------+
 | K-TurbKE             | Auto Timescale        |     1.75288E-04     |
 | O-TurbFreq           | Auto Timescale        |     1.75288E-04     |
 +----------------------+-----------------------+---------------------+

 ======================================================================
 OUTER LOOP ITERATION =   11                    CPU SECONDS = 1.429E+01
 ----------------------------------------------------------------------
 |       Equation       | Rate | RMS Res | Max Res |  Linear Solution |
 +----------------------+------+---------+---------+------------------+
 | U-Mom                | 0.90 | 1.3E-03 | 3.1E-02 |       7.1E-03  OK|
 | V-Mom                | 0.99 | 3.4E-03 | 6.2E-02 |       5.2E-03  OK|
 | W-Mom                | 0.90 | 6.1E-04 | 1.6E-02 |       1.3E-02  OK|
 | P-Mass               | 0.91 | 1.1E-04 | 2.1E-03 |  8.6  3.5E-02  OK|
 +----------------------+------+---------+---------+------------------+
 | K-TurbKE             | 0.97 | 1.2E-02 | 2.4E-01 |  5.8  1.1E-03  OK|
 | O-TurbFreq           | 1.03 | 5.0E-03 | 5.4E-02 |  9.8  1.9E-04  OK|
 +----------------------+------+---------+---------+------------------+

 ======================================================================
 OUTER LOOP ITERATION =   12                    CPU SECONDS = 1.545E+01
 ----------------------------------------------------------------------
 |       Equation       | Rate | RMS Res | Max Res |  Linear Solution |
 +----------------------+------+---------+---------+------------------+
 | U-Mom                | 0.84 | 1.1E-03 | 2.2E-02 |       7.5E-03  OK|
 | V-Mom                | 0.91 | 3.1E-03 | 5.8E-02 |       4.9E-03  OK|
 | W-Mom                | 0.87 | 5.3E-04 | 1.0E-02 |       1.3E-02  OK|
 | P-Mass               | 0.96 | 1.0E-04 | 1.9E-03 |  8.6  3.7E-02  OK|
 +----------------------+------+---------+---------+------------------+
 | K-TurbKE             | 0.92 | 1.1E-02 | 2.1E-01 |  5.7  9.8E-04  OK|
 | O-TurbFreq           | 1.03 | 5.1E-03 | 5.0E-02 |  9.8  1.1E-04  OK|
 +----------------------+------+---------+---------+------------------+

 ======================================================================
 OUTER LOOP ITERATION =   13                    CPU SECONDS = 1.651E+01
 ----------------------------------------------------------------------
 |       Equation       | Rate | RMS Res | Max Res |  Linear Solution |
 +----------------------+------+---------+---------+------------------+
 | U-Mom                | 0.87 | 9.5E-04 | 2.3E-02 |       7.0E-03  OK|
 | V-Mom                | 0.88 | 2.7E-03 | 4.7E-02 |       4.4E-03  OK|
 | W-Mom                | 0.91 | 4.8E-04 | 9.4E-03 |       1.1E-02  OK|
 | P-Mass               | 0.93 | 9.7E-05 | 1.9E-03 |  8.6  3.1E-02  OK|
 +----------------------+------+---------+---------+------------------+
 | K-TurbKE             | 0.94 | 1.1E-02 | 1.9E-01 |  5.8  9.6E-04  OK|
 | O-TurbFreq           | 0.97 | 5.0E-03 | 4.2E-02 |  9.8  1.4E-04  OK|
 +----------------------+------+---------+---------+------------------+

 ======================================================================
 OUTER LOOP ITERATION =   14                    CPU SECONDS = 1.755E+01
 ----------------------------------------------------------------------
 |       Equation       | Rate | RMS Res | Max Res |  Linear Solution |
 +----------------------+------+---------+---------+------------------+
 | U-Mom                | 0.91 | 8.6E-04 | 1.9E-02 |       6.5E-03  OK|
 | V-Mom                | 0.89 | 2.4E-03 | 3.4E-02 |       4.1E-03  OK|
 | W-Mom                | 0.90 | 4.3E-04 | 8.1E-03 |       1.1E-02  OK|
 | P-Mass               | 0.96 | 9.3E-05 | 1.8E-03 |  8.6  2.7E-02  OK|
 +----------------------+------+---------+---------+------------------+
 | K-TurbKE             | 0.94 | 9.9E-03 | 1.6E-01 |  5.7  1.1E-03  OK|
 | O-TurbFreq           | 0.94 | 4.7E-03 | 3.5E-02 |  9.8  1.7E-04  OK|
 +----------------------+------+---------+---------+------------------+

 ======================================================================
 OUTER LOOP ITERATION =   15                    CPU SECONDS = 1.864E+01
 ----------------------------------------------------------------------
 |       Equation       | Rate | RMS Res | Max Res |  Linear Solution |
 +----------------------+------+---------+---------+------------------+
 | U-Mom                | 0.93 | 8.0E-04 | 1.9E-02 |       6.2E-03  OK|
 | V-Mom                | 0.92 | 2.2E-03 | 3.9E-02 |       4.2E-03  OK|
 | W-Mom                | 0.91 | 3.9E-04 | 6.1E-03 |       1.2E-02  OK|
 | P-Mass               | 1.01 | 9.4E-05 | 2.0E-03 |  8.6  2.6E-02  OK|
 +----------------------+------+---------+---------+------------------+
 | K-TurbKE             | 0.91 | 9.0E-03 | 1.4E-01 |  5.7  1.1E-03  OK|
 | O-TurbFreq           | 0.92 | 4.3E-03 | 2.8E-02 |  9.8  2.3E-04  OK|
 +----------------------+------+---------+---------+------------------+

 ======================================================================
 |                        Timescale Information                       |
 ----------------------------------------------------------------------
 |       Equation       |         Type          |      Timescale      |
 +----------------------+-----------------------+---------------------+
 | U-Mom                | Auto Timescale        |     1.74135E-04     |
 | V-Mom                | Auto Timescale        |     1.74135E-04     |
 | W-Mom                | Auto Timescale        |     1.74135E-04     |
 +----------------------+-----------------------+---------------------+
 | K-TurbKE             | Auto Timescale        |     1.74135E-04     |
 | O-TurbFreq           | Auto Timescale        |     1.74135E-04     |
 +----------------------+-----------------------+---------------------+

 ======================================================================
 OUTER LOOP ITERATION =   16                    CPU SECONDS = 1.998E+01
 ----------------------------------------------------------------------
 |       Equation       | Rate | RMS Res | Max Res |  Linear Solution |
 +----------------------+------+---------+---------+------------------+
 | U-Mom                | 0.98 | 7.8E-04 | 1.7E-02 |       5.6E-03  OK|
 | V-Mom                | 0.95 | 2.1E-03 | 4.4E-02 |       4.2E-03  OK|
 | W-Mom                | 0.92 | 3.6E-04 | 4.0E-03 |       1.2E-02  OK|
 | P-Mass               | 1.02 | 9.6E-05 | 2.3E-03 |  8.6  2.5E-02  OK|
 +----------------------+------+---------+---------+------------------+
 | K-TurbKE             | 0.88 | 8.0E-03 | 1.2E-01 |  5.7  1.1E-03  OK|
 | O-TurbFreq           | 0.91 | 3.9E-03 | 2.6E-02 |  9.8  2.0E-04  OK|
 +----------------------+------+---------+---------+------------------+

 ======================================================================
 OUTER LOOP ITERATION =   17                    CPU SECONDS = 2.112E+01
 ----------------------------------------------------------------------
 |       Equation       | Rate | RMS Res | Max Res |  Linear Solution |
 +----------------------+------+---------+---------+------------------+
 | U-Mom                | 0.99 | 7.7E-04 | 1.7E-02 |       5.1E-03  OK|
 | V-Mom                | 0.94 | 2.0E-03 | 3.9E-02 |       4.3E-03  OK|
 | W-Mom                | 0.93 | 3.4E-04 | 4.1E-03 |       1.3E-02  OK|
 | P-Mass               | 1.02 | 9.7E-05 | 2.5E-03 |  8.6  2.5E-02  OK|
 +----------------------+------+---------+---------+------------------+
 | K-TurbKE             | 0.89 | 7.1E-03 | 1.1E-01 |  5.7  1.1E-03  OK|
 | O-TurbFreq           | 0.91 | 3.6E-03 | 2.7E-02 |  9.8  3.5E-04  OK|
 +----------------------+------+---------+---------+------------------+

 ======================================================================
 OUTER LOOP ITERATION =   18                    CPU SECONDS = 2.222E+01
 ----------------------------------------------------------------------
 |       Equation       | Rate | RMS Res | Max Res |  Linear Solution |
 +----------------------+------+---------+---------+------------------+
 | U-Mom                | 0.98 | 7.6E-04 | 1.6E-02 |       4.8E-03  OK|
 | V-Mom                | 0.91 | 1.8E-03 | 3.3E-02 |       4.3E-03  OK|
 | W-Mom                | 0.95 | 3.2E-04 | 4.3E-03 |       1.3E-02  OK|
 | P-Mass               | 0.99 | 9.6E-05 | 2.6E-03 |  8.6  2.4E-02  OK|
 +----------------------+------+---------+---------+------------------+
 | K-TurbKE             | 0.87 | 6.2E-03 | 1.0E-01 |  5.7  9.5E-04  OK|
 | O-TurbFreq           | 0.91 | 3.2E-03 | 2.5E-02 |  9.8  3.5E-04  OK|
 +----------------------+------+---------+---------+------------------+

 ======================================================================
 OUTER LOOP ITERATION =   19                    CPU SECONDS = 2.333E+01
 ----------------------------------------------------------------------
 |       Equation       | Rate | RMS Res | Max Res |  Linear Solution |
 +----------------------+------+---------+---------+------------------+
 | U-Mom                | 1.01 | 7.7E-04 | 1.8E-02 |       4.4E-03  OK|
 | V-Mom                | 0.91 | 1.6E-03 | 2.9E-02 |       4.3E-03  OK|
 | W-Mom                | 0.97 | 3.1E-04 | 4.8E-03 |       1.3E-02  OK|
 | P-Mass               | 0.97 | 9.4E-05 | 2.6E-03 |  8.6  2.4E-02  OK|
 +----------------------+------+---------+---------+------------------+
 | K-TurbKE             | 0.87 | 5.4E-03 | 9.0E-02 |  5.7  8.8E-04  OK|
 | O-TurbFreq           | 0.91 | 3.0E-03 | 2.6E-02 |  9.8  3.5E-04  OK|
 +----------------------+------+---------+---------+------------------+

 ======================================================================
 OUTER LOOP ITERATION =   20                    CPU SECONDS = 2.456E+01
 ----------------------------------------------------------------------
 |       Equation       | Rate | RMS Res | Max Res |  Linear Solution |
 +----------------------+------+---------+---------+------------------+
 | U-Mom                | 1.00 | 7.7E-04 | 1.6E-02 |       4.2E-03  OK|
 | V-Mom                | 0.92 | 1.5E-03 | 2.4E-02 |       4.4E-03  OK|
 | W-Mom                | 0.98 | 3.0E-04 | 5.1E-03 |       1.2E-02  OK|
 | P-Mass               | 0.95 | 8.9E-05 | 2.5E-03 |  8.6  2.5E-02  OK|
 +----------------------+------+---------+---------+------------------+
 | K-TurbKE             | 0.88 | 4.8E-03 | 8.3E-02 |  5.7  9.1E-04  OK|
 | O-TurbFreq           | 0.92 | 2.7E-03 | 2.5E-02 |  9.8  3.7E-04  OK|
 +----------------------+------+---------+---------+------------------+

 ======================================================================
 |                        Timescale Information                       |
 ----------------------------------------------------------------------
 |       Equation       |         Type          |      Timescale      |
 +----------------------+-----------------------+---------------------+
 | U-Mom                | Auto Timescale        |     1.73384E-04     |
 | V-Mom                | Auto Timescale        |     1.73384E-04     |
 | W-Mom                | Auto Timescale        |     1.73384E-04     |
 +----------------------+-----------------------+---------------------+
 | K-TurbKE             | Auto Timescale        |     1.73384E-04     |
 | O-TurbFreq           | Auto Timescale        |     1.73384E-04     |
 +----------------------+-----------------------+---------------------+

 ======================================================================
 OUTER LOOP ITERATION =   21                    CPU SECONDS = 2.570E+01
 ----------------------------------------------------------------------
 |       Equation       | Rate | RMS Res | Max Res |  Linear Solution |
 +----------------------+------+---------+---------+------------------+
 | U-Mom                | 1.00 | 7.7E-04 | 1.8E-02 |       4.2E-03  OK|
 | V-Mom                | 0.93 | 1.4E-03 | 2.6E-02 |       4.4E-03  OK|
 | W-Mom                | 0.99 | 3.0E-04 | 4.6E-03 |       1.2E-02  OK|
 | P-Mass               | 0.94 | 8.3E-05 | 2.4E-03 |  8.6  2.5E-02  OK|
 +----------------------+------+---------+---------+------------------+
 | K-TurbKE             | 0.88 | 4.2E-03 | 7.1E-02 |  5.7  1.0E-03  OK|
 | O-TurbFreq           | 0.93 | 2.5E-03 | 2.4E-02 |  9.8  3.1E-04  OK|
 +----------------------+------+---------+---------+------------------+

 ======================================================================
 OUTER LOOP ITERATION =   22                    CPU SECONDS = 2.685E+01
 ----------------------------------------------------------------------
 |       Equation       | Rate | RMS Res | Max Res |  Linear Solution |
 +----------------------+------+---------+---------+------------------+
 | U-Mom                | 0.99 | 7.6E-04 | 2.0E-02 |       4.4E-03  OK|
 | V-Mom                | 0.95 | 1.3E-03 | 3.6E-02 |       4.5E-03  OK|
 | W-Mom                | 1.00 | 3.0E-04 | 5.8E-03 |       1.1E-02  OK|
 | P-Mass               | 0.92 | 7.6E-05 | 2.2E-03 |  8.6  2.7E-02  OK|
 +----------------------+------+---------+---------+------------------+
 | K-TurbKE             | 0.90 | 3.8E-03 | 5.8E-02 |  5.7  1.0E-03  OK|
 | O-TurbFreq           | 0.94 | 2.4E-03 | 2.0E-02 |  9.8  3.1E-04  OK|
 +----------------------+------+---------+---------+------------------+

 ======================================================================
 OUTER LOOP ITERATION =   23                    CPU SECONDS = 2.796E+01
 ----------------------------------------------------------------------
 |       Equation       | Rate | RMS Res | Max Res |  Linear Solution |
 +----------------------+------+---------+---------+------------------+
 | U-Mom                | 0.96 | 7.4E-04 | 2.3E-02 |       4.8E-03  OK|
 | V-Mom                | 0.96 | 1.3E-03 | 4.2E-02 |       4.6E-03  OK|
 | W-Mom                | 0.99 | 3.0E-04 | 6.6E-03 |       1.1E-02  OK|
 | P-Mass               | 0.90 | 6.9E-05 | 1.9E-03 |  8.6  2.8E-02  OK|
 +----------------------+------+---------+---------+------------------+
 | K-TurbKE             | 0.91 | 3.4E-03 | 5.1E-02 |  5.7  1.3E-03  OK|
 | O-TurbFreq           | 0.95 | 2.2E-03 | 1.9E-02 |  9.8  2.8E-04  OK|
 +----------------------+------+---------+---------+------------------+

 ======================================================================
 OUTER LOOP ITERATION =   24                    CPU SECONDS = 2.912E+01
 ----------------------------------------------------------------------
 |       Equation       | Rate | RMS Res | Max Res |  Linear Solution |
 +----------------------+------+---------+---------+------------------+
 | U-Mom                | 0.96 | 7.1E-04 | 2.7E-02 |       5.3E-03  OK|
 | V-Mom                | 0.98 | 1.3E-03 | 4.4E-02 |       4.9E-03  OK|
 | W-Mom                | 0.99 | 2.9E-04 | 6.9E-03 |       1.0E-02  OK|
 | P-Mass               | 0.89 | 6.1E-05 | 1.6E-03 |  8.6  3.1E-02  OK|
 +----------------------+------+---------+---------+------------------+
 | K-TurbKE             | 0.92 | 3.2E-03 | 4.5E-02 |  5.7  1.3E-03  OK|
 | O-TurbFreq           | 0.96 | 2.1E-03 | 2.3E-02 |  9.8  3.1E-04  OK|
 +----------------------+------+---------+---------+------------------+

 ======================================================================
 OUTER LOOP ITERATION =   25                    CPU SECONDS = 3.035E+01
 ----------------------------------------------------------------------
 |       Equation       | Rate | RMS Res | Max Res |  Linear Solution |
 +----------------------+------+---------+---------+------------------+
 | U-Mom                | 0.95 | 6.7E-04 | 2.6E-02 |       5.9E-03  OK|
 | V-Mom                | 0.95 | 1.2E-03 | 3.8E-02 |       5.3E-03  OK|
 | W-Mom                | 0.99 | 2.9E-04 | 6.8E-03 |       1.0E-02  OK|
 | P-Mass               | 0.89 | 5.4E-05 | 1.3E-03 |  8.6  3.4E-02  OK|
 +----------------------+------+---------+---------+------------------+
 | K-TurbKE             | 0.94 | 3.0E-03 | 3.8E-02 |  5.7  1.3E-03  OK|
 | O-TurbFreq           | 0.96 | 2.1E-03 | 2.4E-02 |  9.8  4.1E-04  OK|
 +----------------------+------+---------+---------+------------------+

 ======================================================================
 |                        Timescale Information                       |
 ----------------------------------------------------------------------
 |       Equation       |         Type          |      Timescale      |
 +----------------------+-----------------------+---------------------+
 | U-Mom                | Auto Timescale        |     1.72832E-04     |
 | V-Mom                | Auto Timescale        |     1.72832E-04     |
 | W-Mom                | Auto Timescale        |     1.72832E-04     |
 +----------------------+-----------------------+---------------------+
 | K-TurbKE             | Auto Timescale        |     1.72832E-04     |
 | O-TurbFreq           | Auto Timescale        |     1.72832E-04     |
 +----------------------+-----------------------+---------------------+

 ======================================================================
 OUTER LOOP ITERATION =   26                    CPU SECONDS = 3.155E+01
 ----------------------------------------------------------------------
 |       Equation       | Rate | RMS Res | Max Res |  Linear Solution |
 +----------------------+------+---------+---------+------------------+
 | U-Mom                | 0.93 | 6.3E-04 | 2.3E-02 |       6.5E-03  OK|
 | V-Mom                | 0.96 | 1.2E-03 | 3.6E-02 |       5.7E-03  OK|
 | W-Mom                | 0.99 | 2.9E-04 | 7.4E-03 |       1.0E-02  OK|
 | P-Mass               | 0.89 | 4.8E-05 | 1.1E-03 |  8.6  3.7E-02  OK|
 +----------------------+------+---------+---------+------------------+
 | K-TurbKE             | 0.95 | 2.8E-03 | 3.4E-02 |  5.7  1.5E-03  OK|
 | O-TurbFreq           | 0.97 | 2.0E-03 | 2.4E-02 |  9.8  4.0E-04  OK|
 +----------------------+------+---------+---------+------------------+

 ======================================================================
 OUTER LOOP ITERATION =   27                    CPU SECONDS = 3.273E+01
 ----------------------------------------------------------------------
 |       Equation       | Rate | RMS Res | Max Res |  Linear Solution |
 +----------------------+------+---------+---------+------------------+
 | U-Mom                | 0.95 | 6.0E-04 | 2.1E-02 |       7.1E-03  OK|
 | V-Mom                | 0.97 | 1.1E-03 | 4.3E-02 |       6.2E-03  OK|
 | W-Mom                | 1.02 | 2.9E-04 | 9.0E-03 |       1.0E-02  OK|
 | P-Mass               | 0.89 | 4.3E-05 | 9.1E-04 |  8.6  4.0E-02  OK|
 +----------------------+------+---------+---------+------------------+
 | K-TurbKE             | 0.96 | 2.7E-03 | 3.5E-02 |  5.7  1.5E-03  OK|
 | O-TurbFreq           | 0.97 | 1.9E-03 | 2.6E-02 |  9.8  4.6E-04  OK|
 +----------------------+------+---------+---------+------------------+

 ======================================================================
 OUTER LOOP ITERATION =   28                    CPU SECONDS = 3.382E+01
 ----------------------------------------------------------------------
 |       Equation       | Rate | RMS Res | Max Res |  Linear Solution |
 +----------------------+------+---------+---------+------------------+
 | U-Mom                | 0.95 | 5.7E-04 | 1.7E-02 |       7.6E-03  OK|
 | V-Mom                | 0.98 | 1.1E-03 | 4.5E-02 |       6.6E-03  OK|
 | W-Mom                | 1.01 | 3.0E-04 | 9.8E-03 |       1.0E-02  OK|
 | P-Mass               | 0.91 | 3.9E-05 | 9.2E-04 |  8.6  4.4E-02  OK|
 +----------------------+------+---------+---------+------------------+
 | K-TurbKE             | 0.96 | 2.6E-03 | 3.9E-02 |  5.7  1.4E-03  OK|
 | O-TurbFreq           | 0.96 | 1.9E-03 | 2.6E-02 |  9.8  5.3E-04  OK|
 +----------------------+------+---------+---------+------------------+

 ======================================================================
 OUTER LOOP ITERATION =   29                    CPU SECONDS = 3.493E+01
 ----------------------------------------------------------------------
 |       Equation       | Rate | RMS Res | Max Res |  Linear Solution |
 +----------------------+------+---------+---------+------------------+
 | U-Mom                | 0.95 | 5.4E-04 | 1.8E-02 |       8.0E-03  OK|
 | V-Mom                | 0.97 | 1.1E-03 | 4.5E-02 |       7.1E-03  OK|
 | W-Mom                | 0.98 | 2.9E-04 | 9.0E-03 |       1.1E-02  OK|
 | P-Mass               | 0.93 | 3.7E-05 | 9.2E-04 |  8.6  4.7E-02  OK|
 +----------------------+------+---------+---------+------------------+
 | K-TurbKE             | 0.95 | 2.5E-03 | 4.2E-02 |  5.7  1.3E-03  OK|
 | O-TurbFreq           | 0.96 | 1.8E-03 | 2.6E-02 |  9.8  6.2E-04  OK|
 +----------------------+------+---------+---------+------------------+

 ======================================================================
 OUTER LOOP ITERATION =   30                    CPU SECONDS = 3.604E+01
 ----------------------------------------------------------------------
 |       Equation       | Rate | RMS Res | Max Res |  Linear Solution |
 +----------------------+------+---------+---------+------------------+
 | U-Mom                | 0.97 | 5.2E-04 | 2.0E-02 |       8.3E-03  OK|
 | V-Mom                | 0.93 | 1.0E-03 | 3.3E-02 |       7.5E-03  OK|
 | W-Mom                | 0.95 | 2.8E-04 | 7.8E-03 |       1.2E-02  OK|
 | P-Mass               | 0.97 | 3.6E-05 | 8.7E-04 |  8.6  4.8E-02  OK|
 +----------------------+------+---------+---------+------------------+
 | K-TurbKE             | 0.95 | 2.4E-03 | 4.6E-02 |  5.7  1.3E-03  OK|
 | O-TurbFreq           | 0.96 | 1.7E-03 | 2.2E-02 |  9.8  6.6E-04  OK|
 +----------------------+------+---------+---------+------------------+

 ======================================================================
 |                        Timescale Information                       |
 ----------------------------------------------------------------------
 |       Equation       |         Type          |      Timescale      |
 +----------------------+-----------------------+---------------------+
 | U-Mom                | Auto Timescale        |     1.72537E-04     |
 | V-Mom                | Auto Timescale        |     1.72537E-04     |
 | W-Mom                | Auto Timescale        |     1.72537E-04     |
 +----------------------+-----------------------+---------------------+
 | K-TurbKE             | Auto Timescale        |     1.72537E-04     |
 | O-TurbFreq           | Auto Timescale        |     1.72537E-04     |
 +----------------------+-----------------------+---------------------+

 ======================================================================
 OUTER LOOP ITERATION =   31                    CPU SECONDS = 3.713E+01
 ----------------------------------------------------------------------
 |       Equation       | Rate | RMS Res | Max Res |  Linear Solution |
 +----------------------+------+---------+---------+------------------+
 | U-Mom                | 1.00 | 5.2E-04 | 2.0E-02 |       8.4E-03  OK|
 | V-Mom                | 0.92 | 9.2E-04 | 2.4E-02 |       7.8E-03  OK|
 | W-Mom                | 0.96 | 2.6E-04 | 6.0E-03 |       1.2E-02  OK|
 | P-Mass               | 0.98 | 3.5E-05 | 7.3E-04 |  8.6  4.9E-02  OK|
 +----------------------+------+---------+---------+------------------+
 | K-TurbKE             | 0.96 | 2.3E-03 | 5.0E-02 |  5.7  1.3E-03  OK|
 | O-TurbFreq           | 0.96 | 1.6E-03 | 1.9E-02 |  9.8  6.6E-04  OK|
 +----------------------+------+---------+---------+------------------+

 ======================================================================
 OUTER LOOP ITERATION =   32                    CPU SECONDS = 3.820E+01
 ----------------------------------------------------------------------
 |       Equation       | Rate | RMS Res | Max Res |  Linear Solution |
 +----------------------+------+---------+---------+------------------+
 | U-Mom                | 1.00 | 5.2E-04 | 2.1E-02 |       8.5E-03  OK|
 | V-Mom                | 0.96 | 8.8E-04 | 2.5E-02 |       8.1E-03  OK|
 | W-Mom                | 0.98 | 2.6E-04 | 6.7E-03 |       1.3E-02  OK|
 | P-Mass               | 1.01 | 3.5E-05 | 7.6E-04 |  8.6  4.9E-02  OK|
 +----------------------+------+---------+---------+------------------+
 | K-TurbKE             | 0.98 | 2.2E-03 | 5.1E-02 |  5.7  1.2E-03  OK|
 | O-TurbFreq           | 0.96 | 1.6E-03 | 1.6E-02 |  9.8  8.0E-04  OK|
 +----------------------+------+---------+---------+------------------+

 ======================================================================
 OUTER LOOP ITERATION =   33                    CPU SECONDS = 3.941E+01
 ----------------------------------------------------------------------
 |       Equation       | Rate | RMS Res | Max Res |  Linear Solution |
 +----------------------+------+---------+---------+------------------+
 | U-Mom                | 0.99 | 5.2E-04 | 2.0E-02 |       8.7E-03  OK|
 | V-Mom                | 0.98 | 8.7E-04 | 2.5E-02 |       8.4E-03  OK|
 | W-Mom                | 0.99 | 2.5E-04 | 7.0E-03 |       1.4E-02  OK|
 | P-Mass               | 1.04 | 3.7E-05 | 7.8E-04 |  8.6  4.6E-02  OK|
 +----------------------+------+---------+---------+------------------+
 | K-TurbKE             | 0.99 | 2.2E-03 | 4.6E-02 |  5.7  1.4E-03  OK|
 | O-TurbFreq           | 0.97 | 1.5E-03 | 1.7E-02 |  9.8  7.0E-04  OK|
 +----------------------+------+---------+---------+------------------+

 ======================================================================
 OUTER LOOP ITERATION =   34                    CPU SECONDS = 4.058E+01
 ----------------------------------------------------------------------
 |       Equation       | Rate | RMS Res | Max Res |  Linear Solution |
 +----------------------+------+---------+---------+------------------+
 | U-Mom                | 0.96 | 4.9E-04 | 1.6E-02 |       8.8E-03  OK|
 | V-Mom                | 0.97 | 8.4E-04 | 2.5E-02 |       8.6E-03  OK|
 | W-Mom                | 0.97 | 2.5E-04 | 6.8E-03 |       1.4E-02  OK|
 | P-Mass               | 1.04 | 3.8E-05 | 7.6E-04 |  8.6  4.2E-02  OK|
 +----------------------+------+---------+---------+------------------+
 | K-TurbKE             | 0.98 | 2.1E-03 | 4.9E-02 |  5.7  1.4E-03  OK|
 | O-TurbFreq           | 0.97 | 1.5E-03 | 1.8E-02 |  9.8  7.6E-04  OK|
 +----------------------+------+---------+---------+------------------+

 ======================================================================
 OUTER LOOP ITERATION =   35                    CPU SECONDS = 4.174E+01
 ----------------------------------------------------------------------
 |       Equation       | Rate | RMS Res | Max Res |  Linear Solution |
 +----------------------+------+---------+---------+------------------+
 | U-Mom                | 0.93 | 4.6E-04 | 1.4E-02 |       9.0E-03  OK|
 | V-Mom                | 0.97 | 8.2E-04 | 2.5E-02 |       8.7E-03  OK|
 | W-Mom                | 0.96 | 2.4E-04 | 6.4E-03 |       1.5E-02  OK|
 | P-Mass               | 1.04 | 4.0E-05 | 7.4E-04 |  8.6  3.9E-02  OK|
 +----------------------+------+---------+---------+------------------+
 | K-TurbKE             | 0.99 | 2.1E-03 | 4.8E-02 |  5.7  1.7E-03  OK|
 | O-TurbFreq           | 0.98 | 1.5E-03 | 1.8E-02 |  9.8  9.4E-04  OK|
 +----------------------+------+---------+---------+------------------+

 ======================================================================
 |                        Timescale Information                       |
 ----------------------------------------------------------------------
 |       Equation       |         Type          |      Timescale      |
 +----------------------+-----------------------+---------------------+
 | U-Mom                | Auto Timescale        |     1.72510E-04     |
 | V-Mom                | Auto Timescale        |     1.72510E-04     |
 | W-Mom                | Auto Timescale        |     1.72510E-04     |
 +----------------------+-----------------------+---------------------+
 | K-TurbKE             | Auto Timescale        |     1.72510E-04     |
 | O-TurbFreq           | Auto Timescale        |     1.72510E-04     |
 +----------------------+-----------------------+---------------------+

 ======================================================================
 OUTER LOOP ITERATION =   36                    CPU SECONDS = 4.285E+01
 ----------------------------------------------------------------------
 |       Equation       | Rate | RMS Res | Max Res |  Linear Solution |
 +----------------------+------+---------+---------+------------------+
 | U-Mom                | 0.94 | 4.3E-04 | 1.4E-02 |       9.1E-03  OK|
 | V-Mom                | 0.96 | 7.9E-04 | 2.1E-02 |       8.8E-03  OK|
 | W-Mom                | 0.95 | 2.2E-04 | 6.1E-03 |       1.5E-02  OK|
 | P-Mass               | 1.03 | 4.1E-05 | 7.5E-04 |  8.6  3.6E-02  OK|
 +----------------------+------+---------+---------+------------------+
 | K-TurbKE             | 1.00 | 2.1E-03 | 4.3E-02 |  5.7  1.7E-03  OK|
 | O-TurbFreq           | 0.99 | 1.4E-03 | 1.6E-02 |  9.8  9.9E-04  OK|
 +----------------------+------+---------+---------+------------------+

 ======================================================================
 OUTER LOOP ITERATION =   37                    CPU SECONDS = 4.399E+01
 ----------------------------------------------------------------------
 |       Equation       | Rate | RMS Res | Max Res |  Linear Solution |
 +----------------------+------+---------+---------+------------------+
 | U-Mom                | 0.94 | 4.1E-04 | 1.3E-02 |       9.3E-03  OK|
 | V-Mom                | 0.97 | 7.7E-04 | 2.2E-02 |       8.8E-03  OK|
 | W-Mom                | 0.96 | 2.2E-04 | 5.7E-03 |       1.5E-02  OK|
 | P-Mass               | 1.02 | 4.2E-05 | 7.7E-04 |  8.6  3.3E-02  OK|
 +----------------------+------+---------+---------+------------------+
 | K-TurbKE             | 1.00 | 2.1E-03 | 3.7E-02 |  5.7  2.0E-03  OK|
 | O-TurbFreq           | 0.99 | 1.4E-03 | 1.7E-02 |  9.8  1.1E-03  OK|
 +----------------------+------+---------+---------+------------------+

 ======================================================================
 OUTER LOOP ITERATION =   38                    CPU SECONDS = 4.516E+01
 ----------------------------------------------------------------------
 |       Equation       | Rate | RMS Res | Max Res |  Linear Solution |
 +----------------------+------+---------+---------+------------------+
 | U-Mom                | 0.94 | 3.8E-04 | 1.2E-02 |       9.4E-03  OK|
 | V-Mom                | 0.98 | 7.5E-04 | 2.0E-02 |       8.8E-03  OK|
 | W-Mom                | 0.96 | 2.1E-04 | 5.2E-03 |       1.6E-02  OK|
 | P-Mass               | 1.01 | 4.2E-05 | 7.7E-04 |  8.6  3.1E-02  OK|
 +----------------------+------+---------+---------+------------------+
 | K-TurbKE             | 1.00 | 2.1E-03 | 3.6E-02 |  5.7  2.2E-03  OK|
 | O-TurbFreq           | 0.98 | 1.4E-03 | 1.7E-02 |  9.8  1.2E-03  OK|
 +----------------------+------+---------+---------+------------------+

 ======================================================================
 OUTER LOOP ITERATION =   39                    CPU SECONDS = 4.625E+01
 ----------------------------------------------------------------------
 |       Equation       | Rate | RMS Res | Max Res |  Linear Solution |
 +----------------------+------+---------+---------+------------------+
 | U-Mom                | 0.94 | 3.6E-04 | 1.1E-02 |       9.4E-03  OK|
 | V-Mom                | 0.99 | 7.5E-04 | 2.0E-02 |       8.8E-03  OK|
 | W-Mom                | 0.97 | 2.0E-04 | 5.0E-03 |       1.6E-02  OK|
 | P-Mass               | 1.01 | 4.3E-05 | 7.5E-04 |  8.6  2.9E-02  OK|
 +----------------------+------+---------+---------+------------------+
 | K-TurbKE             | 1.01 | 2.2E-03 | 4.4E-02 |  5.7  2.4E-03  OK|
 | O-TurbFreq           | 0.98 | 1.4E-03 | 1.6E-02 |  9.8  1.3E-03  OK|
 +----------------------+------+---------+---------+------------------+

 ======================================================================
 OUTER LOOP ITERATION =   40                    CPU SECONDS = 4.736E+01
 ----------------------------------------------------------------------
 |       Equation       | Rate | RMS Res | Max Res |  Linear Solution |
 +----------------------+------+---------+---------+------------------+
 | U-Mom                | 0.95 | 3.4E-04 | 1.0E-02 |       9.5E-03  OK|
 | V-Mom                | 0.99 | 7.4E-04 | 1.9E-02 |       8.7E-03  OK|
 | W-Mom                | 0.97 | 2.0E-04 | 5.3E-03 |       1.5E-02  OK|
 | P-Mass               | 1.01 | 4.3E-05 | 8.0E-04 |  8.6  2.7E-02  OK|
 +----------------------+------+---------+---------+------------------+
 | K-TurbKE             | 0.96 | 2.1E-03 | 4.9E-02 |  5.7  3.0E-03  OK|
 | O-TurbFreq           | 0.97 | 1.3E-03 | 1.4E-02 |  9.8  1.6E-03  OK|
 +----------------------+------+---------+---------+------------------+

 ======================================================================
 |                        Timescale Information                       |
 ----------------------------------------------------------------------
 |       Equation       |         Type          |      Timescale      |
 +----------------------+-----------------------+---------------------+
 | U-Mom                | Auto Timescale        |     1.72589E-04     |
 | V-Mom                | Auto Timescale        |     1.72589E-04     |
 | W-Mom                | Auto Timescale        |     1.72589E-04     |
 +----------------------+-----------------------+---------------------+
 | K-TurbKE             | Auto Timescale        |     1.72589E-04     |
 | O-TurbFreq           | Auto Timescale        |     1.72589E-04     |
 +----------------------+-----------------------+---------------------+

 ======================================================================
 OUTER LOOP ITERATION =   41                    CPU SECONDS = 4.844E+01
 ----------------------------------------------------------------------
 |       Equation       | Rate | RMS Res | Max Res |  Linear Solution |
 +----------------------+------+---------+---------+------------------+
 | U-Mom                | 0.96 | 3.3E-04 | 1.0E-02 |       9.5E-03  OK|
 | V-Mom                | 0.98 | 7.3E-04 | 1.7E-02 |       8.7E-03  OK|
 | W-Mom                | 0.98 | 1.9E-04 | 5.5E-03 |       1.5E-02  OK|
 | P-Mass               | 1.01 | 4.4E-05 | 8.8E-04 |  8.6  2.6E-02  OK|
 +----------------------+------+---------+---------+------------------+
 | K-TurbKE             | 0.94 | 1.9E-03 | 4.9E-02 |  5.7  3.3E-03  OK|
 | O-TurbFreq           | 0.97 | 1.3E-03 | 1.4E-02 |  9.8  1.6E-03  OK|
 +----------------------+------+---------+---------+------------------+

 ======================================================================
 OUTER LOOP ITERATION =   42                    CPU SECONDS = 4.964E+01
 ----------------------------------------------------------------------
 |       Equation       | Rate | RMS Res | Max Res |  Linear Solution |
 +----------------------+------+---------+---------+------------------+
 | U-Mom                | 0.97 | 3.2E-04 | 1.1E-02 |       9.5E-03  OK|
 | V-Mom                | 0.97 | 7.0E-04 | 1.8E-02 |       8.6E-03  OK|
 | W-Mom                | 0.98 | 1.9E-04 | 5.7E-03 |       1.5E-02  OK|
 | P-Mass               | 1.01 | 4.4E-05 | 1.0E-03 |  8.6  2.4E-02  OK|
 +----------------------+------+---------+---------+------------------+
 | K-TurbKE             | 0.93 | 1.8E-03 | 4.7E-02 |  5.7  2.9E-03  OK|
 | O-TurbFreq           | 0.96 | 1.2E-03 | 1.3E-02 |  9.8  1.8E-03  OK|
 +----------------------+------+---------+---------+------------------+

 ======================================================================
 OUTER LOOP ITERATION =   43                    CPU SECONDS = 5.074E+01
 ----------------------------------------------------------------------
 |       Equation       | Rate | RMS Res | Max Res |  Linear Solution |
 +----------------------+------+---------+---------+------------------+
 | U-Mom                | 0.97 | 3.1E-04 | 1.1E-02 |       9.4E-03  OK|
 | V-Mom                | 0.97 | 6.8E-04 | 1.9E-02 |       8.4E-03  OK|
 | W-Mom                | 0.97 | 1.8E-04 | 5.6E-03 |       1.4E-02  OK|
 | P-Mass               | 1.02 | 4.5E-05 | 1.1E-03 |  8.6  2.2E-02  OK|
 +----------------------+------+---------+---------+------------------+
 | K-TurbKE             | 0.92 | 1.7E-03 | 4.5E-02 |  5.7  3.4E-03  OK|
 | O-TurbFreq           | 0.96 | 1.2E-03 | 1.2E-02 |  9.8  1.7E-03  OK|
 +----------------------+------+---------+---------+------------------+

 ======================================================================
 OUTER LOOP ITERATION =   44                    CPU SECONDS = 5.187E+01
 ----------------------------------------------------------------------
 |       Equation       | Rate | RMS Res | Max Res |  Linear Solution |
 +----------------------+------+---------+---------+------------------+
 | U-Mom                | 0.97 | 3.0E-04 | 1.2E-02 |       9.4E-03  OK|
 | V-Mom                | 0.96 | 6.5E-04 | 1.7E-02 |       8.2E-03  OK|
 | W-Mom                | 0.97 | 1.8E-04 | 4.9E-03 |       1.3E-02  OK|
 | P-Mass               | 1.01 | 4.5E-05 | 1.2E-03 |  8.6  2.1E-02  OK|
 +----------------------+------+---------+---------+------------------+
 | K-TurbKE             | 0.92 | 1.5E-03 | 4.1E-02 |  5.7  3.4E-03  OK|
 | O-TurbFreq           | 0.95 | 1.1E-03 | 1.2E-02 |  9.8  1.9E-03  OK|
 +----------------------+------+---------+---------+------------------+

 ======================================================================
 OUTER LOOP ITERATION =   45                    CPU SECONDS = 5.303E+01
 ----------------------------------------------------------------------
 |       Equation       | Rate | RMS Res | Max Res |  Linear Solution |
 +----------------------+------+---------+---------+------------------+
 | U-Mom                | 0.97 | 2.9E-04 | 1.2E-02 |       9.5E-03  OK|
 | V-Mom                | 0.95 | 6.2E-04 | 1.6E-02 |       8.0E-03  OK|
 | W-Mom                | 0.97 | 1.7E-04 | 4.5E-03 |       1.3E-02  OK|
 | P-Mass               | 1.01 | 4.6E-05 | 1.3E-03 |  8.6  2.0E-02  OK|
 +----------------------+------+---------+---------+------------------+
 | K-TurbKE             | 0.92 | 1.4E-03 | 3.5E-02 |  5.7  3.7E-03  OK|
 | O-TurbFreq           | 0.95 | 1.1E-03 | 1.1E-02 |  9.8  1.7E-03  OK|
 +----------------------+------+---------+---------+------------------+

 ======================================================================
 |                        Timescale Information                       |
 ----------------------------------------------------------------------
 |       Equation       |         Type          |      Timescale      |
 +----------------------+-----------------------+---------------------+
 | U-Mom                | Auto Timescale        |     1.72656E-04     |
 | V-Mom                | Auto Timescale        |     1.72656E-04     |
 | W-Mom                | Auto Timescale        |     1.72656E-04     |
 +----------------------+-----------------------+---------------------+
 | K-TurbKE             | Auto Timescale        |     1.72656E-04     |
 | O-TurbFreq           | Auto Timescale        |     1.72656E-04     |
 +----------------------+-----------------------+---------------------+

 ======================================================================
 OUTER LOOP ITERATION =   46                    CPU SECONDS = 5.427E+01
 ----------------------------------------------------------------------
 |       Equation       | Rate | RMS Res | Max Res |  Linear Solution |
 +----------------------+------+---------+---------+------------------+
 | U-Mom                | 0.96 | 2.8E-04 | 1.1E-02 |       7.0E-02  OK|
 | V-Mom                | 0.95 | 5.9E-04 | 1.8E-02 |       6.1E-02  OK|
 | W-Mom                | 0.97 | 1.7E-04 | 5.7E-03 |       8.7E-02  OK|
 | P-Mass               | 1.00 | 4.5E-05 | 1.4E-03 |  4.8  1.0E-01  OK|
 +----------------------+------+---------+---------+------------------+
 | K-TurbKE             | 0.90 | 1.3E-03 | 2.9E-02 |  5.7  3.5E-03  OK|
 | O-TurbFreq           | 0.93 | 9.9E-04 | 1.1E-02 |  9.8  1.9E-03  OK|
 +----------------------+------+---------+---------+------------------+

 ======================================================================
 OUTER LOOP ITERATION =   47                    CPU SECONDS = 5.540E+01
 ----------------------------------------------------------------------
 |       Equation       | Rate | RMS Res | Max Res |  Linear Solution |
 +----------------------+------+---------+---------+------------------+
 | U-Mom                | 0.96 | 2.7E-04 | 1.1E-02 |       9.7E-03  OK|
 | V-Mom                | 0.95 | 5.6E-04 | 1.7E-02 |       8.0E-03  OK|
 | W-Mom                | 0.98 | 1.6E-04 | 6.5E-03 |       1.2E-02  OK|
 | P-Mass               | 0.96 | 4.4E-05 | 1.3E-03 |  8.6  2.2E-02  OK|
 +----------------------+------+---------+---------+------------------+
 | K-TurbKE             | 0.91 | 1.2E-03 | 3.2E-02 |  5.7  3.3E-03  OK|
 | O-TurbFreq           | 0.94 | 9.3E-04 | 1.2E-02 |  9.8  1.9E-03  OK|
 +----------------------+------+---------+---------+------------------+

 ======================================================================
 OUTER LOOP ITERATION =   48                    CPU SECONDS = 5.654E+01
 ----------------------------------------------------------------------
 |       Equation       | Rate | RMS Res | Max Res |  Linear Solution |
 +----------------------+------+---------+---------+------------------+
 | U-Mom                | 0.96 | 2.6E-04 | 1.0E-02 |       9.8E-03  OK|
 | V-Mom                | 0.93 | 5.2E-04 | 1.7E-02 |       7.5E-03  OK|
 | W-Mom                | 0.96 | 1.6E-04 | 6.8E-03 |       1.2E-02  OK|
 | P-Mass               | 0.97 | 4.3E-05 | 1.4E-03 |  8.6  2.0E-02  OK|
 +----------------------+------+---------+---------+------------------+
 | K-TurbKE             | 0.92 | 1.1E-03 | 3.6E-02 |  5.7  3.3E-03  OK|
 | O-TurbFreq           | 0.94 | 8.7E-04 | 1.2E-02 |  9.8  1.9E-03  OK|
 +----------------------+------+---------+---------+------------------+

 ======================================================================
 OUTER LOOP ITERATION =   49                    CPU SECONDS = 5.773E+01
 ----------------------------------------------------------------------
 |       Equation       | Rate | RMS Res | Max Res |  Linear Solution |
 +----------------------+------+---------+---------+------------------+
 | U-Mom                | 0.96 | 2.5E-04 | 9.1E-03 |       9.8E-03  OK|
 | V-Mom                | 0.94 | 4.9E-04 | 1.6E-02 |       7.3E-03  OK|
 | W-Mom                | 0.96 | 1.5E-04 | 6.8E-03 |       1.3E-02  OK|
 | P-Mass               | 0.97 | 4.1E-05 | 1.4E-03 |  8.6  2.0E-02  OK|
 +----------------------+------+---------+---------+------------------+
 | K-TurbKE             | 0.94 | 1.0E-03 | 3.9E-02 |  5.7  3.0E-03  OK|
 | O-TurbFreq           | 0.94 | 8.2E-04 | 1.1E-02 |  9.8  1.6E-03  OK|
 +----------------------+------+---------+---------+------------------+

 ======================================================================
 OUTER LOOP ITERATION =   50                    CPU SECONDS = 5.894E+01
 ----------------------------------------------------------------------
 |       Equation       | Rate | RMS Res | Max Res |  Linear Solution |
 +----------------------+------+---------+---------+------------------+
 | U-Mom                | 0.95 | 2.3E-04 | 8.5E-03 |       9.9E-03  OK|
 | V-Mom                | 0.93 | 4.5E-04 | 1.3E-02 |       7.4E-03  OK|
 | W-Mom                | 0.96 | 1.4E-04 | 5.9E-03 |       1.4E-02  OK|
 | P-Mass               | 0.94 | 3.9E-05 | 1.3E-03 |  8.6  2.1E-02  OK|
 +----------------------+------+---------+---------+------------------+
 | K-TurbKE             | 0.96 | 9.6E-04 | 4.0E-02 |  5.7  2.8E-03  OK|
 | O-TurbFreq           | 0.94 | 7.7E-04 | 9.9E-03 |  9.8  1.3E-03  OK|
 +----------------------+------+---------+---------+------------------+

 ======================================================================
 |                        Timescale Information                       |
 ----------------------------------------------------------------------
 |       Equation       |         Type          |      Timescale      |
 +----------------------+-----------------------+---------------------+
 | U-Mom                | Auto Timescale        |     1.72755E-04     |
 | V-Mom                | Auto Timescale        |     1.72755E-04     |
 | W-Mom                | Auto Timescale        |     1.72755E-04     |
 +----------------------+-----------------------+---------------------+
 | K-TurbKE             | Auto Timescale        |     1.72755E-04     |
 | O-TurbFreq           | Auto Timescale        |     1.72755E-04     |
 +----------------------+-----------------------+---------------------+

 ======================================================================
 OUTER LOOP ITERATION =   51                    CPU SECONDS = 6.019E+01
 ----------------------------------------------------------------------
 |       Equation       | Rate | RMS Res | Max Res |  Linear Solution |
 +----------------------+------+---------+---------+------------------+
 | U-Mom                | 0.94 | 2.2E-04 | 7.8E-03 |       1.0E-02  OK|
 | V-Mom                | 0.93 | 4.2E-04 | 1.3E-02 |       7.4E-03  OK|
 | W-Mom                | 0.97 | 1.4E-04 | 5.4E-03 |       1.5E-02  OK|
 | P-Mass               | 0.93 | 3.6E-05 | 1.2E-03 |  8.6  2.2E-02  OK|
 +----------------------+------+---------+---------+------------------+
 | K-TurbKE             | 0.97 | 9.3E-04 | 3.8E-02 |  5.7  2.8E-03  OK|
 | O-TurbFreq           | 0.95 | 7.3E-04 | 9.0E-03 |  9.8  1.1E-03  OK|
 +----------------------+------+---------+---------+------------------+

 ======================================================================
 OUTER LOOP ITERATION =   52                    CPU SECONDS = 6.138E+01
 ----------------------------------------------------------------------
 |       Equation       | Rate | RMS Res | Max Res |  Linear Solution |
 +----------------------+------+---------+---------+------------------+
 | U-Mom                | 0.94 | 2.1E-04 | 7.0E-03 |       1.0E-02  OK|
 | V-Mom                | 0.93 | 3.9E-04 | 1.1E-02 |       7.5E-03  OK|
 | W-Mom                | 0.98 | 1.4E-04 | 4.9E-03 |       1.6E-02  OK|
 | P-Mass               | 0.92 | 3.3E-05 | 1.1E-03 |  8.6  2.3E-02  OK|
 +----------------------+------+---------+---------+------------------+
 | K-TurbKE             | 0.98 | 9.1E-04 | 3.4E-02 |  5.7  2.7E-03  OK|
 | O-TurbFreq           | 0.95 | 6.9E-04 | 7.9E-03 |  9.8  9.5E-04  OK|
 +----------------------+------+---------+---------+------------------+

 ======================================================================
 OUTER LOOP ITERATION =   53                    CPU SECONDS = 6.254E+01
 ----------------------------------------------------------------------
 |       Equation       | Rate | RMS Res | Max Res |  Linear Solution |
 +----------------------+------+---------+---------+------------------+
 | U-Mom                | 0.94 | 1.9E-04 | 6.1E-03 |       1.1E-02  OK|
 | V-Mom                | 0.94 | 3.7E-04 | 8.8E-03 |       7.7E-03  OK|
 | W-Mom                | 0.99 | 1.4E-04 | 4.4E-03 |       1.6E-02  OK|
 | P-Mass               | 0.91 | 3.0E-05 | 9.6E-04 |  8.6  2.4E-02  OK|
 +----------------------+------+---------+---------+------------------+
 | K-TurbKE             | 0.98 | 8.9E-04 | 3.2E-02 |  5.7  2.4E-03  OK|
 | O-TurbFreq           | 0.96 | 6.7E-04 | 8.1E-03 |  9.8  8.9E-04  OK|
 +----------------------+------+---------+---------+------------------+

 ======================================================================
 OUTER LOOP ITERATION =   54                    CPU SECONDS = 6.367E+01
 ----------------------------------------------------------------------
 |       Equation       | Rate | RMS Res | Max Res |  Linear Solution |
 +----------------------+------+---------+---------+------------------+
 | U-Mom                | 0.94 | 1.8E-04 | 5.1E-03 |       1.1E-02  OK|
 | V-Mom                | 0.95 | 3.5E-04 | 8.3E-03 |       7.9E-03  OK|
 | W-Mom                | 1.00 | 1.4E-04 | 4.1E-03 |       1.5E-02  OK|
 | P-Mass               | 0.91 | 2.7E-05 | 8.3E-04 |  8.6  2.4E-02  OK|
 +----------------------+------+---------+---------+------------------+
 | K-TurbKE             | 0.98 | 8.7E-04 | 3.1E-02 |  5.7  2.3E-03  OK|
 | O-TurbFreq           | 0.97 | 6.5E-04 | 8.3E-03 |  9.8  7.9E-04  OK|
 +----------------------+------+---------+---------+------------------+

 ======================================================================
 OUTER LOOP ITERATION =   55                    CPU SECONDS = 6.486E+01
 ----------------------------------------------------------------------
 |       Equation       | Rate | RMS Res | Max Res |  Linear Solution |
 +----------------------+------+---------+---------+------------------+
 | U-Mom                | 0.93 | 1.7E-04 | 4.7E-03 |       1.1E-02  OK|
 | V-Mom                | 0.96 | 3.4E-04 | 8.7E-03 |       8.1E-03  OK|
 | W-Mom                | 1.00 | 1.4E-04 | 4.0E-03 |       1.5E-02  OK|
 | P-Mass               | 0.90 | 2.5E-05 | 7.1E-04 |  8.6  2.4E-02  OK|
 +----------------------+------+---------+---------+------------------+
 | K-TurbKE             | 0.98 | 8.5E-04 | 2.9E-02 |  5.7  2.3E-03  OK|
 | O-TurbFreq           | 0.97 | 6.3E-04 | 8.3E-03 |  9.8  7.9E-04  OK|
 +----------------------+------+---------+---------+------------------+

 ======================================================================
 |                        Timescale Information                       |
 ----------------------------------------------------------------------
 |       Equation       |         Type          |      Timescale      |
 +----------------------+-----------------------+---------------------+
 | U-Mom                | Auto Timescale        |     1.72867E-04     |
 | V-Mom                | Auto Timescale        |     1.72867E-04     |
 | W-Mom                | Auto Timescale        |     1.72867E-04     |
 +----------------------+-----------------------+---------------------+
 | K-TurbKE             | Auto Timescale        |     1.72867E-04     |
 | O-TurbFreq           | Auto Timescale        |     1.72867E-04     |
 +----------------------+-----------------------+---------------------+

 ======================================================================
 OUTER LOOP ITERATION =   56                    CPU SECONDS = 6.600E+01
 ----------------------------------------------------------------------
 |       Equation       | Rate | RMS Res | Max Res |  Linear Solution |
 +----------------------+------+---------+---------+------------------+
 | U-Mom                | 0.93 | 1.6E-04 | 4.3E-03 |       1.2E-02  OK|
 | V-Mom                | 0.98 | 3.3E-04 | 9.8E-03 |       8.3E-03  OK|
 | W-Mom                | 1.00 | 1.4E-04 | 4.0E-03 |       1.5E-02  OK|
 | P-Mass               | 0.90 | 2.2E-05 | 5.8E-04 |  8.6  2.3E-02  OK|
 +----------------------+------+---------+---------+------------------+
 | K-TurbKE             | 0.97 | 8.3E-04 | 2.7E-02 |  5.7  2.3E-03  OK|
 | O-TurbFreq           | 0.97 | 6.2E-04 | 8.2E-03 |  9.8  6.8E-04  OK|
 +----------------------+------+---------+---------+------------------+

 ======================================================================
 OUTER LOOP ITERATION =   57                    CPU SECONDS = 6.714E+01
 ----------------------------------------------------------------------
 |       Equation       | Rate | RMS Res | Max Res |  Linear Solution |
 +----------------------+------+---------+---------+------------------+
 | U-Mom                | 0.94 | 1.5E-04 | 3.8E-03 |       1.2E-02  OK|
 | V-Mom                | 0.98 | 3.3E-04 | 9.2E-03 |       8.6E-03  OK|
 | W-Mom                | 0.99 | 1.3E-04 | 4.0E-03 |       1.4E-02  OK|
 | P-Mass               | 0.90 | 2.0E-05 | 4.7E-04 |  8.6  2.3E-02  OK|
 +----------------------+------+---------+---------+------------------+
 | K-TurbKE             | 0.96 | 7.9E-04 | 2.4E-02 |  5.7  2.3E-03  OK|
 | O-TurbFreq           | 0.97 | 6.0E-04 | 8.0E-03 |  9.8  6.8E-04  OK|
 +----------------------+------+---------+---------+------------------+

 ======================================================================
 OUTER LOOP ITERATION =   58                    CPU SECONDS = 6.829E+01
 ----------------------------------------------------------------------
 |       Equation       | Rate | RMS Res | Max Res |  Linear Solution |
 +----------------------+------+---------+---------+------------------+
 | U-Mom                | 0.94 | 1.4E-04 | 3.3E-03 |       1.2E-02  OK|
 | V-Mom                | 0.99 | 3.2E-04 | 9.3E-03 |       8.8E-03  OK|
 | W-Mom                | 0.99 | 1.3E-04 | 3.7E-03 |       1.4E-02  OK|
 | P-Mass               | 0.90 | 1.8E-05 | 3.6E-04 |  8.6  2.3E-02  OK|
 +----------------------+------+---------+---------+------------------+
 | K-TurbKE             | 0.95 | 7.5E-04 | 2.2E-02 |  5.7  2.3E-03  OK|
 | O-TurbFreq           | 0.97 | 5.8E-04 | 7.9E-03 |  9.8  6.8E-04  OK|
 +----------------------+------+---------+---------+------------------+

 ======================================================================
 OUTER LOOP ITERATION =   59                    CPU SECONDS = 6.963E+01
 ----------------------------------------------------------------------
 |       Equation       | Rate | RMS Res | Max Res |  Linear Solution |
 +----------------------+------+---------+---------+------------------+
 | U-Mom                | 0.94 | 1.3E-04 | 2.8E-03 |       1.2E-02  OK|
 | V-Mom                | 0.99 | 3.2E-04 | 9.9E-03 |       9.1E-03  OK|
 | W-Mom                | 0.98 | 1.3E-04 | 3.5E-03 |       1.4E-02  OK|
 | P-Mass               | 0.90 | 1.6E-05 | 2.6E-04 |  8.6  2.3E-02  OK|
 +----------------------+------+---------+---------+------------------+
 | K-TurbKE             | 0.94 | 7.1E-04 | 2.1E-02 |  5.7  2.3E-03  OK|
 | O-TurbFreq           | 0.96 | 5.5E-04 | 7.7E-03 |  9.8  6.6E-04  OK|
 +----------------------+------+---------+---------+------------------+

 ======================================================================
 OUTER LOOP ITERATION =   60                    CPU SECONDS = 7.079E+01
 ----------------------------------------------------------------------
 |       Equation       | Rate | RMS Res | Max Res |  Linear Solution |
 +----------------------+------+---------+---------+------------------+
 | U-Mom                | 0.94 | 1.2E-04 | 2.7E-03 |       1.2E-02  OK|
 | V-Mom                | 0.99 | 3.2E-04 | 9.3E-03 |       9.3E-03  OK|
 | W-Mom                | 0.96 | 1.2E-04 | 3.3E-03 |       1.4E-02  OK|
 | P-Mass               | 0.90 | 1.5E-05 | 2.2E-04 |  8.6  2.3E-02  OK|
 +----------------------+------+---------+---------+------------------+
 | K-TurbKE             | 0.93 | 6.6E-04 | 1.9E-02 |  5.7  2.3E-03  OK|
 | O-TurbFreq           | 0.95 | 5.3E-04 | 7.3E-03 |  9.8  6.7E-04  OK|
 +----------------------+------+---------+---------+------------------+

 ======================================================================
 |                        Timescale Information                       |
 ----------------------------------------------------------------------
 |       Equation       |         Type          |      Timescale      |
 +----------------------+-----------------------+---------------------+
 | U-Mom                | Auto Timescale        |     1.72935E-04     |
 | V-Mom                | Auto Timescale        |     1.72935E-04     |
 | W-Mom                | Auto Timescale        |     1.72935E-04     |
 +----------------------+-----------------------+---------------------+
 | K-TurbKE             | Auto Timescale        |     1.72935E-04     |
 | O-TurbFreq           | Auto Timescale        |     1.72935E-04     |
 +----------------------+-----------------------+---------------------+

 ======================================================================
 OUTER LOOP ITERATION =   61                    CPU SECONDS = 7.190E+01
 ----------------------------------------------------------------------
 |       Equation       | Rate | RMS Res | Max Res |  Linear Solution |
 +----------------------+------+---------+---------+------------------+
 | U-Mom                | 0.94 | 1.2E-04 | 2.6E-03 |       1.2E-02  OK|
 | V-Mom                | 0.99 | 3.2E-04 | 8.6E-03 |       9.4E-03  OK|
 | W-Mom                | 0.96 | 1.2E-04 | 3.0E-03 |       1.4E-02  OK|
 | P-Mass               | 0.90 | 1.3E-05 | 1.9E-04 |  8.6  2.3E-02  OK|
 +----------------------+------+---------+---------+------------------+
 | K-TurbKE             | 0.92 | 6.1E-04 | 1.6E-02 |  5.7  2.4E-03  OK|
 | O-TurbFreq           | 0.94 | 5.0E-04 | 6.7E-03 |  9.8  6.6E-04  OK|
 +----------------------+------+---------+---------+------------------+

 ======================================================================
 OUTER LOOP ITERATION =   62                    CPU SECONDS = 7.310E+01
 ----------------------------------------------------------------------
 |       Equation       | Rate | RMS Res | Max Res |  Linear Solution |
 +----------------------+------+---------+---------+------------------+
 | U-Mom                | 0.94 | 1.1E-04 | 2.5E-03 |       1.2E-02  OK|
 | V-Mom                | 0.99 | 3.1E-04 | 8.6E-03 |       9.4E-03  OK|
 | W-Mom                | 0.95 | 1.1E-04 | 2.8E-03 |       1.4E-02  OK|
 | P-Mass               | 0.90 | 1.2E-05 | 1.5E-04 |  8.6  2.4E-02  OK|
 +----------------------+------+---------+---------+------------------+
 | K-TurbKE             | 0.90 | 5.5E-04 | 1.5E-02 |  5.7  2.3E-03  OK|
 | O-TurbFreq           | 0.94 | 4.7E-04 | 6.0E-03 |  9.8  6.8E-04  OK|
 +----------------------+------+---------+---------+------------------+

 ======================================================================
 OUTER LOOP ITERATION =   63                    CPU SECONDS = 7.426E+01
 ----------------------------------------------------------------------
 |       Equation       | Rate | RMS Res | Max Res |  Linear Solution |
 +----------------------+------+---------+---------+------------------+
 | U-Mom                | 0.94 | 1.0E-04 | 2.5E-03 |       1.2E-02  OK|
 | V-Mom                | 0.98 | 3.0E-04 | 8.1E-03 |       9.4E-03  OK|
 | W-Mom                | 0.95 | 1.1E-04 | 2.5E-03 |       1.4E-02  OK|
 | P-Mass               | 0.91 | 1.1E-05 | 1.5E-04 |  8.6  2.5E-02  OK|
 +----------------------+------+---------+---------+------------------+
 | K-TurbKE             | 0.89 | 4.9E-04 | 1.3E-02 |  5.7  2.5E-03  OK|
 | O-TurbFreq           | 0.93 | 4.3E-04 | 5.1E-03 |  9.8  7.3E-04  OK|
 +----------------------+------+---------+---------+------------------+

 ======================================================================
 OUTER LOOP ITERATION =   64                    CPU SECONDS = 7.550E+01
 ----------------------------------------------------------------------
 |       Equation       | Rate | RMS Res | Max Res |  Linear Solution |
 +----------------------+------+---------+---------+------------------+
 | U-Mom                | 0.94 | 9.6E-05 | 2.4E-03 |       1.2E-02  OK|
 | V-Mom                | 0.97 | 3.0E-04 | 6.8E-03 |       9.4E-03  OK|
 | W-Mom                | 0.94 | 1.0E-04 | 2.2E-03 |       1.4E-02  OK|
 | P-Mass               | 0.92 | 9.9E-06 | 1.5E-04 |  8.6  2.6E-02  OK|
 +----------------------+------+---------+---------+------------------+
 | K-TurbKE             | 0.88 | 4.3E-04 | 1.1E-02 |  5.7  2.4E-03  OK|
 | O-TurbFreq           | 0.92 | 4.0E-04 | 4.9E-03 |  9.8  7.6E-04  OK|
 +----------------------+------+---------+---------+------------------+

 ======================================================================
 OUTER LOOP ITERATION =   65                    CPU SECONDS = 7.682E+01
 ----------------------------------------------------------------------
 |       Equation       | Rate | RMS Res | Max Res |  Linear Solution |
 +----------------------+------+---------+---------+------------------+
 | U-Mom                | 0.94 | 9.0E-05 | 2.4E-03 |       1.2E-02  OK|
 | V-Mom                | 0.96 | 2.9E-04 | 6.7E-03 |       9.2E-03  OK|
 | W-Mom                | 0.94 | 9.5E-05 | 2.0E-03 |       1.4E-02  OK|
 | P-Mass               | 0.92 | 9.1E-06 | 1.5E-04 |  8.6  2.7E-02  OK|
 +----------------------+------+---------+---------+------------------+
 | K-TurbKE             | 0.88 | 3.8E-04 | 9.1E-03 |  5.7  2.5E-03  OK|
 | O-TurbFreq           | 0.92 | 3.7E-04 | 4.7E-03 |  9.8  8.2E-04  OK|
 +----------------------+------+---------+---------+------------------+

 ======================================================================
 |                        Timescale Information                       |
 ----------------------------------------------------------------------
 |       Equation       |         Type          |      Timescale      |
 +----------------------+-----------------------+---------------------+
 | U-Mom                | Auto Timescale        |     1.72941E-04     |
 | V-Mom                | Auto Timescale        |     1.72941E-04     |
 | W-Mom                | Auto Timescale        |     1.72941E-04     |
 +----------------------+-----------------------+---------------------+
 | K-TurbKE             | Auto Timescale        |     1.72941E-04     |
 | O-TurbFreq           | Auto Timescale        |     1.72941E-04     |
 +----------------------+-----------------------+---------------------+

 ======================================================================
 OUTER LOOP ITERATION =   66                    CPU SECONDS = 7.806E+01
 ----------------------------------------------------------------------
 |       Equation       | Rate | RMS Res | Max Res |  Linear Solution |
 +----------------------+------+---------+---------+------------------+
 | U-Mom                | 0.94 | 8.4E-05 | 2.4E-03 |       1.1E-02  OK|
 | V-Mom                | 0.96 | 2.7E-04 | 6.4E-03 |       9.1E-03  OK|
 | W-Mom                | 0.93 | 8.9E-05 | 1.8E-03 |       1.5E-02  OK|
 | P-Mass               | 0.93 | 8.5E-06 | 1.5E-04 |  8.6  2.8E-02  OK|
 +----------------------+------+---------+---------+------------------+
 | K-TurbKE             | 0.88 | 3.4E-04 | 7.4E-03 |  5.7  2.7E-03  OK|
 | O-TurbFreq           | 0.91 | 3.3E-04 | 4.4E-03 |  9.8  8.2E-04  OK|
 +----------------------+------+---------+---------+------------------+

 ======================================================================
 OUTER LOOP ITERATION =   67                    CPU SECONDS = 7.925E+01
 ----------------------------------------------------------------------
 |       Equation       | Rate | RMS Res | Max Res |  Linear Solution |
 +----------------------+------+---------+---------+------------------+
 | U-Mom                | 0.94 | 7.9E-05 | 2.3E-03 |       1.1E-02  OK|
 | V-Mom                | 0.95 | 2.6E-04 | 6.6E-03 |       8.8E-03  OK|
 | W-Mom                | 0.93 | 8.2E-05 | 1.7E-03 |       1.5E-02  OK|
 | P-Mass               | 0.93 | 7.9E-06 | 1.5E-04 |  8.6  2.8E-02  OK|
 +----------------------+------+---------+---------+------------------+
 | K-TurbKE             | 0.88 | 3.0E-04 | 5.8E-03 |  5.7  2.9E-03  OK|
 | O-TurbFreq           | 0.91 | 3.0E-04 | 4.0E-03 |  9.8  8.2E-04  OK|
 +----------------------+------+---------+---------+------------------+

 ======================================================================
 OUTER LOOP ITERATION =   68                    CPU SECONDS = 8.054E+01
 ----------------------------------------------------------------------
 |       Equation       | Rate | RMS Res | Max Res |  Linear Solution |
 +----------------------+------+---------+---------+------------------+
 | U-Mom                | 0.94 | 7.4E-05 | 2.2E-03 |       1.1E-02  OK|
 | V-Mom                | 0.94 | 2.5E-04 | 5.9E-03 |       8.6E-03  OK|
 | W-Mom                | 0.93 | 7.6E-05 | 1.6E-03 |       1.5E-02  OK|
 | P-Mass               | 0.93 | 7.4E-06 | 1.5E-04 |  8.6  2.8E-02  OK|
 +----------------------+------+---------+---------+------------------+
 | K-TurbKE             | 0.89 | 2.6E-04 | 4.4E-03 |  5.7  3.2E-03  OK|
 | O-TurbFreq           | 0.90 | 2.7E-04 | 3.6E-03 |  9.8  9.0E-04  OK|
 +----------------------+------+---------+---------+------------------+

 ======================================================================
 OUTER LOOP ITERATION =   69                    CPU SECONDS = 8.162E+01
 ----------------------------------------------------------------------
 |       Equation       | Rate | RMS Res | Max Res |  Linear Solution |
 +----------------------+------+---------+---------+------------------+
 | U-Mom                | 0.94 | 7.0E-05 | 2.1E-03 |       1.1E-02  OK|
 | V-Mom                | 0.94 | 2.3E-04 | 5.8E-03 |       8.4E-03  OK|
 | W-Mom                | 0.92 | 7.0E-05 | 1.6E-03 |       1.5E-02  OK|
 | P-Mass               | 0.94 | 6.9E-06 | 1.5E-04 |  8.6  2.8E-02  OK|
 +----------------------+------+---------+---------+------------------+
 | K-TurbKE             | 0.90 | 2.4E-04 | 3.5E-03 |  5.7  3.2E-03  OK|
 | O-TurbFreq           | 0.90 | 2.5E-04 | 3.3E-03 |  9.8  9.1E-04  OK|
 +----------------------+------+---------+---------+------------------+

 ======================================================================
 OUTER LOOP ITERATION =   70                    CPU SECONDS = 8.265E+01
 ----------------------------------------------------------------------
 |       Equation       | Rate | RMS Res | Max Res |  Linear Solution |
 +----------------------+------+---------+---------+------------------+
 | U-Mom                | 0.94 | 6.5E-05 | 2.0E-03 |       1.1E-02  OK|
 | V-Mom                | 0.94 | 2.2E-04 | 4.8E-03 |       8.1E-03  OK|
 | W-Mom                | 0.92 | 6.5E-05 | 1.5E-03 |       1.4E-02  OK|
 | P-Mass               | 0.94 | 6.5E-06 | 1.5E-04 |  8.6  2.8E-02  OK|
 +----------------------+------+---------+---------+------------------+
 | K-TurbKE             | 0.92 | 2.2E-04 | 3.3E-03 |  5.7  3.3E-03  OK|
 | O-TurbFreq           | 0.90 | 2.2E-04 | 2.9E-03 |  9.8  9.3E-04  OK|
 +----------------------+------+---------+---------+------------------+

 ======================================================================
 |                        Timescale Information                       |
 ----------------------------------------------------------------------
 |       Equation       |         Type          |      Timescale      |
 +----------------------+-----------------------+---------------------+
 | U-Mom                | Auto Timescale        |     1.72918E-04     |
 | V-Mom                | Auto Timescale        |     1.72918E-04     |
 | W-Mom                | Auto Timescale        |     1.72918E-04     |
 +----------------------+-----------------------+---------------------+
 | K-TurbKE             | Auto Timescale        |     1.72918E-04     |
 | O-TurbFreq           | Auto Timescale        |     1.72918E-04     |
 +----------------------+-----------------------+---------------------+

 ======================================================================
 OUTER LOOP ITERATION =   71                    CPU SECONDS = 8.372E+01
 ----------------------------------------------------------------------
 |       Equation       | Rate | RMS Res | Max Res |  Linear Solution |
 +----------------------+------+---------+---------+------------------+
 | U-Mom                | 0.94 | 6.1E-05 | 1.9E-03 |       1.1E-02  OK|
 | V-Mom                | 0.93 | 2.0E-04 | 4.7E-03 |       7.9E-03  OK|
 | W-Mom                | 0.93 | 6.0E-05 | 1.5E-03 |       1.4E-02  OK|
 | P-Mass               | 0.94 | 6.1E-06 | 1.5E-04 |  8.6  2.7E-02  OK|
 +----------------------+------+---------+---------+------------------+
 | K-TurbKE             | 0.93 | 2.0E-04 | 3.2E-03 |  5.7  3.3E-03  OK|
 | O-TurbFreq           | 0.91 | 2.0E-04 | 2.5E-03 |  9.8  9.6E-04  OK|
 +----------------------+------+---------+---------+------------------+

 ======================================================================
 OUTER LOOP ITERATION =   72                    CPU SECONDS = 8.479E+01
 ----------------------------------------------------------------------
 |       Equation       | Rate | RMS Res | Max Res |  Linear Solution |
 +----------------------+------+---------+---------+------------------+
 | U-Mom                | 0.93 | 5.7E-05 | 1.8E-03 |       1.1E-02  OK|
 | V-Mom                | 0.93 | 1.9E-04 | 4.2E-03 |       7.8E-03  OK|
 | W-Mom                | 0.93 | 5.6E-05 | 1.4E-03 |       1.4E-02  OK|
 | P-Mass               | 0.95 | 5.8E-06 | 1.4E-04 |  8.6  2.6E-02  OK|
 +----------------------+------+---------+---------+------------------+
 | K-TurbKE             | 0.95 | 1.9E-04 | 3.1E-03 |  5.7  3.2E-03  OK|
 | O-TurbFreq           | 0.91 | 1.8E-04 | 2.2E-03 |  9.8  1.0E-03  OK|
 +----------------------+------+---------+---------+------------------+

 ======================================================================
 OUTER LOOP ITERATION =   73                    CPU SECONDS = 8.589E+01
 ----------------------------------------------------------------------
 |       Equation       | Rate | RMS Res | Max Res |  Linear Solution |
 +----------------------+------+---------+---------+------------------+
 | U-Mom                | 0.93 | 5.3E-05 | 1.7E-03 |       1.1E-02  OK|
 | V-Mom                | 0.93 | 1.8E-04 | 4.0E-03 |       7.6E-03  OK|
 | W-Mom                | 0.93 | 5.2E-05 | 1.3E-03 |       1.4E-02  OK|
 | P-Mass               | 0.96 | 5.5E-06 | 1.4E-04 |  8.6  2.6E-02  OK|
 +----------------------+------+---------+---------+------------------+
 | K-TurbKE             | 0.95 | 1.8E-04 | 3.0E-03 |  5.7  3.5E-03  OK|
 | O-TurbFreq           | 0.92 | 1.7E-04 | 2.2E-03 |  9.8  1.1E-03  OK|
 +----------------------+------+---------+---------+------------------+

 ======================================================================
 OUTER LOOP ITERATION =   74                    CPU SECONDS = 8.692E+01
 ----------------------------------------------------------------------
 |       Equation       | Rate | RMS Res | Max Res |  Linear Solution |
 +----------------------+------+---------+---------+------------------+
 | U-Mom                | 0.93 | 5.0E-05 | 1.6E-03 |       1.2E-02  OK|
 | V-Mom                | 0.93 | 1.6E-04 | 3.7E-03 |       7.6E-03  OK|
 | W-Mom                | 0.93 | 4.8E-05 | 1.2E-03 |       1.5E-02  OK|
 | P-Mass               | 0.97 | 5.4E-06 | 1.4E-04 |  8.6  2.5E-02  OK|
 +----------------------+------+---------+---------+------------------+
 | K-TurbKE             | 0.95 | 1.8E-04 | 2.9E-03 |  5.7  3.5E-03  OK|
 | O-TurbFreq           | 0.93 | 1.6E-04 | 2.1E-03 |  9.8  1.1E-03  OK|
 +----------------------+------+---------+---------+------------------+

 ======================================================================
 OUTER LOOP ITERATION =   75                    CPU SECONDS = 8.796E+01
 ----------------------------------------------------------------------
 |       Equation       | Rate | RMS Res | Max Res |  Linear Solution |
 +----------------------+------+---------+---------+------------------+
 | U-Mom                | 0.93 | 4.6E-05 | 1.5E-03 |       1.2E-02  OK|
 | V-Mom                | 0.94 | 1.5E-04 | 3.6E-03 |       7.5E-03  OK|
 | W-Mom                | 0.93 | 4.5E-05 | 1.2E-03 |       1.5E-02  OK|
 | P-Mass               | 0.98 | 5.2E-06 | 1.3E-04 |  8.6  2.5E-02  OK|
 +----------------------+------+---------+---------+------------------+
 | K-TurbKE             | 0.96 | 1.7E-04 | 2.8E-03 |  5.7  3.6E-03  OK|
 | O-TurbFreq           | 0.94 | 1.5E-04 | 2.0E-03 |  9.8  1.1E-03  OK|
 +----------------------+------+---------+---------+------------------+

 ======================================================================
 |                        Timescale Information                       |
 ----------------------------------------------------------------------
 |       Equation       |         Type          |      Timescale      |
 +----------------------+-----------------------+---------------------+
 | U-Mom                | Auto Timescale        |     1.72897E-04     |
 | V-Mom                | Auto Timescale        |     1.72897E-04     |
 | W-Mom                | Auto Timescale        |     1.72897E-04     |
 +----------------------+-----------------------+---------------------+
 | K-TurbKE             | Auto Timescale        |     1.72897E-04     |
 | O-TurbFreq           | Auto Timescale        |     1.72897E-04     |
 +----------------------+-----------------------+---------------------+

 ======================================================================
 OUTER LOOP ITERATION =   76                    CPU SECONDS = 8.904E+01
 ----------------------------------------------------------------------
 |       Equation       | Rate | RMS Res | Max Res |  Linear Solution |
 +----------------------+------+---------+---------+------------------+
 | U-Mom                | 0.93 | 4.3E-05 | 1.4E-03 |       1.2E-02  OK|
 | V-Mom                | 0.94 | 1.5E-04 | 3.5E-03 |       7.5E-03  OK|
 | W-Mom                | 0.94 | 4.2E-05 | 1.1E-03 |       1.5E-02  OK|
 | P-Mass               | 0.99 | 5.2E-06 | 1.2E-04 |  8.6  2.5E-02  OK|
 +----------------------+------+---------+---------+------------------+
 | K-TurbKE             | 0.96 | 1.6E-04 | 2.6E-03 |  5.7  3.5E-03  OK|
 | O-TurbFreq           | 0.95 | 1.4E-04 | 1.9E-03 |  9.8  1.1E-03  OK|
 +----------------------+------+---------+---------+------------------+

 ======================================================================
 OUTER LOOP ITERATION =   77                    CPU SECONDS = 9.014E+01
 ----------------------------------------------------------------------
 |       Equation       | Rate | RMS Res | Max Res |  Linear Solution |
 +----------------------+------+---------+---------+------------------+
 | U-Mom                | 0.94 | 4.1E-05 | 1.3E-03 |       1.3E-02  OK|
 | V-Mom                | 0.95 | 1.4E-04 | 3.4E-03 |       7.6E-03  OK|
 | W-Mom                | 0.94 | 4.0E-05 | 1.0E-03 |       1.5E-02  OK|
 | P-Mass               | 1.00 | 5.2E-06 | 1.4E-04 |  8.6  2.5E-02  OK|
 +----------------------+------+---------+---------+------------------+
 | K-TurbKE             | 0.96 | 1.5E-04 | 2.5E-03 |  5.7  3.5E-03  OK|
 | O-TurbFreq           | 0.95 | 1.3E-04 | 1.8E-03 |  9.8  1.1E-03  OK|
 +----------------------+------+---------+---------+------------------+

 ======================================================================
 OUTER LOOP ITERATION =   78                    CPU SECONDS = 9.118E+01
 ----------------------------------------------------------------------
 |       Equation       | Rate | RMS Res | Max Res |  Linear Solution |
 +----------------------+------+---------+---------+------------------+
 | U-Mom                | 0.94 | 3.8E-05 | 1.2E-03 |       1.3E-02  OK|
 | V-Mom                | 0.95 | 1.3E-04 | 3.3E-03 |       7.6E-03  OK|
 | W-Mom                | 0.95 | 3.8E-05 | 9.6E-04 |       1.6E-02  OK|
 | P-Mass               | 1.01 | 5.2E-06 | 1.6E-04 |  8.6  2.4E-02  OK|
 +----------------------+------+---------+---------+------------------+
 | K-TurbKE             | 0.96 | 1.5E-04 | 2.5E-03 |  5.7  3.5E-03  OK|
 | O-TurbFreq           | 0.96 | 1.3E-04 | 1.7E-03 |  9.8  1.0E-03  OK|
 +----------------------+------+---------+---------+------------------+

 ======================================================================
 OUTER LOOP ITERATION =   79                    CPU SECONDS = 9.222E+01
 ----------------------------------------------------------------------
 |       Equation       | Rate | RMS Res | Max Res |  Linear Solution |
 +----------------------+------+---------+---------+------------------+
 | U-Mom                | 0.95 | 3.6E-05 | 1.1E-03 |       1.4E-02  OK|
 | V-Mom                | 0.96 | 1.2E-04 | 3.1E-03 |       7.6E-03  OK|
 | W-Mom                | 0.96 | 3.6E-05 | 9.0E-04 |       1.6E-02  OK|
 | P-Mass               | 1.01 | 5.3E-06 | 1.7E-04 |  8.6  2.4E-02  OK|
 +----------------------+------+---------+---------+------------------+
 | K-TurbKE             | 0.96 | 1.4E-04 | 2.5E-03 |  5.7  3.6E-03  OK|
 | O-TurbFreq           | 0.96 | 1.2E-04 | 1.7E-03 |  9.8  1.0E-03  OK|
 +----------------------+------+---------+---------+------------------+

 ======================================================================
 OUTER LOOP ITERATION =   80                    CPU SECONDS = 9.330E+01
 ----------------------------------------------------------------------
 |       Equation       | Rate | RMS Res | Max Res |  Linear Solution |
 +----------------------+------+---------+---------+------------------+
 | U-Mom                | 0.96 | 3.5E-05 | 9.6E-04 |       1.4E-02  OK|
 | V-Mom                | 0.96 | 1.2E-04 | 2.9E-03 |       7.6E-03  OK|
 | W-Mom                | 0.97 | 3.5E-05 | 8.9E-04 |       1.6E-02  OK|
 | P-Mass               | 1.02 | 5.4E-06 | 1.9E-04 |  8.6  2.4E-02  OK|
 +----------------------+------+---------+---------+------------------+
 | K-TurbKE             | 0.96 | 1.4E-04 | 2.4E-03 |  5.7  3.5E-03  OK|
 | O-TurbFreq           | 0.97 | 1.2E-04 | 1.6E-03 |  9.8  1.1E-03  OK|
 +----------------------+------+---------+---------+------------------+

 ======================================================================
 |                        Timescale Information                       |
 ----------------------------------------------------------------------
 |       Equation       |         Type          |      Timescale      |
 +----------------------+-----------------------+---------------------+
 | U-Mom                | Auto Timescale        |     1.72890E-04     |
 | V-Mom                | Auto Timescale        |     1.72890E-04     |
 | W-Mom                | Auto Timescale        |     1.72890E-04     |
 +----------------------+-----------------------+---------------------+
 | K-TurbKE             | Auto Timescale        |     1.72890E-04     |
 | O-TurbFreq           | Auto Timescale        |     1.72890E-04     |
 +----------------------+-----------------------+---------------------+

 ======================================================================
 OUTER LOOP ITERATION =   81                    CPU SECONDS = 9.440E+01
 ----------------------------------------------------------------------
 |       Equation       | Rate | RMS Res | Max Res |  Linear Solution |
 +----------------------+------+---------+---------+------------------+
 | U-Mom                | 0.97 | 3.4E-05 | 8.7E-04 |       1.4E-02  OK|
 | V-Mom                | 0.97 | 1.2E-04 | 2.7E-03 |       7.5E-03  OK|
 | W-Mom                | 0.98 | 3.4E-05 | 8.8E-04 |       1.6E-02  OK|
 | P-Mass               | 1.02 | 5.5E-06 | 2.0E-04 |  8.6  2.4E-02  OK|
 +----------------------+------+---------+---------+------------------+
 | K-TurbKE             | 0.97 | 1.3E-04 | 2.3E-03 |  5.7  3.3E-03  OK|
 | O-TurbFreq           | 0.98 | 1.2E-04 | 1.6E-03 |  9.8  9.8E-04  OK|
 +----------------------+------+---------+---------+------------------+

 ======================================================================
 OUTER LOOP ITERATION =   82                    CPU SECONDS = 9.570E+01
 ----------------------------------------------------------------------
 |       Equation       | Rate | RMS Res | Max Res |  Linear Solution |
 +----------------------+------+---------+---------+------------------+
 | U-Mom                | 0.98 | 3.3E-05 | 7.9E-04 |       1.4E-02  OK|
 | V-Mom                | 0.97 | 1.1E-04 | 2.5E-03 |       7.5E-03  OK|
 | W-Mom                | 0.99 | 3.4E-05 | 8.6E-04 |       1.6E-02  OK|
 | P-Mass               | 1.02 | 5.6E-06 | 2.1E-04 |  8.6  2.3E-02  OK|
 +----------------------+------+---------+---------+------------------+
 | K-TurbKE             | 0.97 | 1.3E-04 | 2.2E-03 |  5.7  3.2E-03  OK|
 | O-TurbFreq           | 0.98 | 1.1E-04 | 1.6E-03 |  9.8  9.5E-04  OK|
 +----------------------+------+---------+---------+------------------+

 ======================================================================
 OUTER LOOP ITERATION =   83                    CPU SECONDS = 9.690E+01
 ----------------------------------------------------------------------
 |       Equation       | Rate | RMS Res | Max Res |  Linear Solution |
 +----------------------+------+---------+---------+------------------+
 | U-Mom                | 0.98 | 3.2E-05 | 7.1E-04 |       1.4E-02  OK|
 | V-Mom                | 0.98 | 1.1E-04 | 2.4E-03 |       7.5E-03  OK|
 | W-Mom                | 0.99 | 3.4E-05 | 8.2E-04 |       1.6E-02  OK|
 | P-Mass               | 1.02 | 5.7E-06 | 2.1E-04 |  8.6  2.3E-02  OK|
 +----------------------+------+---------+---------+------------------+
 | K-TurbKE             | 0.98 | 1.3E-04 | 1.7E-03 |  5.7  3.0E-03  OK|
 | O-TurbFreq           | 0.99 | 1.1E-04 | 1.5E-03 |  9.8  9.1E-04  OK|
 +----------------------+------+---------+---------+------------------+

 ======================================================================
 OUTER LOOP ITERATION =   84                    CPU SECONDS = 9.801E+01
 ----------------------------------------------------------------------
 |       Equation       | Rate | RMS Res | Max Res |  Linear Solution |
 +----------------------+------+---------+---------+------------------+
 | U-Mom                | 0.99 | 3.2E-05 | 6.4E-04 |       1.4E-02  OK|
 | V-Mom                | 0.98 | 1.1E-04 | 2.3E-03 |       7.5E-03  OK|
 | W-Mom                | 1.00 | 3.4E-05 | 7.8E-04 |       1.5E-02  OK|
 | P-Mass               | 1.01 | 5.7E-06 | 2.2E-04 |  8.6  2.2E-02  OK|
 +----------------------+------+---------+---------+------------------+
 | K-TurbKE             | 0.99 | 1.2E-04 | 1.6E-03 |  5.7  2.9E-03  OK|
 | O-TurbFreq           | 1.00 | 1.1E-04 | 1.5E-03 |  9.8  9.2E-04  OK|
 +----------------------+------+---------+---------+------------------+

 ======================================================================
 OUTER LOOP ITERATION =   85                    CPU SECONDS = 9.915E+01
 ----------------------------------------------------------------------
 |       Equation       | Rate | RMS Res | Max Res |  Linear Solution |
 +----------------------+------+---------+---------+------------------+
 | U-Mom                | 1.00 | 3.2E-05 | 6.2E-04 |       1.4E-02  OK|
 | V-Mom                | 0.99 | 1.1E-04 | 2.3E-03 |       7.5E-03  OK|
 | W-Mom                | 1.01 | 3.4E-05 | 7.4E-04 |       1.5E-02  OK|
 | P-Mass               | 1.01 | 5.8E-06 | 2.2E-04 |  8.6  2.2E-02  OK|
 +----------------------+------+---------+---------+------------------+
 | K-TurbKE             | 1.00 | 1.2E-04 | 1.8E-03 |  5.7  2.7E-03  OK|
 | O-TurbFreq           | 1.00 | 1.1E-04 | 1.6E-03 |  9.8  8.4E-04  OK|
 +----------------------+------+---------+---------+------------------+

 ======================================================================
 |                        Timescale Information                       |
 ----------------------------------------------------------------------
 |       Equation       |         Type          |      Timescale      |
 +----------------------+-----------------------+---------------------+
 | U-Mom                | Auto Timescale        |     1.72895E-04     |
 | V-Mom                | Auto Timescale        |     1.72895E-04     |
 | W-Mom                | Auto Timescale        |     1.72895E-04     |
 +----------------------+-----------------------+---------------------+
 | K-TurbKE             | Auto Timescale        |     1.72895E-04     |
 | O-TurbFreq           | Auto Timescale        |     1.72895E-04     |
 +----------------------+-----------------------+---------------------+

 ======================================================================
 OUTER LOOP ITERATION =   86                    CPU SECONDS = 1.003E+02
 ----------------------------------------------------------------------
 |       Equation       | Rate | RMS Res | Max Res |  Linear Solution |
 +----------------------+------+---------+---------+------------------+
 | U-Mom                | 1.01 | 3.2E-05 | 6.1E-04 |       1.4E-02  OK|
 | V-Mom                | 1.00 | 1.1E-04 | 2.3E-03 |       7.5E-03  OK|
 | W-Mom                | 1.01 | 3.4E-05 | 6.9E-04 |       1.5E-02  OK|
 | P-Mass               | 1.00 | 5.8E-06 | 2.2E-04 |  8.6  2.2E-02  OK|
 +----------------------+------+---------+---------+------------------+
 | K-TurbKE             | 1.01 | 1.3E-04 | 2.0E-03 |  5.7  2.6E-03  OK|
 | O-TurbFreq           | 1.01 | 1.1E-04 | 1.8E-03 |  9.8  7.9E-04  OK|
 +----------------------+------+---------+---------+------------------+

 ======================================================================
 OUTER LOOP ITERATION =   87                    CPU SECONDS = 1.015E+02
 ----------------------------------------------------------------------
 |       Equation       | Rate | RMS Res | Max Res |  Linear Solution |
 +----------------------+------+---------+---------+------------------+
 | U-Mom                | 1.01 | 3.3E-05 | 6.6E-04 |       1.4E-02  OK|
 | V-Mom                | 1.00 | 1.1E-04 | 2.1E-03 |       7.6E-03  OK|
 | W-Mom                | 1.01 | 3.5E-05 | 6.5E-04 |       1.4E-02  OK|
 | P-Mass               | 1.00 | 5.8E-06 | 2.2E-04 |  8.6  2.1E-02  OK|
 +----------------------+------+---------+---------+------------------+
 | K-TurbKE             | 1.01 | 1.3E-04 | 2.1E-03 |  5.7  2.5E-03  OK|
 | O-TurbFreq           | 1.01 | 1.2E-04 | 1.9E-03 |  9.8  7.8E-04  OK|
 +----------------------+------+---------+---------+------------------+

 ======================================================================
 OUTER LOOP ITERATION =   88                    CPU SECONDS = 1.027E+02
 ----------------------------------------------------------------------
 |       Equation       | Rate | RMS Res | Max Res |  Linear Solution |
 +----------------------+------+---------+---------+------------------+
 | U-Mom                | 1.02 | 3.3E-05 | 8.0E-04 |       1.4E-02  OK|
 | V-Mom                | 1.01 | 1.1E-04 | 2.1E-03 |       7.6E-03  OK|
 | W-Mom                | 1.01 | 3.5E-05 | 5.9E-04 |       1.4E-02  OK|
 | P-Mass               | 1.00 | 5.8E-06 | 2.2E-04 |  8.6  2.1E-02  OK|
 +----------------------+------+---------+---------+------------------+
 | K-TurbKE             | 1.01 | 1.3E-04 | 2.2E-03 |  5.7  2.4E-03  OK|
 | O-TurbFreq           | 1.01 | 1.2E-04 | 2.0E-03 |  9.8  6.9E-04  OK|
 +----------------------+------+---------+---------+------------------+

 ======================================================================
 OUTER LOOP ITERATION =   89                    CPU SECONDS = 1.039E+02
 ----------------------------------------------------------------------
 |       Equation       | Rate | RMS Res | Max Res |  Linear Solution |
 +----------------------+------+---------+---------+------------------+
 | U-Mom                | 1.02 | 3.4E-05 | 9.4E-04 |       1.4E-02  OK|
 | V-Mom                | 1.01 | 1.1E-04 | 2.0E-03 |       7.7E-03  OK|
 | W-Mom                | 1.02 | 3.6E-05 | 5.4E-04 |       1.3E-02  OK|
 | P-Mass               | 0.99 | 5.7E-06 | 2.1E-04 |  8.6  2.1E-02  OK|
 +----------------------+------+---------+---------+------------------+
 | K-TurbKE             | 1.01 | 1.3E-04 | 2.2E-03 |  5.7  2.2E-03  OK|
 | O-TurbFreq           | 1.01 | 1.2E-04 | 2.1E-03 |  9.8  7.1E-04  OK|
 +----------------------+------+---------+---------+------------------+

 ======================================================================
 OUTER LOOP ITERATION =   90                    CPU SECONDS = 1.051E+02
 ----------------------------------------------------------------------
 |       Equation       | Rate | RMS Res | Max Res |  Linear Solution |
 +----------------------+------+---------+---------+------------------+
 | U-Mom                | 1.02 | 3.5E-05 | 1.1E-03 |       1.4E-02  OK|
 | V-Mom                | 1.01 | 1.1E-04 | 2.0E-03 |       7.7E-03  OK|
 | W-Mom                | 1.02 | 3.6E-05 | 5.3E-04 |       1.3E-02  OK|
 | P-Mass               | 0.99 | 5.7E-06 | 2.1E-04 |  8.6  2.0E-02  OK|
 +----------------------+------+---------+---------+------------------+
 | K-TurbKE             | 1.01 | 1.3E-04 | 2.2E-03 |  5.7  2.1E-03  OK|
 | O-TurbFreq           | 1.01 | 1.2E-04 | 2.1E-03 |  9.8  6.6E-04  OK|
 +----------------------+------+---------+---------+------------------+

 ======================================================================
 |                        Timescale Information                       |
 ----------------------------------------------------------------------
 |       Equation       |         Type          |      Timescale      |
 +----------------------+-----------------------+---------------------+
 | U-Mom                | Auto Timescale        |     1.72902E-04     |
 | V-Mom                | Auto Timescale        |     1.72902E-04     |
 | W-Mom                | Auto Timescale        |     1.72902E-04     |
 +----------------------+-----------------------+---------------------+
 | K-TurbKE             | Auto Timescale        |     1.72902E-04     |
 | O-TurbFreq           | Auto Timescale        |     1.72902E-04     |
 +----------------------+-----------------------+---------------------+

 ======================================================================
 OUTER LOOP ITERATION =   91                    CPU SECONDS = 1.063E+02
 ----------------------------------------------------------------------
 |       Equation       | Rate | RMS Res | Max Res |  Linear Solution |
 +----------------------+------+---------+---------+------------------+
 | U-Mom                | 1.02 | 3.6E-05 | 1.2E-03 |       1.4E-02  OK|
 | V-Mom                | 1.02 | 1.1E-04 | 2.1E-03 |       7.8E-03  OK|
 | W-Mom                | 1.01 | 3.7E-05 | 5.2E-04 |       1.3E-02  OK|
 | P-Mass               | 0.98 | 5.6E-06 | 2.0E-04 |  8.6  2.0E-02  OK|
 +----------------------+------+---------+---------+------------------+
 | K-TurbKE             | 1.01 | 1.3E-04 | 2.3E-03 |  5.7  2.1E-03  OK|
 | O-TurbFreq           | 1.01 | 1.2E-04 | 2.1E-03 |  9.8  6.0E-04  OK|
 +----------------------+------+---------+---------+------------------+

 ======================================================================
 OUTER LOOP ITERATION =   92                    CPU SECONDS = 1.076E+02
 ----------------------------------------------------------------------
 |       Equation       | Rate | RMS Res | Max Res |  Linear Solution |
 +----------------------+------+---------+---------+------------------+
 | U-Mom                | 1.02 | 3.7E-05 | 1.3E-03 |       1.3E-02  OK|
 | V-Mom                | 1.02 | 1.1E-04 | 2.2E-03 |       7.8E-03  OK|
 | W-Mom                | 1.01 | 3.7E-05 | 5.3E-04 |       1.2E-02  OK|
 | P-Mass               | 0.98 | 5.5E-06 | 1.9E-04 |  8.6  2.0E-02  OK|
 +----------------------+------+---------+---------+------------------+
 | K-TurbKE             | 1.00 | 1.3E-04 | 2.2E-03 |  5.7  1.9E-03  OK|
 | O-TurbFreq           | 1.01 | 1.2E-04 | 2.1E-03 |  9.8  6.0E-04  OK|
 +----------------------+------+---------+---------+------------------+

 ======================================================================
 OUTER LOOP ITERATION =   93                    CPU SECONDS = 1.089E+02
 ----------------------------------------------------------------------
 |       Equation       | Rate | RMS Res | Max Res |  Linear Solution |
 +----------------------+------+---------+---------+------------------+
 | U-Mom                | 1.02 | 3.8E-05 | 1.5E-03 |       1.3E-02  OK|
 | V-Mom                | 1.02 | 1.2E-04 | 2.4E-03 |       7.8E-03  OK|
 | W-Mom                | 1.01 | 3.8E-05 | 5.7E-04 |       1.2E-02  OK|
 | P-Mass               | 0.98 | 5.4E-06 | 1.8E-04 |  8.6  2.0E-02  OK|
 +----------------------+------+---------+---------+------------------+
 | K-TurbKE             | 1.00 | 1.3E-04 | 2.1E-03 |  5.7  1.9E-03  OK|
 | O-TurbFreq           | 1.01 | 1.2E-04 | 2.1E-03 |  9.8  5.6E-04  OK|
 +----------------------+------+---------+---------+------------------+

 ======================================================================
 OUTER LOOP ITERATION =   94                    CPU SECONDS = 1.103E+02
 ----------------------------------------------------------------------
 |       Equation       | Rate | RMS Res | Max Res |  Linear Solution |
 +----------------------+------+---------+---------+------------------+
 | U-Mom                | 1.02 | 3.8E-05 | 1.6E-03 |       1.3E-02  OK|
 | V-Mom                | 1.02 | 1.2E-04 | 2.5E-03 |       7.8E-03  OK|
 | W-Mom                | 1.00 | 3.8E-05 | 6.4E-04 |       1.2E-02  OK|
 | P-Mass               | 0.97 | 5.2E-06 | 1.7E-04 |  8.6  2.0E-02  OK|
 +----------------------+------+---------+---------+------------------+
 | K-TurbKE             | 1.00 | 1.3E-04 | 2.2E-03 |  5.7  1.8E-03  OK|
 | O-TurbFreq           | 1.00 | 1.2E-04 | 2.1E-03 |  9.8  5.7E-04  OK|
 +----------------------+------+---------+---------+------------------+

 ======================================================================
 OUTER LOOP ITERATION =   95                    CPU SECONDS = 1.115E+02
 ----------------------------------------------------------------------
 |       Equation       | Rate | RMS Res | Max Res |  Linear Solution |
 +----------------------+------+---------+---------+------------------+
 | U-Mom                | 1.02 | 3.9E-05 | 1.7E-03 |       1.3E-02  OK|
 | V-Mom                | 1.01 | 1.2E-04 | 2.7E-03 |       7.8E-03  OK|
 | W-Mom                | 1.00 | 3.8E-05 | 6.9E-04 |       1.1E-02  OK|
 | P-Mass               | 0.97 | 5.1E-06 | 1.6E-04 |  8.6  2.0E-02  OK|
 +----------------------+------+---------+---------+------------------+
 | K-TurbKE             | 1.01 | 1.3E-04 | 2.3E-03 |  5.7  1.8E-03  OK|
 | O-TurbFreq           | 1.00 | 1.2E-04 | 2.0E-03 |  9.8  5.8E-04  OK|
 +----------------------+------+---------+---------+------------------+

 ======================================================================
 |                        Timescale Information                       |
 ----------------------------------------------------------------------
 |       Equation       |         Type          |      Timescale      |
 +----------------------+-----------------------+---------------------+
 | U-Mom                | Auto Timescale        |     1.72905E-04     |
 | V-Mom                | Auto Timescale        |     1.72905E-04     |
 | W-Mom                | Auto Timescale        |     1.72905E-04     |
 +----------------------+-----------------------+---------------------+
 | K-TurbKE             | Auto Timescale        |     1.72905E-04     |
 | O-TurbFreq           | Auto Timescale        |     1.72905E-04     |
 +----------------------+-----------------------+---------------------+

 ======================================================================
 OUTER LOOP ITERATION =   96                    CPU SECONDS = 1.127E+02
 ----------------------------------------------------------------------
 |       Equation       | Rate | RMS Res | Max Res |  Linear Solution |
 +----------------------+------+---------+---------+------------------+
 | U-Mom                | 1.02 | 4.0E-05 | 1.8E-03 |       1.3E-02  OK|
 | V-Mom                | 1.01 | 1.2E-04 | 2.8E-03 |       7.8E-03  OK|
 | W-Mom                | 1.00 | 3.7E-05 | 7.3E-04 |       1.1E-02  OK|
 | P-Mass               | 0.97 | 4.9E-06 | 1.5E-04 |  8.6  2.1E-02  OK|
 +----------------------+------+---------+---------+------------------+
 | K-TurbKE             | 1.00 | 1.3E-04 | 2.4E-03 |  5.7  1.7E-03  OK|
 | O-TurbFreq           | 0.99 | 1.2E-04 | 1.9E-03 |  9.8  5.4E-04  OK|
 +----------------------+------+---------+---------+------------------+

 ======================================================================
 OUTER LOOP ITERATION =   97                    CPU SECONDS = 1.138E+02
 ----------------------------------------------------------------------
 |       Equation       | Rate | RMS Res | Max Res |  Linear Solution |
 +----------------------+------+---------+---------+------------------+
 | U-Mom                | 1.01 | 4.0E-05 | 1.8E-03 |       1.2E-02  OK|
 | V-Mom                | 1.01 | 1.2E-04 | 3.0E-03 |       7.8E-03  OK|
 | W-Mom                | 0.99 | 3.7E-05 | 7.6E-04 |       1.1E-02  OK|
 | P-Mass               | 0.97 | 4.7E-06 | 1.4E-04 |  8.6  2.1E-02  OK|
 +----------------------+------+---------+---------+------------------+
 | K-TurbKE             | 0.99 | 1.3E-04 | 2.5E-03 |  5.7  1.9E-03  OK|
 | O-TurbFreq           | 0.99 | 1.2E-04 | 1.9E-03 |  9.8  5.5E-04  OK|
 +----------------------+------+---------+---------+------------------+

 ======================================================================
 OUTER LOOP ITERATION =   98                    CPU SECONDS = 1.149E+02
 ----------------------------------------------------------------------
 |       Equation       | Rate | RMS Res | Max Res |  Linear Solution |
 +----------------------+------+---------+---------+------------------+
 | U-Mom                | 1.00 | 4.0E-05 | 1.9E-03 |       1.2E-02  OK|
 | V-Mom                | 1.00 | 1.2E-04 | 3.1E-03 |       7.7E-03  OK|
 | W-Mom                | 0.99 | 3.7E-05 | 7.8E-04 |       1.1E-02  OK|
 | P-Mass               | 0.96 | 4.6E-06 | 1.4E-04 |  8.6  2.1E-02  OK|
 +----------------------+------+---------+---------+------------------+
 | K-TurbKE             | 0.98 | 1.3E-04 | 2.6E-03 |  5.7  1.7E-03  OK|
 | O-TurbFreq           | 0.99 | 1.2E-04 | 1.8E-03 |  9.8  5.7E-04  OK|
 +----------------------+------+---------+---------+------------------+

 ======================================================================
 OUTER LOOP ITERATION =   99                    CPU SECONDS = 1.160E+02
 ----------------------------------------------------------------------
 |       Equation       | Rate | RMS Res | Max Res |  Linear Solution |
 +----------------------+------+---------+---------+------------------+
 | U-Mom                | 1.00 | 4.0E-05 | 2.0E-03 |       1.2E-02  OK|
 | V-Mom                | 1.00 | 1.2E-04 | 3.2E-03 |       7.7E-03  OK|
 | W-Mom                | 0.98 | 3.6E-05 | 8.0E-04 |       1.1E-02  OK|
 | P-Mass               | 0.96 | 4.4E-06 | 1.3E-04 |  8.6  2.2E-02  OK|
 +----------------------+------+---------+---------+------------------+
 | K-TurbKE             | 0.98 | 1.3E-04 | 2.7E-03 |  5.7  1.7E-03  OK|
 | O-TurbFreq           | 0.99 | 1.2E-04 | 1.7E-03 |  9.8  5.6E-04  OK|
 +----------------------+------+---------+---------+------------------+

 ======================================================================
 OUTER LOOP ITERATION =  100                    CPU SECONDS = 1.170E+02
 ----------------------------------------------------------------------
 |       Equation       | Rate | RMS Res | Max Res |  Linear Solution |
 +----------------------+------+---------+---------+------------------+
 | U-Mom                | 1.00 | 4.0E-05 | 2.1E-03 |       1.2E-02  OK|
 | V-Mom                | 1.00 | 1.2E-04 | 3.2E-03 |       7.6E-03  OK|
 | W-Mom                | 0.98 | 3.5E-05 | 8.1E-04 |       1.0E-02  OK|
 | P-Mass               | 0.96 | 4.2E-06 | 1.2E-04 |  8.6  2.2E-02  OK|
 +----------------------+------+---------+---------+------------------+
 | K-TurbKE             | 0.98 | 1.3E-04 | 2.8E-03 |  5.7  1.6E-03  OK|
 | O-TurbFreq           | 0.99 | 1.2E-04 | 1.6E-03 |  9.8  5.8E-04  OK|
 +----------------------+------+---------+---------+------------------+
                   
 CFD Solver finished: Tue Sep  1 17:44:01 2026
 CFD Solver wall clock seconds: 1.1552E+02

 ======================================================================
              Termination and Interrupt Condition Summary
 ======================================================================
    
 CFD Solver: Run duration reached
   (Maximum number of outer iterations)

 ======================================================================
              Boundary Flow and Total Source Term Summary
 ======================================================================

 +--------------------------------------------------------------------+
 |                               U-Mom                                |
 +--------------------------------------------------------------------+
 Boundary         : Default Domain Default                 -8.8383E-03
 Boundary         : Inlet                                  -3.4969E-09
 Boundary         : Outlet                                  1.1015E-02
                                                           -----------
 Domain Imbalance :                                         2.1765E-03

 +--------------------------------------------------------------------+
 |                               V-Mom                                |
 +--------------------------------------------------------------------+
 Boundary         : Default Domain Default                  2.3495E+00
 Boundary         : Inlet                                  -3.5278E+00
 Boundary         : Outlet                                  1.1833E+00
                                                           -----------
 Domain Imbalance :                                         4.9869E-03

 +--------------------------------------------------------------------+
 |                               W-Mom                                |
 +--------------------------------------------------------------------+
 Boundary         : Default Domain Default                 -2.3592E-03
 Boundary         : Inlet                                  -7.7429E-10
 Boundary         : Outlet                                 -7.4348E-05
                                                           -----------
 Domain Imbalance :                                        -2.4335E-03

 +--------------------------------------------------------------------+
 |                               P-Mass                               |
 +--------------------------------------------------------------------+
 Boundary         : Inlet                                   1.4354E-02
 Boundary         : Outlet                                 -1.4355E-02
                                                           -----------
 Domain Imbalance :                                        -1.9185E-07


 +--------------------------------------------------------------------+
 |                     Normalised Imbalance Summary                   |
 +--------------------------------------------------------------------+
 |       Equation       |      Maximum Flow     |     Imbalance (%)   |
 +--------------------------------------------------------------------+
 | U-Mom                |       3.5278E+00      |        0.0617       |
 | V-Mom                |       3.5278E+00      |        0.1414       |
 | W-Mom                |       3.5278E+00      |       -0.0690       |
 | P-Mass               |       1.4355E-02      |       -0.0013       |
 +----------------------+-----------------------+---------------------+

 ======================================================================
                     Wall Force and Moment Summary
 ======================================================================
                                                                          
 Notes:
 1. Pressure integrals exclude the reference pressure.  To include
    it, set the expert parameter 'include pref in forces = t'.


 +--------------------------------------------------------------------+
 |                      Pressure Force On Walls                       |
 +--------------------------------------------------------------------+
                                    X-Comp.      Y-Comp.      Z-Comp.

 Domain Group: Default Domain

 Default Domain Default          -6.6565E-02  -2.2671E+00  -3.6528E-03
                                  -----------  -----------  -----------
 Domain Group Totals :           -6.6565E-02  -2.2671E+00  -3.6528E-03


 +--------------------------------------------------------------------+
 |                       Viscous Force On Walls                       |
 +--------------------------------------------------------------------+
                                    X-Comp.      Y-Comp.      Z-Comp.

 Domain Group: Default Domain

 Default Domain Default           7.5398E-02  -8.2383E-02   6.0090E-03
                                  -----------  -----------  -----------
 Domain Group Totals :            7.5398E-02  -8.2383E-02   6.0090E-03


 +--------------------------------------------------------------------+
 |                      Pressure Moment On Walls                      |
 +--------------------------------------------------------------------+
                                    X-Comp.      Y-Comp.      Z-Comp.

 Domain Group: Default Domain

 Default Domain Default          -1.1298E-03   4.5046E-05   1.7285E-01
                                  -----------  -----------  -----------
 Domain Group Totals :           -1.1298E-03   4.5046E-05   1.7285E-01


 +--------------------------------------------------------------------+
 |                       Viscous Moment On Walls                      |
 +--------------------------------------------------------------------+
                                    X-Comp.      Y-Comp.      Z-Comp.

 Domain Group: Default Domain

 Default Domain Default           1.0572E-03  -2.1311E-04  -4.3645E-03
                                  -----------  -----------  -----------
 Domain Group Totals :            1.0572E-03  -2.1311E-04  -4.3645E-03


 +--------------------------------------------------------------------+
 |                   Locations of Maximum Residuals                   |
 +--------------------------------------------------------------------+
 |       Equation       |      Domain Name      |     Node Number     |
 +--------------------------------------------------------------------+
 | U-Mom                | Default Domain        |          15515      |
 | V-Mom                | Default Domain        |          15288      |
 | W-Mom                | Default Domain        |          15515      |
 | P-Mass               | Default Domain        |          15418      |
 +----------------------+-----------------------+---------------------+
 | K-TurbKE             | Default Domain        |           2432      |
 | O-TurbFreq           | Default Domain        |           2485      |
 +----------------------+-----------------------+---------------------+

 ======================================================================
 |                     False Transient Information                    |
 +--------------------------------------------------------------------+
 |       Equation       |         Type          | Elapsed Pseudo-Time |
 +--------------------------------------------------------------------+
 | U-Mom                | Auto Timescale        |     1.72660E-02     |
 | V-Mom                | Auto Timescale        |     1.72660E-02     |
 | W-Mom                | Auto Timescale        |     1.72660E-02     |
 +----------------------+-----------------------+---------------------+
 | K-TurbKE             | Auto Timescale        |     1.72660E-02     |
 | O-TurbFreq           | Auto Timescale        |     1.72660E-02     |
 +----------------------+-----------------------+---------------------+

 +--------------------------------------------------------------------+
 |                     Average Scale Information                      |
 +--------------------------------------------------------------------+

 Domain Name : Default Domain
     Global Length                                         = 4.6826E-02
     Minimum Extent                                        = 1.4000E-02
     Maximum Extent                                        = 1.3900E-01
     Density                                               = 1.1850E+00
     Dynamic Viscosity                                     = 1.8310E-05
     Velocity                                              = 8.4234E+01
     Advection Time                                        = 5.5590E-04
     Reynolds Number                                       = 2.5527E+05

 +--------------------------------------------------------------------+
 |                     Variable Range Information                     |
 +--------------------------------------------------------------------+

 Domain Name : Default Domain
 +--------------------------------------------------------------------+
 |      Variable Name                         |    min    |    max    |
 +--------------------------------------------------------------------+
 | Density                                    |  1.18E+00 |  1.18E+00 |
 | Specific Heat Capacity at Constant Pressure|  1.00E+03 |  1.00E+03 |
 | Dynamic Viscosity                          |  1.83E-05 |  1.83E-05 |
 | Thermal Conductivity                       |  2.61E-02 |  2.61E-02 |
 | Static Entropy                             |  0.00E+00 |  0.00E+00 |
 | Velocity u                                 | -2.45E+01 |  1.26E+02 |
 | Velocity v                                 | -1.31E+02 |  1.45E+02 |
 | Velocity w                                 | -3.08E+01 |  4.24E+01 |
 | Pressure                                   | -6.34E+03 |  1.70E+04 |
 | Turbulence Kinetic Energy                  |  1.17E+00 |  6.69E+02 |
 | Turbulence Eddy Frequency                  |  9.24E+03 |  1.35E+05 |
 | Eddy Viscosity                             |  1.19E-04 |  1.33E-02 |
 | Temperature                                |  2.98E+02 |  2.98E+02 |
 | Wall Scale                                 |  1.33E-06 |  1.28E-05 |
 | Wall Distance                              |  4.79E-04 |  4.79E-03 |
 +--------------------------------------------------------------------+


 +--------------------------------------------------------------------+
 |            Host Memory Information (Mbytes): Solver                |
 +--------------------------------------------------------------------+
 |          Host           |     System     |      Peak      |   %    |
 +-------------------------+----------------+----------------+--------+
 | ELVIS                   |     16000.21   |       131.13   |   0.82 |
 +-------------------------+----------------+----------------+--------+

 +--------------------------------------------------------------------+
 |                  CPU Time Requirements of Solver                   |
 +--------------------------------------------------------------------+
 
 Subsystem Name                  Discretization       Linear Solution
                                (secs.   %total)     (secs.   %total) 
 ----------------------------------------------------------------------
 Wall Scale                     4.49E-01   0.4 %     2.50E-01   0.2 %
 Momentum and Mass              5.24E+01  43.6 %     1.34E+01  11.2 %
 TurbKE and TurbFreq            1.84E+01  15.3 %     1.29E+01  10.7 %
                                -------- -------     --------  ------
 Subsystem Summary              7.12E+01  59.2 %     2.66E+01  22.1 %

 File Reading                   5.09E-01    0.4 %
 Search Calculations            6.20E-02    0.1 %
 Variable Updates               1.56E+01   12.9 %
 File Writing                   2.17E+00    1.8 %
 Miscellaneous                  4.17E+00    3.5 %
                                --------
 Total                          1.20E+02

 +--------------------------------------------------------------------+
 |                   Job Information at End of Run                    |
 +--------------------------------------------------------------------+

 Host computer:  ELVIS (PID:35320)

 Job finished:   Tue Sep  1 17:44:04 2026

 Total wall clock time: 1.195E+02 seconds
             or: (          0:         0:         1:    59.532 )
                 (       Days:     Hours:   Minutes:   Seconds )

End of solution stage.

 +--------------------------------------------------------------------+
 | The results from this run of the ANSYS CFX Solver have been        |
 | written to                                                         |
 | C:/Users/Hp/AppData/Local/Temp/WB_Hp_36640_2/wbnew_pending/dp0_CF- |
 | X_Solution/Fluid Flow CFX_001.res                                  |
 +--------------------------------------------------------------------+


 +--------------------------------------------------------------------+
 | For CFX runs launched from Workbench, the final locations of       |
 | directories and files generated may differ from those shown.       |
 +--------------------------------------------------------------------+


This run of the ANSYS CFX Solver has finished.
